kind,object_id,chapter_id,chapter_file,source_value,current_korean,fallback_value,item_id,resourcepack_translation,problem_type,applied_fix
task,0A47948D921AFC10,792AD692F1468B1F,achapter_2r_6the_atm_star.snbt,,,ATM의 별,allthetweaks:atm_star,,명시적 task.title 없이 아이템 hover 사용,
task,30026129352C0400,792AD692F1468B1F,achapter_2r_6the_atm_star.snbt,,,Rune Block,forbidden_arcanus:rune_block,,명시적 task.title 없이 아이템 hover 사용,
task,3D83108EE90D57D2,792AD692F1468B1F,achapter_2r_6the_atm_star.snbt,,,Quantum Injector,forbidden_arcanus:quantum_injector,,명시적 task.title 없이 아이템 hover 사용,
task,6EBC44E6FDA8A350,792AD692F1468B1F,achapter_2r_6the_atm_star.snbt,,,Arcane Crystal Block,forbidden_arcanus:arcane_crystal_block,,명시적 task.title 없이 아이템 hover 사용,
task,5505E283F8AD3836,792AD692F1468B1F,achapter_2r_6the_atm_star.snbt,,,Arcane Polished Darkstone Pillar,forbidden_arcanus:arcane_polished_darkstone_pillar,,명시적 task.title 없이 아이템 hover 사용,
task,4195C1BD50752800,792AD692F1468B1F,achapter_2r_6the_atm_star.snbt,,,Arcane Polished Darkstone,forbidden_arcanus:arcane_polished_darkstone,,명시적 task.title 없이 아이템 hover 사용,
task,37611E2C947B4D12,792AD692F1468B1F,achapter_2r_6the_atm_star.snbt,,,Polished Darkstone Stairs,forbidden_arcanus:polished_darkstone_stairs,,명시적 task.title 없이 아이템 hover 사용,
task,722BF5811AE5CD2C,792AD692F1468B1F,achapter_2r_6the_atm_star.snbt,,,Gilded Chiseled Polished Darkstone,forbidden_arcanus:gilded_chiseled_polished_darkstone,,명시적 task.title 없이 아이템 hover 사용,
task,7E2C80E3065D9F70,792AD692F1468B1F,achapter_2r_6the_atm_star.snbt,,,Polished Darkstone,forbidden_arcanus:polished_darkstone,,명시적 task.title 없이 아이템 hover 사용,
task,1A074A68B6495F89,792AD692F1468B1F,achapter_2r_6the_atm_star.snbt,,,,modern_industrialization:runic_crucible,,명시적 task.title 없이 아이템 hover 사용,
task,13537E6BC509C205,792AD692F1468B1F,achapter_2r_6the_atm_star.snbt,,,,modern_industrialization:auto_forge,,명시적 task.title 없이 아이템 hover 사용,
task,1C16EA0ED72AA58D,792AD692F1468B1F,achapter_2r_6the_atm_star.snbt,,,Quantum Injector,forbidden_arcanus:quantum_injector,,명시적 task.title 없이 아이템 hover 사용,
task,7132EDBAF11818AF,792AD692F1468B1F,achapter_2r_6the_atm_star.snbt,,,,forbidden_arcanus:hephaestus_forge_tier_5,,명시적 task.title 없이 아이템 hover 사용,
task,3898B85A22E7379E,792AD692F1468B1F,achapter_2r_6the_atm_star.snbt,,,Darkstone Pedestal,forbidden_arcanus:darkstone_pedestal,,명시적 task.title 없이 아이템 hover 사용,
task,2B28D1AD78B524D7,792AD692F1468B1F,achapter_2r_6the_atm_star.snbt,,,Gilded Chiseled Polished Darkstone,forbidden_arcanus:gilded_chiseled_polished_darkstone,,명시적 task.title 없이 아이템 hover 사용,
task,4F50E1232E3644B7,792AD692F1468B1F,achapter_2r_6the_atm_star.snbt,,,Chiseled Arcane Polished Darkstone,forbidden_arcanus:chiseled_arcane_polished_darkstone,,명시적 task.title 없이 아이템 hover 사용,
task,0DEBFF0F14C61C43,792AD692F1468B1F,achapter_2r_6the_atm_star.snbt,,,Arcane Crystal Obelisk,forbidden_arcanus:arcane_crystal_obelisk,,명시적 task.title 없이 아이템 hover 사용,
task,5B8929528E39AB08,792AD692F1468B1F,achapter_2r_6the_atm_star.snbt,,,Polished Darkstone Slab,forbidden_arcanus:polished_darkstone_slab,,명시적 task.title 없이 아이템 hover 사용,
task,44FD818326EEC3AD,792AD692F1468B1F,achapter_2r_6the_atm_star.snbt,,,Polished Darkstone Stairs,forbidden_arcanus:polished_darkstone_stairs,,명시적 task.title 없이 아이템 hover 사용,
task,011E30F347E83CB2,792AD692F1468B1F,achapter_2r_6the_atm_star.snbt,,,Arcane Polished Darkstone,forbidden_arcanus:arcane_polished_darkstone,,명시적 task.title 없이 아이템 hover 사용,
task,17E7292A23B7575C,792AD692F1468B1F,achapter_2r_6the_atm_star.snbt,,,Rune Block,forbidden_arcanus:rune_block,,명시적 task.title 없이 아이템 hover 사용,
task,427E0446EBF8DB9C,792AD692F1468B1F,achapter_2r_6the_atm_star.snbt,,,Polished Darkstone,forbidden_arcanus:polished_darkstone,,명시적 task.title 없이 아이템 hover 사용,
task,32A9FB970942639D,792AD692F1468B1F,achapter_2r_6the_atm_star.snbt,,,Polished Darkstone,forbidden_arcanus:polished_darkstone,,명시적 task.title 없이 아이템 hover 사용,
task,1F7290B6CB87B34C,792AD692F1468B1F,achapter_2r_6the_atm_star.snbt,,,Polished Darkstone,forbidden_arcanus:polished_darkstone,,명시적 task.title 없이 아이템 hover 사용,
task,5B01815F8338D67D,792AD692F1468B1F,achapter_2r_6the_atm_star.snbt,,,,modern_industrialization:star_altar,,명시적 task.title 없이 아이템 hover 사용,
task,7A2327D70A6D7B81,792AD692F1468B1F,achapter_2r_6the_atm_star.snbt,,,,modern_industrialization:runic_enchanter,,명시적 task.title 없이 아이템 hover 사용,
task,61ADB88357040DC1,792AD692F1468B1F,achapter_2r_6the_atm_star.snbt,,,Quantum Injector,forbidden_arcanus:quantum_injector,,명시적 task.title 없이 아이템 hover 사용,
task,4994EFF3C153220F,792AD692F1468B1F,achapter_2r_6the_atm_star.snbt,,,,minecraft:soul_lantern,,명시적 task.title 없이 아이템 hover 사용,
task,5BCD83C6A9F1AE62,792AD692F1468B1F,achapter_2r_6the_atm_star.snbt,,,,minecraft:enchanting_table,,명시적 task.title 없이 아이템 hover 사용,
task,2B37453057B67C7F,792AD692F1468B1F,achapter_2r_6the_atm_star.snbt,,,Darkstone Pedestal,forbidden_arcanus:darkstone_pedestal,,명시적 task.title 없이 아이템 hover 사용,
task,2C465A0C9D467EE6,792AD692F1468B1F,achapter_2r_6the_atm_star.snbt,,,Arcane Polished Darkstone Pillar,forbidden_arcanus:arcane_polished_darkstone_pillar,,명시적 task.title 없이 아이템 hover 사용,
task,06B684FC67357904,792AD692F1468B1F,achapter_2r_6the_atm_star.snbt,,,Gilded Chiseled Polished Darkstone,forbidden_arcanus:gilded_chiseled_polished_darkstone,,명시적 task.title 없이 아이템 hover 사용,
task,47305ED54BCD86EE,792AD692F1468B1F,achapter_2r_6the_atm_star.snbt,,,Polished Darkstone Slab,forbidden_arcanus:polished_darkstone_slab,,명시적 task.title 없이 아이템 hover 사용,
task,66210A64E26E2AAD,792AD692F1468B1F,achapter_2r_6the_atm_star.snbt,,,Polished Darkstone Stairs,forbidden_arcanus:polished_darkstone_stairs,,명시적 task.title 없이 아이템 hover 사용,
task,111A01CE548EA9D2,792AD692F1468B1F,achapter_2r_6the_atm_star.snbt,,,Rune Block,forbidden_arcanus:rune_block,,명시적 task.title 없이 아이템 hover 사용,
task,41C5BF6EDEF88B0B,792AD692F1468B1F,achapter_2r_6the_atm_star.snbt,,,Arcane Crystal Block,forbidden_arcanus:arcane_crystal_block,,명시적 task.title 없이 아이템 hover 사용,
task,78C75365A80FF86C,792AD692F1468B1F,achapter_2r_6the_atm_star.snbt,,,Polished Darkstone,forbidden_arcanus:polished_darkstone,,명시적 task.title 없이 아이템 hover 사용,
task,549AEB818E9FBE83,792AD692F1468B1F,achapter_2r_6the_atm_star.snbt,,,Polished Darkstone,forbidden_arcanus:polished_darkstone,,명시적 task.title 없이 아이템 hover 사용,
task,1F2FBA163417B722,792AD692F1468B1F,achapter_2r_6the_atm_star.snbt,,,Energy Cell (Creative),powah:energy_cell_creative,,명시적 task.title 없이 아이템 hover 사용,
task,1CE2A1DA52F7DED9,792AD692F1468B1F,achapter_2r_6the_atm_star.snbt,,,크리에이티브 에너지 큐브,mekanism:creative_energy_cube,,명시적 task.title 없이 아이템 hover 사용,
task,28CF7D588D7A5D94,792AD692F1468B1F,achapter_2r_6the_atm_star.snbt,,,%s Jetpack,ironjetpacks:jetpack,,명시적 task.title 없이 아이템 hover 사용,
task,396B0AA4DB69865D,792AD692F1468B1F,achapter_2r_6the_atm_star.snbt,,,Creative Compressed Iron Block,pneumaticcraft:creative_compressed_iron_block,,명시적 task.title 없이 아이템 hover 사용,
task,2FABE0B440708CBD,792AD692F1468B1F,achapter_2r_6the_atm_star.snbt,,,Creative Compressor,pneumaticcraft:creative_compressor,,명시적 task.title 없이 아이템 hover 사용,
task,7847F14EE9F89795,792AD692F1468B1F,achapter_2r_6the_atm_star.snbt,,,Creative Spell Book,allthearcanistgear:creative_spell_book,,명시적 task.title 없이 아이템 hover 사용,
task,32AF51D9DC702D32,792AD692F1468B1F,achapter_2r_6the_atm_star.snbt,,,크리에이티브 유리 단지,ars_nouveau:creative_source_jar,,명시적 task.title 없이 아이템 hover 사용,
task,5B87D7736D0C2703,792AD692F1468B1F,achapter_2r_6the_atm_star.snbt,,,크레에이티브 에너지 배터리,integrateddynamics:energy_battery_creative,,명시적 task.title 없이 아이템 hover 사용,
task,7EF001DCBCF16E73,792AD692F1468B1F,achapter_2r_6the_atm_star.snbt,,,크리에이티브 에너지 셀,ae2:creative_energy_cell,크리에이티브 에너지 셀,명시적 task.title 없이 아이템 hover 사용,크리에이티브 에너지 셀
task,66D07CEEB6655550,792AD692F1468B1F,achapter_2r_6the_atm_star.snbt,,,Creative Locomotive,railcraft:creative_locomotive,,명시적 task.title 없이 아이템 hover 사용,
task,377C33C915788F16,792AD692F1468B1F,achapter_2r_6the_atm_star.snbt,,,Creative Blood Drop,evilcraft:creative_blood_drop,,명시적 task.title 없이 아이템 hover 사용,
task,7CB5927898DE12B0,792AD692F1468B1F,achapter_2r_6the_atm_star.snbt,,,ATM의 별 블록,allthetweaks:atm_star_block,,명시적 task.title 없이 아이템 hover 사용,
task,24321595C5F52B83,792AD692F1468B1F,achapter_2r_6the_atm_star.snbt,,,ATM의 별 조각,allthetweaks:atm_star_shard,,명시적 task.title 없이 아이템 hover 사용,
task,62068A985511BC38,792AD692F1468B1F,achapter_2r_6the_atm_star.snbt,,,Sea Prism,forbidden_arcanus:sea_prism,,명시적 task.title 없이 아이템 hover 사용,
task,3037DBA8FE5A626A,792AD692F1468B1F,achapter_2r_6the_atm_star.snbt,,,Terrastomp Prism,forbidden_arcanus:terrastomp_prism,,명시적 task.title 없이 아이템 hover 사용,
task,3DCEA2AA469E51D5,792AD692F1468B1F,achapter_2r_6the_atm_star.snbt,,,Whirlwind Prism,forbidden_arcanus:whirlwind_prism,,명시적 task.title 없이 아이템 hover 사용,
task,4A7B709BC4B3EFF8,792AD692F1468B1F,achapter_2r_6the_atm_star.snbt,,,Smelter Prism,forbidden_arcanus:smelter_prism,,명시적 task.title 없이 아이템 hover 사용,
task,7506FBABAE45AB25,792AD692F1468B1F,achapter_2r_6the_atm_star.snbt,,,Soul Binding Crystal,forbidden_arcanus:soul_binding_crystal,,명시적 task.title 없이 아이템 hover 사용,
task,6E849DDBE1319A40,792AD692F1468B1F,achapter_2r_6the_atm_star.snbt,,,,kubejs:atm_star_shard_1,,명시적 task.title 없이 아이템 hover 사용,
task,243AA6B32F9B4F79,792AD692F1468B1F,achapter_2r_6the_atm_star.snbt,,,,kubejs:atm_star_shard_2,,명시적 task.title 없이 아이템 hover 사용,
task,5A1B5978D8C2574C,792AD692F1468B1F,achapter_2r_6the_atm_star.snbt,,,,kubejs:atm_star_shard_5,,명시적 task.title 없이 아이템 hover 사용,
task,697C7D9A4E9466D9,792AD692F1468B1F,achapter_2r_6the_atm_star.snbt,,,,kubejs:atm_star_shard_4,,명시적 task.title 없이 아이템 hover 사용,
task,259990BB80D272C4,792AD692F1468B1F,achapter_2r_6the_atm_star.snbt,,,,kubejs:atm_star_shard_3,,명시적 task.title 없이 아이템 hover 사용,
task,25AE4E531CE97B98,792AD692F1468B1F,achapter_2r_6the_atm_star.snbt,,,분쇄기,mekanism:crusher,,명시적 task.title 없이 아이템 hover 사용,
quest,635BA2C17458E9E6,792AD692F1468B1F,achapter_2r_6the_atm_star.snbt,,,Atomic Reconstructor,actuallyadditions:atomic_reconstructor,,설명은 있으나 명시적 quest.title 없음,
task,5009176C08B11874,792AD692F1468B1F,achapter_2r_6the_atm_star.snbt,,,Atomic Reconstructor,actuallyadditions:atomic_reconstructor,,명시적 task.title 없이 아이템 hover 사용,
task,47386367EF7911CB,792AD692F1468B1F,achapter_2r_6the_atm_star.snbt,,,Lens of Certain Death,actuallyadditions:lens_of_certain_death,,명시적 task.title 없이 아이템 hover 사용,
task,547CD5C257EE622C,792AD692F1468B1F,achapter_2r_6the_atm_star.snbt,,,Lens of the Killer (WIP),actuallyadditions:lens_of_the_killer,,명시적 task.title 없이 아이템 hover 사용,
quest,4A6B585C2394A89A,792AD692F1468B1F,achapter_2r_6the_atm_star.snbt,,,주입된 드래곤의 숨결,apothic_enchanting:infused_breath,,설명은 있으나 명시적 quest.title 없음,
task,5825A49FC04949D1,792AD692F1468B1F,achapter_2r_6the_atm_star.snbt,,,주입된 드래곤의 숨결,apothic_enchanting:infused_breath,,명시적 task.title 없이 아이템 hover 사용,
task,012550B8C5B1BBCC,792AD692F1468B1F,achapter_2r_6the_atm_star.snbt,,,,minecraft:enchanted_book,,명시적 task.title 없이 아이템 hover 사용,
task,4F0B4843BED80B46,792AD692F1468B1F,achapter_2r_6the_atm_star.snbt,,,"{""extra"":[{""italic"":false,""text"":""Infused Patrick Star""}],""text"":""""}",allthetweaks:patrick_star,,명시적 task.title 없이 아이템 hover 사용,
task,4F0B4843BED80B46,792AD692F1468B1F,achapter_2r_6the_atm_star.snbt,,,"{""extra"":[{""italic"":false,""text"":""Infused Patrick Star""}],""text"":""""}",allthetweaks:patrick_star,,영어 custom_name 또는 literal component,
task,1399A1FA540CF863,792AD692F1468B1F,achapter_2r_6the_atm_star.snbt,,,Mundabitur Dust,forbidden_arcanus:mundabitur_dust,,명시적 task.title 없이 아이템 hover 사용,
task,74C339EDFD72642A,792AD692F1468B1F,achapter_2r_6the_atm_star.snbt,,,Corrupti Dust,forbidden_arcanus:corrupti_dust,,명시적 task.title 없이 아이템 hover 사용,
task,7F8F61CB2A5279F1,792AD692F1468B1F,achapter_2r_6the_atm_star.snbt,,,Arcane Crystal,forbidden_arcanus:arcane_crystal,,명시적 task.title 없이 아이템 hover 사용,
task,3677156DC4D715D5,24151251C8730F2E,aether.snbt,,,,minecraft:glowstone,,명시적 task.title 없이 아이템 hover 사용,
task,7033C2D58700433D,24151251C8730F2E,aether.snbt,,,,minecraft:water_bucket,,명시적 task.title 없이 아이템 hover 사용,
task,7DA77B866E7DF728,24151251C8730F2E,aether.snbt,,,Ambrosium Shard,aether:ambrosium_shard,,명시적 task.title 없이 아이템 hover 사용,
task,67707A826D1A1337,24151251C8730F2E,aether.snbt,,,Zanite Gemstone,aether:zanite_gemstone,,명시적 task.title 없이 아이템 hover 사용,
task,2E911CF06510EB05,24151251C8730F2E,aether.snbt,,,Altar,aether:altar,,명시적 task.title 없이 아이템 hover 사용,
task,0B20416A98132C65,24151251C8730F2E,aether.snbt,,,Freezer,aether:freezer,,명시적 task.title 없이 아이템 hover 사용,
task,5018DE68260158A1,24151251C8730F2E,aether.snbt,,,Incubator,aether:incubator,,명시적 task.title 없이 아이템 hover 사용,
task,587E369A73B76F18,24151251C8730F2E,aether.snbt,,,Enchanted Gravitite,aether:enchanted_gravitite,,명시적 task.title 없이 아이템 hover 사용,
task,1394C7F365AFB52B,24151251C8730F2E,aether.snbt,,,Skyroot Log,aether:skyroot_log,,명시적 task.title 없이 아이템 hover 사용,
task,3E9CC093DC7DB502,24151251C8730F2E,aether.snbt,,,Holystone,aether:holystone,,명시적 task.title 없이 아이템 hover 사용,
task,56B5E0BDD704055F,24151251C8730F2E,aether.snbt,,,Bronze Key,aether:bronze_dungeon_key,,명시적 task.title 없이 아이템 hover 사용,
task,4E676641BF03AE4B,24151251C8730F2E,aether.snbt,,,Lightning Knife,aether:lightning_knife,,명시적 task.title 없이 아이템 hover 사용,
task,32B9C9FEE996ECC7,24151251C8730F2E,aether.snbt,,,Flaming Sword,aether:flaming_sword,,명시적 task.title 없이 아이템 hover 사용,
task,2CA290D3BA23CFBE,24151251C8730F2E,aether.snbt,,,Phoenix Bow,aether:phoenix_bow,,명시적 task.title 없이 아이템 hover 사용,
task,3980F3E487B5CA3D,24151251C8730F2E,aether.snbt,,,Hammer of Kingbdogz,aether:hammer_of_kingbdogz,,명시적 task.title 없이 아이템 hover 사용,
task,7B989717EEA4B011,24151251C8730F2E,aether.snbt,,,Cloud Staff,aether:cloud_staff,,명시적 task.title 없이 아이템 hover 사용,
task,7C238563A19236C2,24151251C8730F2E,aether.snbt,,,Valkyrie Lance,aether:valkyrie_lance,,명시적 task.title 없이 아이템 hover 사용,
task,32D12D4EF30A11C0,24151251C8730F2E,aether.snbt,,,Swet Cape,aether:swet_cape,,명시적 task.title 없이 아이템 hover 사용,
task,679A21B1688B1DDC,24151251C8730F2E,aether.snbt,,,Silver Key,aether:silver_dungeon_key,,명시적 task.title 없이 아이템 hover 사용,
task,0408A2BD49334FF9,24151251C8730F2E,aether.snbt,,,Sentry Boots,aether:sentry_boots,,명시적 task.title 없이 아이템 hover 사용,
task,7F141E86B806CFF4,24151251C8730F2E,aether.snbt,Valkyrie Armor,,,ftbfiltersystem:smart_filter,,명시적 task.title 없이 아이템 hover 사용,
task,40060FA19E41CF2A,24151251C8730F2E,aether.snbt,,,Valkyrie Cape,aether:valkyrie_cape,,명시적 task.title 없이 아이템 hover 사용,
task,3EDA44C4F6E3B537,24151251C8730F2E,aether.snbt,,,Lightning Sword,aether:lightning_sword,,명시적 task.title 없이 아이템 hover 사용,
task,4361D47A6D45693B,24151251C8730F2E,aether.snbt,,,Holy Sword,aether:holy_sword,,명시적 task.title 없이 아이템 hover 사용,
task,5240CEC2F8F36BB5,24151251C8730F2E,aether.snbt,,,Invisibility Cloak,aether:invisibility_cloak,,명시적 task.title 없이 아이템 hover 사용,
task,77F4E57F29413C91,24151251C8730F2E,aether.snbt,,,Regeneration Stone,aether:regeneration_stone,,명시적 task.title 없이 아이템 hover 사용,
task,0EC287C9EA09DCC0,24151251C8730F2E,aether.snbt,,,Shield of Repulsion,aether:shield_of_repulsion,,명시적 task.title 없이 아이템 hover 사용,
task,594B7F0327760064,24151251C8730F2E,aether.snbt,,,Victory Medal,aether:victory_medal,,명시적 task.title 없이 아이템 hover 사용,
task,09DDDA2FF5AAA9F5,24151251C8730F2E,aether.snbt,,,Gold Key,aether:gold_dungeon_key,,명시적 task.title 없이 아이템 hover 사용,
task,6ECA40018EB3BA41,24151251C8730F2E,aether.snbt,,,Vampire Blade,aether:vampire_blade,,명시적 task.title 없이 아이템 hover 사용,
task,625BA2D510E4B224,24151251C8730F2E,aether.snbt,,,Life Shard,aether:life_shard,,명시적 task.title 없이 아이템 hover 사용,
task,34AEE4487D033FC2,24151251C8730F2E,aether.snbt,,,Pig Slayer,aether:pig_slayer,,명시적 task.title 없이 아이템 hover 사용,
task,3644541F6AAB5206,24151251C8730F2E,aether.snbt,Phoenix Armor,,,ftbfiltersystem:smart_filter,,명시적 task.title 없이 아이템 hover 사용,
task,1597F6606C34FDB5,24151251C8730F2E,aether.snbt,Obsidian Armor,,,ftbfiltersystem:smart_filter,,명시적 task.title 없이 아이템 hover 사용,
task,08EE85FBBBEE6A30,24151251C8730F2E,aether.snbt,,,Cold Aercloud,aether:cold_aercloud,,명시적 task.title 없이 아이템 hover 사용,
task,5AF2430DD1961824,24151251C8730F2E,aether.snbt,,,Blue Aercloud,aether:blue_aercloud,,명시적 task.title 없이 아이템 hover 사용,
task,067B31920FCCE076,24151251C8730F2E,aether.snbt,,,Golden Aercloud,aether:golden_aercloud,,명시적 task.title 없이 아이템 hover 사용,
task,3E79886BE08FCC16,24151251C8730F2E,aether.snbt,,,Iron Bubble,aether:iron_bubble,,명시적 task.title 없이 아이템 hover 사용,
task,48F116CCB864F7C2,24151251C8730F2E,aether.snbt,Skyroot Weapons,,,ftbfiltersystem:smart_filter,,명시적 task.title 없이 아이템 hover 사용,
task,57F02A55B8D314FC,24151251C8730F2E,aether.snbt,Skyroot Tools,,,ftbfiltersystem:smart_filter,,명시적 task.title 없이 아이템 hover 사용,
task,797455345151134A,24151251C8730F2E,aether.snbt,Skyroot Boat and Bucket,,,ftbfiltersystem:smart_filter,,명시적 task.title 없이 아이템 hover 사용,
task,6D476FECBF390199,24151251C8730F2E,aether.snbt,Holystone Weapons,,,ftbfiltersystem:smart_filter,,명시적 task.title 없이 아이템 hover 사용,
task,6002F0C07BF24B73,24151251C8730F2E,aether.snbt,Holystone Tools,,,ftbfiltersystem:smart_filter,,명시적 task.title 없이 아이템 hover 사용,
task,3614AAEC0B41CFF6,24151251C8730F2E,aether.snbt,Zanite Weapons,,,ftbfiltersystem:smart_filter,,명시적 task.title 없이 아이템 hover 사용,
task,37F2D13F6E593C1E,24151251C8730F2E,aether.snbt,Zanite Tools,,,ftbfiltersystem:smart_filter,,명시적 task.title 없이 아이템 hover 사용,
task,1324F3940041C73D,24151251C8730F2E,aether.snbt,Zanite Armor,,,ftbfiltersystem:smart_filter,,명시적 task.title 없이 아이템 hover 사용,
task,16D90BDE85BE5034,24151251C8730F2E,aether.snbt,,,Nature Staff,aether:nature_staff,,명시적 task.title 없이 아이템 hover 사용,
task,3D41832D0CA41A6C,24151251C8730F2E,aether.snbt,Gravitite Weapons,,,ftbfiltersystem:smart_filter,,명시적 task.title 없이 아이템 hover 사용,
task,079FEE70B6D6944F,24151251C8730F2E,aether.snbt,Gravitite Tools,,,ftbfiltersystem:smart_filter,,명시적 task.title 없이 아이템 hover 사용,
task,2BDE62E061949965,24151251C8730F2E,aether.snbt,Gravitite Armor,,,ftbfiltersystem:smart_filter,,명시적 task.title 없이 아이템 hover 사용,
task,6DE29058ACCD3FE4,24151251C8730F2E,aether.snbt,,,Sun Altar,aether:sun_altar,,명시적 task.title 없이 아이템 hover 사용,
task,472C79498DAC538E,24151251C8730F2E,aether.snbt,Valkyrie Tools,,,ftbfiltersystem:smart_filter,,명시적 task.title 없이 아이템 hover 사용,
task,67FAA549302701D6,24151251C8730F2E,aether.snbt,Neptune Armor,,,ftbfiltersystem:smart_filter,,명시적 task.title 없이 아이템 hover 사용,
task,4C8681C00463EEC4,24151251C8730F2E,aether.snbt,,,Aerogel,aether:aerogel,,명시적 task.title 없이 아이템 hover 사용,
task,0AB9BED5E5144BAC,4293754F9B2D05F0,allthemodium.snbt,,,,minecraft:netherite_ingot,,명시적 task.title 없이 아이템 hover 사용,
task,2E083A11E2CFAF86,4293754F9B2D05F0,allthemodium.snbt,,,Teleport Pad,allthemodium:teleport_pad,,명시적 task.title 없이 아이템 hover 사용,
task,68FF6DFF022ECC91,4293754F9B2D05F0,allthemodium.snbt,,,Allthemodium Ingot,allthemodium:allthemodium_ingot,,명시적 task.title 없이 아이템 hover 사용,
task,546E9C86F2C8382B,4293754F9B2D05F0,allthemodium.snbt,,,Allthemodium Smithing Template,allthemodium:allthemodium_upgrade_smithing_template,,명시적 task.title 없이 아이템 hover 사용,
task,0A112FC1145A21E5,4293754F9B2D05F0,allthemodium.snbt,,,Vibranium Smithing Template,allthemodium:vibranium_upgrade_smithing_template,,명시적 task.title 없이 아이템 hover 사용,
task,04CA935E34BFC9C0,4293754F9B2D05F0,allthemodium.snbt,,,Allthemodium Bow,allthemodium:allthemodium_bow,,명시적 task.title 없이 아이템 hover 사용,
task,503EF973D7241E57,4293754F9B2D05F0,allthemodium.snbt,,,Allthemodium Mace,allthemodium:allthemodium_mace,,명시적 task.title 없이 아이템 hover 사용,
task,28FA92DB004BCF0B,4293754F9B2D05F0,allthemodium.snbt,,,올더모듐 주문서,allthewizardgear:allthemodium_spell_book,,명시적 task.title 없이 아이템 hover 사용,
task,77BDAD28EAAD0F54,4293754F9B2D05F0,allthemodium.snbt,,,언옵테늄 주문서,allthewizardgear:unobtainium_spell_book,,명시적 task.title 없이 아이템 hover 사용,
task,26E4BA33D4069317,4293754F9B2D05F0,allthemodium.snbt,,,Unobtainium Crossbow,allthemodium:unobtainium_crossbow,,명시적 task.title 없이 아이템 hover 사용,
task,47DA6975F757A154,4293754F9B2D05F0,allthemodium.snbt,,,Unobtainium Mace,allthemodium:unobtainium_mace,,명시적 task.title 없이 아이템 hover 사용,
task,418913E28EACAC43,4293754F9B2D05F0,allthemodium.snbt,,,Vibranium Shield,allthemodium:vibranium_shield,,명시적 task.title 없이 아이템 hover 사용,
task,2B7BDE14FBD55CF3,4293754F9B2D05F0,allthemodium.snbt,,,Vibranium Mace,allthemodium:vibranium_mace,,명시적 task.title 없이 아이템 hover 사용,
task,38F71399F43BD408,4293754F9B2D05F0,allthemodium.snbt,,,비브라늄 주문서,allthewizardgear:vibranium_spell_book,,명시적 task.title 없이 아이템 hover 사용,
task,164F326EEDA79E59,4293754F9B2D05F0,allthemodium.snbt,,,Vibranium Ingot,allthemodium:vibranium_ingot,,명시적 task.title 없이 아이템 hover 사용,
task,1A8C1521BC9AA82D,4293754F9B2D05F0,allthemodium.snbt,,,Unobtainium Smithing Template,allthemodium:unobtainium_upgrade_smithing_template,,명시적 task.title 없이 아이템 hover 사용,
task,5A79CD7ED0D157EF,4293754F9B2D05F0,allthemodium.snbt,,,Unobtainium Ingot,allthemodium:unobtainium_ingot,,명시적 task.title 없이 아이템 hover 사용,
quest,762581CAE5F5DDC1,4293754F9B2D05F0,allthemodium.snbt,,,마법 부여 장치,ars_nouveau:enchanting_apparatus,,설명은 있으나 명시적 quest.title 없음,
task,100C7CD8C3133BC6,4293754F9B2D05F0,allthemodium.snbt,,,마법 부여 장치,ars_nouveau:enchanting_apparatus,,명시적 task.title 없이 아이템 hover 사용,
quest,7B3613C01F0B1373,4293754F9B2D05F0,allthemodium.snbt,,,Energizing Orb,powah:energizing_orb,,설명은 있으나 명시적 quest.title 없음,
task,71B0C7E635F8D8A9,4293754F9B2D05F0,allthemodium.snbt,,,Energizing Orb,powah:energizing_orb,,명시적 task.title 없이 아이템 hover 사용,
quest,15DC6770B112EE69,4293754F9B2D05F0,allthemodium.snbt,,,용해 챔버,industrialforegoing:dissolution_chamber,,설명은 있으나 명시적 quest.title 없음,
task,0E8AB6991100AE12,4293754F9B2D05F0,allthemodium.snbt,,,용해 챔버,industrialforegoing:dissolution_chamber,,명시적 task.title 없이 아이템 hover 사용,
task,15A8DE6394A13984,4293754F9B2D05F0,allthemodium.snbt,,,Unobtainium - Allthemodium Alloy Ingot,allthemodium:unobtainium_allthemodium_alloy_ingot,,명시적 task.title 없이 아이템 hover 사용,
task,412279B4B646649D,4293754F9B2D05F0,allthemodium.snbt,,,Unobtainium - Vibranium Alloy Ingot,allthemodium:unobtainium_vibranium_alloy_ingot,,명시적 task.title 없이 아이템 hover 사용,
task,721C8AFE71F1FF91,4293754F9B2D05F0,allthemodium.snbt,,,Vibranium - Allthemodium Alloy Ingot,allthemodium:vibranium_allthemodium_alloy_ingot,,명시적 task.title 없이 아이템 hover 사용,
task,3373EC752A5D336F,4293754F9B2D05F0,allthemodium.snbt,,,Piglich Heart,allthemodium:piglich_heart,,명시적 task.title 없이 아이템 hover 사용,
task,3332220912C50D70,4293754F9B2D05F0,allthemodium.snbt,,,Allthemodium Alloy Paxel,allthemodium:alloy_paxel,,명시적 task.title 없이 아이템 hover 사용,
task,53C1C80811B3F414,4293754F9B2D05F0,allthemodium.snbt,,,Allthemodium Alloy Axe,allthemodium:alloy_axe,,명시적 task.title 없이 아이템 hover 사용,
task,7534F5D919F66FB1,4293754F9B2D05F0,allthemodium.snbt,,,Allthemodium Alloy Shovel,allthemodium:alloy_shovel,,명시적 task.title 없이 아이템 hover 사용,
task,5E2CEC64EB8855E8,4293754F9B2D05F0,allthemodium.snbt,,,Allthemodium Alloy Pick,allthemodium:alloy_pick,,명시적 task.title 없이 아이템 hover 사용,
task,2746213216C15833,4293754F9B2D05F0,allthemodium.snbt,,,Allthemodium Alloy Blade,allthemodium:alloy_sword,,명시적 task.title 없이 아이템 hover 사용,
task,32016D0890320A91,4293754F9B2D05F0,allthemodium.snbt,,,Allthemodium Alloy Trident,allthemodium:alloy_trident,,명시적 task.title 없이 아이템 hover 사용,
quest,552F0B9B00F4F914,4293754F9B2D05F0,allthemodium.snbt,,,AllRightsReserved,,,설명은 있으나 명시적 quest.title 없음,
task,5F45BABFD89DE0EC,4293754F9B2D05F0,allthemodium.snbt,AllRightsReserved,AllRightsReserved,,,,한국어 파일의 영어 task.title,
task,7A588081117FA54F,4293754F9B2D05F0,allthemodium.snbt,AllRightsReserved,AllRightsReserved,,,,한국어 파일의 영어 task.title,
quest,766EEB89C6DF3575,4293754F9B2D05F0,allthemodium.snbt,,,Eternal Stella,forbidden_arcanus:eternal_stella,,설명은 있으나 명시적 quest.title 없음,
task,285DCA0CC7834899,4293754F9B2D05F0,allthemodium.snbt,,,Eternal Stella,forbidden_arcanus:eternal_stella,,명시적 task.title 없이 아이템 hover 사용,
quest,7CC96CE9901F25BB,4293754F9B2D05F0,allthemodium.snbt,,,item,forbidden_arcanus:hephaestus_forge_tier_1,,설명은 있으나 명시적 quest.title 없음,
task,1C210EEEF2D7C052,4293754F9B2D05F0,allthemodium.snbt,,,,forbidden_arcanus:hephaestus_forge_tier_1,,명시적 task.title 없이 아이템 hover 사용,
quest,18FAD56CDE05646A,4293754F9B2D05F0,allthemodium.snbt,,,채석됨,,,설명은 있으나 명시적 quest.title 없음,
task,5225548C5219E0C6,0E81CBCD6B1D1895,apotheosis_2.snbt,,,,minecraft:spawner,,명시적 task.title 없이 아이템 hover 사용,
task,5F16431DBEAF97B0,0E81CBCD6B1D1895,apotheosis_2.snbt,,,,minecraft:soul_lantern,,명시적 task.title 없이 아이템 hover 사용,
task,426CC475B062FC85,0E81CBCD6B1D1895,apotheosis_2.snbt,,,,minecraft:fermented_spider_eye,,명시적 task.title 없이 아이템 hover 사용,
task,4DA7AE7F61B1FC05,0E81CBCD6B1D1895,apotheosis_2.snbt,,,,minecraft:ghast_tear,,명시적 task.title 없이 아이템 hover 사용,
task,7CA847C78EB1B215,0E81CBCD6B1D1895,apotheosis_2.snbt,,,,minecraft:chorus_fruit,,명시적 task.title 없이 아이템 hover 사용,
task,65FF566B862C7211,0E81CBCD6B1D1895,apotheosis_2.snbt,,,,minecraft:turtle_egg,,명시적 task.title 없이 아이템 hover 사용,
task,5E1D4330184C7E38,0E81CBCD6B1D1895,apotheosis_2.snbt,,,,minecraft:piston,,명시적 task.title 없이 아이템 hover 사용,
task,39E60F2CA2EFAB9E,0E81CBCD6B1D1895,apotheosis_2.snbt,,,,minecraft:comparator,,명시적 task.title 없이 아이템 hover 사용,
task,75FE61AB74C39108,0E81CBCD6B1D1895,apotheosis_2.snbt,,,,minecraft:prismarine_crystals,,명시적 task.title 없이 아이템 hover 사용,
task,5E1EDF7E617E5853,0E81CBCD6B1D1895,apotheosis_2.snbt,,,,minecraft:sugar,,명시적 task.title 없이 아이템 hover 사용,
task,1FA39F402B7D0B8B,0E81CBCD6B1D1895,apotheosis_2.snbt,,,,minecraft:clock,,명시적 task.title 없이 아이템 hover 사용,
task,211FBEB0E4FF1FD6,0E81CBCD6B1D1895,apotheosis_2.snbt,,,,minecraft:nether_star,,명시적 task.title 없이 아이템 hover 사용,
task,74B1D74F1C52D05C,0E81CBCD6B1D1895,apotheosis_2.snbt,,,,minecraft:conduit,,명시적 task.title 없이 아이템 hover 사용,
task,20D72B07EE11DDCB,0E81CBCD6B1D1895,apotheosis_2.snbt,,,,minecraft:quartz,,명시적 task.title 없이 아이템 hover 사용,
task,457F2333F0FC4029,0E81CBCD6B1D1895,apotheosis_2.snbt,,,,minecraft:echo_shard,,명시적 task.title 없이 아이템 hover 사용,
task,703ACE135A88F2DB,0E81CBCD6B1D1895,apotheosis_2.snbt,,,,minecraft:pointed_dripstone,,명시적 task.title 없이 아이템 hover 사용,
task,227F63C049BD3C6E,0E81CBCD6B1D1895,apotheosis_2.snbt,,,,minecraft:campfire,,명시적 task.title 없이 아이템 hover 사용,
quest,2FE4B7B70D90A455,0E81CBCD6B1D1895,apotheosis_2.snbt,,,AllRightsReserved,,,설명은 있으나 명시적 quest.title 없음,
task,3B219688DA1CF9C8,0E81CBCD6B1D1895,apotheosis_2.snbt,AllRightsReserved,AllRightsReserved,,,,한국어 파일의 영어 task.title,
task,73B56F2139A98F77,0E81CBCD6B1D1895,apotheosis_2.snbt,AllRightsReserved,AllRightsReserved,,,,한국어 파일의 영어 task.title,
task,45250DA4433007C6,0E81CBCD6B1D1895,apotheosis_2.snbt,Capturing Books,,,ftbfiltersystem:smart_filter,,명시적 task.title 없이 아이템 hover 사용,
task,09A203572F22E8C0,0E81CBCD6B1D1895,apotheosis_2.snbt,,,Mob Swab,mob_grinding_utils:mob_swab,,명시적 task.title 없이 아이템 hover 사용,
task,6A994FB418E4E4F9,0E81CBCD6B1D1895,apotheosis_2.snbt,,,GM Chicken Feed,mob_grinding_utils:gm_chicken_feed,,명시적 task.title 없이 아이템 hover 사용,
task,24893D6EDE0BD819,0E81CBCD6B1D1895,apotheosis_2.snbt,Mob Charm Fragments,,,ftbfiltersystem:smart_filter,,명시적 task.title 없이 아이템 hover 사용,
task,66A1606D1C71B9A0,0E81CBCD6B1D1895,apotheosis_2.snbt,,,Spirit Reanimator,evilcraft:spirit_reanimator,,명시적 task.title 없이 아이템 hover 사용,
task,6AA7603047B9C2C3,0E81CBCD6B1D1895,apotheosis_2.snbt,,,Powered Spawner,enderio:powered_spawner,,명시적 task.title 없이 아이템 hover 사용,
task,3839A67493B2E5C3,0E81CBCD6B1D1895,apotheosis_2.snbt,,,Spawner Agitator,pneumaticcraft:spawner_agitator,,명시적 task.title 없이 아이템 hover 사용,
task,7F1DCDE71D01DE02,0E81CBCD6B1D1895,apotheosis_2.snbt,,,Stabilized Mob Spawner,draconicevolution:stabilized_spawner,,명시적 task.title 없이 아이템 hover 사용,
task,6D7441BB9E437F9F,0E81CBCD6B1D1895,apotheosis_2.snbt,,,Source Spawner,ars_additions:source_spawner,,명시적 task.title 없이 아이템 hover 사용,
task,34F104E7633BBBD5,0E81CBCD6B1D1895,apotheosis_2.snbt,,,Entity Spawner,mob_grinding_utils:entity_spawner,,명시적 task.title 없이 아이템 hover 사용,
task,53D49F15F44633C5,0E81CBCD6B1D1895,apotheosis_2.snbt,,,XP Solidifier,mob_grinding_utils:xpsolidifier,,명시적 task.title 없이 아이템 hover 사용,
task,3DA4F5633DF0D9A2,0E81CBCD6B1D1895,apotheosis_2.snbt,,,XP Mould Jelly Baby,mob_grinding_utils:solid_xp_mould_baby,,명시적 task.title 없이 아이템 hover 사용,
task,3723217873D61097,0E81CBCD6B1D1895,apotheosis_2.snbt,,,Soulium Spawner,mysticalagriculture:soulium_spawner,,명시적 task.title 없이 아이템 hover 사용,
task,4CE833AB331E43E6,0E81CBCD6B1D1895,apotheosis_2.snbt,,,Pressurized Spawner,pneumaticcraft:pressurized_spawner,,명시적 task.title 없이 아이템 hover 사용,
task,0B123D1F8C297D24,0E81CBCD6B1D1895,apotheosis_2.snbt,,,몹 복제기,industrialforegoing:mob_duplicator,,명시적 task.title 없이 아이템 hover 사용,
task,3FE2620CFA1EA910,0E81CBCD6B1D1895,apotheosis_2.snbt,,,오컬트 엔더 끈,apothic_enchanting:occult_ender_lead,,명시적 task.title 없이 아이템 hover 사용,
task,67D884FA6DD22065,0731FA8830F28280,apotheosis_gear.snbt,Any Apotheosis Gem,,,ftbfiltersystem:smart_filter,,명시적 task.title 없이 아이템 hover 사용,
task,2655172BFD49E650,0731FA8830F28280,apotheosis_gear.snbt,,,보석 가루,apotheosis:gem_dust,,명시적 task.title 없이 아이템 hover 사용,
task,75D9B77957E05997,0731FA8830F28280,apotheosis_gear.snbt,,,보석 융합판,apotheosis:gem_fused_slate,,명시적 task.title 없이 아이템 hover 사용,
task,503AF8C9A38E7FBC,0731FA8830F28280,apotheosis_gear.snbt,,,분해 작업대,apotheosis:salvaging_table,,명시적 task.title 없이 아이템 hover 사용,
task,713EFE882A8DF739,0731FA8830F28280,apotheosis_gear.snbt,,,신비로운 고철,apotheosis:common_material,,명시적 task.title 없이 아이템 hover 사용,
task,366192B3D26A0B5A,0731FA8830F28280,apotheosis_gear.snbt,,,빛바랜 원단,apotheosis:uncommon_material,,명시적 task.title 없이 아이템 hover 사용,
task,3CC05E350375C00A,0731FA8830F28280,apotheosis_gear.snbt,,,빛나는 수정 파편,apotheosis:rare_material,,명시적 task.title 없이 아이템 hover 사용,
task,140462D246ACBAFF,0731FA8830F28280,apotheosis_gear.snbt,,,신이 벼려낸 진주,apotheosis:mythic_material,,명시적 task.title 없이 아이템 hover 사용,
task,2A1FC2E2E0C01055,0731FA8830F28280,apotheosis_gear.snbt,,,불가사의한 모래,apotheosis:epic_material,,명시적 task.title 없이 아이템 hover 사용,
task,62B040B3CB6E67D7,0731FA8830F28280,apotheosis_gear.snbt,,,소켓의 인장,apotheosis:sigil_of_socketing,,명시적 task.title 없이 아이템 hover 사용,
task,732FFA8937D88CDC,0731FA8830F28280,apotheosis_gear.snbt,,,무명의 인장,apotheosis:sigil_of_unnaming,,명시적 task.title 없이 아이템 hover 사용,
task,1EECC71985048B2C,0731FA8830F28280,apotheosis_gear.snbt,,,인출의 인장,apotheosis:sigil_of_withdrawal,,명시적 task.title 없이 아이템 hover 사용,
task,771A7C97DD1E2A6D,0731FA8830F28280,apotheosis_gear.snbt,,,향상의 인장,apotheosis:sigil_of_enhancement,,명시적 task.title 없이 아이템 hover 사용,
task,6A5314ED64C58405,0731FA8830F28280,apotheosis_gear.snbt,,,재탄생의 인장,apotheosis:sigil_of_rebirth,,명시적 task.title 없이 아이템 hover 사용,
task,29718A6DB9A7D9E8,0731FA8830F28280,apotheosis_gear.snbt,,,간이 재단조 작업대,apotheosis:simple_reforging_table,,명시적 task.title 없이 아이템 hover 사용,
task,55D268545CC6B992,0731FA8830F28280,apotheosis_gear.snbt,,,재단조 작업대,apotheosis:reforging_table,,명시적 task.title 없이 아이템 hover 사용,
task,30628EF8836E341E,0731FA8830F28280,apotheosis_gear.snbt,,,증강 작업대,apotheosis:augmenting_table,,명시적 task.title 없이 아이템 hover 사용,
task,146817D02B4E6F59,0731FA8830F28280,apotheosis_gear.snbt,,,,minecraft:smithing_table,,명시적 task.title 없이 아이템 hover 사용,
task,5B4B74090A6D2218,0731FA8830F28280,apotheosis_gear.snbt,,,보석 세공 작업대,apotheosis:gem_cutting_table,,명시적 task.title 없이 아이템 hover 사용,
task,792E53E6205E05AB,0731FA8830F28280,apotheosis_gear.snbt,,,사악의 인장,apotheosis:sigil_of_malice,,명시적 task.title 없이 아이템 hover 사용,
task,1F073FD0F4A296A3,0731FA8830F28280,apotheosis_gear.snbt,Apothic Gateways,,,ftbfiltersystem:smart_filter,,명시적 task.title 없이 아이템 hover 사용,
task,68A6804F5E9D1B90,0731FA8830F28280,apotheosis_gear.snbt,,,Gate Pearl,gateways:gate_pearl,,명시적 task.title 없이 아이템 hover 사용,
task,3CD3B96BCB661E58,0731FA8830F28280,apotheosis_gear.snbt,,,Gate Pearl,gateways:gate_pearl,,명시적 task.title 없이 아이템 hover 사용,
task,2624E09A5B8C1D0D,0731FA8830F28280,apotheosis_gear.snbt,,,우월의 인장,apotheosis:sigil_of_supremacy,,명시적 task.title 없이 아이템 hover 사용,
task,79FB7E7194336B30,12AD9789D962B179,apothic_enchanting.snbt,,,,minecraft:enchanting_table,,명시적 task.title 없이 아이템 hover 사용,
quest,6C2C135B9B7B9402,12AD9789D962B179,apothic_enchanting.snbt,&l&dInfusing,,advancement,,,설명은 있으나 명시적 quest.title 없음,
task,7330FAC338D718B8,12AD9789D962B179,apothic_enchanting.snbt,,,,minecraft:lapis_lazuli,,명시적 task.title 없이 아이템 hover 사용,
task,5301BBAED48857AF,12AD9789D962B179,apothic_enchanting.snbt,,,불활성 삼지창,apothic_enchanting:inert_trident,,명시적 task.title 없이 아이템 hover 사용,
quest,6884E25641A1020C,12AD9789D962B179,apothic_enchanting.snbt,&5Enchantment Library,,마법 부여 도서관,apothic_enchanting:library,,설명은 있으나 명시적 quest.title 없음,
task,08199BBE587F9712,12AD9789D962B179,apothic_enchanting.snbt,,,마법 부여 도서관,apothic_enchanting:library,,명시적 task.title 없이 아이템 hover 사용,
quest,42746659C66CF17F,12AD9789D962B179,apothic_enchanting.snbt,&6&oLibrary of Alexandria,,알렉산드리아 도서관,apothic_enchanting:ender_library,,설명은 있으나 명시적 quest.title 없음,
task,153AFC342BD8CEB5,12AD9789D962B179,apothic_enchanting.snbt,,,알렉산드리아 도서관,apothic_enchanting:ender_library,,명시적 task.title 없이 아이템 hover 사용,
task,5EF1526352FCBF67,12AD9789D962B179,apothic_enchanting.snbt,,,벌책장,apothic_enchanting:beeshelf,,명시적 task.title 없이 아이템 hover 사용,
task,4CD8A5E34AE4172F,12AD9789D962B179,apothic_enchanting.snbt,,,돌책장,apothic_enchanting:stoneshelf,,명시적 task.title 없이 아이템 hover 사용,
task,6F7BC0A869415EBF,12AD9789D962B179,apothic_enchanting.snbt,,,수박책장,apothic_enchanting:melonshelf,,명시적 task.title 없이 아이템 hover 사용,
task,41DDAAE32C45DF79,12AD9789D962B179,apothic_enchanting.snbt,,,지옥책장,apothic_enchanting:hellshelf,,명시적 task.title 없이 아이템 hover 사용,
task,129FC7396A82D377,12AD9789D962B179,apothic_enchanting.snbt,,,주입된 지옥책장,apothic_enchanting:infused_hellshelf,,명시적 task.title 없이 아이템 hover 사용,
task,16BEA93581C90855,12AD9789D962B179,apothic_enchanting.snbt,,,시야의 지옥책장,apothic_enchanting:sightshelf,,명시적 task.title 없이 아이템 hover 사용,
task,52E874AC63EA495C,12AD9789D962B179,apothic_enchanting.snbt,,,탁월한 시야의 지옥책장,apothic_enchanting:sightshelf_t2,,명시적 task.title 없이 아이템 hover 사용,
task,0FF6548CFF6FA8E0,12AD9789D962B179,apothic_enchanting.snbt,,,타오르는 지옥책장,apothic_enchanting:blazing_hellshelf,,명시적 task.title 없이 아이템 hover 사용,
task,603467A3762BE456,12AD9789D962B179,apothic_enchanting.snbt,,,빛나는 지옥책장,apothic_enchanting:glowing_hellshelf,,명시적 task.title 없이 아이템 hover 사용,
task,676F0822F9E6A253,12AD9789D962B179,apothic_enchanting.snbt,,,깊은 책장,apothic_enchanting:deepshelf,,명시적 task.title 없이 아이템 hover 사용,
task,6FDF93BA303BB934,12AD9789D962B179,apothic_enchanting.snbt,,,영혼의 깊은책장,apothic_enchanting:soul_touched_deepshelf,,명시적 task.title 없이 아이템 hover 사용,
task,73E92F9C6CF389A4,12AD9789D962B179,apothic_enchanting.snbt,,,영혼의 스컬크책장,apothic_enchanting:soul_touched_sculkshelf,,명시적 task.title 없이 아이템 hover 사용,
task,2F976A158520C050,12AD9789D962B179,apothic_enchanting.snbt,,,메아리치는 깊은책장,apothic_enchanting:echoing_deepshelf,,명시적 task.title 없이 아이템 hover 사용,
task,1A60908731AA9DD9,12AD9789D962B179,apothic_enchanting.snbt,,,메아리치는 스컬크책장,apothic_enchanting:echoing_sculkshelf,,명시적 task.title 없이 아이템 hover 사용,
task,7EADF4C1C40C16EA,12AD9789D962B179,apothic_enchanting.snbt,,,엔드책장,apothic_enchanting:endshelf,,명시적 task.title 없이 아이템 hover 사용,
task,488A567AC95255D9,12AD9789D962B179,apothic_enchanting.snbt,,,정동으로 감싼 안정성의 책장,apothic_enchanting:geode_shelf,,명시적 task.title 없이 아이템 hover 사용,
task,0424B7572BEF5801,12AD9789D962B179,apothic_enchanting.snbt,,,진주광 엔드책장,apothic_enchanting:pearl_endshelf,,명시적 task.title 없이 아이템 hover 사용,
task,0A0B123E455860A7,12AD9789D962B179,apothic_enchanting.snbt,,,드래곤의 엔드책장,apothic_enchanting:draconic_endshelf,,명시적 task.title 없이 아이템 hover 사용,
task,1F985EE897C559DA,12AD9789D962B179,apothic_enchanting.snbt,,,영혼의 스컬크책장,apothic_enchanting:soul_touched_sculkshelf,,명시적 task.title 없이 아이템 hover 사용,
task,7E52C8FAC7C1773C,12AD9789D962B179,apothic_enchanting.snbt,,,메아리치는 스컬크책장,apothic_enchanting:echoing_sculkshelf,,명시적 task.title 없이 아이템 hover 사용,
task,1CB04FAC692B7887,12AD9789D962B179,apothic_enchanting.snbt,,,드래곤의 엔드책장,apothic_enchanting:draconic_endshelf,,명시적 task.title 없이 아이템 hover 사용,
task,0BB099AA11E08F8B,12AD9789D962B179,apothic_enchanting.snbt,,,정동으로 감싼 안정성의 책장,apothic_enchanting:geode_shelf,,명시적 task.title 없이 아이템 hover 사용,
task,3107F916D4A7E343,12AD9789D962B179,apothic_enchanting.snbt,,,신비한 보물의 심연 책장,apothic_enchanting:treasure_shelf,,명시적 task.title 없이 아이템 hover 사용,
task,44707F07C3FB9F95,12AD9789D962B179,apothic_enchanting.snbt,,,바다책장,apothic_enchanting:seashelf,,명시적 task.title 없이 아이템 hover 사용,
task,698677C8CBD26D6A,12AD9789D962B179,apothic_enchanting.snbt,,,주입된 바다책장,apothic_enchanting:infused_seashelf,,명시적 task.title 없이 아이템 hover 사용,
task,278EF752D20A846E,12AD9789D962B179,apothic_enchanting.snbt,,,수생 여과의 바다책장,apothic_enchanting:filtering_shelf,,명시적 task.title 없이 아이템 hover 사용,
task,37021196BD126D2A,12AD9789D962B179,apothic_enchanting.snbt,,,심장벼림 바다책장,apothic_enchanting:heart_seashelf,,명시적 task.title 없이 아이템 hover 사용,
task,75C2FE61F9DC6234,12AD9789D962B179,apothic_enchanting.snbt,,,수정의 바다책장,apothic_enchanting:crystal_seashelf,,명시적 task.title 없이 아이템 hover 사용,
task,631CC0E52639A297,12AD9789D962B179,apothic_enchanting.snbt,,,바다책장,apothic_enchanting:seashelf,,명시적 task.title 없이 아이템 hover 사용,
task,432FCFECDAA542F1,12AD9789D962B179,apothic_enchanting.snbt,Bookshelves,,,ftbfiltersystem:smart_filter,,명시적 task.title 없이 아이템 hover 사용,
task,75D4164F2F0CF721,12AD9789D962B179,apothic_enchanting.snbt,,,지옥책장,apothic_enchanting:hellshelf,,명시적 task.title 없이 아이템 hover 사용,
task,7A94571B129BE259,12AD9789D962B179,apothic_enchanting.snbt,,,주입된 드래곤의 숨결,apothic_enchanting:infused_breath,,명시적 task.title 없이 아이템 hover 사용,
task,534457B54999863B,12AD9789D962B179,apothic_enchanting.snbt,,,,minecraft:budding_amethyst,,명시적 task.title 없이 아이템 hover 사용,
task,2F3D51FDCAEE0410,12AD9789D962B179,apothic_enchanting.snbt,,,,minecraft:echo_shard,,명시적 task.title 없이 아이템 hover 사용,
task,4644C76CEC129AA4,12AD9789D962B179,apothic_enchanting.snbt,Permanent Charms,,,ftbfiltersystem:smart_filter,,명시적 task.title 없이 아이템 hover 사용,
task,605D32323A61DDD7,12AD9789D962B179,apothic_enchanting.snbt,,,스크랩의 서,apothic_enchanting:scrap_tome,,명시적 task.title 없이 아이템 hover 사용,
task,32E6C837728B2EF1,12AD9789D962B179,apothic_enchanting.snbt,,,,minecraft:book,,명시적 task.title 없이 아이템 hover 사용,
task,2585EAFD4FC93104,12AD9789D962B179,apothic_enchanting.snbt,,,우수한 스크랩의 서,apothic_enchanting:improved_scrap_tome,,명시적 task.title 없이 아이템 hover 사용,
task,25D6D39D4C5E62DD,12AD9789D962B179,apothic_enchanting.snbt,,,추출의 서,apothic_enchanting:extraction_tome,,명시적 task.title 없이 아이템 hover 사용,
task,5AB4C41B6800D7FA,12AD9789D962B179,apothic_enchanting.snbt,Armor Tomes,,,ftbfiltersystem:smart_filter,,명시적 task.title 없이 아이템 hover 사용,
task,52C6DC68BF096122,12AD9789D962B179,apothic_enchanting.snbt,Weapon Tomes,,,ftbfiltersystem:smart_filter,,명시적 task.title 없이 아이템 hover 사용,
task,598F1FCB5B5ED8FC,12AD9789D962B179,apothic_enchanting.snbt,Tool Tomes,,,ftbfiltersystem:smart_filter,,명시적 task.title 없이 아이템 hover 사용,
task,4FB7A103659539EA,12AD9789D962B179,apothic_enchanting.snbt,,,기타의 서,apothic_enchanting:other_tome,,명시적 task.title 없이 아이템 hover 사용,
task,65D6DA1FFF0EEF80,12AD9789D962B179,apothic_enchanting.snbt,,,,minecraft:honey_bottle,,명시적 task.title 없이 아이템 hover 사용,
task,24949068EC6DAD83,12AD9789D962B179,apothic_enchanting.snbt,,,엉성한 엔더 끈,apothic_enchanting:flimsy_ender_lead,,명시적 task.title 없이 아이템 hover 사용,
task,75251BD315DE1E50,12AD9789D962B179,apothic_enchanting.snbt,,,엔더 끈,apothic_enchanting:ender_lead,,명시적 task.title 없이 아이템 hover 사용,
task,565FEFC8EDC85C13,12AD9789D962B179,apothic_enchanting.snbt,,,오컬트 엔더 끈,apothic_enchanting:occult_ender_lead,,명시적 task.title 없이 아이템 hover 사용,
task,29C4195E8366DBDD,07210DDF872160BA,applied_energistics_2.snbt,,,충전기,ae2:charger,충전기,명시적 task.title 없이 아이템 hover 사용,충전기
task,1F40760C2108BA36,07210DDF872160BA,applied_energistics_2.snbt,,,회로 인쇄기,ae2:inscriber,회로 인쇄기,명시적 task.title 없이 아이템 hover 사용,회로 인쇄기
task,4D57E005D20BEDB9,07210DDF872160BA,applied_energistics_2.snbt,,,운석 탐지기,ae2:meteorite_compass,운석 탐지기,명시적 task.title 없이 아이템 hover 사용,운석 탐지기
task,5B4DDF66C36AF356,07210DDF872160BA,applied_energistics_2.snbt,,,에너지 수용기,ae2:energy_acceptor,에너지 수용기,명시적 task.title 없이 아이템 hover 사용,에너지 수용기
quest,037488EF1F3581CE,07210DDF872160BA,applied_energistics_2.snbt,,,에너지 셀,ae2:energy_cell,에너지 셀,설명은 있으나 명시적 quest.title 없음,에너지 셀
task,660FEBB8BF6EF1A1,07210DDF872160BA,applied_energistics_2.snbt,,,에너지 셀,ae2:energy_cell,에너지 셀,명시적 task.title 없이 아이템 hover 사용,에너지 셀
task,1DCF3545FC683DA8,07210DDF872160BA,applied_energistics_2.snbt,,,조밀한 에너지 셀,ae2:dense_energy_cell,조밀한 에너지 셀,명시적 task.title 없이 아이템 hover 사용,조밀한 에너지 셀
task,42C1EB9094F67B62,07210DDF872160BA,applied_energistics_2.snbt,,,에너지 카드,ae2:energy_card,에너지 카드,명시적 task.title 없이 아이템 hover 사용,에너지 카드
task,2B6D34E0CD1999C9,07210DDF872160BA,applied_energistics_2.snbt,,,논리 프로세서,ae2:logic_processor,논리 프로세서,명시적 task.title 없이 아이템 hover 사용,논리 프로세서
task,54C120660252682A,07210DDF872160BA,applied_energistics_2.snbt,,,계산 프로세서,ae2:calculation_processor,계산 프로세서,명시적 task.title 없이 아이템 hover 사용,계산 프로세서
task,41282D3DCFEB5136,07210DDF872160BA,applied_energistics_2.snbt,,,공학 프로세서,ae2:engineering_processor,공학 프로세서,명시적 task.title 없이 아이템 hover 사용,공학 프로세서
task,0FC1380E32E02533,07210DDF872160BA,applied_energistics_2.snbt,,,플루익스 가루,ae2:fluix_dust,플루익스 가루,명시적 task.title 없이 아이템 hover 사용,플루익스 가루
task,4498692EC5F9E09B,07210DDF872160BA,applied_energistics_2.snbt,,,플루익스 수정,ae2:fluix_crystal,플루익스 수정,명시적 task.title 없이 아이템 hover 사용,플루익스 수정
task,6C7282A058006A21,07210DDF872160BA,applied_energistics_2.snbt,,,ME 터미널,ae2:terminal,ME 터미널,명시적 task.title 없이 아이템 hover 사용,ME 터미널
task,2CFD7CA282DFB2FF,07210DDF872160BA,applied_energistics_2.snbt,,,ME 제작 터미널,ae2:crafting_terminal,ME 제작 터미널,명시적 task.title 없이 아이템 hover 사용,ME 제작 터미널
task,74AA3FA06B3574A8,07210DDF872160BA,applied_energistics_2.snbt,,,ME 상자,ae2:chest,ME 상자,명시적 task.title 없이 아이템 hover 사용,ME 상자
task,58C4DF6CFBDF8577,07210DDF872160BA,applied_energistics_2.snbt,,,ME 드라이브,ae2:drive,ME 드라이브,명시적 task.title 없이 아이템 hover 사용,ME 드라이브
task,299121F0AFF40604,07210DDF872160BA,applied_energistics_2.snbt,,,ME 패턴 접근 터미널,ae2:pattern_access_terminal,ME 패턴 접근 터미널,명시적 task.title 없이 아이템 hover 사용,ME 패턴 접근 터미널
task,6C80AA2FD67BD192,07210DDF872160BA,applied_energistics_2.snbt,,,ME 제어기,ae2:controller,ME 제어기,명시적 task.title 없이 아이템 hover 사용,ME 제어기
task,7BDCDEB679A9969C,07210DDF872160BA,applied_energistics_2.snbt,,,네트워크 도구,ae2:network_tool,네트워크 도구,명시적 task.title 없이 아이템 hover 사용,네트워크 도구
task,64CCF1FB42AA41CE,07210DDF872160BA,applied_energistics_2.snbt,,,1k ME 저장 요소,ae2:cell_component_1k,1k ME 저장 요소,명시적 task.title 없이 아이템 hover 사용,1k ME 저장 요소
task,066F1BBF3D0863C5,07210DDF872160BA,applied_energistics_2.snbt,,,4k ME 저장 요소,ae2:cell_component_4k,4k ME 저장 요소,명시적 task.title 없이 아이템 hover 사용,4k ME 저장 요소
task,076237ECA6D5DE58,07210DDF872160BA,applied_energistics_2.snbt,,,16k ME 저장 요소,ae2:cell_component_16k,16k ME 저장 요소,명시적 task.title 없이 아이템 hover 사용,16k ME 저장 요소
task,32FFC36DEEA7792D,07210DDF872160BA,applied_energistics_2.snbt,,,64k ME 저장 요소,ae2:cell_component_64k,64k ME 저장 요소,명시적 task.title 없이 아이템 hover 사용,64k ME 저장 요소
task,2C4616CD2EBB58C6,07210DDF872160BA,applied_energistics_2.snbt,,,256k ME 저장 요소,ae2:cell_component_256k,256k ME 저장 요소,명시적 task.title 없이 아이템 hover 사용,256k ME 저장 요소
task,1ED54F5BAE0FADE8,07210DDF872160BA,applied_energistics_2.snbt,,,1M MEGA 저장 부품,megacells:cell_component_1m,1M MEGA 저장 부품,명시적 task.title 없이 아이템 hover 사용,1M MEGA 저장 부품
task,40B37486AA9DD419,07210DDF872160BA,applied_energistics_2.snbt,,,4M MEGA 저장 부품,megacells:cell_component_4m,4M MEGA 저장 부품,명시적 task.title 없이 아이템 hover 사용,4M MEGA 저장 부품
task,6E2955EC62EA1E37,07210DDF872160BA,applied_energistics_2.snbt,,,16M MEGA 저장 부품,megacells:cell_component_16m,16M MEGA 저장 부품,명시적 task.title 없이 아이템 hover 사용,16M MEGA 저장 부품
task,12DED6DF890F4A1A,07210DDF872160BA,applied_energistics_2.snbt,,,64M MEGA 저장 부품,megacells:cell_component_64m,64M MEGA 저장 부품,명시적 task.title 없이 아이템 hover 사용,64M MEGA 저장 부품
task,13AA316EA6E8CA30,07210DDF872160BA,applied_energistics_2.snbt,,,256M MEGA 저장 부품,megacells:cell_component_256m,256M MEGA 저장 부품,명시적 task.title 없이 아이템 hover 사용,256M MEGA 저장 부품
task,52521FCD58B2FEF0,07210DDF872160BA,applied_energistics_2.snbt,,,1k ME 아이템 저장 셀,ae2:item_storage_cell_1k,1k ME 아이템 저장 셀,명시적 task.title 없이 아이템 hover 사용,1k ME 아이템 저장 셀
quest,5E24012A3D9B72A1,07210DDF872160BA,applied_energistics_2.snbt,,,유체 저장소,ftbfiltersystem:smart_filter,,설명은 있으나 명시적 quest.title 없음,
task,19F84B1451F7D602,07210DDF872160BA,applied_energistics_2.snbt,,,셀 작업대,ae2:cell_workbench,셀 작업대,명시적 task.title 없이 아이템 hover 사용,셀 작업대
task,23261340EF9D48AF,07210DDF872160BA,applied_energistics_2.snbt,,,ME 입출력 포트,ae2:io_port,ME 입출력 포트,명시적 task.title 없이 아이템 hover 사용,ME 입출력 포트
task,060BD30C77262BDA,07210DDF872160BA,applied_energistics_2.snbt,,,ME 반입 버스,ae2:import_bus,ME 반입 버스,명시적 task.title 없이 아이템 hover 사용,ME 반입 버스
task,6D6E070CB7998FA1,07210DDF872160BA,applied_energistics_2.snbt,,,ME 반출 버스,ae2:export_bus,ME 반출 버스,명시적 task.title 없이 아이템 hover 사용,ME 반출 버스
task,3F715007AD9C0D58,07210DDF872160BA,applied_energistics_2.snbt,,,ME 소멸 평면,ae2:annihilation_plane,ME 소멸 평면,명시적 task.title 없이 아이템 hover 사용,ME 소멸 평면
task,0BEBC087F970093E,07210DDF872160BA,applied_energistics_2.snbt,,,ME 형성 평면,ae2:formation_plane,ME 형성 평면,명시적 task.title 없이 아이템 hover 사용,ME 형성 평면
task,36A7C775D94798EE,07210DDF872160BA,applied_energistics_2.snbt,,,ME P2P 터널,ae2:me_p2p_tunnel,ME P2P 터널,명시적 task.title 없이 아이템 hover 사용,ME P2P 터널
task,294FA6663BE38B7C,07210DDF872160BA,applied_energistics_2.snbt,,,ME 저장 버스,ae2:storage_bus,ME 저장 버스,명시적 task.title 없이 아이템 hover 사용,ME 저장 버스
task,2D19A4EF2E4B7A55,07210DDF872160BA,applied_energistics_2.snbt,,,메모리 카드,ae2:memory_card,메모리 카드,명시적 task.title 없이 아이템 hover 사용,메모리 카드
task,5E1E2F6E86A3E0F3,07210DDF872160BA,applied_energistics_2.snbt,,,균등 분배 카드,ae2:equal_distribution_card,균등 분배 카드,명시적 task.title 없이 아이템 hover 사용,균등 분배 카드
task,2D72E699C4D506CE,07210DDF872160BA,applied_energistics_2.snbt,,,초과분 파괴 카드,ae2:void_card,초과분 파괴 카드,명시적 task.title 없이 아이템 hover 사용,초과분 파괴 카드
quest,77C9EE701F72586D,07210DDF872160BA,applied_energistics_2.snbt,,,휴대용 저장소,ftbfiltersystem:smart_filter,,설명은 있으나 명시적 quest.title 없음,
task,6DC55B5EA1534444,07210DDF872160BA,applied_energistics_2.snbt,,,용량 카드,ae2:capacity_card,용량 카드,명시적 task.title 없이 아이템 hover 사용,용량 카드
task,05A8DD006B623032,07210DDF872160BA,applied_energistics_2.snbt,,,석영 섬유,ae2:quartz_fiber,석영 섬유,명시적 task.title 없이 아이템 hover 사용,석영 섬유
task,58BF9A4EAD7C88E6,07210DDF872160BA,applied_energistics_2.snbt,,,ME 패턴 인코딩 터미널,ae2:pattern_encoding_terminal,ME 패턴 인코딩 터미널,명시적 task.title 없이 아이템 hover 사용,ME 패턴 인코딩 터미널
task,08D08A1400F7348F,07210DDF872160BA,applied_energistics_2.snbt,,,빈 패턴,ae2:blank_pattern,빈 패턴,명시적 task.title 없이 아이템 hover 사용,빈 패턴
task,5639418C0364E5A1,07210DDF872160BA,applied_energistics_2.snbt,,,분자 제작기,ae2:molecular_assembler,분자 제작기,명시적 task.title 없이 아이템 hover 사용,분자 제작기
task,3E4BDC8D3B7F727C,07210DDF872160BA,applied_energistics_2.snbt,,,ME 레벨 방출기,ae2:level_emitter,ME 레벨 방출기,명시적 task.title 없이 아이템 hover 사용,ME 레벨 방출기
task,4D92DB15F45D3F10,07210DDF872160BA,applied_energistics_2.snbt,,,레드스톤 카드,ae2:redstone_card,레드스톤 카드,명시적 task.title 없이 아이템 hover 사용,레드스톤 카드
task,651CCE50554D6ABC,07210DDF872160BA,applied_energistics_2.snbt,,,ME 토글 버스,ae2:toggle_bus,ME 토글 버스,명시적 task.title 없이 아이템 hover 사용,ME 토글 버스
task,356C06E894DC659B,07210DDF872160BA,applied_energistics_2.snbt,,,제작 카드,ae2:crafting_card,제작 카드,명시적 task.title 없이 아이템 hover 사용,제작 카드
task,3837D36BE3CC29A6,07210DDF872160BA,applied_energistics_2.snbt,,,수정 성장 가속기,ae2:growth_accelerator,수정 성장 가속기,명시적 task.title 없이 아이템 hover 사용,수정 성장 가속기
task,495253F1301A8070,07210DDF872160BA,applied_energistics_2.snbt,,,가속 카드,ae2:speed_card,가속 카드,명시적 task.title 없이 아이템 hover 사용,가속 카드
task,0EFC322997906572,07210DDF872160BA,applied_energistics_2.snbt,,,공간 입출력 포트,ae2:spatial_io_port,공간 입출력 포트,명시적 task.title 없이 아이템 hover 사용,공간 입출력 포트
task,4E0C5E3A98293C08,07210DDF872160BA,applied_energistics_2.snbt,,,공간 지시탑,ae2:spatial_pylon,공간 지시탑,명시적 task.title 없이 아이템 hover 사용,공간 지시탑
task,68A36AB341CC016D,07210DDF872160BA,applied_energistics_2.snbt,,,공간 정박기,ae2:spatial_anchor,공간 정박기,명시적 task.title 없이 아이템 hover 사용,공간 정박기
quest,30E853CE699E669B,07210DDF872160BA,applied_energistics_2.snbt,,,제작 저장소,ftbfiltersystem:smart_filter,,설명은 있으나 명시적 quest.title 없음,
task,39BC572CE6FCFE92,07210DDF872160BA,applied_energistics_2.snbt,,,제작 보조 처리 유닛,ae2:crafting_accelerator,제작 보조 처리 유닛,명시적 task.title 없이 아이템 hover 사용,제작 보조 처리 유닛
task,1C9C2FAD7CD16C9D,07210DDF872160BA,applied_energistics_2.snbt,,,제작 모니터,ae2:crafting_monitor,제작 모니터,명시적 task.title 없이 아이템 hover 사용,제작 모니터
task,2B8EC37AF863F9A6,07210DDF872160BA,applied_energistics_2.snbt,,,케이블 앵커,ae2:cable_anchor,케이블 앵커,명시적 task.title 없이 아이템 hover 사용,케이블 앵커
task,1FFAB0FE9A2D46F2,07210DDF872160BA,applied_energistics_2.snbt,,,이름 프레스,ae2:name_press,이름 프레스,명시적 task.title 없이 아이템 hover 사용,이름 프레스
task,6691176371563341,07210DDF872160BA,applied_energistics_2.snbt,,,색상 적용기,ae2:color_applicator,색상 적용기,명시적 task.title 없이 아이템 hover 사용,색상 적용기
task,3AC5F84892DC0717,07210DDF872160BA,applied_energistics_2.snbt,,,충전된 스태프,ae2:charged_staff,충전된 스태프,명시적 task.title 없이 아이템 hover 사용,충전된 스태프
task,68BE70918BD7F81B,07210DDF872160BA,applied_energistics_2.snbt,,,엔트로피 조작기,ae2:entropy_manipulator,엔트로피 조작기,명시적 task.title 없이 아이템 hover 사용,엔트로피 조작기
task,3B720F63D105F7DF,07210DDF872160BA,applied_energistics_2.snbt,,,물질 대포,ae2:matter_cannon,물질 대포,명시적 task.title 없이 아이템 hover 사용,물질 대포
quest,2B31E6C1707D8195,07210DDF872160BA,applied_energistics_2.snbt,,,ME 무선 액세스 포인트,ae2:wireless_access_point,ME 무선 액세스 포인트,설명은 있으나 명시적 quest.title 없음,ME 무선 액세스 포인트
task,3DF8F1A72EBCD73F,07210DDF872160BA,applied_energistics_2.snbt,,,ME 무선 액세스 포인트,ae2:wireless_access_point,ME 무선 액세스 포인트,명시적 task.title 없이 아이템 hover 사용,ME 무선 액세스 포인트
task,60F10069FD956D54,07210DDF872160BA,applied_energistics_2.snbt,,,무선 부스터,ae2:wireless_booster,무선 부스터,명시적 task.title 없이 아이템 hover 사용,무선 부스터
task,184FBC2F91C37271,07210DDF872160BA,applied_energistics_2.snbt,,,물질 응축기,ae2:condenser,물질 응축기,명시적 task.title 없이 아이템 hover 사용,물질 응축기
task,167B710CB84B12C1,07210DDF872160BA,applied_energistics_2.snbt,,,물질 공,ae2:matter_ball,물질 공,명시적 task.title 없이 아이템 hover 사용,물질 공
task,195B7DC4D7815D29,07210DDF872160BA,applied_energistics_2.snbt,,,무선 터미널,ae2:wireless_terminal,무선 터미널,명시적 task.title 없이 아이템 hover 사용,무선 터미널
task,384594EA34F0985B,07210DDF872160BA,applied_energistics_2.snbt,,,무선 제작 터미널,ae2:wireless_crafting_terminal,무선 제작 터미널,명시적 task.title 없이 아이템 hover 사용,무선 제작 터미널
task,745C92ED1392EE1A,07210DDF872160BA,applied_energistics_2.snbt,,,무한 범위 카드,aeinfinitybooster:infinity_card,,명시적 task.title 없이 아이템 hover 사용,
task,4EDA481E8668C82B,07210DDF872160BA,applied_energistics_2.snbt,,,차원 카드,aeinfinitybooster:dimension_card,,명시적 task.title 없이 아이템 hover 사용,
task,3458474D44BD443F,07210DDF872160BA,applied_energistics_2.snbt,,,특이점,ae2:singularity,특이점,명시적 task.title 없이 아이템 hover 사용,특이점
task,523A126499263FE0,07210DDF872160BA,applied_energistics_2.snbt,,,엔더 가루,ae2:ender_dust,엔더 가루,명시적 task.title 없이 아이템 hover 사용,엔더 가루
task,3A45E1C2AE35002B,07210DDF872160BA,applied_energistics_2.snbt,,,소형 TNT,ae2:tiny_tnt,소형 TNT,명시적 task.title 없이 아이템 hover 사용,소형 TNT
task,79E894E41241B6A2,07210DDF872160BA,applied_energistics_2.snbt,,,퍼지 카드,ae2:fuzzy_card,퍼지 카드,명시적 task.title 없이 아이템 hover 사용,퍼지 카드
task,6AAE42DF0347D1F4,07210DDF872160BA,applied_energistics_2.snbt,,,반전 카드,ae2:inverter_card,반전 카드,명시적 task.title 없이 아이템 hover 사용,반전 카드
task,7D869E1310E92BED,07210DDF872160BA,applied_energistics_2.snbt,,,ME 양자 고리,ae2:quantum_ring,ME 양자 고리,명시적 task.title 없이 아이템 hover 사용,ME 양자 고리
task,20AA67ECEA653B99,07210DDF872160BA,applied_energistics_2.snbt,,,ME 양자 연결기,ae2:quantum_link,ME 양자 연결기,명시적 task.title 없이 아이템 hover 사용,ME 양자 연결기
task,6590872EF147B7DF,07210DDF872160BA,applied_energistics_2.snbt,,,양자얽힘 특이점,ae2:quantum_entangled_singularity,양자얽힘 특이점,명시적 task.title 없이 아이템 hover 사용,양자얽힘 특이점
quest,78311531069807DE,07210DDF872160BA,applied_energistics_2.snbt,,,채널에 대한 머리말,,,설명은 있으나 명시적 quest.title 없음,
task,700381466CC95F2F,07210DDF872160BA,applied_energistics_2.snbt,,,MEGA 대용량 아이템 저장 셀,megacells:bulk_item_cell,MEGA 대용량 아이템 저장 셀,명시적 task.title 없이 아이템 hover 사용,MEGA 대용량 아이템 저장 셀
task,16E78B6C132910B5,07210DDF872160BA,applied_energistics_2.snbt,,,양자 브리지 카드,ae2wtlib:quantum_bridge_card,양자 브리지 카드,명시적 task.title 없이 아이템 hover 사용,양자 브리지 카드
quest,5034A9137E0F3D3D,07210DDF872160BA,applied_energistics_2.snbt,,,모든 권리 보유,,,설명은 있으나 명시적 quest.title 없음,
task,5997F25FCA778A49,07210DDF872160BA,applied_energistics_2.snbt,,,서투스 석영 수정,ae2:certus_quartz_crystal,서투스 석영 수정,명시적 task.title 없이 아이템 hover 사용,서투스 석영 수정
task,06E4EE21B14147B2,07210DDF872160BA,applied_energistics_2.snbt,,,서투스 석영 가루,ae2:certus_quartz_dust,서투스 석영 가루,명시적 task.title 없이 아이템 hover 사용,서투스 석영 가루
quest,7C40F1963FC5BF65,07210DDF872160BA,applied_energistics_2.snbt,,,추가 가이드,,,설명은 있으나 명시적 quest.title 없음,
task,51A617F8FBBFA712,6AEDA2F9BEB57759,ars_nouveau.snbt,,,,minecraft:book,,명시적 task.title 없이 아이템 hover 사용,
task,1624D71379FBBDA6,6AEDA2F9BEB57759,ars_nouveau.snbt,,,별다람쥐 부적,ars_nouveau:starbuncle_charm,,명시적 task.title 없이 아이템 hover 사용,
task,7CB3845C4BCA9F0E,6AEDA2F9BEB57759,ars_nouveau.snbt,,,윅시 부적,ars_nouveau:wixie_charm,,명시적 task.title 없이 아이템 hover 사용,
task,569B0D7ABC091612,6AEDA2F9BEB57759,ars_nouveau.snbt,,,,ars_nouveau:glyph_intangible,,명시적 task.title 없이 아이템 hover 사용,
task,55B5FAA746D6C829,6AEDA2F9BEB57759,ars_nouveau.snbt,,,,ars_nouveau:glyph_ignite,,명시적 task.title 없이 아이템 hover 사용,
task,615188F5D6F85423,6AEDA2F9BEB57759,ars_nouveau.snbt,,,,ars_nouveau:glyph_flare,,명시적 task.title 없이 아이템 hover 사용,
task,75FB9F65DDF0403C,6AEDA2F9BEB57759,ars_nouveau.snbt,,,,ars_nouveau:glyph_craft,,명시적 task.title 없이 아이템 hover 사용,
task,20E81CE5B5665DAF,6AEDA2F9BEB57759,ars_nouveau.snbt,,,,ars_nouveau:glyph_cold_snap,,명시적 task.title 없이 아이템 hover 사용,
task,17D156865446035D,6AEDA2F9BEB57759,ars_nouveau.snbt,,,,ars_nouveau:glyph_rune,,명시적 task.title 없이 아이템 hover 사용,
task,3472B3099BD5EE5D,6AEDA2F9BEB57759,ars_nouveau.snbt,,,,ars_nouveau:glyph_snare,,명시적 task.title 없이 아이템 hover 사용,
task,6A60A533BDBCCAD9,6AEDA2F9BEB57759,ars_nouveau.snbt,,,,ars_nouveau:glyph_slowfall,,명시적 task.title 없이 아이템 hover 사용,
task,12CE4920DABD0F98,6AEDA2F9BEB57759,ars_nouveau.snbt,,,,ars_nouveau:glyph_freeze,,명시적 task.title 없이 아이템 hover 사용,
task,2CBB0C0E32E58128,6AEDA2F9BEB57759,ars_nouveau.snbt,,,,ars_nouveau:glyph_split,,명시적 task.title 없이 아이템 hover 사용,
task,05AD66530B699FA0,6AEDA2F9BEB57759,ars_nouveau.snbt,,,,ars_nouveau:glyph_crush,,명시적 task.title 없이 아이템 hover 사용,
task,21E1D29B5CD3372A,6AEDA2F9BEB57759,ars_nouveau.snbt,,,,ars_nouveau:glyph_smelt,,명시적 task.title 없이 아이템 hover 사용,
task,761F5F98E18E824D,6AEDA2F9BEB57759,ars_nouveau.snbt,,,,ars_nouveau:glyph_accelerate,,명시적 task.title 없이 아이템 hover 사용,
task,0AD6A125820795DE,6AEDA2F9BEB57759,ars_nouveau.snbt,,,,ars_nouveau:glyph_summon_vex,,명시적 task.title 없이 아이템 hover 사용,
task,59CE7EAEA0C25808,6AEDA2F9BEB57759,ars_nouveau.snbt,,,,ars_nouveau:glyph_lightning,,명시적 task.title 없이 아이템 hover 사용,
task,54E317444AF31DA0,6AEDA2F9BEB57759,ars_nouveau.snbt,,,,ars_nouveau:glyph_grow,,명시적 task.title 없이 아이템 hover 사용,
task,3512BC20229693CD,6AEDA2F9BEB57759,ars_nouveau.snbt,,,,ars_nouveau:glyph_dampen,,명시적 task.title 없이 아이템 hover 사용,
task,05BAF8FF07FD6A10,6AEDA2F9BEB57759,ars_nouveau.snbt,,,,ars_nouveau:glyph_invisibility,,명시적 task.title 없이 아이템 hover 사용,
task,6E473A397B0824E4,6AEDA2F9BEB57759,ars_nouveau.snbt,,,,ars_nouveau:glyph_extract,,명시적 task.title 없이 아이템 hover 사용,
task,312250C813E89B54,6AEDA2F9BEB57759,ars_nouveau.snbt,,,,ars_nouveau:glyph_delay,,명시적 task.title 없이 아이템 hover 사용,
task,3F20F6E300F8E095,6AEDA2F9BEB57759,ars_nouveau.snbt,,,,ars_nouveau:glyph_light,,명시적 task.title 없이 아이템 hover 사용,
task,353BF5D2B4D53BF5,6AEDA2F9BEB57759,ars_nouveau.snbt,,,,ars_nouveau:glyph_duration_down,,명시적 task.title 없이 아이템 hover 사용,
task,105A471BB30BD30F,6AEDA2F9BEB57759,ars_nouveau.snbt,,,,ars_nouveau:glyph_exchange,,명시적 task.title 없이 아이템 hover 사용,
task,52234A1EC13FC6A0,6AEDA2F9BEB57759,ars_nouveau.snbt,,,,ars_nouveau:glyph_place_block,,명시적 task.title 없이 아이템 hover 사용,
task,5C9BC3699A5762CA,6AEDA2F9BEB57759,ars_nouveau.snbt,,,,ars_nouveau:glyph_conjure_water,,명시적 task.title 없이 아이템 hover 사용,
task,651B06E6873F34CF,6AEDA2F9BEB57759,ars_nouveau.snbt,,,,ars_nouveau:glyph_cut,,명시적 task.title 없이 아이템 hover 사용,
task,545B39FB8B2627AD,6AEDA2F9BEB57759,ars_nouveau.snbt,,,,ars_nouveau:glyph_harm,,명시적 task.title 없이 아이템 hover 사용,
task,6B7078A98D08EC1F,6AEDA2F9BEB57759,ars_nouveau.snbt,,,,ars_nouveau:glyph_interact,,명시적 task.title 없이 아이템 hover 사용,
task,32C20AFC9A4A0E0E,6AEDA2F9BEB57759,ars_nouveau.snbt,,,,ars_nouveau:glyph_blink,,명시적 task.title 없이 아이템 hover 사용,
task,41EF535B718F674F,6AEDA2F9BEB57759,ars_nouveau.snbt,,,,ars_nouveau:glyph_amplify,,명시적 task.title 없이 아이템 hover 사용,
task,405BF1E9FE690938,6AEDA2F9BEB57759,ars_nouveau.snbt,,,,ars_nouveau:glyph_phantom_block,,명시적 task.title 없이 아이템 hover 사용,
task,7F2FC5D08E7B548B,6AEDA2F9BEB57759,ars_nouveau.snbt,,,,ars_nouveau:glyph_fell,,명시적 task.title 없이 아이템 hover 사용,
task,56F8DEF68AA8B41C,6AEDA2F9BEB57759,ars_nouveau.snbt,,,,ars_nouveau:glyph_extend_time,,명시적 task.title 없이 아이템 hover 사용,
task,53250785A630D303,6AEDA2F9BEB57759,ars_nouveau.snbt,,,,ars_nouveau:glyph_heal,,명시적 task.title 없이 아이템 hover 사용,
task,38003743B695C5C1,6AEDA2F9BEB57759,ars_nouveau.snbt,,,,ars_nouveau:glyph_leap,,명시적 task.title 없이 아이템 hover 사용,
task,23921DC99D9F19D8,6AEDA2F9BEB57759,ars_nouveau.snbt,,,,ars_nouveau:glyph_redstone_signal,,명시적 task.title 없이 아이템 hover 사용,
task,04E0C481BB6ABD87,6AEDA2F9BEB57759,ars_nouveau.snbt,,,,ars_nouveau:glyph_pierce,,명시적 task.title 없이 아이템 hover 사용,
task,10D3703D3C415FC3,6AEDA2F9BEB57759,ars_nouveau.snbt,,,,ars_nouveau:glyph_harvest,,명시적 task.title 없이 아이템 hover 사용,
task,55DA99DF01D9C37C,6AEDA2F9BEB57759,ars_nouveau.snbt,,,,ars_nouveau:glyph_fortune,,명시적 task.title 없이 아이템 hover 사용,
task,696076AA28E02C89,6AEDA2F9BEB57759,ars_nouveau.snbt,,,,ars_nouveau:glyph_break,,명시적 task.title 없이 아이템 hover 사용,
task,44C797F6DFAF95D9,6AEDA2F9BEB57759,ars_nouveau.snbt,,,,ars_nouveau:glyph_pickup,,명시적 task.title 없이 아이템 hover 사용,
task,486CF16F4F5C860E,6AEDA2F9BEB57759,ars_nouveau.snbt,,,,ars_nouveau:glyph_launch,,명시적 task.title 없이 아이템 hover 사용,
task,54AED59019A9FC16,6AEDA2F9BEB57759,ars_nouveau.snbt,,,,ars_nouveau:glyph_dispel,,명시적 task.title 없이 아이템 hover 사용,
task,3EBC8A668657B7E1,6AEDA2F9BEB57759,ars_nouveau.snbt,,,,ars_nouveau:glyph_ender_inventory,,명시적 task.title 없이 아이템 hover 사용,
task,41A6ED0A1538D0A8,6AEDA2F9BEB57759,ars_nouveau.snbt,,,,ars_nouveau:glyph_pull,,명시적 task.title 없이 아이템 hover 사용,
task,2626959A926C1054,6AEDA2F9BEB57759,ars_nouveau.snbt,,,,ars_nouveau:glyph_explosion,,명시적 task.title 없이 아이템 hover 사용,
task,624F70371F036C65,6AEDA2F9BEB57759,ars_nouveau.snbt,,,,ars_nouveau:glyph_fangs,,명시적 task.title 없이 아이템 hover 사용,
task,03829269308C4BC8,6AEDA2F9BEB57759,ars_nouveau.snbt,,,,ars_nouveau:glyph_aoe,,명시적 task.title 없이 아이템 hover 사용,
task,27987EFDAC19DE52,6AEDA2F9BEB57759,ars_nouveau.snbt,,,,ars_nouveau:glyph_gravity,,명시적 task.title 없이 아이템 hover 사용,
task,589EE0FDB1FB0FA9,6AEDA2F9BEB57759,ars_nouveau.snbt,,,,ars_nouveau:glyph_wither,,명시적 task.title 없이 아이템 hover 사용,
task,3270B8D5C37F7F34,6AEDA2F9BEB57759,ars_nouveau.snbt,,,,ars_nouveau:glyph_gust,,명시적 task.title 없이 아이템 hover 사용,
quest,63DD7F5A4441ACE7,6AEDA2F9BEB57759,ars_nouveau.snbt,,,2티어 문양,,,설명은 있으나 명시적 quest.title 없음,
quest,441C0659ED28D935,6AEDA2F9BEB57759,ars_nouveau.snbt,,,1티어 문양,,,설명은 있으나 명시적 quest.title 없음,
quest,6F3602F5600A6221,6AEDA2F9BEB57759,ars_nouveau.snbt,,,3티어 문양,,,설명은 있으나 명시적 quest.title 없음,
quest,542C6D76B579886C,6AEDA2F9BEB57759,ars_nouveau.snbt,,,마법꽃 섬유,ars_nouveau:magebloom_fiber,,설명은 있으나 명시적 quest.title 없음,
task,561CAB97C346BD65,6AEDA2F9BEB57759,ars_nouveau.snbt,,,마법꽃 섬유,ars_nouveau:magebloom_fiber,,명시적 task.title 없이 아이템 hover 사용,
task,2C36C64341C6B6F2,6AEDA2F9BEB57759,ars_nouveau.snbt,,,마법 부여 장치,ars_nouveau:enchanting_apparatus,,명시적 task.title 없이 아이템 hover 사용,
task,695EFDD9FC874F04,6AEDA2F9BEB57759,ars_nouveau.snbt,,,아케인 코어,ars_nouveau:arcane_core,,명시적 task.title 없이 아이템 hover 사용,
task,5B80C1EF5D85EA64,6AEDA2F9BEB57759,ars_nouveau.snbt,,,아케인 받침대,ars_nouveau:arcane_pedestal,,명시적 task.title 없이 아이템 hover 사용,
task,5A03F82C6B50D548,6AEDA2F9BEB57759,ars_nouveau.snbt,,,,ars_nouveau:glyph_summon_steed,,명시적 task.title 없이 아이템 hover 사용,
task,29E06B429B4AE176,6AEDA2F9BEB57759,ars_nouveau.snbt,,,,ars_nouveau:glyph_summon_wolves,,명시적 task.title 없이 아이템 hover 사용,
task,17413068980A17B1,6AEDA2F9BEB57759,ars_nouveau.snbt,,,,ars_nouveau:glyph_underfoot,,명시적 task.title 없이 아이템 hover 사용,
task,72D77A51A69EDA71,6AEDA2F9BEB57759,ars_nouveau.snbt,,,,ars_nouveau:glyph_summon_decoy,,명시적 task.title 없이 아이템 hover 사용,
task,2A80E3849EB6A71D,6AEDA2F9BEB57759,ars_nouveau.snbt,,,,ars_nouveau:glyph_hex,,명시적 task.title 없이 아이템 hover 사용,
task,3280A874803F3976,6AEDA2F9BEB57759,ars_nouveau.snbt,,,일출,ars_nouveau:ritual_sunrise,,명시적 task.title 없이 아이템 hover 사용,
task,342E847B567C499A,6AEDA2F9BEB57759,ars_nouveau.snbt,,,뒤틀림,ars_nouveau:ritual_warping,,명시적 task.title 없이 아이템 hover 사용,
task,4553742BFEB7AAF6,6AEDA2F9BEB57759,ars_nouveau.snbt,,,과성장,ars_nouveau:ritual_overgrowth,,명시적 task.title 없이 아이템 hover 사용,
task,3FCA99481934542B,6AEDA2F9BEB57759,ars_nouveau.snbt,,,월경,ars_nouveau:ritual_moonfall,,명시적 task.title 없이 아이템 hover 사용,
task,139DDE68B8C4A5C6,6AEDA2F9BEB57759,ars_nouveau.snbt,,,번영,ars_nouveau:ritual_fertility,,명시적 task.title 없이 아이템 hover 사용,
task,252DC59E9F363E10,6AEDA2F9BEB57759,ars_nouveau.snbt,,,굴착,ars_nouveau:ritual_burrowing,,명시적 task.title 없이 아이템 hover 사용,
task,11D8B50355018821,6AEDA2F9BEB57759,ars_nouveau.snbt,,,도전,ars_nouveau:ritual_challenge,,명시적 task.title 없이 아이템 hover 사용,
task,51A93C01E6E8F960,6AEDA2F9BEB57759,ars_nouveau.snbt,,,구름 성형,ars_nouveau:ritual_cloudshaping,,명시적 task.title 없이 아이템 hover 사용,
task,1FBAFEB74535EFAE,6AEDA2F9BEB57759,ars_nouveau.snbt,,,분해,ars_nouveau:ritual_disintegration,,명시적 task.title 없이 아이템 hover 사용,
task,6BEA84FA2F3A39AE,6AEDA2F9BEB57759,ars_nouveau.snbt,,,복구,ars_nouveau:ritual_restoration,,명시적 task.title 없이 아이템 hover 사용,
quest,3D4D88B8BE881351,6AEDA2F9BEB57759,ars_nouveau.snbt,,,필기 작업대,ars_nouveau:scribes_table,,설명은 있으나 명시적 quest.title 없음,
task,5ADEEEE0C217B20F,6AEDA2F9BEB57759,ars_nouveau.snbt,,,필기 작업대,ars_nouveau:scribes_table,,명시적 task.title 없이 아이템 hover 사용,
task,5646241FF2CF806B,6AEDA2F9BEB57759,ars_nouveau.snbt,,,윌스프링 부적,ars_nouveau:whirlisprig_charm,,명시적 task.title 없이 아이템 hover 사용,
task,6988873450238F30,6AEDA2F9BEB57759,ars_nouveau.snbt,,,견습생의 마도서,ars_nouveau:novice_spell_book,,명시적 task.title 없이 아이템 hover 사용,
quest,0D330FAD6C993DBC,6AEDA2F9BEB57759,ars_nouveau.snbt,,,마법사의 마도서,ars_nouveau:apprentice_spell_book,,설명은 있으나 명시적 quest.title 없음,
task,0BCFC6422BBF539C,6AEDA2F9BEB57759,ars_nouveau.snbt,,,마법사의 마도서,ars_nouveau:apprentice_spell_book,,명시적 task.title 없이 아이템 hover 사용,
quest,17D7D34F519F7E5F,6AEDA2F9BEB57759,ars_nouveau.snbt,,,대마법사의 마도서,ars_nouveau:archmage_spell_book,,설명은 있으나 명시적 quest.title 없음,
task,5E7DBDDD97BA8F13,6AEDA2F9BEB57759,ars_nouveau.snbt,,,대마법사의 마도서,ars_nouveau:archmage_spell_book,,명시적 task.title 없이 아이템 hover 사용,
quest,457DE8C154641437,6AEDA2F9BEB57759,ars_nouveau.snbt,,,의식용 화로,ars_nouveau:ritual_brazier,,설명은 있으나 명시적 quest.title 없음,
task,1E0B9FBF5319CEF6,6AEDA2F9BEB57759,ars_nouveau.snbt,,,의식용 화로,ars_nouveau:ritual_brazier,,명시적 task.title 없이 아이템 hover 사용,
quest,04D9F6587EF8D9B7,6AEDA2F9BEB57759,ars_nouveau.snbt,,,물약 단지,ars_nouveau:potion_jar,,설명은 있으나 명시적 quest.title 없음,
task,7F3D9B9E5E4FD3B8,6AEDA2F9BEB57759,ars_nouveau.snbt,,,물약 단지,ars_nouveau:potion_jar,,명시적 task.title 없이 아이템 hover 사용,
quest,5766C8B9E850C186,6AEDA2F9BEB57759,ars_nouveau.snbt,,,주입 챔버,ars_nouveau:imbuement_chamber,,설명은 있으나 명시적 quest.title 없음,
task,78B5B8F9CE9EC702,6AEDA2F9BEB57759,ars_nouveau.snbt,,,주입 챔버,ars_nouveau:imbuement_chamber,,명시적 task.title 없이 아이템 hover 사용,
quest,33682F4B44950123,6AEDA2F9BEB57759,ars_nouveau.snbt,,,아치나무 통나무,ftbfiltersystem:smart_filter,,설명은 있으나 명시적 quest.title 없음,
quest,227DBA8836021B0B,6AEDA2F9BEB57759,ars_nouveau.snbt,,,마나 단지,ars_nouveau:source_jar,,설명은 있으나 명시적 quest.title 없음,
task,55AA5FAABC23709E,6AEDA2F9BEB57759,ars_nouveau.snbt,,,마나 단지,ars_nouveau:source_jar,,명시적 task.title 없이 아이템 hover 사용,
task,3BFC384D0B963E6E,6AEDA2F9BEB57759,ars_nouveau.snbt,,,드리그미 부적,ars_nouveau:drygmy_charm,,명시적 task.title 없이 아이템 hover 사용,
task,751B3A47FE592B2F,6AEDA2F9BEB57759,ars_nouveau.snbt,,,자수정 골렘 부적,ars_nouveau:amethyst_golem_charm,,명시적 task.title 없이 아이템 hover 사용,
task,6CB12C3C6401287A,6AEDA2F9BEB57759,ars_nouveau.snbt,,,마법꽃 씨앗,ars_nouveau:magebloom_crop,,명시적 task.title 없이 아이템 hover 사용,
task,0DB8F107D55B420F,6AEDA2F9BEB57759,ars_nouveau.snbt,,,,ars_nouveau:glyph_orbit,,명시적 task.title 없이 아이템 hover 사용,
task,21C6D6FA46FCE9E9,6AEDA2F9BEB57759,ars_nouveau.snbt,,,,ars_nouveau:glyph_sensitive,,명시적 task.title 없이 아이템 hover 사용,
task,3282190E6DF860F4,6AEDA2F9BEB57759,ars_nouveau.snbt,,,,ars_nouveau:glyph_decelerate,,명시적 task.title 없이 아이템 hover 사용,
quest,19D02325579F2AA8,6AEDA2F9BEB57759,ars_nouveau.snbt,,,화산성 마나링크,ars_nouveau:volcanic_sourcelink,,설명은 있으나 명시적 quest.title 없음,
task,273385666F3DBB43,6AEDA2F9BEB57759,ars_nouveau.snbt,,,화산성 마나링크,ars_nouveau:volcanic_sourcelink,,명시적 task.title 없이 아이템 hover 사용,
quest,151648179684B088,6AEDA2F9BEB57759,ars_nouveau.snbt,,,룬 분필,ars_nouveau:runic_chalk,,설명은 있으나 명시적 quest.title 없음,
task,2E649D2172E6D537,6AEDA2F9BEB57759,ars_nouveau.snbt,,,룬 분필,ars_nouveau:runic_chalk,,명시적 task.title 없이 아이템 hover 사용,
task,5018B75946EB5FA4,6AEDA2F9BEB57759,ars_nouveau.snbt,,,각성,ars_nouveau:ritual_awakening,,명시적 task.title 없이 아이템 hover 사용,
task,6CF702640DFC9FBA,6AEDA2F9BEB57759,ars_nouveau.snbt,,,비행,ars_nouveau:ritual_flight,,명시적 task.title 없이 아이템 hover 사용,
task,5D3C989D159E191B,6AEDA2F9BEB57759,ars_nouveau.snbt,,,와일든 소환,ars_nouveau:ritual_wilden_summon,,명시적 task.title 없이 아이템 hover 사용,
task,0577B2F9A78434A0,6AEDA2F9BEB57759,ars_nouveau.snbt,,,점성,ars_nouveau:ritual_scrying,,명시적 task.title 없이 아이템 hover 사용,
task,7B9F88A9A5FAE5CB,6AEDA2F9BEB57759,ars_nouveau.snbt,,,결속,ars_nouveau:ritual_binding,,명시적 task.title 없이 아이템 hover 사용,
task,496294EBE15C66AD,6AEDA2F9BEB57759,ars_nouveau.snbt,,,,ars_nouveau:glyph_glide,,명시적 task.title 없이 아이템 hover 사용,
task,6EA660C81B613163,6AEDA2F9BEB57759,ars_nouveau.snbt,,,,ars_nouveau:glyph_wind_shear,,명시적 task.title 없이 아이템 hover 사용,
task,598ED65E5C450F82,6AEDA2F9BEB57759,ars_nouveau.snbt,,,,ars_nouveau:glyph_summon_undead,,명시적 task.title 없이 아이템 hover 사용,
task,46FA84B093CC1151,6AEDA2F9BEB57759,ars_nouveau.snbt,,,,ars_nouveau:glyph_linger,,명시적 task.title 없이 아이템 hover 사용,
task,5DA75E54FF1EFE89,6AEDA2F9BEB57759,ars_nouveau.snbt,,,,ars_nouveau:glyph_evaporate,,명시적 task.title 없이 아이템 hover 사용,
task,024EA8646EFADFF5,6AEDA2F9BEB57759,ars_nouveau.snbt,,,,ars_nouveau:glyph_bounce,,명시적 task.title 없이 아이템 hover 사용,
task,352317A2806A9855,6AEDA2F9BEB57759,ars_nouveau.snbt,,,,ars_nouveau:glyph_sense_magic,,명시적 task.title 없이 아이템 hover 사용,
task,34C8EB5C0EEE98DD,6AEDA2F9BEB57759,ars_nouveau.snbt,,,,ars_nouveau:glyph_name,,명시적 task.title 없이 아이템 hover 사용,
task,7DCF09E4EFEC5D64,6AEDA2F9BEB57759,ars_nouveau.snbt,,,,ars_nouveau:glyph_firework,,명시적 task.title 없이 아이템 hover 사용,
task,12EA0487A7DD255B,6AEDA2F9BEB57759,ars_nouveau.snbt,,,,ars_nouveau:glyph_toss,,명시적 task.title 없이 아이템 hover 사용,
quest,5CFBA24B3E0CDEDD,6AEDA2F9BEB57759,ars_nouveau.snbt,,,첫 번째 주문 생성하기,,,설명은 있으나 명시적 quest.title 없음,
task,1344731C799303A3,6AEDA2F9BEB57759,ars_nouveau.snbt,,,마나 보석,ars_nouveau:source_gem,,명시적 task.title 없이 아이템 hover 사용,
quest,3142A40E1EAEBAA3,6AEDA2F9BEB57759,ars_nouveau.snbt,,,수맥봉,ars_nouveau:dowsing_rod,,설명은 있으나 명시적 quest.title 없음,
task,07469C1ABB23F686,6AEDA2F9BEB57759,ars_nouveau.snbt,,,수맥봉,ars_nouveau:dowsing_rod,,명시적 task.title 없이 아이템 hover 사용,
task,33072A37F4A28A77,6AEDA2F9BEB57759,ars_nouveau.snbt,,,생명의 마나링크,ars_nouveau:vitalic_sourcelink,,명시적 task.title 없이 아이템 hover 사용,
quest,41A0BE357C8A74E1,6AEDA2F9BEB57759,ars_nouveau.snbt,,,연금술 마나링크,ars_nouveau:alchemical_sourcelink,,설명은 있으나 명시적 quest.title 없음,
task,2D08E66F6D607676,6AEDA2F9BEB57759,ars_nouveau.snbt,,,연금술 마나링크,ars_nouveau:alchemical_sourcelink,,명시적 task.title 없이 아이템 hover 사용,
quest,77145113CD5B26FB,6AEDA2F9BEB57759,ars_nouveau.snbt,,,균사체 마나링크,ars_nouveau:mycelial_sourcelink,,설명은 있으나 명시적 quest.title 없음,
task,3F5621FA53258210,6AEDA2F9BEB57759,ars_nouveau.snbt,,,균사체 마나링크,ars_nouveau:mycelial_sourcelink,,명시적 task.title 없이 아이템 hover 사용,
quest,2D0CF18C8B2ABB7D,6AEDA2F9BEB57759,ars_nouveau.snbt,,,농작물 마나링크,ars_nouveau:agronomic_sourcelink,,설명은 있으나 명시적 quest.title 없음,
task,7CEAACDBB77206CC,6AEDA2F9BEB57759,ars_nouveau.snbt,,,농작물 마나링크,ars_nouveau:agronomic_sourcelink,,명시적 task.title 없이 아이템 hover 사용,
task,03EB390E79866058,6AEDA2F9BEB57759,ars_nouveau.snbt,Sourcestones,,마나 돌,ars_nouveau:sourcestone,,명시적 task.title 없이 아이템 hover 사용,
quest,0E2AD156E5EF263A,6AEDA2F9BEB57759,ars_nouveau.snbt,,,주문 양피지,ars_nouveau:spell_parchment,,설명은 있으나 명시적 quest.title 없음,
task,5D09025968ED4E34,6AEDA2F9BEB57759,ars_nouveau.snbt,,,주문 양피지,ars_nouveau:spell_parchment,,명시적 task.title 없이 아이템 hover 사용,
task,259C1D84AD3996AF,6AEDA2F9BEB57759,ars_nouveau.snbt,,,도미니언 완드,ars_nouveau:dominion_wand,,명시적 task.title 없이 아이템 hover 사용,
quest,14DB8A515CA50932,6AEDA2F9BEB57759,ars_nouveau.snbt,,,마법 부여자의 검,ars_nouveau:enchanters_sword,,설명은 있으나 명시적 quest.title 없음,
task,307E429DCDA2A0BC,6AEDA2F9BEB57759,ars_nouveau.snbt,,,마법 부여자의 검,ars_nouveau:enchanters_sword,,명시적 task.title 없이 아이템 hover 사용,
quest,3182E8AF755104E4,6AEDA2F9BEB57759,ars_nouveau.snbt,,,마법사의 방패,ars_nouveau:enchanters_shield,,설명은 있으나 명시적 quest.title 없음,
task,571B04DAC6DAFDAE,6AEDA2F9BEB57759,ars_nouveau.snbt,,,마법사의 방패,ars_nouveau:enchanters_shield,,명시적 task.title 없이 아이템 hover 사용,
quest,632BC46928CC9A8C,6AEDA2F9BEB57759,ars_nouveau.snbt,,,마법 부여자의 거울,ars_nouveau:enchanters_mirror,,설명은 있으나 명시적 quest.title 없음,
task,4B4A171486A31360,6AEDA2F9BEB57759,ars_nouveau.snbt,,,마법 부여자의 거울,ars_nouveau:enchanters_mirror,,명시적 task.title 없이 아이템 hover 사용,
quest,51162B9185A45BB1,6AEDA2F9BEB57759,ars_nouveau.snbt,,,마법 부여자의 활,ars_nouveau:spell_bow,,설명은 있으나 명시적 quest.title 없음,
task,7F425E0F613F8B23,6AEDA2F9BEB57759,ars_nouveau.snbt,,,마법 부여자의 활,ars_nouveau:spell_bow,,명시적 task.title 없이 아이템 hover 사용,
task,78C9026D8627D7B7,6AEDA2F9BEB57759,ars_nouveau.snbt,,,빛의 단지,ars_nouveau:jar_of_light,,명시적 task.title 없이 아이템 hover 사용,
task,1ED244E1CC75D358,6AEDA2F9BEB57759,ars_nouveau.snbt,,,공허의 유리병,ars_nouveau:void_jar,,명시적 task.title 없이 아이템 hover 사용,
task,3F1F4C069415D13A,6AEDA2F9BEB57759,ars_nouveau.snbt,,,소량 할인의 반지,ars_nouveau:ring_of_lesser_discount,,명시적 task.title 없이 아이템 hover 사용,
task,0A4973ED77865904,6AEDA2F9BEB57759,ars_nouveau.snbt,,,대량 할인의 반지,ars_nouveau:ring_of_greater_discount,,명시적 task.title 없이 아이템 hover 사용,
quest,088FCB5267CB7A89,6AEDA2F9BEB57759,ars_nouveau.snbt,,,불안정한 선물의 허리띠,ars_nouveau:belt_of_unstable_gifts,,설명은 있으나 명시적 quest.title 없음,
task,28D8B81E947FCB97,6AEDA2F9BEB57759,ars_nouveau.snbt,,,불안정한 선물의 허리띠,ars_nouveau:belt_of_unstable_gifts,,명시적 task.title 없이 아이템 hover 사용,
quest,3FD702B5AB006402,6AEDA2F9BEB57759,ars_nouveau.snbt,,,공중 부양의 허리띠,ars_nouveau:belt_of_levitation,,설명은 있으나 명시적 quest.title 없음,
task,470AEF18D37A0535,6AEDA2F9BEB57759,ars_nouveau.snbt,,,공중 부양의 허리띠,ars_nouveau:belt_of_levitation,,명시적 task.title 없이 아이템 hover 사용,
task,737E14DCCDDAC4D9,6AEDA2F9BEB57759,ars_nouveau.snbt,,,마나 촉진의 부적,ars_nouveau:amulet_of_mana_boost,,명시적 task.title 없이 아이템 hover 사용,
task,06AFF105FACF7961,6AEDA2F9BEB57759,ars_nouveau.snbt,,,마나 재생의 부적,ars_nouveau:amulet_of_mana_regen,,명시적 task.title 없이 아이템 hover 사용,
quest,111649D7E16D869F,6AEDA2F9BEB57759,ars_nouveau.snbt,,,마법 부여자의 완드,ars_nouveau:wand,,설명은 있으나 명시적 quest.title 없음,
task,3CF6151060ADB889,6AEDA2F9BEB57759,ars_nouveau.snbt,,,마법 부여자의 완드,ars_nouveau:wand,,명시적 task.title 없이 아이템 hover 사용,
quest,36CDA39C23D3AA2B,6AEDA2F9BEB57759,ars_nouveau.snbt,,,AllRightsReserved,,,설명은 있으나 명시적 quest.title 없음,
task,0E6876A34D1975EB,6AEDA2F9BEB57759,ars_nouveau.snbt,AllRightsReserved,AllRightsReserved,,,,한국어 파일의 영어 task.title,
task,388545A0E3B4930D,6AEDA2F9BEB57759,ars_nouveau.snbt,AllRightsReserved,AllRightsReserved,,,,한국어 파일의 영어 task.title,
task,1ADC8526781E1773,7AF827D2D101D343,artifacts.snbt,,,스트라이더 신발,artifacts:strider_shoes,,명시적 task.title 없이 아이템 hover 사용,
task,7D3BB67D10EA5245,7AF827D2D101D343,artifacts.snbt,,,뿌리 장화,artifacts:rooted_boots,,명시적 task.title 없이 아이템 hover 사용,
task,302D0A2C7FE07D17,7AF827D2D101D343,artifacts.snbt,,,오리발,artifacts:flippers,,명시적 task.title 없이 아이템 hover 사용,
task,4323420D7FF4F583,7AF827D2D101D343,artifacts.snbt,,,가시달린 장화,artifacts:steadfast_spikes,,명시적 task.title 없이 아이템 hover 사용,
quest,74B352457BF1541B,7AF827D2D101D343,artifacts.snbt,,,눈 신발,artifacts:snowshoes,,설명은 있으나 명시적 quest.title 없음,
task,268319B4D86AF1FA,7AF827D2D101D343,artifacts.snbt,,,눈 신발,artifacts:snowshoes,,명시적 task.title 없이 아이템 hover 사용,
task,7DABA35BECFBE1E2,7AF827D2D101D343,artifacts.snbt,,,운동화,artifacts:running_shoes,,명시적 task.title 없이 아이템 hover 사용,
task,294D97F3514A382B,7AF827D2D101D343,artifacts.snbt,,,고양이 슬리퍼,artifacts:kitty_slippers,,명시적 task.title 없이 아이템 hover 사용,
task,42875442667F74F9,7AF827D2D101D343,artifacts.snbt,,,토끼 슬리퍼,artifacts:bunny_hoppers,,명시적 task.title 없이 아이템 hover 사용,
task,61C6CFA5DB18E2DC,7AF827D2D101D343,artifacts.snbt,,,오리발,artifacts:aqua_dashers,,명시적 task.title 없이 아이템 hover 사용,
task,48632D9698EB1A29,7AF827D2D101D343,artifacts.snbt,,,시든 팔찌,artifacts:withered_bracelet,,명시적 task.title 없이 아이템 hover 사용,
task,3324A34D10894F27,7AF827D2D101D343,artifacts.snbt,,,곡괭이 가열기,artifacts:pickaxe_heater,,명시적 task.title 없이 아이템 hover 사용,
task,749900AF5B497E65,7AF827D2D101D343,artifacts.snbt,,,양파링,artifacts:onion_ring,,명시적 task.title 없이 아이템 hover 사용,
task,2F5269ABA03B3701,7AF827D2D101D343,artifacts.snbt,,,황금 후크,artifacts:golden_hook,,명시적 task.title 없이 아이템 hover 사용,
task,308C57B7ACB795F0,7AF827D2D101D343,artifacts.snbt,,,뱀파이어 장갑,artifacts:vampiric_glove,,명시적 task.title 없이 아이템 hover 사용,
task,078D36F0A6A3F09C,7AF827D2D101D343,artifacts.snbt,,,휴대용 피스톤,artifacts:pocket_piston,,명시적 task.title 없이 아이템 hover 사용,
task,2C689F171E77768E,7AF827D2D101D343,artifacts.snbt,,,화염 건틀렛,artifacts:fire_gauntlet,,명시적 task.title 없이 아이템 hover 사용,
task,58EBE55746C50688,7AF827D2D101D343,artifacts.snbt,,,힘의 장갑,artifacts:power_glove,,명시적 task.title 없이 아이템 hover 사용,
task,01D07B21B85FB2B8,7AF827D2D101D343,artifacts.snbt,,,야생 발톱,artifacts:feral_claws,,명시적 task.title 없이 아이템 hover 사용,
task,29454B0A459EAA52,7AF827D2D101D343,artifacts.snbt,,,두더쥐 발톱,artifacts:digging_claws,,명시적 task.title 없이 아이템 hover 사용,
task,14A300B4DC9C8542,7AF827D2D101D343,artifacts.snbt,,,워프 드라이브,artifacts:warp_drive,,명시적 task.title 없이 아이템 hover 사용,
task,47974C878B90D0DC,7AF827D2D101D343,artifacts.snbt,,,후렴과 토템,artifacts:chorus_totem,,명시적 task.title 없이 아이템 hover 사용,
task,744D283E79F6357A,7AF827D2D101D343,artifacts.snbt,,,헬륨 플라밍고,artifacts:helium_flamingo,,명시적 task.title 없이 아이템 hover 사용,
task,54E784C8438E430A,7AF827D2D101D343,artifacts.snbt,,,크리스탈 하트,artifacts:crystal_heart,,명시적 task.title 없이 아이템 hover 사용,
task,6D34B89C0FD0BA2B,7AF827D2D101D343,artifacts.snbt,,,완화제,artifacts:antidote_vessel,,명시적 task.title 없이 아이템 hover 사용,
task,1762FBFEF8647F60,7AF827D2D101D343,artifacts.snbt,,,아이템 자석,artifacts:universal_attractor,,명시적 task.title 없이 아이템 hover 사용,
task,32245E61C3910041,7AF827D2D101D343,artifacts.snbt,,,흑요석 해골,artifacts:obsidian_skull,,명시적 task.title 없이 아이템 hover 사용,
task,3FF51BD0B49B2F93,7AF827D2D101D343,artifacts.snbt,,,병에 들어있는 구름,artifacts:cloud_in_a_bottle,,명시적 task.title 없이 아이템 hover 사용,
task,1F3F6A98B1A8D03E,7AF827D2D101D343,artifacts.snbt,,,축소의 부적,artifacts:charm_of_shrinking,,명시적 task.title 없이 아이템 hover 사용,
task,28FC7C19E2A3E1B9,7AF827D2D101D343,artifacts.snbt,,,침몰의 부적,artifacts:charm_of_sinking,,명시적 task.title 없이 아이템 hover 사용,
task,0562A0A5A57E8DD8,7AF827D2D101D343,artifacts.snbt,,,가시달린 펜던트,artifacts:thorn_pendant,,명시적 task.title 없이 아이템 hover 사용,
task,609310B07E907A4F,7AF827D2D101D343,artifacts.snbt,,,화염 펜던트,artifacts:flame_pendant,,명시적 task.title 없이 아이템 hover 사용,
task,62EB681EEB76FCDB,7AF827D2D101D343,artifacts.snbt,,,충격적인 펜던트,artifacts:shock_pendant,,명시적 task.title 없이 아이템 hover 사용,
task,7CC5ED6BF577834C,7AF827D2D101D343,artifacts.snbt,,,공황 목걸이,artifacts:panic_necklace,,명시적 task.title 없이 아이템 hover 사용,
task,5AA765DFA49DA1C9,7AF827D2D101D343,artifacts.snbt,,,십자 목걸이,artifacts:cross_necklace,,명시적 task.title 없이 아이템 hover 사용,
task,07DB486C6CAF2E13,7AF827D2D101D343,artifacts.snbt,,,행운의 목도리,artifacts:lucky_scarf,,명시적 task.title 없이 아이템 hover 사용,
task,3244560CD2EE978D,7AF827D2D101D343,artifacts.snbt,,,투명 스카프,artifacts:scarf_of_invisibility,,명시적 task.title 없이 아이템 hover 사용,
task,7E2317305BD5F842,7AF827D2D101D343,artifacts.snbt,,,낚시꾼 모자,artifacts:anglers_hat,,명시적 task.title 없이 아이템 hover 사용,
task,7EC988A7F600F860,7AF827D2D101D343,artifacts.snbt,,,카우보이 모자,artifacts:cowboy_hat,,명시적 task.title 없이 아이템 hover 사용,
task,1F1665E13DA82D42,7AF827D2D101D343,artifacts.snbt,,,요정의 모자,artifacts:superstitious_hat,,명시적 task.title 없이 아이템 hover 사용,
task,6B7D97464175DAD6,7AF827D2D101D343,artifacts.snbt,,,주민 농부의 모자,artifacts:villager_hat,,명시적 task.title 없이 아이템 hover 사용,
task,187EE75FF4C074B4,7AF827D2D101D343,artifacts.snbt,,,야간투시경,artifacts:night_vision_goggles,,명시적 task.title 없이 아이템 hover 사용,
task,4E77B753AADEF6A8,7AF827D2D101D343,artifacts.snbt,,,스노클,artifacts:snorkel,,명시적 task.title 없이 아이템 hover 사용,
task,485807A0B369A8F7,7AF827D2D101D343,artifacts.snbt,,,넘버-원 음료수 모자,artifacts:novelty_drinking_hat,,명시적 task.title 없이 아이템 hover 사용,
task,5D461DEF3DEDCA4A,7AF827D2D101D343,artifacts.snbt,,,양산형 플라스틱 모자,artifacts:plastic_drinking_hat,,명시적 task.title 없이 아이템 hover 사용,
task,1572258C18AF7CED,7AF827D2D101D343,artifacts.snbt,,,방구 쿠션,artifacts:whoopee_cushion,,명시적 task.title 없이 아이템 hover 사용,
task,312B1C048832A594,7AF827D2D101D343,artifacts.snbt,,,영원한 스테이크,artifacts:eternal_steak,,명시적 task.title 없이 아이템 hover 사용,
task,5DF60B934B5F3EBB,7AF827D2D101D343,artifacts.snbt,,,영원한 익히지 않은 소고기,artifacts:everlasting_beef,,명시적 task.title 없이 아이템 hover 사용,
task,17A1084B7A6C0540,7AF827D2D101D343,artifacts.snbt,,,우산,artifacts:umbrella,,명시적 task.title 없이 아이템 hover 사용,
quest,5FD6A738754F6013,7AF827D2D101D343,artifacts.snbt,,,AllRightsReserved,,,설명은 있으나 명시적 quest.title 없음,
task,376652638B9221C9,7AF827D2D101D343,artifacts.snbt,AllRightsReserved,AllRightsReserved,,,,한국어 파일의 영어 task.title,
task,72E89066290E3040,7AF827D2D101D343,artifacts.snbt,AllRightsReserved,AllRightsReserved,,,,한국어 파일의 영어 task.title,
task,13D240DA839AE0F9,4791C8461B1B4D5F,basic_armor.snbt,,,,minecraft:leather_helmet,,명시적 task.title 없이 아이템 hover 사용,
task,2A1D9DE362310D7E,4791C8461B1B4D5F,basic_armor.snbt,,,,minecraft:leather_chestplate,,명시적 task.title 없이 아이템 hover 사용,
task,537CABE8F876E65A,4791C8461B1B4D5F,basic_armor.snbt,,,,minecraft:leather_leggings,,명시적 task.title 없이 아이템 hover 사용,
task,102E085F5F52E04E,4791C8461B1B4D5F,basic_armor.snbt,,,,minecraft:leather_boots,,명시적 task.title 없이 아이템 hover 사용,
task,70B760551AA03D3A,4791C8461B1B4D5F,basic_armor.snbt,,,,minecraft:chainmail_helmet,,명시적 task.title 없이 아이템 hover 사용,
task,318E7C9C3687A8A4,4791C8461B1B4D5F,basic_armor.snbt,,,,minecraft:chainmail_chestplate,,명시적 task.title 없이 아이템 hover 사용,
task,68AE0BD86BB15078,4791C8461B1B4D5F,basic_armor.snbt,,,,minecraft:chainmail_leggings,,명시적 task.title 없이 아이템 hover 사용,
task,20BC17BCC5E270A6,4791C8461B1B4D5F,basic_armor.snbt,,,,minecraft:chainmail_boots,,명시적 task.title 없이 아이템 hover 사용,
task,16C93EF866796293,4791C8461B1B4D5F,basic_armor.snbt,,,,minecraft:golden_helmet,,명시적 task.title 없이 아이템 hover 사용,
task,28EABAF0B91E94AE,4791C8461B1B4D5F,basic_armor.snbt,,,,minecraft:golden_chestplate,,명시적 task.title 없이 아이템 hover 사용,
task,4A1F24FD39340472,4791C8461B1B4D5F,basic_armor.snbt,,,,minecraft:golden_leggings,,명시적 task.title 없이 아이템 hover 사용,
task,474E1537C5CA7FB7,4791C8461B1B4D5F,basic_armor.snbt,,,,minecraft:golden_boots,,명시적 task.title 없이 아이템 hover 사용,
quest,497D222F74A52DF5,4791C8461B1B4D5F,basic_armor.snbt,,,item,minecraft:iron_helmet,,설명은 있으나 명시적 quest.title 없음,
task,55D98C63A1A01713,4791C8461B1B4D5F,basic_armor.snbt,,,,minecraft:iron_helmet,,명시적 task.title 없이 아이템 hover 사용,
task,042B93D43308564F,4791C8461B1B4D5F,basic_armor.snbt,,,,minecraft:iron_chestplate,,명시적 task.title 없이 아이템 hover 사용,
task,2F56ECC8DBC90C01,4791C8461B1B4D5F,basic_armor.snbt,,,,minecraft:iron_leggings,,명시적 task.title 없이 아이템 hover 사용,
task,4C72CA4823807604,4791C8461B1B4D5F,basic_armor.snbt,,,,minecraft:iron_boots,,명시적 task.title 없이 아이템 hover 사용,
task,79CC596EB3BF6A64,4791C8461B1B4D5F,basic_armor.snbt,,,,minecraft:diamond_helmet,,명시적 task.title 없이 아이템 hover 사용,
task,49459B4370DD8D1A,4791C8461B1B4D5F,basic_armor.snbt,,,,minecraft:diamond_chestplate,,명시적 task.title 없이 아이템 hover 사용,
task,3F04107B4D2907E0,4791C8461B1B4D5F,basic_armor.snbt,,,,minecraft:diamond_leggings,,명시적 task.title 없이 아이템 hover 사용,
task,4F6FDB5872FD9E61,4791C8461B1B4D5F,basic_armor.snbt,,,,minecraft:diamond_boots,,명시적 task.title 없이 아이템 hover 사용,
task,1CEBDEF56E616268,4791C8461B1B4D5F,basic_armor.snbt,,,,minecraft:netherite_helmet,,명시적 task.title 없이 아이템 hover 사용,
task,598F10A1A92CF940,4791C8461B1B4D5F,basic_armor.snbt,,,,minecraft:netherite_chestplate,,명시적 task.title 없이 아이템 hover 사용,
task,7CF2C1BC8A233FF6,4791C8461B1B4D5F,basic_armor.snbt,,,,minecraft:netherite_leggings,,명시적 task.title 없이 아이템 hover 사용,
task,10C12B9DBDE7A276,4791C8461B1B4D5F,basic_armor.snbt,,,,minecraft:netherite_boots,,명시적 task.title 없이 아이템 hover 사용,
task,485A730DE8F14ED2,4791C8461B1B4D5F,basic_armor.snbt,,,Allthemodium Helmet,allthemodium:allthemodium_helmet,,명시적 task.title 없이 아이템 hover 사용,
task,40BA815C8EBDBF52,4791C8461B1B4D5F,basic_armor.snbt,,,Allthemodium Chestplate,allthemodium:allthemodium_chestplate,,명시적 task.title 없이 아이템 hover 사용,
task,6EE5CFC7DE5D4EEC,4791C8461B1B4D5F,basic_armor.snbt,,,Allthemodium Leggings,allthemodium:allthemodium_leggings,,명시적 task.title 없이 아이템 hover 사용,
task,5450DE14A7DD78C1,4791C8461B1B4D5F,basic_armor.snbt,,,Allthemodium Boots,allthemodium:allthemodium_boots,,명시적 task.title 없이 아이템 hover 사용,
task,442FE9663B8FF829,4791C8461B1B4D5F,basic_armor.snbt,,,Vibranium Helmet,allthemodium:vibranium_helmet,,명시적 task.title 없이 아이템 hover 사용,
task,05B698EA2EB3FAA8,4791C8461B1B4D5F,basic_armor.snbt,,,Vibranium Chestplate,allthemodium:vibranium_chestplate,,명시적 task.title 없이 아이템 hover 사용,
task,51CE27E9AD619ED5,4791C8461B1B4D5F,basic_armor.snbt,,,Vibranium Leggings,allthemodium:vibranium_leggings,,명시적 task.title 없이 아이템 hover 사용,
task,7FCA70B3AAF3F240,4791C8461B1B4D5F,basic_armor.snbt,,,Vibranium Boots,allthemodium:vibranium_boots,,명시적 task.title 없이 아이템 hover 사용,
task,7CD6C256DAF3E3A9,4791C8461B1B4D5F,basic_armor.snbt,,,Unobtainium Helmet,allthemodium:unobtainium_helmet,,명시적 task.title 없이 아이템 hover 사용,
task,4F679747224416F0,4791C8461B1B4D5F,basic_armor.snbt,,,Unobtainium Chestplate,allthemodium:unobtainium_chestplate,,명시적 task.title 없이 아이템 hover 사용,
task,487DE07443C3AA3A,4791C8461B1B4D5F,basic_armor.snbt,,,Unobtainium Leggings,allthemodium:unobtainium_leggings,,명시적 task.title 없이 아이템 hover 사용,
task,05B1D60F9768B6B8,4791C8461B1B4D5F,basic_armor.snbt,,,Unobtainium Boots,allthemodium:unobtainium_boots,,명시적 task.title 없이 아이템 hover 사용,
task,05662301FC3F5154,4791C8461B1B4D5F,basic_armor.snbt,,,Allthemodium Arcanist Hat,allthearcanistgear:allthemodium_hat,,명시적 task.title 없이 아이템 hover 사용,
task,42669094C4CAFC19,4791C8461B1B4D5F,basic_armor.snbt,,,Allthemodium Arcanist Robes,allthearcanistgear:allthemodium_robes,,명시적 task.title 없이 아이템 hover 사용,
task,3E96C759E87A2269,4791C8461B1B4D5F,basic_armor.snbt,,,Allthemodium Arcanist Leggings,allthearcanistgear:allthemodium_leggings,,명시적 task.title 없이 아이템 hover 사용,
task,7B7E7462C6C5EAE8,4791C8461B1B4D5F,basic_armor.snbt,,,Allthemodium Arcanist Boots,allthearcanistgear:allthemodium_boots,,명시적 task.title 없이 아이템 hover 사용,
task,4D08F450221DD06D,4791C8461B1B4D5F,basic_armor.snbt,,,올더모듐 마법사 모자,allthewizardgear:allthemodium_mage_helmet,,명시적 task.title 없이 아이템 hover 사용,
task,3F5264FBC0C2A15A,4791C8461B1B4D5F,basic_armor.snbt,,,올더모듐 마법사 로브,allthewizardgear:allthemodium_mage_chestplate,,명시적 task.title 없이 아이템 hover 사용,
task,2C04C6896A3E35D8,4791C8461B1B4D5F,basic_armor.snbt,,,올더모듐 마법사 레깅스,allthewizardgear:allthemodium_mage_leggings,,명시적 task.title 없이 아이템 hover 사용,
task,722BE826B52EB937,4791C8461B1B4D5F,basic_armor.snbt,,,올더모듐 마법사 부츠,allthewizardgear:allthemodium_mage_boots,,명시적 task.title 없이 아이템 hover 사용,
task,1DAC2089E3A2263A,4791C8461B1B4D5F,basic_armor.snbt,,,Vibranium Arcanist Hat,allthearcanistgear:vibranium_hat,,명시적 task.title 없이 아이템 hover 사용,
task,73AF1DB3BA015BBE,4791C8461B1B4D5F,basic_armor.snbt,,,Vibranium Arcanist Robes,allthearcanistgear:vibranium_robes,,명시적 task.title 없이 아이템 hover 사용,
task,6CF11902454FDEC4,4791C8461B1B4D5F,basic_armor.snbt,,,Vibranium Arcanist Leggings,allthearcanistgear:vibranium_leggings,,명시적 task.title 없이 아이템 hover 사용,
task,04A3AC29410EA9F0,4791C8461B1B4D5F,basic_armor.snbt,,,Vibranium Arcanist Boots,allthearcanistgear:vibranium_boots,,명시적 task.title 없이 아이템 hover 사용,
task,2BD7C64FF209C548,4791C8461B1B4D5F,basic_armor.snbt,,,비브라늄 마법사 모자,allthewizardgear:vibranium_mage_helmet,,명시적 task.title 없이 아이템 hover 사용,
task,59782B7048223902,4791C8461B1B4D5F,basic_armor.snbt,,,비브라늄 마법사 로브,allthewizardgear:vibranium_mage_chestplate,,명시적 task.title 없이 아이템 hover 사용,
task,05E6E8D502E5B76F,4791C8461B1B4D5F,basic_armor.snbt,,,비브라늄 마법사 레깅스,allthewizardgear:vibranium_mage_leggings,,명시적 task.title 없이 아이템 hover 사용,
task,40A84D5058069AEF,4791C8461B1B4D5F,basic_armor.snbt,,,비브라늄 마법사 부츠,allthewizardgear:vibranium_mage_boots,,명시적 task.title 없이 아이템 hover 사용,
task,2D6AA5F05788EB95,4791C8461B1B4D5F,basic_armor.snbt,,,Unobtainium Arcanist Hat,allthearcanistgear:unobtainium_hat,,명시적 task.title 없이 아이템 hover 사용,
task,79243FE18C8982F4,4791C8461B1B4D5F,basic_armor.snbt,,,Unobtainium Arcanist Robes,allthearcanistgear:unobtainium_robes,,명시적 task.title 없이 아이템 hover 사용,
task,16BCB25306D6D89F,4791C8461B1B4D5F,basic_armor.snbt,,,Unobtainium Arcanist Leggings,allthearcanistgear:unobtainium_leggings,,명시적 task.title 없이 아이템 hover 사용,
task,5C2F88EC268ECFA7,4791C8461B1B4D5F,basic_armor.snbt,,,Unobtainium Arcanist Boots,allthearcanistgear:unobtainium_boots,,명시적 task.title 없이 아이템 hover 사용,
task,45A8020E82609E2B,4791C8461B1B4D5F,basic_armor.snbt,,,언옵테늄 마법사 모자,allthewizardgear:unobtainium_mage_helmet,,명시적 task.title 없이 아이템 hover 사용,
task,663CEEE412B08F35,4791C8461B1B4D5F,basic_armor.snbt,,,언옵테늄 마법사 로브,allthewizardgear:unobtainium_mage_chestplate,,명시적 task.title 없이 아이템 hover 사용,
task,643488B9D59882CD,4791C8461B1B4D5F,basic_armor.snbt,,,언옵테늄 마법사 레깅스,allthewizardgear:unobtainium_mage_leggings,,명시적 task.title 없이 아이템 hover 사용,
task,336D60DB74905889,4791C8461B1B4D5F,basic_armor.snbt,,,언옵테늄 마법사 부츠,allthewizardgear:unobtainium_mage_boots,,명시적 task.title 없이 아이템 hover 사용,
task,5C3D57C3DC6389D6,4791C8461B1B4D5F,basic_armor.snbt,,,넵투늄 투구,aquaculture:neptunium_helmet,,명시적 task.title 없이 아이템 hover 사용,
task,36A182140F11F8DA,4791C8461B1B4D5F,basic_armor.snbt,,,넵투늄 흉갑,aquaculture:neptunium_chestplate,,명시적 task.title 없이 아이템 hover 사용,
task,447F6633FCB0F52F,4791C8461B1B4D5F,basic_armor.snbt,,,넵투늄 레깅스,aquaculture:neptunium_leggings,,명시적 task.title 없이 아이템 hover 사용,
task,37A54B1EAC7AC3EC,4791C8461B1B4D5F,basic_armor.snbt,,,넵투늄 부츠,aquaculture:neptunium_boots,,명시적 task.title 없이 아이템 hover 사용,
task,5B07EAC499E6606E,4791C8461B1B4D5F,basic_armor.snbt,,,Pyromancer's Hat,ars_elemental:fire_hat,,명시적 task.title 없이 아이템 hover 사용,
task,28F2672B30CA47AA,4791C8461B1B4D5F,basic_armor.snbt,,,Pyromancer's Robes,ars_elemental:fire_robes,,명시적 task.title 없이 아이템 hover 사용,
task,1C6CC766D7658E7B,4791C8461B1B4D5F,basic_armor.snbt,,,Pyromancer's Leggings,ars_elemental:fire_leggings,,명시적 task.title 없이 아이템 hover 사용,
task,1D4CCDF3F8A5184D,4791C8461B1B4D5F,basic_armor.snbt,,,Pyromancer's Boots,ars_elemental:fire_boots,,명시적 task.title 없이 아이템 hover 사용,
task,47DF094A91017999,4791C8461B1B4D5F,basic_armor.snbt,,,화염술사의 모자,irons_spellbooks:pyromancer_helmet,,명시적 task.title 없이 아이템 hover 사용,
task,062EF3FD2019D7B0,4791C8461B1B4D5F,basic_armor.snbt,,,화염술사의 로브,irons_spellbooks:pyromancer_chestplate,,명시적 task.title 없이 아이템 hover 사용,
task,30D52235BCC4F3F0,4791C8461B1B4D5F,basic_armor.snbt,,,화염술사의 바지,irons_spellbooks:pyromancer_leggings,,명시적 task.title 없이 아이템 hover 사용,
task,39800B70B41A6DB8,4791C8461B1B4D5F,basic_armor.snbt,,,화염술사의 신발,irons_spellbooks:pyromancer_boots,,명시적 task.title 없이 아이템 hover 사용,
task,131D25B9CE04FE07,4791C8461B1B4D5F,basic_armor.snbt,,,Aethermancer's Hat,ars_elemental:air_hat,,명시적 task.title 없이 아이템 hover 사용,
task,22DE8A478AAFB274,4791C8461B1B4D5F,basic_armor.snbt,,,Aethermancer's Robes,ars_elemental:air_robes,,명시적 task.title 없이 아이템 hover 사용,
task,6F9A5DC52DFC8243,4791C8461B1B4D5F,basic_armor.snbt,,,Aethermancer's Leggings,ars_elemental:air_leggings,,명시적 task.title 없이 아이템 hover 사용,
task,6CCAD1CD25C7243D,4791C8461B1B4D5F,basic_armor.snbt,,,Aethermancer's Boots,ars_elemental:air_boots,,명시적 task.title 없이 아이템 hover 사용,
task,5A32B9F15B542CDF,4791C8461B1B4D5F,basic_armor.snbt,,,Geomancer's Hat,ars_elemental:earth_hat,,명시적 task.title 없이 아이템 hover 사용,
task,56515B17D2A6E9C6,4791C8461B1B4D5F,basic_armor.snbt,,,Geomancer's Robes,ars_elemental:earth_robes,,명시적 task.title 없이 아이템 hover 사용,
task,33377EB9FB433A3A,4791C8461B1B4D5F,basic_armor.snbt,,,Geomancer's Leggings,ars_elemental:earth_leggings,,명시적 task.title 없이 아이템 hover 사용,
task,1D84D6E4184ABC9A,4791C8461B1B4D5F,basic_armor.snbt,,,Geomancer's Boots,ars_elemental:earth_boots,,명시적 task.title 없이 아이템 hover 사용,
task,2A96E7235569C522,4791C8461B1B4D5F,basic_armor.snbt,,,Aquamancer's Hat,ars_elemental:aqua_hat,,명시적 task.title 없이 아이템 hover 사용,
task,6AE188B1AC59CB0B,4791C8461B1B4D5F,basic_armor.snbt,,,Aquamancer's Robes,ars_elemental:aqua_robes,,명시적 task.title 없이 아이템 hover 사용,
task,319116B8D73FE420,4791C8461B1B4D5F,basic_armor.snbt,,,Aquamancer's Leggings,ars_elemental:aqua_leggings,,명시적 task.title 없이 아이템 hover 사용,
task,6DA7509D33B44F01,4791C8461B1B4D5F,basic_armor.snbt,,,Aquamancer's Boots,ars_elemental:aqua_boots,,명시적 task.title 없이 아이템 hover 사용,
task,0DC02CF560E9CAC9,4791C8461B1B4D5F,basic_armor.snbt,,,마법사의 옷깃,ars_nouveau:sorcerer_hood,,명시적 task.title 없이 아이템 hover 사용,
task,2A9783D63B17A26D,4791C8461B1B4D5F,basic_armor.snbt,,,마법사의 랩 드레스,ars_nouveau:sorcerer_robes,,명시적 task.title 없이 아이템 hover 사용,
task,0C0FF4C09FB5A063,4791C8461B1B4D5F,basic_armor.snbt,,,마법사의 레깅스,ars_nouveau:sorcerer_leggings,,명시적 task.title 없이 아이템 hover 사용,
task,432723521C2D00D7,4791C8461B1B4D5F,basic_armor.snbt,,,마법사의 발싸개,ars_nouveau:sorcerer_boots,,명시적 task.title 없이 아이템 hover 사용,
task,0D3FD3E0CAA1F9E3,4791C8461B1B4D5F,basic_armor.snbt,,,비전술사의 모자,ars_nouveau:arcanist_hood,,명시적 task.title 없이 아이템 hover 사용,
task,0B87556E53C8FF14,4791C8461B1B4D5F,basic_armor.snbt,,,비전술사의 로브,ars_nouveau:arcanist_robes,,명시적 task.title 없이 아이템 hover 사용,
task,076C751559F490C7,4791C8461B1B4D5F,basic_armor.snbt,,,비전술사의 바지,ars_nouveau:arcanist_leggings,,명시적 task.title 없이 아이템 hover 사용,
task,54849AAF0228C5BE,4791C8461B1B4D5F,basic_armor.snbt,,,비전술사의 신발,ars_nouveau:arcanist_boots,,명시적 task.title 없이 아이템 hover 사용,
task,2751FA805F188BE5,4791C8461B1B4D5F,basic_armor.snbt,,,배틀메이지의 후드,ars_nouveau:battlemage_hood,,명시적 task.title 없이 아이템 hover 사용,
task,27A38CE1BE7B26E3,4791C8461B1B4D5F,basic_armor.snbt,,,배틀메이지의 로브,ars_nouveau:battlemage_robes,,명시적 task.title 없이 아이템 hover 사용,
task,402A5596AE85BF68,4791C8461B1B4D5F,basic_armor.snbt,,,배틀메이지의 다리보호대,ars_nouveau:battlemage_leggings,,명시적 task.title 없이 아이템 hover 사용,
task,72661B7CD2C88A27,4791C8461B1B4D5F,basic_armor.snbt,,,배틀메이지의 부츠,ars_nouveau:battlemage_boots,,명시적 task.title 없이 아이템 hover 사용,
task,5253033DA8CE3231,4791C8461B1B4D5F,basic_armor.snbt,,,워든 투구,deeperdarker:warden_helmet,,명시적 task.title 없이 아이템 hover 사용,
task,19593491D5674D55,4791C8461B1B4D5F,basic_armor.snbt,,,워든 흉갑,deeperdarker:warden_chestplate,,명시적 task.title 없이 아이템 hover 사용,
task,3D34C6B3C8E5929B,4791C8461B1B4D5F,basic_armor.snbt,,,워든 레깅스,deeperdarker:warden_leggings,,명시적 task.title 없이 아이템 hover 사용,
task,27CA0D688A595E6C,4791C8461B1B4D5F,basic_armor.snbt,,,워든 부츠,deeperdarker:warden_boots,,명시적 task.title 없이 아이템 hover 사용,
task,7DF76CCA946FFB62,4791C8461B1B4D5F,basic_armor.snbt,,,Aethersent Hood,eternal_starlight:aethersent_hood,,명시적 task.title 없이 아이템 hover 사용,
task,03946DC5ADBBC657,4791C8461B1B4D5F,basic_armor.snbt,,,Aethersent Cape,eternal_starlight:aethersent_cape,,명시적 task.title 없이 아이템 hover 사용,
task,207706D3F119081D,4791C8461B1B4D5F,basic_armor.snbt,,,Aethersent Bottoms,eternal_starlight:aethersent_bottoms,,명시적 task.title 없이 아이템 hover 사용,
task,215D467B16C305A7,4791C8461B1B4D5F,basic_armor.snbt,,,Aethersent Boots,eternal_starlight:aethersent_boots,,명시적 task.title 없이 아이템 hover 사용,
task,494C61837E233B58,4791C8461B1B4D5F,basic_armor.snbt,,,Thermal Springstone Helmet,eternal_starlight:thermal_springstone_helmet,,명시적 task.title 없이 아이템 hover 사용,
task,2AD58BF2916FC968,4791C8461B1B4D5F,basic_armor.snbt,,,Thermal Springstone Chestplate,eternal_starlight:thermal_springstone_chestplate,,명시적 task.title 없이 아이템 hover 사용,
task,6D3E07BB6D334BED,4791C8461B1B4D5F,basic_armor.snbt,,,Thermal Springstone Leggings,eternal_starlight:thermal_springstone_leggings,,명시적 task.title 없이 아이템 hover 사용,
task,4FD071335DA99132,4791C8461B1B4D5F,basic_armor.snbt,,,Thermal Springstone Boots,eternal_starlight:thermal_springstone_boots,,명시적 task.title 없이 아이템 hover 사용,
task,479E31348A23690C,4791C8461B1B4D5F,basic_armor.snbt,,,Glacite Helmet,eternal_starlight:glacite_helmet,,명시적 task.title 없이 아이템 hover 사용,
task,2E5D2CBF1D3BFD88,4791C8461B1B4D5F,basic_armor.snbt,,,Glacite Chestplate,eternal_starlight:glacite_chestplate,,명시적 task.title 없이 아이템 hover 사용,
task,0467A83E14EF5D20,4791C8461B1B4D5F,basic_armor.snbt,,,Glacite Leggings,eternal_starlight:glacite_leggings,,명시적 task.title 없이 아이템 hover 사용,
task,52211CFC06C84C16,4791C8461B1B4D5F,basic_armor.snbt,,,Glacite Boots,eternal_starlight:glacite_boots,,명시적 task.title 없이 아이템 hover 사용,
task,7FE454AB1A3D8C04,4791C8461B1B4D5F,basic_armor.snbt,,,,eternal_starlight:swamp_silver_helmet,,명시적 task.title 없이 아이템 hover 사용,
task,336F743A90D79EA5,4791C8461B1B4D5F,basic_armor.snbt,,,,eternal_starlight:swamp_silver_chestplate,,명시적 task.title 없이 아이템 hover 사용,
task,4FD31875EE131079,4791C8461B1B4D5F,basic_armor.snbt,,,,eternal_starlight:swamp_silver_leggings,,명시적 task.title 없이 아이템 hover 사용,
task,0B2D12F2EEAE26B5,4791C8461B1B4D5F,basic_armor.snbt,,,,eternal_starlight:swamp_silver_boots,,명시적 task.title 없이 아이템 hover 사용,
task,2ACCBA73F15785AE,4791C8461B1B4D5F,basic_armor.snbt,,,,everythingcopper:copper_helmet,,명시적 task.title 없이 아이템 hover 사용,
task,140EC910C2EAD46F,4791C8461B1B4D5F,basic_armor.snbt,,,,everythingcopper:copper_chestplate,,명시적 task.title 없이 아이템 hover 사용,
task,6EB023B3AEF61518,4791C8461B1B4D5F,basic_armor.snbt,,,,everythingcopper:copper_leggings,,명시적 task.title 없이 아이템 hover 사용,
task,5EE73B206A8A3021,4791C8461B1B4D5F,basic_armor.snbt,,,,everythingcopper:copper_boots,,명시적 task.title 없이 아이템 hover 사용,
task,24D87A372567FCE5,4791C8461B1B4D5F,basic_armor.snbt,,,떠돌이 마법사의 모자,irons_spellbooks:wandering_magician_helmet,,명시적 task.title 없이 아이템 hover 사용,
task,1DC839ADD66136D4,4791C8461B1B4D5F,basic_armor.snbt,,,떠돌이 마법사의 로브,irons_spellbooks:wandering_magician_chestplate,,명시적 task.title 없이 아이템 hover 사용,
task,30D1AA84C7A507C5,4791C8461B1B4D5F,basic_armor.snbt,,,떠돌이 마법사의 바지,irons_spellbooks:wandering_magician_leggings,,명시적 task.title 없이 아이템 hover 사용,
task,1EE367799BA96BF9,4791C8461B1B4D5F,basic_armor.snbt,,,떠돌이 마법사의 신발,irons_spellbooks:wandering_magician_boots,,명시적 task.title 없이 아이템 hover 사용,
task,41EA09E06CA055F4,4791C8461B1B4D5F,basic_armor.snbt,,,허수아비 모자,irons_spellbooks:pumpkin_helmet,,명시적 task.title 없이 아이템 hover 사용,
task,192AB69CEB7585A4,4791C8461B1B4D5F,basic_armor.snbt,,,허수아비 코트,irons_spellbooks:pumpkin_chestplate,,명시적 task.title 없이 아이템 hover 사용,
task,624F1E893AE9E7E9,4791C8461B1B4D5F,basic_armor.snbt,,,허수아비 바지,irons_spellbooks:pumpkin_leggings,,명시적 task.title 없이 아이템 hover 사용,
task,592BAD316F3275BF,4791C8461B1B4D5F,basic_armor.snbt,,,허수아비 신발,irons_spellbooks:pumpkin_boots,,명시적 task.title 없이 아이템 hover 사용,
task,77750FD86270FD2F,4791C8461B1B4D5F,basic_armor.snbt,,,네더라이트 전투 마법사 모자,irons_spellbooks:netherite_mage_helmet,,명시적 task.title 없이 아이템 hover 사용,
task,5A62FAE7C177B00E,4791C8461B1B4D5F,basic_armor.snbt,,,네더라이트 전투 마법사 로브,irons_spellbooks:netherite_mage_chestplate,,명시적 task.title 없이 아이템 hover 사용,
task,1563E7EABDFF4AF3,4791C8461B1B4D5F,basic_armor.snbt,,,네더라이트 전투 마법사 바지,irons_spellbooks:netherite_mage_leggings,,명시적 task.title 없이 아이템 hover 사용,
task,60002EF1B3828A05,4791C8461B1B4D5F,basic_armor.snbt,,,네더라이트 전투 마법사 신발,irons_spellbooks:netherite_mage_boots,,명시적 task.title 없이 아이템 hover 사용,
task,19C6AB13CA7B79D6,4791C8461B1B4D5F,basic_armor.snbt,,,전기술사의 모자,irons_spellbooks:electromancer_helmet,,명시적 task.title 없이 아이템 hover 사용,
task,02141BE579678A73,4791C8461B1B4D5F,basic_armor.snbt,,,전기술사의 로브,irons_spellbooks:electromancer_chestplate,,명시적 task.title 없이 아이템 hover 사용,
task,5E24224627FD14BE,4791C8461B1B4D5F,basic_armor.snbt,,,전기술사의 바지,irons_spellbooks:electromancer_leggings,,명시적 task.title 없이 아이템 hover 사용,
task,41B2A38EB633090B,4791C8461B1B4D5F,basic_armor.snbt,,,전기술사의 신발,irons_spellbooks:electromancer_boots,,명시적 task.title 없이 아이템 hover 사용,
task,7440B07C1B9B8878,4791C8461B1B4D5F,basic_armor.snbt,,,고대 소환사의 모자,irons_spellbooks:archevoker_helmet,,명시적 task.title 없이 아이템 hover 사용,
task,194F0DF3CF09C5A8,4791C8461B1B4D5F,basic_armor.snbt,,,고대 소환사의 코트,irons_spellbooks:archevoker_chestplate,,명시적 task.title 없이 아이템 hover 사용,
task,6E776182DF373FB6,4791C8461B1B4D5F,basic_armor.snbt,,,고대 소환사의 바지,irons_spellbooks:archevoker_leggings,,명시적 task.title 없이 아이템 hover 사용,
task,72CF875930777373,4791C8461B1B4D5F,basic_armor.snbt,,,고대 소환사의 신발,irons_spellbooks:archevoker_boots,,명시적 task.title 없이 아이템 hover 사용,
task,02E57646DF78E34C,4791C8461B1B4D5F,basic_armor.snbt,,,이교도의 후드,irons_spellbooks:cultist_helmet,,명시적 task.title 없이 아이템 hover 사용,
task,043F4965A3A81288,4791C8461B1B4D5F,basic_armor.snbt,,,이교도의 갑옷,irons_spellbooks:cultist_chestplate,,명시적 task.title 없이 아이템 hover 사용,
task,28DFCADF477E951A,4791C8461B1B4D5F,basic_armor.snbt,,,이교도의 바지,irons_spellbooks:cultist_leggings,,명시적 task.title 없이 아이템 hover 사용,
task,04833184DFA37ECB,4791C8461B1B4D5F,basic_armor.snbt,,,이교도의 신발,irons_spellbooks:cultist_boots,,명시적 task.title 없이 아이템 hover 사용,
task,5BEB57C486C83646,4791C8461B1B4D5F,basic_armor.snbt,,,냉기술사의 후드,irons_spellbooks:cryomancer_helmet,,명시적 task.title 없이 아이템 hover 사용,
task,61A97A4CF2FF73D9,4791C8461B1B4D5F,basic_armor.snbt,,,냉기술사의 코트,irons_spellbooks:cryomancer_chestplate,,명시적 task.title 없이 아이템 hover 사용,
task,7597ECA447168044,4791C8461B1B4D5F,basic_armor.snbt,,,냉기술사의 바지,irons_spellbooks:cryomancer_leggings,,명시적 task.title 없이 아이템 hover 사용,
task,576C0C99938F5617,4791C8461B1B4D5F,basic_armor.snbt,,,냉기술사의 신발,irons_spellbooks:cryomancer_boots,,명시적 task.title 없이 아이템 hover 사용,
task,7B6BAE0AE29B6223,4791C8461B1B4D5F,basic_armor.snbt,,,그림자 행인의 가면,irons_spellbooks:shadowwalker_helmet,,명시적 task.title 없이 아이템 hover 사용,
task,586127E4A562D8E7,4791C8461B1B4D5F,basic_armor.snbt,,,그림자 행인의 갑옷,irons_spellbooks:shadowwalker_chestplate,,명시적 task.title 없이 아이템 hover 사용,
task,79251A3ECFB8CA10,4791C8461B1B4D5F,basic_armor.snbt,,,그림자 행인의 바지,irons_spellbooks:shadowwalker_leggings,,명시적 task.title 없이 아이템 hover 사용,
task,139D64351967F934,4791C8461B1B4D5F,basic_armor.snbt,,,그림자 행인의 신발,irons_spellbooks:shadowwalker_boots,,명시적 task.title 없이 아이템 hover 사용,
task,1DA0C43C492FD239,4791C8461B1B4D5F,basic_armor.snbt,,,사제의 가면,irons_spellbooks:priest_helmet,,명시적 task.title 없이 아이템 hover 사용,
task,525E12185BAAE9ED,4791C8461B1B4D5F,basic_armor.snbt,,,사제의 로브,irons_spellbooks:priest_chestplate,,명시적 task.title 없이 아이템 hover 사용,
task,5470DD5088DD6113,4791C8461B1B4D5F,basic_armor.snbt,,,사제의 바지,irons_spellbooks:priest_leggings,,명시적 task.title 없이 아이템 hover 사용,
task,419CDF2962616ECD,4791C8461B1B4D5F,basic_armor.snbt,,,사제의 신발,irons_spellbooks:priest_boots,,명시적 task.title 없이 아이템 hover 사용,
task,386728EAA038889C,4791C8461B1B4D5F,basic_armor.snbt,,,역병 가면,irons_spellbooks:plagued_helmet,,명시적 task.title 없이 아이템 hover 사용,
task,2F423CAB3674EBE5,4791C8461B1B4D5F,basic_armor.snbt,,,역병 코트,irons_spellbooks:plagued_chestplate,,명시적 task.title 없이 아이템 hover 사용,
task,5069388A910BC404,4791C8461B1B4D5F,basic_armor.snbt,,,역병 바지,irons_spellbooks:plagued_leggings,,명시적 task.title 없이 아이템 hover 사용,
task,5DDBF3D33B9E5050,4791C8461B1B4D5F,basic_armor.snbt,,,역병 신발,irons_spellbooks:plagued_boots,,명시적 task.title 없이 아이템 hover 사용,
task,429ABBB335060B56,4791C8461B1B4D5F,basic_armor.snbt,,,Ferricore Helmet,justdirethings:ferricore_helmet,,명시적 task.title 없이 아이템 hover 사용,
task,4E440D58176EF222,4791C8461B1B4D5F,basic_armor.snbt,,,Ferricore Chestplate,justdirethings:ferricore_chestplate,,명시적 task.title 없이 아이템 hover 사용,
task,7744445D4789FA18,4791C8461B1B4D5F,basic_armor.snbt,,,Ferricore Leggings,justdirethings:ferricore_leggings,,명시적 task.title 없이 아이템 hover 사용,
task,647165407914811B,4791C8461B1B4D5F,basic_armor.snbt,,,Ferricore Boots,justdirethings:ferricore_boots,,명시적 task.title 없이 아이템 hover 사용,
task,27BB1E6E9B5FCE51,4791C8461B1B4D5F,basic_armor.snbt,,,Blazegold Helmet,justdirethings:blazegold_helmet,,명시적 task.title 없이 아이템 hover 사용,
task,7A55423154C9934C,4791C8461B1B4D5F,basic_armor.snbt,,,Blazegold Chestplate,justdirethings:blazegold_chestplate,,명시적 task.title 없이 아이템 hover 사용,
task,22DC02662BE956B9,4791C8461B1B4D5F,basic_armor.snbt,,,Blazegold Leggings,justdirethings:blazegold_leggings,,명시적 task.title 없이 아이템 hover 사용,
task,33CF932F65042258,4791C8461B1B4D5F,basic_armor.snbt,,,Blazegold Boots,justdirethings:blazegold_boots,,명시적 task.title 없이 아이템 hover 사용,
task,436D86DBBB5AAABE,4791C8461B1B4D5F,basic_armor.snbt,,,청동 투구,mekanismtools:bronze_helmet,,명시적 task.title 없이 아이템 hover 사용,
task,6D9FECCEE43C2CB0,4791C8461B1B4D5F,basic_armor.snbt,,,청동 흉갑,mekanismtools:bronze_chestplate,,명시적 task.title 없이 아이템 hover 사용,
task,5C73824CCD316E64,4791C8461B1B4D5F,basic_armor.snbt,,,청동 각반,mekanismtools:bronze_leggings,,명시적 task.title 없이 아이템 hover 사용,
task,595619646691B1BE,4791C8461B1B4D5F,basic_armor.snbt,,,청동 부츠,mekanismtools:bronze_boots,,명시적 task.title 없이 아이템 hover 사용,
task,4B0B4C53DEB8A376,4791C8461B1B4D5F,basic_armor.snbt,,,청금석 투구,mekanismtools:lapis_lazuli_helmet,,명시적 task.title 없이 아이템 hover 사용,
task,2F9748321AFC6681,4791C8461B1B4D5F,basic_armor.snbt,,,청금석 흉갑,mekanismtools:lapis_lazuli_chestplate,,명시적 task.title 없이 아이템 hover 사용,
task,66BB9F4D1615A4B9,4791C8461B1B4D5F,basic_armor.snbt,,,청금석 각반,mekanismtools:lapis_lazuli_leggings,,명시적 task.title 없이 아이템 hover 사용,
task,501A405AAD40748E,4791C8461B1B4D5F,basic_armor.snbt,,,청금석 부츠,mekanismtools:lapis_lazuli_boots,,명시적 task.title 없이 아이템 hover 사용,
task,1839646B0B81353C,4791C8461B1B4D5F,basic_armor.snbt,,,오스뮴 투구,mekanismtools:osmium_helmet,,명시적 task.title 없이 아이템 hover 사용,
task,1AFBFF15FD296C70,4791C8461B1B4D5F,basic_armor.snbt,,,오스뮴 흉갑,mekanismtools:osmium_chestplate,,명시적 task.title 없이 아이템 hover 사용,
task,29C039C02578FEB2,4791C8461B1B4D5F,basic_armor.snbt,,,오스뮴 각반,mekanismtools:osmium_leggings,,명시적 task.title 없이 아이템 hover 사용,
task,62F1B71ACCB69230,4791C8461B1B4D5F,basic_armor.snbt,,,오스뮴 부츠,mekanismtools:osmium_boots,,명시적 task.title 없이 아이템 hover 사용,
task,65F5575F68CF4171,4791C8461B1B4D5F,basic_armor.snbt,,,발광석 투구,mekanismtools:refined_glowstone_helmet,,명시적 task.title 없이 아이템 hover 사용,
task,041FD3677DD4276E,4791C8461B1B4D5F,basic_armor.snbt,,,발광석 흉갑,mekanismtools:refined_glowstone_chestplate,,명시적 task.title 없이 아이템 hover 사용,
task,69E870991EFFE815,4791C8461B1B4D5F,basic_armor.snbt,,,발광석 각반,mekanismtools:refined_glowstone_leggings,,명시적 task.title 없이 아이템 hover 사용,
task,0219E38BCBC6C616,4791C8461B1B4D5F,basic_armor.snbt,,,발광석 부츠,mekanismtools:refined_glowstone_boots,,명시적 task.title 없이 아이템 hover 사용,
task,75711D82EFA04346,4791C8461B1B4D5F,basic_armor.snbt,,,흑요석 투구,mekanismtools:refined_obsidian_helmet,,명시적 task.title 없이 아이템 hover 사용,
task,4CA3255601BE7255,4791C8461B1B4D5F,basic_armor.snbt,,,흑요석 흉갑,mekanismtools:refined_obsidian_chestplate,,명시적 task.title 없이 아이템 hover 사용,
task,307DFA9A7C916D7B,4791C8461B1B4D5F,basic_armor.snbt,,,흑요석 각반,mekanismtools:refined_obsidian_leggings,,명시적 task.title 없이 아이템 hover 사용,
task,6C59F1DC9176C105,4791C8461B1B4D5F,basic_armor.snbt,,,흑요석 부츠,mekanismtools:refined_obsidian_boots,,명시적 task.title 없이 아이템 hover 사용,
task,2F8DB1CE194868CA,4791C8461B1B4D5F,basic_armor.snbt,,,강철 투구,mekanismtools:steel_helmet,,명시적 task.title 없이 아이템 hover 사용,
task,5B7E367FC534CFEB,4791C8461B1B4D5F,basic_armor.snbt,,,강철 흉갑,mekanismtools:steel_chestplate,,명시적 task.title 없이 아이템 hover 사용,
task,0A4AB0F3F8E5CA97,4791C8461B1B4D5F,basic_armor.snbt,,,강철 각반,mekanismtools:steel_leggings,,명시적 task.title 없이 아이템 hover 사용,
task,4B182CB9719780A1,4791C8461B1B4D5F,basic_armor.snbt,,,강철 부츠,mekanismtools:steel_boots,,명시적 task.title 없이 아이템 hover 사용,
task,2EE6EF6F3016B050,4791C8461B1B4D5F,basic_armor.snbt,,,퀀텀 투구,modern_industrialization:quantum_helmet,,명시적 task.title 없이 아이템 hover 사용,
task,6693F8A2AE3002CE,4791C8461B1B4D5F,basic_armor.snbt,,,퀀텀 흉갑,modern_industrialization:quantum_chestplate,,명시적 task.title 없이 아이템 hover 사용,
task,5AC9B88DE39494F1,4791C8461B1B4D5F,basic_armor.snbt,,,퀀텀 레깅스,modern_industrialization:quantum_leggings,,명시적 task.title 없이 아이템 hover 사용,
task,41E743C112F4A0E3,4791C8461B1B4D5F,basic_armor.snbt,,,퀀텀 장화,modern_industrialization:quantum_boots,,명시적 task.title 없이 아이템 hover 사용,
task,7A5BBA1D6A79CB59,4791C8461B1B4D5F,basic_armor.snbt,,,인퍼륨 투구,mysticalagriculture:inferium_helmet,,명시적 task.title 없이 아이템 hover 사용,
task,1E6EFB4C151206F8,4791C8461B1B4D5F,basic_armor.snbt,,,인퍼륨 흉갑,mysticalagriculture:inferium_chestplate,,명시적 task.title 없이 아이템 hover 사용,
task,55752364700F6852,4791C8461B1B4D5F,basic_armor.snbt,,,인퍼륨 각반,mysticalagriculture:inferium_leggings,,명시적 task.title 없이 아이템 hover 사용,
task,0B5E2A236E49931A,4791C8461B1B4D5F,basic_armor.snbt,,,인퍼륨 부츠,mysticalagriculture:inferium_boots,,명시적 task.title 없이 아이템 hover 사용,
task,0A2F167A592A03FF,4791C8461B1B4D5F,basic_armor.snbt,,,프루덴튬 투구,mysticalagriculture:prudentium_helmet,,명시적 task.title 없이 아이템 hover 사용,
task,455EEB95203AB2C1,4791C8461B1B4D5F,basic_armor.snbt,,,프루덴튬 흉갑,mysticalagriculture:prudentium_chestplate,,명시적 task.title 없이 아이템 hover 사용,
task,1816E845DFB00FB2,4791C8461B1B4D5F,basic_armor.snbt,,,프루덴튬 각반,mysticalagriculture:prudentium_leggings,,명시적 task.title 없이 아이템 hover 사용,
task,070788ED4A385CD1,4791C8461B1B4D5F,basic_armor.snbt,,,프루덴튬 부츠,mysticalagriculture:prudentium_boots,,명시적 task.title 없이 아이템 hover 사용,
task,3FAA14639818B283,4791C8461B1B4D5F,basic_armor.snbt,,,터튬 투구,mysticalagriculture:tertium_helmet,,명시적 task.title 없이 아이템 hover 사용,
task,3DA810FD85216C14,4791C8461B1B4D5F,basic_armor.snbt,,,터튬 흉갑,mysticalagriculture:tertium_chestplate,,명시적 task.title 없이 아이템 hover 사용,
task,52A86202A4632CE2,4791C8461B1B4D5F,basic_armor.snbt,,,터튬 각반,mysticalagriculture:tertium_leggings,,명시적 task.title 없이 아이템 hover 사용,
task,683E8599462F64EF,4791C8461B1B4D5F,basic_armor.snbt,,,터튬 부츠,mysticalagriculture:tertium_boots,,명시적 task.title 없이 아이템 hover 사용,
task,265F4E8E38DF5F51,4791C8461B1B4D5F,basic_armor.snbt,,,임퍼륨 투구,mysticalagriculture:imperium_helmet,,명시적 task.title 없이 아이템 hover 사용,
task,430E26841A51369D,4791C8461B1B4D5F,basic_armor.snbt,,,임퍼륨 흉갑,mysticalagriculture:imperium_chestplate,,명시적 task.title 없이 아이템 hover 사용,
task,0781B36B78C4D3AF,4791C8461B1B4D5F,basic_armor.snbt,,,임퍼륨 각반,mysticalagriculture:imperium_leggings,,명시적 task.title 없이 아이템 hover 사용,
task,251DF4A14A8ABE99,4791C8461B1B4D5F,basic_armor.snbt,,,임퍼륨 부츠,mysticalagriculture:imperium_boots,,명시적 task.title 없이 아이템 hover 사용,
task,3077436311A21FAC,4791C8461B1B4D5F,basic_armor.snbt,,,수프레뮴 투구,mysticalagriculture:supremium_helmet,,명시적 task.title 없이 아이템 hover 사용,
task,07C88671CD328819,4791C8461B1B4D5F,basic_armor.snbt,,,수프레뮴 흉갑,mysticalagriculture:supremium_chestplate,,명시적 task.title 없이 아이템 hover 사용,
task,3668A4099BA73F59,4791C8461B1B4D5F,basic_armor.snbt,,,수프레뮴 각반,mysticalagriculture:supremium_leggings,,명시적 task.title 없이 아이템 hover 사용,
task,17633E850CE9123B,4791C8461B1B4D5F,basic_armor.snbt,,,수프레뮴 부츠,mysticalagriculture:supremium_boots,,명시적 task.title 없이 아이템 hover 사용,
task,3278FDF6FE5CB147,4791C8461B1B4D5F,basic_armor.snbt,,,Awakened Supremium Helmet,mysticalagriculture:awakened_supremium_helmet,,명시적 task.title 없이 아이템 hover 사용,
task,0655305833BE4784,4791C8461B1B4D5F,basic_armor.snbt,,,Awakened Supremium Chestplate,mysticalagriculture:awakened_supremium_chestplate,,명시적 task.title 없이 아이템 hover 사용,
task,371874FEFCA1DEBF,4791C8461B1B4D5F,basic_armor.snbt,,,Awakened Supremium Leggings,mysticalagriculture:awakened_supremium_leggings,,명시적 task.title 없이 아이템 hover 사용,
task,5D625B465A9A369C,4791C8461B1B4D5F,basic_armor.snbt,,,Awakened Supremium Boots,mysticalagriculture:awakened_supremium_boots,,명시적 task.title 없이 아이템 hover 사용,
task,10B65DF825ACC0E7,4791C8461B1B4D5F,basic_armor.snbt,,,Compressed Iron Helmet,pneumaticcraft:compressed_iron_helmet,,명시적 task.title 없이 아이템 hover 사용,
task,576227D79B7D383D,4791C8461B1B4D5F,basic_armor.snbt,,,Compressed Iron Chestplate,pneumaticcraft:compressed_iron_chestplate,,명시적 task.title 없이 아이템 hover 사용,
task,1F8EDC8EC7DE17E0,4791C8461B1B4D5F,basic_armor.snbt,,,Compressed Iron Leggings,pneumaticcraft:compressed_iron_leggings,,명시적 task.title 없이 아이템 hover 사용,
task,4671FA2855861C13,4791C8461B1B4D5F,basic_armor.snbt,,,Compressed Iron Boots,pneumaticcraft:compressed_iron_boots,,명시적 task.title 없이 아이템 hover 사용,
task,4465B6869AE17E55,4791C8461B1B4D5F,basic_armor.snbt,,,Pneumatic Helmet,pneumaticcraft:pneumatic_helmet,,명시적 task.title 없이 아이템 hover 사용,
task,2B43CB444C83837B,4791C8461B1B4D5F,basic_armor.snbt,,,Pneumatic Chestplate,pneumaticcraft:pneumatic_chestplate,,명시적 task.title 없이 아이템 hover 사용,
task,04B22B466FEC9D56,4791C8461B1B4D5F,basic_armor.snbt,,,Pneumatic Leggings,pneumaticcraft:pneumatic_leggings,,명시적 task.title 없이 아이템 hover 사용,
task,69BF0D085629B116,4791C8461B1B4D5F,basic_armor.snbt,,,Pneumatic Boots,pneumaticcraft:pneumatic_boots,,명시적 task.title 없이 아이템 hover 사용,
task,5FB19785080A4904,4791C8461B1B4D5F,basic_armor.snbt,,,Sylvan Hood,rootsclassic:sylvan_hood,,명시적 task.title 없이 아이템 hover 사용,
task,2D2427E7A590734F,4791C8461B1B4D5F,basic_armor.snbt,,,Sylvan Robe,rootsclassic:sylvan_robe,,명시적 task.title 없이 아이템 hover 사용,
task,557BE9E399731173,4791C8461B1B4D5F,basic_armor.snbt,,,Sylvan Tunic,rootsclassic:sylvan_tunic,,명시적 task.title 없이 아이템 hover 사용,
task,022599B0FF8D1597,4791C8461B1B4D5F,basic_armor.snbt,,,Sylvan Boots,rootsclassic:sylvan_boots,,명시적 task.title 없이 아이템 hover 사용,
task,3698FCC4A3A87382,4791C8461B1B4D5F,basic_armor.snbt,,,Wildwood Mask,rootsclassic:wildwood_mask,,명시적 task.title 없이 아이템 hover 사용,
task,7170D3B3A46FAC4D,4791C8461B1B4D5F,basic_armor.snbt,,,Wildwood Plate,rootsclassic:wildwood_plate,,명시적 task.title 없이 아이템 hover 사용,
task,419052A580B4D089,4791C8461B1B4D5F,basic_armor.snbt,,,Wildwood Leggings,rootsclassic:wildwood_leggings,,명시적 task.title 없이 아이템 hover 사용,
task,5B34C5665F2858A6,4791C8461B1B4D5F,basic_armor.snbt,,,Wildwood Boots,rootsclassic:wildwood_boots,,명시적 task.title 없이 아이템 hover 사용,
task,637DE372710E834F,4791C8461B1B4D5F,basic_armor.snbt,,,부봉침 벌 투구,the_bumblezone:stingless_bee_helmet_1,,명시적 task.title 없이 아이템 hover 사용,
task,352F02C4B73AC059,4791C8461B1B4D5F,basic_armor.snbt,,,호박벌 흉갑,the_bumblezone:bumble_bee_chestplate_1,,명시적 task.title 없이 아이템 hover 사용,
task,167D64624D3692D4,4791C8461B1B4D5F,basic_armor.snbt,,,꿀벌 레깅스,the_bumblezone:honey_bee_leggings_1,,명시적 task.title 없이 아이템 hover 사용,
task,2884F2E2286B3036,4791C8461B1B4D5F,basic_armor.snbt,,,어리호박벌 부츠,the_bumblezone:carpenter_bee_boots_1,,명시적 task.title 없이 아이템 hover 사용,
task,654B7DF441CF97EF,4791C8461B1B4D5F,basic_armor.snbt,,,부봉침 벌 투구,the_bumblezone:stingless_bee_helmet_2,,명시적 task.title 없이 아이템 hover 사용,
task,33218F1E54E61FA6,4791C8461B1B4D5F,basic_armor.snbt,,,호박벌 흉갑,the_bumblezone:bumble_bee_chestplate_2,,명시적 task.title 없이 아이템 hover 사용,
task,73024C9AF01257EE,4791C8461B1B4D5F,basic_armor.snbt,,,꿀벌 레깅스,the_bumblezone:honey_bee_leggings_2,,명시적 task.title 없이 아이템 hover 사용,
task,739380A366C05388,4791C8461B1B4D5F,basic_armor.snbt,,,어리호박벌 부츠,the_bumblezone:carpenter_bee_boots_2,,명시적 task.title 없이 아이템 hover 사용,
task,65B6D89D73C42E81,4791C8461B1B4D5F,basic_armor.snbt,,,크로그룸 헬멧,undergarden:cloggrum_helmet,,명시적 task.title 없이 아이템 hover 사용,
task,49F0C22C1F43E84F,4791C8461B1B4D5F,basic_armor.snbt,,,크로그룸 갑옷,undergarden:cloggrum_chestplate,,명시적 task.title 없이 아이템 hover 사용,
task,656DF00F5087470A,4791C8461B1B4D5F,basic_armor.snbt,,,크로그룸 레깅스,undergarden:cloggrum_leggings,,명시적 task.title 없이 아이템 hover 사용,
task,4C157C52273F16F6,4791C8461B1B4D5F,basic_armor.snbt,,,크로그룸 부츠,undergarden:cloggrum_boots,,명시적 task.title 없이 아이템 hover 사용,
task,189633E7DD6664EE,4791C8461B1B4D5F,basic_armor.snbt,,,서리철 헬멧,undergarden:froststeel_helmet,,명시적 task.title 없이 아이템 hover 사용,
task,601F7D58993725F0,4791C8461B1B4D5F,basic_armor.snbt,,,서리철 갑옷,undergarden:froststeel_chestplate,,명시적 task.title 없이 아이템 hover 사용,
task,079DA6A522BD5B47,4791C8461B1B4D5F,basic_armor.snbt,,,서리철 레깅스,undergarden:froststeel_leggings,,명시적 task.title 없이 아이템 hover 사용,
task,3826121820166039,4791C8461B1B4D5F,basic_armor.snbt,,,서리철 부츠,undergarden:froststeel_boots,,명시적 task.title 없이 아이템 hover 사용,
task,21B19769C255A094,4791C8461B1B4D5F,basic_armor.snbt,,,우테리움 헬멧,undergarden:utherium_helmet,,명시적 task.title 없이 아이템 hover 사용,
task,7307464D421DBAD4,4791C8461B1B4D5F,basic_armor.snbt,,,우테리움 갑옷,undergarden:utherium_chestplate,,명시적 task.title 없이 아이템 hover 사용,
task,4D54B098B28CECAD,4791C8461B1B4D5F,basic_armor.snbt,,,우테리움 레깅스,undergarden:utherium_leggings,,명시적 task.title 없이 아이템 hover 사용,
task,5AB9F40994EBBD76,4791C8461B1B4D5F,basic_armor.snbt,,,우테리움 부츠,undergarden:utherium_boots,,명시적 task.title 없이 아이템 hover 사용,
task,1C029B0215BD806D,4791C8461B1B4D5F,basic_armor.snbt,,,,minecraft:sentry_armor_trim_smithing_template,,명시적 task.title 없이 아이템 hover 사용,
task,111C7D7EB9F0AB30,4791C8461B1B4D5F,basic_armor.snbt,,,,minecraft:vex_armor_trim_smithing_template,,명시적 task.title 없이 아이템 hover 사용,
task,64BDFC1B8E7C6BC2,4791C8461B1B4D5F,basic_armor.snbt,,,,minecraft:wild_armor_trim_smithing_template,,명시적 task.title 없이 아이템 hover 사용,
task,33B4B2E11DEF74E2,4791C8461B1B4D5F,basic_armor.snbt,,,,minecraft:coast_armor_trim_smithing_template,,명시적 task.title 없이 아이템 hover 사용,
task,3256974258346754,4791C8461B1B4D5F,basic_armor.snbt,,,,minecraft:dune_armor_trim_smithing_template,,명시적 task.title 없이 아이템 hover 사용,
task,7AF021834FEC9592,4791C8461B1B4D5F,basic_armor.snbt,,,,minecraft:wayfinder_armor_trim_smithing_template,,명시적 task.title 없이 아이템 hover 사용,
task,15F5244A4215F3EF,4791C8461B1B4D5F,basic_armor.snbt,,,,minecraft:raiser_armor_trim_smithing_template,,명시적 task.title 없이 아이템 hover 사용,
task,78EB3B59C1A91FEB,4791C8461B1B4D5F,basic_armor.snbt,,,,minecraft:shaper_armor_trim_smithing_template,,명시적 task.title 없이 아이템 hover 사용,
task,5DBBB93EDD80E741,4791C8461B1B4D5F,basic_armor.snbt,,,,minecraft:host_armor_trim_smithing_template,,명시적 task.title 없이 아이템 hover 사용,
task,724B902D63F0D471,4791C8461B1B4D5F,basic_armor.snbt,,,,minecraft:ward_armor_trim_smithing_template,,명시적 task.title 없이 아이템 hover 사용,
task,1BA0343D87EA3239,4791C8461B1B4D5F,basic_armor.snbt,,,,minecraft:silence_armor_trim_smithing_template,,명시적 task.title 없이 아이템 hover 사용,
task,431BF9E461342FFC,4791C8461B1B4D5F,basic_armor.snbt,,,,minecraft:tide_armor_trim_smithing_template,,명시적 task.title 없이 아이템 hover 사용,
task,166C7B8641947318,4791C8461B1B4D5F,basic_armor.snbt,,,,minecraft:snout_armor_trim_smithing_template,,명시적 task.title 없이 아이템 hover 사용,
task,145DA8E241411C05,4791C8461B1B4D5F,basic_armor.snbt,,,,minecraft:rib_armor_trim_smithing_template,,명시적 task.title 없이 아이템 hover 사용,
task,6515A5B7CE3527BD,4791C8461B1B4D5F,basic_armor.snbt,,,,minecraft:eye_armor_trim_smithing_template,,명시적 task.title 없이 아이템 hover 사용,
task,577EECFDCD8E0424,4791C8461B1B4D5F,basic_armor.snbt,,,,minecraft:spire_armor_trim_smithing_template,,명시적 task.title 없이 아이템 hover 사용,
task,02562B17AE7C182B,4791C8461B1B4D5F,basic_armor.snbt,,,,minecraft:flow_armor_trim_smithing_template,,명시적 task.title 없이 아이템 hover 사용,
task,4AC8693A533753FD,4791C8461B1B4D5F,basic_armor.snbt,,,,minecraft:bolt_armor_trim_smithing_template,,명시적 task.title 없이 아이템 hover 사용,
task,0A0D098A38CAB990,4791C8461B1B4D5F,basic_armor.snbt,,,Smithing Template,eternal_starlight:keeper_armor_trim_smithing_template,,명시적 task.title 없이 아이템 hover 사용,
task,5A6306A622D2BFF6,4791C8461B1B4D5F,basic_armor.snbt,,,Smithing Template,eternal_starlight:forge_armor_trim_smithing_template,,명시적 task.title 없이 아이템 hover 사용,
task,426BED88B406A44B,4791C8461B1B4D5F,basic_armor.snbt,,,,minecraft:redstone,,명시적 task.title 없이 아이템 hover 사용,
task,0197CC61699DBE7D,4791C8461B1B4D5F,basic_armor.snbt,,,,minecraft:lapis_lazuli,,명시적 task.title 없이 아이템 hover 사용,
task,7C3D8A97769BBBE3,4791C8461B1B4D5F,basic_armor.snbt,,,,minecraft:iron_ingot,,명시적 task.title 없이 아이템 hover 사용,
task,16BC496604F56E3B,4791C8461B1B4D5F,basic_armor.snbt,,,,minecraft:gold_ingot,,명시적 task.title 없이 아이템 hover 사용,
task,14ACE78261F4EE35,4791C8461B1B4D5F,basic_armor.snbt,,,,minecraft:copper_ingot,,명시적 task.title 없이 아이템 hover 사용,
task,4795ADB0596D26DA,4791C8461B1B4D5F,basic_armor.snbt,,,,minecraft:emerald,,명시적 task.title 없이 아이템 hover 사용,
task,290255C654A57980,4791C8461B1B4D5F,basic_armor.snbt,,,,minecraft:diamond,,명시적 task.title 없이 아이템 hover 사용,
task,39E3DA5BA041E2A4,4791C8461B1B4D5F,basic_armor.snbt,,,,minecraft:netherite_ingot,,명시적 task.title 없이 아이템 hover 사용,
quest,3FCEF8FF45E51608,4791C8461B1B4D5F,basic_armor.snbt,,,item,minecraft:quartz,,설명은 있으나 명시적 quest.title 없음,
task,05FD7D9C29619813,4791C8461B1B4D5F,basic_armor.snbt,,,,minecraft:quartz,,명시적 task.title 없이 아이템 hover 사용,
task,4C45690D5EBCAB90,4791C8461B1B4D5F,basic_armor.snbt,,,,minecraft:amethyst_shard,,명시적 task.title 없이 아이템 hover 사용,
task,1FC1155134A6CD18,4791C8461B1B4D5F,basic_armor.snbt,,,Red Starlight Crystal Shard,eternal_starlight:red_starlight_crystal_shard,,명시적 task.title 없이 아이템 hover 사용,
task,7604AD27B50D8665,4791C8461B1B4D5F,basic_armor.snbt,,,Blue Starlight Crystal Shard,eternal_starlight:blue_starlight_crystal_shard,,명시적 task.title 없이 아이템 hover 사용,
task,611F7B6AE18204B5,4791C8461B1B4D5F,basic_armor.snbt,,,Thioquartz Shard,eternal_starlight:thioquartz_shard,,명시적 task.title 없이 아이템 hover 사용,
task,0A585E6868ED8B8E,4791C8461B1B4D5F,basic_armor.snbt,,,Aethersent Ingot,eternal_starlight:aethersent_ingot,,명시적 task.title 없이 아이템 hover 사용,
task,53E8D3055F57BC80,4791C8461B1B4D5F,basic_armor.snbt,,,,eternal_starlight:swamp_silver_ingot,,명시적 task.title 없이 아이템 hover 사용,
task,32B8B7FDC67AEB9D,4791C8461B1B4D5F,basic_armor.snbt,,,Thermal Springstone Ingot,eternal_starlight:thermal_springstone_ingot,,명시적 task.title 없이 아이템 hover 사용,
task,0370427C9119331B,4791C8461B1B4D5F,basic_armor.snbt,,,Glacite Shard,eternal_starlight:glacite_shard,,명시적 task.title 없이 아이템 hover 사용,
task,5B674D7133C6F38D,4791C8461B1B4D5F,basic_armor.snbt,,,Amaramber Ingot,eternal_starlight:amaramber_ingot,,명시적 task.title 없이 아이템 hover 사용,
task,766133F757184296,4791C8461B1B4D5F,basic_armor.snbt,,,Golem Steel Ingot,eternal_starlight:golem_steel_ingot,,명시적 task.title 없이 아이템 hover 사용,
task,2252C19CFA6C4B9D,4791C8461B1B4D5F,basic_armor.snbt,,,Tenacious Petal,eternal_starlight:tenacious_petal,,명시적 task.title 없이 아이템 hover 사용,
task,4D675C59655C5C01,4791C8461B1B4D5F,basic_armor.snbt,,,Allthemodium Ingot,allthemodium:allthemodium_ingot,,명시적 task.title 없이 아이템 hover 사용,
task,4332D30704E8C7D4,4791C8461B1B4D5F,basic_armor.snbt,,,Vibranium Ingot,allthemodium:vibranium_ingot,,명시적 task.title 없이 아이템 hover 사용,
task,267C104C69119E89,4791C8461B1B4D5F,basic_armor.snbt,,,Unobtainium Ingot,allthemodium:unobtainium_ingot,,명시적 task.title 없이 아이템 hover 사용,
task,200F417B329F2586,4791C8461B1B4D5F,basic_armor.snbt,,,크로그룸 주괴,undergarden:cloggrum_ingot,,명시적 task.title 없이 아이템 hover 사용,
task,32CD4AA3FA13CBB4,4791C8461B1B4D5F,basic_armor.snbt,,,서리철 주괴,undergarden:froststeel_ingot,,명시적 task.title 없이 아이템 hover 사용,
task,48C6DAD18B86BEDF,4791C8461B1B4D5F,basic_armor.snbt,,,우테리움 수정,undergarden:utherium_crystal,,명시적 task.title 없이 아이템 hover 사용,
task,75AB9C1D5AA5C780,4791C8461B1B4D5F,basic_armor.snbt,,,레갈륨 수정,undergarden:regalium_crystal,,명시적 task.title 없이 아이템 hover 사용,
task,73A2C0F292A8F705,4791C8461B1B4D5F,basic_armor.snbt,,,잊혀진 주괴,undergarden:forgotten_ingot,,명시적 task.title 없이 아이템 hover 사용,
task,5E5BB51E9BFAECA7,4791C8461B1B4D5F,basic_armor.snbt,,,메카슈트 투구,mekanism:mekasuit_helmet,,명시적 task.title 없이 아이템 hover 사용,
task,65CB753515B752BB,4791C8461B1B4D5F,basic_armor.snbt,,,메카슈트 흉갑,mekanism:mekasuit_bodyarmor,,명시적 task.title 없이 아이템 hover 사용,
task,4900B2531D78CCE1,4791C8461B1B4D5F,basic_armor.snbt,,,메카슈트 각반,mekanism:mekasuit_pants,,명시적 task.title 없이 아이템 hover 사용,
task,0D8A0F6AAACD4490,4791C8461B1B4D5F,basic_armor.snbt,,,메카슈트 부츠,mekanism:mekasuit_boots,,명시적 task.title 없이 아이템 hover 사용,
task,230929CC1A1BAD32,4791C8461B1B4D5F,basic_armor.snbt,,,,minecraft:smithing_table,,명시적 task.title 없이 아이템 hover 사용,
quest,04B31A600004F7CB,4791C8461B1B4D5F,basic_armor.snbt,,,AllRightsReserved,,,설명은 있으나 명시적 quest.title 없음,
task,4BDF268861CA744F,4791C8461B1B4D5F,basic_armor.snbt,AllRightsReserved,AllRightsReserved,,,,한국어 파일의 영어 task.title,
task,57895147416291FE,4791C8461B1B4D5F,basic_armor.snbt,AllRightsReserved,AllRightsReserved,,,,한국어 파일의 영어 task.title,
task,431707BC9C3528DD,4791C8461B1B4D5F,basic_armor.snbt,,,아이언우드 투구,twilightforest:ironwood_helmet,,명시적 task.title 없이 아이템 hover 사용,
task,10BC689D545D1870,4791C8461B1B4D5F,basic_armor.snbt,,,아이언우드 흉갑,twilightforest:ironwood_chestplate,,명시적 task.title 없이 아이템 hover 사용,
task,4B7B84ACD17773A8,4791C8461B1B4D5F,basic_armor.snbt,,,아이언우드 레깅스,twilightforest:ironwood_leggings,,명시적 task.title 없이 아이템 hover 사용,
task,64C439E8FC1D3708,4791C8461B1B4D5F,basic_armor.snbt,,,아이언우드 부츠,twilightforest:ironwood_boots,,명시적 task.title 없이 아이템 hover 사용,
task,46EFEFF32FE4D730,4791C8461B1B4D5F,basic_armor.snbt,,,강철잎 투구,twilightforest:steeleaf_helmet,,명시적 task.title 없이 아이템 hover 사용,
task,581DC07847EC3A7C,4791C8461B1B4D5F,basic_armor.snbt,,,강철잎 흉갑,twilightforest:steeleaf_chestplate,,명시적 task.title 없이 아이템 hover 사용,
task,4D93B214C0C68B93,4791C8461B1B4D5F,basic_armor.snbt,,,강철잎 레깅스,twilightforest:steeleaf_leggings,,명시적 task.title 없이 아이템 hover 사용,
task,7FADF4F1520D26CC,4791C8461B1B4D5F,basic_armor.snbt,,,강철잎 부츠,twilightforest:steeleaf_boots,,명시적 task.title 없이 아이템 hover 사용,
task,6E0AC216105E53DA,4791C8461B1B4D5F,basic_armor.snbt,,,기사금속 투구,twilightforest:knightmetal_helmet,,명시적 task.title 없이 아이템 hover 사용,
task,61AB232FA7BBD09F,4791C8461B1B4D5F,basic_armor.snbt,,,기사금속 흉갑,twilightforest:knightmetal_chestplate,,명시적 task.title 없이 아이템 hover 사용,
task,33AC6DA0DD5FC353,4791C8461B1B4D5F,basic_armor.snbt,,,기사금속 레깅스,twilightforest:knightmetal_leggings,,명시적 task.title 없이 아이템 hover 사용,
task,2E3A4DCAECC2A880,4791C8461B1B4D5F,basic_armor.snbt,,,기사금속 부츠,twilightforest:knightmetal_boots,,명시적 task.title 없이 아이템 hover 사용,
task,6F9146859A9AFF8C,4791C8461B1B4D5F,basic_armor.snbt,,,파이어리 투구,twilightforest:fiery_helmet,,명시적 task.title 없이 아이템 hover 사용,
task,684F701B235D4A13,4791C8461B1B4D5F,basic_armor.snbt,,,파이어리 흉갑,twilightforest:fiery_chestplate,,명시적 task.title 없이 아이템 hover 사용,
task,38E7F992C422761A,4791C8461B1B4D5F,basic_armor.snbt,,,파이어리 레깅스,twilightforest:fiery_leggings,,명시적 task.title 없이 아이템 hover 사용,
task,6A4D7A78B26A0089,4791C8461B1B4D5F,basic_armor.snbt,,,파이어리 부츠,twilightforest:fiery_boots,,명시적 task.title 없이 아이템 hover 사용,
task,3BB5D2F9EA4E7874,4791C8461B1B4D5F,basic_armor.snbt,,,극지 투구,twilightforest:arctic_helmet,,명시적 task.title 없이 아이템 hover 사용,
task,1F5A503E6527E499,4791C8461B1B4D5F,basic_armor.snbt,,,극지 흉갑,twilightforest:arctic_chestplate,,명시적 task.title 없이 아이템 hover 사용,
task,20263C2E79446597,4791C8461B1B4D5F,basic_armor.snbt,,,극지 레깅스,twilightforest:arctic_leggings,,명시적 task.title 없이 아이템 hover 사용,
task,4CD08502735C9562,4791C8461B1B4D5F,basic_armor.snbt,,,극지 부츠,twilightforest:arctic_boots,,명시적 task.title 없이 아이템 hover 사용,
task,47B5191FB3FE8DCD,4791C8461B1B4D5F,basic_armor.snbt,,,예티 뿔 투구,twilightforest:yeti_helmet,,명시적 task.title 없이 아이템 hover 사용,
task,1D124E1EF54CC9B4,4791C8461B1B4D5F,basic_armor.snbt,,,예티 흉갑,twilightforest:yeti_chestplate,,명시적 task.title 없이 아이템 hover 사용,
task,1BA0C9EE6D4F05A1,4791C8461B1B4D5F,basic_armor.snbt,,,예티 레깅스,twilightforest:yeti_leggings,,명시적 task.title 없이 아이템 hover 사용,
task,26C64FF965BB659E,4791C8461B1B4D5F,basic_armor.snbt,,,예티 부츠,twilightforest:yeti_boots,,명시적 task.title 없이 아이템 hover 사용,
task,727964D51499ECB2,4791C8461B1B4D5F,basic_armor.snbt,,,퀀텀 투구,advanced_ae:quantum_helmet,퀀텀 투구,명시적 task.title 없이 아이템 hover 사용,퀀텀 투구
task,0900CB4ED4965457,4791C8461B1B4D5F,basic_armor.snbt,,,퀀텀 흉갑,advanced_ae:quantum_chestplate,퀀텀 흉갑,명시적 task.title 없이 아이템 hover 사용,퀀텀 흉갑
task,1189063326965BEE,4791C8461B1B4D5F,basic_armor.snbt,,,퀀텀 레깅스,advanced_ae:quantum_leggings,퀀텀 레깅스,명시적 task.title 없이 아이템 hover 사용,퀀텀 레깅스
task,22BC32353519A498,4791C8461B1B4D5F,basic_armor.snbt,,,퀀텀 부츠,advanced_ae:quantum_boots,퀀텀 부츠,명시적 task.title 없이 아이템 hover 사용,퀀텀 부츠
task,6133812BF2F62EF3,4791C8461B1B4D5F,basic_armor.snbt,,,아이언우드 주괴,twilightforest:ironwood_ingot,,명시적 task.title 없이 아이템 hover 사용,
task,06302CB7FBC72D06,4791C8461B1B4D5F,basic_armor.snbt,,,강철잎,twilightforest:steeleaf_ingot,,명시적 task.title 없이 아이템 hover 사용,
task,2B404A77CDDD71EE,4791C8461B1B4D5F,basic_armor.snbt,,,기사금속 주괴,twilightforest:knightmetal_ingot,,명시적 task.title 없이 아이템 hover 사용,
task,4794D3FEBA6435C5,4791C8461B1B4D5F,basic_armor.snbt,,,나가 비늘,twilightforest:naga_scale,,명시적 task.title 없이 아이템 hover 사용,
task,39B2A759F44C2BEB,4791C8461B1B4D5F,basic_armor.snbt,,,카미나이트,twilightforest:carminite,,명시적 task.title 없이 아이템 hover 사용,
task,7E77D2F303071514,4791C8461B1B4D5F,basic_armor.snbt,,,파이어리 주괴,twilightforest:fiery_ingot,,명시적 task.title 없이 아이템 hover 사용,
task,43D2013855BF5F17,3DEB33F78398EAD6,basic_logistics.snbt,,,파이프 렌치,pipez:wrench,,명시적 task.title 없이 아이템 hover 사용,
task,04CFDEC2D4C671F2,3DEB33F78398EAD6,basic_logistics.snbt,,,아이템 파이프,pipez:item_pipe,,명시적 task.title 없이 아이템 hover 사용,
task,2E1254C3F9F6079C,3DEB33F78398EAD6,basic_logistics.snbt,,,유체 파이프,pipez:fluid_pipe,,명시적 task.title 없이 아이템 hover 사용,
task,17BE12E1047A68A4,3DEB33F78398EAD6,basic_logistics.snbt,,,에너지 파이프,pipez:energy_pipe,,명시적 task.title 없이 아이템 hover 사용,
task,1E0BB9A36487B272,3DEB33F78398EAD6,basic_logistics.snbt,,,범용 파이프,pipez:universal_pipe,,명시적 task.title 없이 아이템 hover 사용,
task,7E1C1FB56CFCADF6,3DEB33F78398EAD6,basic_logistics.snbt,,,가스 파이프,pipez:gas_pipe,,명시적 task.title 없이 아이템 hover 사용,
quest,2A976D41F79C34B1,3DEB33F78398EAD6,basic_logistics.snbt,,,필터 목적지 도구,pipez:filter_destination_tool,,설명은 있으나 명시적 quest.title 없음,
task,5F9D69AF08F576AB,3DEB33F78398EAD6,basic_logistics.snbt,,,필터 목적지 도구,pipez:filter_destination_tool,,명시적 task.title 없이 아이템 hover 사용,
quest,6A962535CD68713E,3DEB33F78398EAD6,basic_logistics.snbt,,,파이프 업그레이드,ftbfiltersystem:smart_filter,,설명은 있으나 명시적 quest.title 없음,
task,418E333710652BFA,3DEB33F78398EAD6,basic_logistics.snbt,,,설정 장치,mekanism:configurator,,명시적 task.title 없이 아이템 hover 사용,
task,7CAEF421E14B6F2A,3DEB33F78398EAD6,basic_logistics.snbt,,,렌치,integrateddynamics:wrench,,명시적 task.title 없이 아이템 hover 사용,
quest,1834B5C1F8435D7A,3DEB33F78398EAD6,basic_logistics.snbt,,,기계식 파이프,ftbfiltersystem:smart_filter,,설명은 있으나 명시적 quest.title 없음,
quest,493D04D954E4FBA0,3DEB33F78398EAD6,basic_logistics.snbt,,,범용 전선,ftbfiltersystem:smart_filter,,설명은 있으나 명시적 quest.title 없음,
quest,30DE4F5BC3EDB555,3DEB33F78398EAD6,basic_logistics.snbt,,,논리 수송기,ftbfiltersystem:smart_filter,,설명은 있으나 명시적 quest.title 없음,
quest,316B513FE568EF57,3DEB33F78398EAD6,basic_logistics.snbt,,,열 전도체,ftbfiltersystem:smart_filter,,설명은 있으나 명시적 quest.title 없음,
quest,4BC2D7FCDD792DBA,3DEB33F78398EAD6,basic_logistics.snbt,,,가압 튜브,ftbfiltersystem:smart_filter,,설명은 있으나 명시적 quest.title 없음,
quest,6112956E19017D2D,3DEB33F78398EAD6,basic_logistics.snbt,,,논리 케이블,integrateddynamics:cable,,설명은 있으나 명시적 quest.title 없음,
task,5F7BDDC673BAA500,3DEB33F78398EAD6,basic_logistics.snbt,,,논리 케이블,integrateddynamics:cable,,명시적 task.title 없이 아이템 hover 사용,
quest,03C40D6A5D722543,3DEB33F78398EAD6,basic_logistics.snbt,,,변수 카드,integrateddynamics:variable,,설명은 있으나 명시적 quest.title 없음,
task,5789E685C4B54C1B,3DEB33F78398EAD6,basic_logistics.snbt,,,변수 카드,integrateddynamics:variable,,명시적 task.title 없이 아이템 hover 사용,
task,6479D685217CC64D,3DEB33F78398EAD6,basic_logistics.snbt,,,,integratedtunnels:part_importer_item,,명시적 task.title 없이 아이템 hover 사용,
task,7A8D6779B7C6B99D,3DEB33F78398EAD6,basic_logistics.snbt,,,,integratedtunnels:part_interface_item,,명시적 task.title 없이 아이템 hover 사용,
task,38AB1D04DBB036B9,3DEB33F78398EAD6,basic_logistics.snbt,,,,integratedtunnels:part_importer_fluid,,명시적 task.title 없이 아이템 hover 사용,
task,1E13BEB52F3D087C,3DEB33F78398EAD6,basic_logistics.snbt,,,,integratedtunnels:part_interface_fluid,,명시적 task.title 없이 아이템 hover 사용,
task,4618703B49BDB077,3DEB33F78398EAD6,basic_logistics.snbt,,,,integratedtunnels:part_importer_energy,,명시적 task.title 없이 아이템 hover 사용,
task,11F2F4CB9E93471A,3DEB33F78398EAD6,basic_logistics.snbt,,,,integratedtunnels:part_interface_energy,,명시적 task.title 없이 아이템 hover 사용,
task,652F3AA1A8877897,3DEB33F78398EAD6,basic_logistics.snbt,,,Logic Chip,laserio:logic_chip,,명시적 task.title 없이 아이템 hover 사용,
quest,7BC8F50A89A3BE1A,3DEB33F78398EAD6,basic_logistics.snbt,,,Laser Wrench,laserio:laser_wrench,,설명은 있으나 명시적 quest.title 없음,
task,0D82B98F49ECDE84,3DEB33F78398EAD6,basic_logistics.snbt,,,Laser Wrench,laserio:laser_wrench,,명시적 task.title 없이 아이템 hover 사용,
quest,5C0F6B1C93A52113,3DEB33F78398EAD6,basic_logistics.snbt,,,Laser Node,laserio:laser_node,,설명은 있으나 명시적 quest.title 없음,
task,132F43079A756548,3DEB33F78398EAD6,basic_logistics.snbt,,,Laser Node,laserio:laser_node,,명시적 task.title 없이 아이템 hover 사용,
quest,47A2BEFB11F4D581,3DEB33F78398EAD6,basic_logistics.snbt,,,Basic Filter,laserio:filter_basic,,설명은 있으나 명시적 quest.title 없음,
task,1D0BCF8F310F9F31,3DEB33F78398EAD6,basic_logistics.snbt,,,Basic Filter,laserio:filter_basic,,명시적 task.title 없이 아이템 hover 사용,
task,3E4FC405FD55ED51,3DEB33F78398EAD6,basic_logistics.snbt,,,Item Card,laserio:card_item,,명시적 task.title 없이 아이템 hover 사용,
task,65A892F50FB762AA,3DEB33F78398EAD6,basic_logistics.snbt,,,Fluid Card,laserio:card_fluid,,명시적 task.title 없이 아이템 hover 사용,
task,346CFB97F9BFCFC2,3DEB33F78398EAD6,basic_logistics.snbt,,,Energy Card,laserio:card_energy,,명시적 task.title 없이 아이템 hover 사용,
task,333634D36B6549F5,3DEB33F78398EAD6,basic_logistics.snbt,,,Redstone Card,laserio:card_redstone,,명시적 task.title 없이 아이템 hover 사용,
task,2AF56D68641E98D1,3DEB33F78398EAD6,basic_logistics.snbt,,,Chemical Card,laserio:card_chemical,,명시적 task.title 없이 아이템 hover 사용,
quest,617695A9CA45D88F,3DEB33F78398EAD6,basic_logistics.snbt,,,Card Holder,laserio:card_holder,,설명은 있으나 명시적 quest.title 없음,
task,035E7A7567049C78,3DEB33F78398EAD6,basic_logistics.snbt,,,Card Holder,laserio:card_holder,,명시적 task.title 없이 아이템 hover 사용,
quest,308935C85364B04D,3DEB33F78398EAD6,basic_logistics.snbt,,,Card Cloner,laserio:card_cloner,,설명은 있으나 명시적 quest.title 없음,
task,4637853BB5E04D77,3DEB33F78398EAD6,basic_logistics.snbt,,,Card Cloner,laserio:card_cloner,,명시적 task.title 없이 아이템 hover 사용,
quest,7EE27C3908008E20,3DEB33F78398EAD6,basic_logistics.snbt,,,Laser Connector,laserio:laser_connector,,설명은 있으나 명시적 quest.title 없음,
task,09AA5520AC0CCC24,3DEB33F78398EAD6,basic_logistics.snbt,,,Laser Connector,laserio:laser_connector,,명시적 task.title 없이 아이템 hover 사용,
quest,06767BA0AFE8C1EE,3DEB33F78398EAD6,basic_logistics.snbt,,,Counting Filter,laserio:filter_count,,설명은 있으나 명시적 quest.title 없음,
task,298C94E654593532,3DEB33F78398EAD6,basic_logistics.snbt,,,Counting Filter,laserio:filter_count,,명시적 task.title 없이 아이템 hover 사용,
quest,3065EA195D0A36BA,3DEB33F78398EAD6,basic_logistics.snbt,,,Tag Filter,laserio:filter_tag,,설명은 있으나 명시적 quest.title 없음,
task,0BF7D47F1BF18EA5,3DEB33F78398EAD6,basic_logistics.snbt,,,Tag Filter,laserio:filter_tag,,명시적 task.title 없이 아이템 hover 사용,
quest,2A6900E87DE8BAE0,3DEB33F78398EAD6,basic_logistics.snbt,,,Mod Filter,laserio:filter_mod,,설명은 있으나 명시적 quest.title 없음,
task,1D8C41C20C557A21,3DEB33F78398EAD6,basic_logistics.snbt,,,Mod Filter,laserio:filter_mod,,명시적 task.title 없이 아이템 hover 사용,
quest,046C417B2ADF3AA7,3DEB33F78398EAD6,basic_logistics.snbt,,,Card Overclocker,laserio:overclocker_card,,설명은 있으나 명시적 quest.title 없음,
task,5983560F1C762FAC,3DEB33F78398EAD6,basic_logistics.snbt,,,Card Overclocker,laserio:overclocker_card,,명시적 task.title 없이 아이템 hover 사용,
quest,0BB562FB44B0AAA7,3DEB33F78398EAD6,basic_logistics.snbt,,,Node Overclocker,laserio:overclocker_node,,설명은 있으나 명시적 quest.title 없음,
task,6EF656AC41CC4D7E,3DEB33F78398EAD6,basic_logistics.snbt,,,Node Overclocker,laserio:overclocker_node,,명시적 task.title 없이 아이템 hover 사용,
quest,230582AAFC0A1632,3DEB33F78398EAD6,basic_logistics.snbt,,,AllRightsReserved,,,설명은 있으나 명시적 quest.title 없음,
task,4CCB830CFDD43B5E,3DEB33F78398EAD6,basic_logistics.snbt,AllRightsReserved,AllRightsReserved,,,,한국어 파일의 영어 task.title,
task,5E4B74F97BDED243,3DEB33F78398EAD6,basic_logistics.snbt,AllRightsReserved,AllRightsReserved,,,,한국어 파일의 영어 task.title,
task,31B1E33F92D967D2,3DEB33F78398EAD6,basic_logistics.snbt,,,,ftbfiltersystem:smart_filter,,명시적 task.title 없이 아이템 hover 사용,
task,1F2490B2B9A2B5F9,5D045EF1AB73DF70,basic_power.snbt,,,,minecraft:redstone,,명시적 task.title 없이 아이템 hover 사용,
task,39CEB20C5018F460,5D045EF1AB73DF70,basic_power.snbt,,,우라늄 주괴,alltheores:uranium_ingot,,명시적 task.title 없이 아이템 hover 사용,
task,44999798D86177A3,5D045EF1AB73DF70,basic_power.snbt,,,지열 발전기,mekanismgenerators:heat_generator,,명시적 task.title 없이 아이템 hover 사용,
task,6D88F09899BB4808,5D045EF1AB73DF70,basic_power.snbt,,,,minecraft:coal,,명시적 task.title 없이 아이템 hover 사용,
task,467584E3BB06E9CD,5D045EF1AB73DF70,basic_power.snbt,,,에너지 파이프,pipez:energy_pipe,,명시적 task.title 없이 아이템 hover 사용,
task,5299A78587A00044,5D045EF1AB73DF70,basic_power.snbt,,,파이프 렌치,pipez:wrench,,명시적 task.title 없이 아이템 hover 사용,
task,128DC243A78982C3,5D045EF1AB73DF70,basic_power.snbt,,,,minecraft:iron_ingot,,명시적 task.title 없이 아이템 hover 사용,
task,3E843C44C9CD3ACC,5D045EF1AB73DF70,basic_power.snbt,,,양자 전송기,mekanism:quantum_entangloporter,,명시적 task.title 없이 아이템 hover 사용,
task,4D6630377238B530,5D045EF1AB73DF70,basic_power.snbt,,,,minecraft:iron_ingot,,명시적 task.title 없이 아이템 hover 사용,
task,460A67B09BD45CF4,5D045EF1AB73DF70,basic_power.snbt,,,에너지 배터리,integrateddynamics:energy_battery,,명시적 task.title 없이 아이템 hover 사용,
task,09C547CC92623525,5D045EF1AB73DF70,basic_power.snbt,,,,minecraft:diamond,,명시적 task.title 없이 아이템 hover 사용,
task,2ADE2B487637FA3F,5D045EF1AB73DF70,basic_power.snbt,,,기체 연소 발전기,mekanismgenerators:gas_burning_generator,,명시적 task.title 없이 아이템 hover 사용,
task,60907E798B65407F,5D045EF1AB73DF70,basic_power.snbt,,,Uraninite,powah:uraninite,,명시적 task.title 없이 아이템 hover 사용,
task,40B5F7ECA67EBF03,5D045EF1AB73DF70,basic_power.snbt,,,,minecraft:netherite_ingot,,명시적 task.title 없이 아이템 hover 사용,
task,0F0CBAF912DE462F,5D045EF1AB73DF70,basic_power.snbt,,,Flux Dust,fluxnetworks:flux_dust,,명시적 task.title 없이 아이템 hover 사용,
task,5E760075B279BA71,5D045EF1AB73DF70,basic_power.snbt,,,Flux Core,fluxnetworks:flux_core,,명시적 task.title 없이 아이템 hover 사용,
task,01B3CDAA69D1FA2F,5D045EF1AB73DF70,basic_power.snbt,,,Flux Block,fluxnetworks:flux_block,,명시적 task.title 없이 아이템 hover 사용,
task,00B1C30B3E10D332,5D045EF1AB73DF70,basic_power.snbt,,,Flux Plug,fluxnetworks:flux_plug,,명시적 task.title 없이 아이템 hover 사용,
quest,36DEA17CBB696CC7,5D045EF1AB73DF70,basic_power.snbt,,,첫 번째 네트워크,,,설명은 있으나 명시적 quest.title 없음,
task,026DE584C4DF393C,5D045EF1AB73DF70,basic_power.snbt,,,Flux Point,fluxnetworks:flux_point,,명시적 task.title 없이 아이템 hover 사용,
task,3C574DDC057353DF,5D045EF1AB73DF70,basic_power.snbt,,,Basic Flux Storage,fluxnetworks:basic_flux_storage,,명시적 task.title 없이 아이템 hover 사용,
quest,2EB7784D5296F410,5D045EF1AB73DF70,basic_power.snbt,,,플럭스 네트워크 UI,,,설명은 있으나 명시적 quest.title 없음,
task,013BD44E5E82802A,5D045EF1AB73DF70,basic_power.snbt,,,Flux Controller,fluxnetworks:flux_controller,,명시적 task.title 없이 아이템 hover 사용,
task,236EBC924A3AF02B,5D045EF1AB73DF70,basic_power.snbt,,,,productivebees:spawn_egg_configurable_bee,,명시적 task.title 없이 아이템 hover 사용,
task,18736EFD68DF29F2,5D045EF1AB73DF70,basic_power.snbt,,,균사 리액터,industrialforegoing:mycelial_reactor,,명시적 task.title 없이 아이템 hover 사용,
task,432BE31C377BF703,5D045EF1AB73DF70,basic_power.snbt,,,핵융합로 제어기,mekanismgenerators:fusion_reactor_controller,,명시적 task.title 없이 아이템 hover 사용,
task,18BA2B3E63A88A72,5D045EF1AB73DF70,basic_power.snbt,,,EM Rail Ejector Controller,dysoncubeproject:em_railejector_controller,,명시적 task.title 없이 아이템 hover 사용,
task,21557FD99031BE4C,5D045EF1AB73DF70,basic_power.snbt,,,Ray Receiver Controller,dysoncubeproject:ray_receiver_controller,,명시적 task.title 없이 아이템 hover 사용,
task,7EFDC209D199681D,5D045EF1AB73DF70,basic_power.snbt,,,Energy Core,draconicevolution:energy_core,,명시적 task.title 없이 아이템 hover 사용,
task,122A80350E32318A,5D045EF1AB73DF70,basic_power.snbt,,,Extractor,xycraft_machines:extractor,,명시적 task.title 없이 아이템 hover 사용,
task,0E8994B88ABB9271,5D045EF1AB73DF70,basic_power.snbt,,,충전된 레드스톤 결정 블록,appflux:charged_redstone_block,충전된 레드스톤 결정 블록,명시적 task.title 없이 아이템 hover 사용,충전된 레드스톤 결정 블록
task,02C822663913DFCF,4B9D26E0087CD163,basic_tools.snbt,,,,minecraft:cobblestone,,명시적 task.title 없이 아이템 hover 사용,
task,25F49B7B8EC6F48B,4B9D26E0087CD163,basic_tools.snbt,,,,minecraft:raw_iron,,명시적 task.title 없이 아이템 hover 사용,
task,206791A6A8DA0F16,4B9D26E0087CD163,basic_tools.snbt,,,,minecraft:diamond,,명시적 task.title 없이 아이템 hover 사용,
task,794CD7B21426F36D,4B9D26E0087CD163,basic_tools.snbt,,,,minecraft:ancient_debris,,명시적 task.title 없이 아이템 hover 사용,
task,73CDA6AAB0CF2A7F,4B9D26E0087CD163,basic_tools.snbt,,,Raw Allthemodium Ore,allthemodium:raw_allthemodium,,명시적 task.title 없이 아이템 hover 사용,
task,675D17B101846732,4B9D26E0087CD163,basic_tools.snbt,,,Raw Unobtainium Ore,allthemodium:raw_unobtainium,,명시적 task.title 없이 아이템 hover 사용,
task,2E885362FFDF770D,4B9D26E0087CD163,basic_tools.snbt,,,,minecraft:wooden_pickaxe,,명시적 task.title 없이 아이템 hover 사용,
task,4CDD283558108D8B,4B9D26E0087CD163,basic_tools.snbt,,,,minecraft:stone_pickaxe,,명시적 task.title 없이 아이템 hover 사용,
task,41A47F38D96A9747,4B9D26E0087CD163,basic_tools.snbt,,,,minecraft:iron_pickaxe,,명시적 task.title 없이 아이템 hover 사용,
task,3CAFF729F25A9850,4B9D26E0087CD163,basic_tools.snbt,,,,minecraft:diamond_pickaxe,,명시적 task.title 없이 아이템 hover 사용,
task,111144CBEF06EC7F,4B9D26E0087CD163,basic_tools.snbt,,,,minecraft:netherite_pickaxe,,명시적 task.title 없이 아이템 hover 사용,
task,40971F256D8743D9,4B9D26E0087CD163,basic_tools.snbt,,,흑요석 곡괭이,mekanismtools:refined_obsidian_pickaxe,,명시적 task.title 없이 아이템 hover 사용,
task,292C044797A58CC1,4B9D26E0087CD163,basic_tools.snbt,,,,minecraft:stick,,명시적 task.title 없이 아이템 hover 사용,
task,77C3BFB8C7F805CF,4B9D26E0087CD163,basic_tools.snbt,,,,minecraft:wooden_sword,,명시적 task.title 없이 아이템 hover 사용,
task,13AFEBED5C116FC8,4B9D26E0087CD163,basic_tools.snbt,,,,minecraft:stone_sword,,명시적 task.title 없이 아이템 hover 사용,
task,1C1B919636DDC925,4B9D26E0087CD163,basic_tools.snbt,,,,minecraft:iron_sword,,명시적 task.title 없이 아이템 hover 사용,
task,3B9E51CF30228269,4B9D26E0087CD163,basic_tools.snbt,,,,minecraft:diamond_sword,,명시적 task.title 없이 아이템 hover 사용,
task,5CDEF9E938811FC8,4B9D26E0087CD163,basic_tools.snbt,,,,minecraft:netherite_sword,,명시적 task.title 없이 아이템 hover 사용,
task,6D6CF45BE39E11BB,4B9D26E0087CD163,basic_tools.snbt,,,,minecraft:golden_pickaxe,,명시적 task.title 없이 아이템 hover 사용,
task,53CFFE444921CB11,4B9D26E0087CD163,basic_tools.snbt,,,플루익스 검,ae2:fluix_sword,플루익스 검,명시적 task.title 없이 아이템 hover 사용,플루익스 검
task,41D9CCC7AD3283EE,4B9D26E0087CD163,basic_tools.snbt,,,오스뮴 검,mekanismtools:osmium_sword,,명시적 task.title 없이 아이템 hover 사용,
task,49620BB635D10CF5,4B9D26E0087CD163,basic_tools.snbt,,,인퍼륨 검,mysticalagriculture:inferium_sword,,명시적 task.title 없이 아이템 hover 사용,
task,6ACBFDD957AE32EB,4B9D26E0087CD163,basic_tools.snbt,,,우테리움 검,undergarden:utherium_sword,,명시적 task.title 없이 아이템 hover 사용,
task,279E99110C6542B0,4B9D26E0087CD163,basic_tools.snbt,,,프루덴튬 검,mysticalagriculture:prudentium_sword,,명시적 task.title 없이 아이템 hover 사용,
task,1794270850D4F05D,4B9D26E0087CD163,basic_tools.snbt,,,터튬 검,mysticalagriculture:tertium_sword,,명시적 task.title 없이 아이템 hover 사용,
task,75022D8AF7DB6369,4B9D26E0087CD163,basic_tools.snbt,,,임퍼륨 검,mysticalagriculture:imperium_sword,,명시적 task.title 없이 아이템 hover 사용,
task,24AFDF10D3720363,4B9D26E0087CD163,basic_tools.snbt,,,수프레뮴 검,mysticalagriculture:supremium_sword,,명시적 task.title 없이 아이템 hover 사용,
task,212B3269B2271269,4B9D26E0087CD163,basic_tools.snbt,,,Awakened Supremium Sword,mysticalagriculture:awakened_supremium_sword,,명시적 task.title 없이 아이템 hover 사용,
task,2D92CDACEC0F64D7,4B9D26E0087CD163,basic_tools.snbt,,,Allthemodium Sword,allthemodium:allthemodium_sword,,명시적 task.title 없이 아이템 hover 사용,
task,3C46670735810727,4B9D26E0087CD163,basic_tools.snbt,,,Vibranium Sword,allthemodium:vibranium_sword,,명시적 task.title 없이 아이템 hover 사용,
task,2000C08E501E9216,4B9D26E0087CD163,basic_tools.snbt,,,넵투늄 검,aquaculture:neptunium_sword,,명시적 task.title 없이 아이템 hover 사용,
task,7CDC8CE58D8E91AC,4B9D26E0087CD163,basic_tools.snbt,,,Unobtainium Sword,allthemodium:unobtainium_sword,,명시적 task.title 없이 아이템 hover 사용,
task,477AAD8E6A0BB944,4B9D26E0087CD163,basic_tools.snbt,,,,minecraft:golden_sword,,명시적 task.title 없이 아이템 hover 사용,
task,68EF65729725E203,4B9D26E0087CD163,basic_tools.snbt,,,,everythingcopper:copper_sword,,명시적 task.title 없이 아이템 hover 사용,
quest,2A6753C806D2AF8D,4B9D26E0087CD163,basic_tools.snbt,,,퀀텀 검,modern_industrialization:quantum_sword,,설명은 있으나 명시적 quest.title 없음,
task,1AEEDACF509CA8E1,4B9D26E0087CD163,basic_tools.snbt,,,퀀텀 검,modern_industrialization:quantum_sword,,명시적 task.title 없이 아이템 hover 사용,
task,79517961795A4001,4B9D26E0087CD163,basic_tools.snbt,,,청금석 곡괭이,mekanismtools:lapis_lazuli_pickaxe,,명시적 task.title 없이 아이템 hover 사용,
task,0D29F8D0847A0E6D,4B9D26E0087CD163,basic_tools.snbt,,,Eclipse Alloy Pickaxe,justdirethings:eclipsealloy_pickaxe,,명시적 task.title 없이 아이템 hover 사용,
quest,2DB53A77C3CD90F1,4B9D26E0087CD163,basic_tools.snbt,,,마법이 걸린 모드 철 곡괭이,ftbfiltersystem:smart_filter,,설명은 있으나 명시적 quest.title 없음,
quest,5CD65553EF60029B,4B9D26E0087CD163,basic_tools.snbt,,,Skyseeker's Pickaxe,naturesaura:sky_pickaxe,,설명은 있으나 명시적 quest.title 없음,
task,52018603FAA8E26D,4B9D26E0087CD163,basic_tools.snbt,,,Skyseeker's Pickaxe,naturesaura:sky_pickaxe,,명시적 task.title 없이 아이템 hover 사용,
task,344776799E44852E,4B9D26E0087CD163,basic_tools.snbt,,,Vein Sword,evilcraft:vein_sword,,명시적 task.title 없이 아이템 hover 사용,
task,70B61179B0000BB7,4B9D26E0087CD163,basic_tools.snbt,,,Ferricore Sword,justdirethings:ferricore_sword,,명시적 task.title 없이 아이템 hover 사용,
task,120AE66E9798A391,4B9D26E0087CD163,basic_tools.snbt,,,Blazegold Sword,justdirethings:blazegold_sword,,명시적 task.title 없이 아이템 hover 사용,
task,7CF1476B089922A5,4B9D26E0087CD163,basic_tools.snbt,,,Celestigem Sword,justdirethings:celestigem_sword,,명시적 task.title 없이 아이템 hover 사용,
task,776B3ECA3F6EFB78,4B9D26E0087CD163,basic_tools.snbt,,,Eclipse Alloy Sword,justdirethings:eclipsealloy_sword,,명시적 task.title 없이 아이템 hover 사용,
task,74207FBCFF7C35FE,4B9D26E0087CD163,basic_tools.snbt,,,청금석 검,mekanismtools:lapis_lazuli_sword,,명시적 task.title 없이 아이템 hover 사용,
task,0091058F18AC4445,4B9D26E0087CD163,basic_tools.snbt,,,흑요석 검,mekanismtools:refined_obsidian_sword,,명시적 task.title 없이 아이템 hover 사용,
task,17CDE0A299431350,4B9D26E0087CD163,basic_tools.snbt,,,강철 검,mekanismtools:steel_sword,,명시적 task.title 없이 아이템 hover 사용,
task,2CEBDBDBD60D026F,4B9D26E0087CD163,basic_tools.snbt,,,Allthemodium Alloy Blade,allthemodium:alloy_sword,,명시적 task.title 없이 아이템 hover 사용,
task,398AB707BAAEF3CE,4B9D26E0087CD163,basic_tools.snbt,,,Glacite Sword,eternal_starlight:glacite_sword,,명시적 task.title 없이 아이템 hover 사용,
task,687C1BED1DF2D760,4B9D26E0087CD163,basic_tools.snbt,,,Moonring Greatsword,eternal_starlight:moonring_greatsword,,명시적 task.title 없이 아이템 hover 사용,
task,22E2B3AEFEE70C1F,4B9D26E0087CD163,basic_tools.snbt,,,워든 검,deeperdarker:warden_sword,,명시적 task.title 없이 아이템 hover 사용,
task,73292BEBAD3BF345,4B9D26E0087CD163,basic_tools.snbt,,,대장의 검,minecolonies:chiefsword,,명시적 task.title 없이 아이템 hover 사용,
quest,16AAC61729C44881,4B9D26E0087CD163,basic_tools.snbt,,,AllRightsReserved,,,설명은 있으나 명시적 quest.title 없음,
task,66ACCF967C939342,4B9D26E0087CD163,basic_tools.snbt,AllRightsReserved,AllRightsReserved,,,,한국어 파일의 영어 task.title,
task,51AA75A2DC748648,4B9D26E0087CD163,basic_tools.snbt,,,Soulstrider's Blade,naturesaura:depth_sword,,명시적 task.title 없이 아이템 hover 사용,
quest,7B1818D2C5C2BB18,4B9D26E0087CD163,basic_tools.snbt,,,Soulstrider's Pickaxe,naturesaura:depth_pickaxe,,설명은 있으나 명시적 quest.title 없음,
task,44F471C85DF505E9,4B9D26E0087CD163,basic_tools.snbt,,,Soulstrider's Pickaxe,naturesaura:depth_pickaxe,,명시적 task.title 없이 아이템 hover 사용,
task,7AF710A066D3A627,4B9D26E0087CD163,basic_tools.snbt,,,Rage of Stars,eternal_starlight:rage_of_stars,,명시적 task.title 없이 아이템 hover 사용,
task,427C079B92F20671,4B9D26E0087CD163,basic_tools.snbt,,,Engraved Blade,rootsclassic:engraved_blade,,명시적 task.title 없이 아이템 hover 사용,
task,0B78429F2D37A10B,4B9D26E0087CD163,basic_tools.snbt,,,소울륨 단검,mysticalagriculture:soulium_dagger,,명시적 task.title 없이 아이템 hover 사용,
task,7050DBCA9D2B7346,4B9D26E0087CD163,basic_tools.snbt,,,주문 파괴자,irons_spellbooks:spellbreaker,,명시적 task.title 없이 아이템 hover 사용,
quest,08B60D8A25008CCC,18A429E7F56AF5A9,bounty_board.snbt,,,AllRightsReserved,,,설명은 있으나 명시적 quest.title 없음,
task,00CBF98DE4E9CC90,18A429E7F56AF5A9,bounty_board.snbt,AllRightsReserved,AllRightsReserved,,,,한국어 파일의 영어 task.title,
task,65E53C9C5AE98B69,18A429E7F56AF5A9,bounty_board.snbt,AllRightsReserved,AllRightsReserved,,,,한국어 파일의 영어 task.title,
quest,61BE7882EE0E6FAF,7A5C327771634A7D,building_tips.snbt,,,통나무,ftbfiltersystem:smart_filter,,설명은 있으나 명시적 quest.title 없음,
task,6B88E31AEDD27E1F,7A5C327771634A7D,building_tips.snbt,,,,rechiseled:chisel,,명시적 task.title 없이 아이템 hover 사용,
task,0138936FB4DD8A88,7A5C327771634A7D,building_tips.snbt,Chipped Workbenches,,,ftbfiltersystem:smart_filter,,명시적 task.title 없이 아이템 hover 사용,
quest,2094D1CE4BA66091,7A5C327771634A7D,building_tips.snbt,,,빛의 근원,ftbfiltersystem:smart_filter,,설명은 있으나 명시적 quest.title 없음,
quest,0FE30548F25FEDB1,7A5C327771634A7D,building_tips.snbt,,,item,minecraft:glass,,설명은 있으나 명시적 quest.title 없음,
task,5FA5A4469CF8A9EF,7A5C327771634A7D,building_tips.snbt,,,,minecraft:glass,,명시적 task.title 없이 아이템 hover 사용,
task,6B1A8416D7F6EE4D,7A5C327771634A7D,building_tips.snbt,,,Chisel,chisel:chisel,,명시적 task.title 없이 아이템 hover 사용,
quest,48971CE964CF037F,7A5C327771634A7D,building_tips.snbt,,,융합로 유리,ftbfiltersystem:smart_filter,,설명은 있으나 명시적 quest.title 없음,
task,7D14A6A6ABBA9960,7A5C327771634A7D,building_tips.snbt,,,,minecraft:cobblestone,,명시적 task.title 없이 아이템 hover 사용,
quest,0596F6C70758EEC0,7A5C327771634A7D,building_tips.snbt,,,금속 및 마나 보석 블록,ftbfiltersystem:smart_filter,,설명은 있으나 명시적 quest.title 없음,
task,4AA065E761BB6A42,7A5C327771634A7D,building_tips.snbt,,,,minecraft:stick,,명시적 task.title 없이 아이템 hover 사용,
quest,51E77B9CD3FB6DEA,7A5C327771634A7D,building_tips.snbt,,,두더쥐 발톱,artifacts:digging_claws,,설명은 있으나 명시적 quest.title 없음,
task,6AA15FFFC5961428,7A5C327771634A7D,building_tips.snbt,,,두더쥐 발톱,artifacts:digging_claws,,명시적 task.title 없이 아이템 hover 사용,
quest,01516BC726013B7C,7A5C327771634A7D,building_tips.snbt,,,AllRightsReserved,,,설명은 있으나 명시적 quest.title 없음,
task,6AA335ED81844F9F,7A5C327771634A7D,building_tips.snbt,AllRightsReserved,AllRightsReserved,,,,한국어 파일의 영어 task.title,
task,3C16167530BEC231,7A5C327771634A7D,building_tips.snbt,AllRightsReserved,AllRightsReserved,,,,한국어 파일의 영어 task.title,
task,3DD7D71E600FF9DD,7A5C327771634A7D,building_tips.snbt,,,Architect's Cutter,domum_ornamentum:architectscutter,,명시적 task.title 없이 아이템 hover 사용,
task,46803BBAC2069773,7A5C327771634A7D,building_tips.snbt,Blocks,,,ftbfiltersystem:smart_filter,,명시적 task.title 없이 아이템 hover 사용,
task,66ADAB6C24E65D34,7A5C327771634A7D,building_tips.snbt,,,Simple Block Breaker,justdirethings:blockbreakert1,,명시적 task.title 없이 아이템 hover 사용,
task,01D63AEDEE43C288,7A5C327771634A7D,building_tips.snbt,,,Workbench,refurbished_furniture:workbench,,명시적 task.title 없이 아이템 hover 사용,
task,2828B5EAFCCB03E0,7A5C327771634A7D,building_tips.snbt,Bathroom Set,,,ftbfiltersystem:smart_filter,,명시적 task.title 없이 아이템 hover 사용,
task,767AF1D5EC4B4ECD,7A5C327771634A7D,building_tips.snbt,Bedroom Set,,,ftbfiltersystem:smart_filter,,명시적 task.title 없이 아이템 hover 사용,
task,02E980A373B13092,7A5C327771634A7D,building_tips.snbt,Kitchen Set,,,ftbfiltersystem:smart_filter,,명시적 task.title 없이 아이템 hover 사용,
task,293E660E52F15F10,7A5C327771634A7D,building_tips.snbt,Outdoor Set,,,ftbfiltersystem:smart_filter,,명시적 task.title 없이 아이템 hover 사용,
task,6A7ABDFC419B62A9,7A5C327771634A7D,building_tips.snbt,Electric Set,,,ftbfiltersystem:smart_filter,,명시적 task.title 없이 아이템 hover 사용,
task,4732C2BE50DB2A80,7A5C327771634A7D,building_tips.snbt,Dyenamics Dyes,,,ftbfiltersystem:smart_filter,,명시적 task.title 없이 아이템 hover 사용,
task,690A9C3BC2417BB9,7A5C327771634A7D,building_tips.snbt,Undergarden Metals,,,ftbfiltersystem:smart_filter,,명시적 task.title 없이 아이템 hover 사용,
task,7BB15C37F0636EBD,7A5C327771634A7D,building_tips.snbt,,,Personal Shrinking Device,compactmachines:personal_shrinking_device,,명시적 task.title 없이 아이템 hover 사용,
quest,266127E7947CB3D4,7A5C327771634A7D,building_tips.snbt,,,우리 친구들의 건축물,,,설명은 있으나 명시적 quest.title 없음,
task,0D1F556618F008B4,7A5C327771634A7D,building_tips.snbt,Eternal Starlight Metals,,,ftbfiltersystem:smart_filter,,명시적 task.title 없이 아이템 hover 사용,
task,7A119F7B40F2D64D,7A5C327771634A7D,building_tips.snbt,Eternal Starlight Logs,,,ftbfiltersystem:smart_filter,,명시적 task.title 없이 아이템 hover 사용,
task,022D9FAD58AEE2C8,7A5C327771634A7D,building_tips.snbt,Lumanix Blocks,,,ftbfiltersystem:smart_filter,,명시적 task.title 없이 아이템 hover 사용,
task,3BE936F7D054FDDA,7A5C327771634A7D,building_tips.snbt,Sticks!,,,ftbfiltersystem:smart_filter,,명시적 task.title 없이 아이템 hover 사용,
task,0ED255BCB75ECCF1,7A5C327771634A7D,building_tips.snbt,Crystalix Glass,,,ftbfiltersystem:smart_filter,,명시적 task.title 없이 아이템 hover 사용,
task,728D00827FC3DCC1,7A5C327771634A7D,building_tips.snbt,,,Camo Block,camol:camo_item,,명시적 task.title 없이 아이템 hover 사용,
task,42D3D4E96812274C,48410B67C276ED1F,bumblezone.snbt,,,,ftbfiltersystem:smart_filter,,명시적 task.title 없이 아이템 hover 사용,
task,1C26B5DF53544E1C,48410B67C276ED1F,bumblezone.snbt,,,벌집 밀랍,the_bumblezone:beehive_beeswax,,명시적 task.title 없이 아이템 hover 사용,
quest,7834734E79E41A3A,48410B67C276ED1F,bumblezone.snbt,,,공포증 경고,,,설명은 있으나 명시적 quest.title 없음,
quest,1A67F4F87B3D456C,48410B67C276ED1F,bumblezone.snbt,,,벌 대포,the_bumblezone:bee_cannon,,설명은 있으나 명시적 quest.title 없음,
task,13090912E63F5803,48410B67C276ED1F,bumblezone.snbt,,,벌 대포,the_bumblezone:bee_cannon,,명시적 task.title 없이 아이템 hover 사용,
quest,2149833F65D523E5,48410B67C276ED1F,bumblezone.snbt,,,꿀 수정 대포,the_bumblezone:crystal_cannon,,설명은 있으나 명시적 quest.title 없음,
task,40F605E96D10E24B,48410B67C276ED1F,bumblezone.snbt,,,꿀 수정 대포,the_bumblezone:crystal_cannon,,명시적 task.title 없이 아이템 hover 사용,
quest,5219D2F2B13F57F3,48410B67C276ED1F,bumblezone.snbt,,,Buzzing Briefcase,the_bumblezone:buzzing_briefcase,,설명은 있으나 명시적 quest.title 없음,
task,0E7076463EC81FDE,48410B67C276ED1F,bumblezone.snbt,,,Buzzing Briefcase,the_bumblezone:buzzing_briefcase,,명시적 task.title 없이 아이템 hover 사용,
quest,027EF5C8A74B1596,48410B67C276ED1F,bumblezone.snbt,,,벌침 창,the_bumblezone:stinger_spear,,설명은 있으나 명시적 quest.title 없음,
task,2D804A6315871994,48410B67C276ED1F,bumblezone.snbt,,,벌침 창,the_bumblezone:stinger_spear,,명시적 task.title 없이 아이템 hover 사용,
quest,253957D992A88C88,48410B67C276ED1F,bumblezone.snbt,,,꿀 수정 방패,the_bumblezone:honey_crystal_shield,,설명은 있으나 명시적 quest.title 없음,
task,534C0A81A2292ECB,48410B67C276ED1F,bumblezone.snbt,,,꿀 수정 방패,the_bumblezone:honey_crystal_shield,,명시적 task.title 없이 아이템 hover 사용,
quest,2DE2E5A1275E4B20,48410B67C276ED1F,bumblezone.snbt,,,부봉침 벌 투구,the_bumblezone:stingless_bee_helmet_1,,설명은 있으나 명시적 quest.title 없음,
task,2894B3CCE3553D61,48410B67C276ED1F,bumblezone.snbt,,,부봉침 벌 투구,the_bumblezone:stingless_bee_helmet_1,,명시적 task.title 없이 아이템 hover 사용,
quest,7C7C0D3D7FCB0297,48410B67C276ED1F,bumblezone.snbt,,,부봉침 벌 투구,the_bumblezone:stingless_bee_helmet_2,,설명은 있으나 명시적 quest.title 없음,
task,60EB37A14EF6B7C8,48410B67C276ED1F,bumblezone.snbt,,,부봉침 벌 투구,the_bumblezone:stingless_bee_helmet_2,,명시적 task.title 없이 아이템 hover 사용,
quest,5F834F8C607A8B77,48410B67C276ED1F,bumblezone.snbt,,,호박벌 흉갑,the_bumblezone:bumble_bee_chestplate_1,,설명은 있으나 명시적 quest.title 없음,
task,48A63CB0DC088CCB,48410B67C276ED1F,bumblezone.snbt,,,호박벌 흉갑,the_bumblezone:bumble_bee_chestplate_1,,명시적 task.title 없이 아이템 hover 사용,
quest,78B7FC6A868F5C4D,48410B67C276ED1F,bumblezone.snbt,,,호박벌 흉갑,the_bumblezone:bumble_bee_chestplate_2,,설명은 있으나 명시적 quest.title 없음,
task,195781EFC3AC00BB,48410B67C276ED1F,bumblezone.snbt,,,호박벌 흉갑,the_bumblezone:bumble_bee_chestplate_2,,명시적 task.title 없이 아이템 hover 사용,
quest,2B857941D7BBA0B8,48410B67C276ED1F,bumblezone.snbt,,,꿀벌 레깅스,the_bumblezone:honey_bee_leggings_1,,설명은 있으나 명시적 quest.title 없음,
task,75E4F4B0F1776BD9,48410B67C276ED1F,bumblezone.snbt,,,꿀벌 레깅스,the_bumblezone:honey_bee_leggings_1,,명시적 task.title 없이 아이템 hover 사용,
quest,78E40BDB0E54B638,48410B67C276ED1F,bumblezone.snbt,,,꿀벌 레깅스,the_bumblezone:honey_bee_leggings_2,,설명은 있으나 명시적 quest.title 없음,
task,41B87091E5CA786A,48410B67C276ED1F,bumblezone.snbt,,,꿀벌 레깅스,the_bumblezone:honey_bee_leggings_2,,명시적 task.title 없이 아이템 hover 사용,
quest,72489FB9D9A5A24B,48410B67C276ED1F,bumblezone.snbt,,,어리호박벌 부츠,the_bumblezone:carpenter_bee_boots_1,,설명은 있으나 명시적 quest.title 없음,
task,7CF6F7F21D0F6B03,48410B67C276ED1F,bumblezone.snbt,,,어리호박벌 부츠,the_bumblezone:carpenter_bee_boots_1,,명시적 task.title 없이 아이템 hover 사용,
quest,7208CB011F6E2ACF,48410B67C276ED1F,bumblezone.snbt,,,어리호박벌 부츠,the_bumblezone:carpenter_bee_boots_2,,설명은 있으나 명시적 quest.title 없음,
task,0CFA3BBD10DFF920,48410B67C276ED1F,bumblezone.snbt,,,어리호박벌 부츠,the_bumblezone:carpenter_bee_boots_2,,명시적 task.title 없이 아이템 hover 사용,
task,2C508B9FD0001F02,48410B67C276ED1F,bumblezone.snbt,,,꿀 나침반,the_bumblezone:honey_compass,,명시적 task.title 없이 아이템 hover 사용,
quest,67A0F6661D658A52,48410B67C276ED1F,bumblezone.snbt,,,꿀 나침반,the_bumblezone:honey_compass,,설명은 있으나 명시적 quest.title 없음,
task,1EE379C541B3C951,48410B67C276ED1F,bumblezone.snbt,,,꿀 나침반,the_bumblezone:honey_compass,,명시적 task.title 없이 아이템 hover 사용,
quest,6434796EAAF2A4EC,48410B67C276ED1F,bumblezone.snbt,,,벌의 정수,the_bumblezone:essence_of_the_bees,,설명은 있으나 명시적 quest.title 없음,
task,562570CAB78A7D54,48410B67C276ED1F,bumblezone.snbt,,,벌의 정수,the_bumblezone:essence_of_the_bees,,명시적 task.title 없이 아이템 hover 사용,
task,0AA6515146223498,48410B67C276ED1F,bumblezone.snbt,,,Essence of Raging,the_bumblezone:essence_raging,,명시적 task.title 없이 아이템 hover 사용,
task,382894B61961C73F,48410B67C276ED1F,bumblezone.snbt,,,Essence of Calming,the_bumblezone:essence_calming,,명시적 task.title 없이 아이템 hover 사용,
task,2D7CB61F2375BEFB,48410B67C276ED1F,bumblezone.snbt,,,Essence of Life,the_bumblezone:essence_life,,명시적 task.title 없이 아이템 hover 사용,
task,72E4743B07F5B062,48410B67C276ED1F,bumblezone.snbt,,,Essence of Knowing,the_bumblezone:essence_knowing,,명시적 task.title 없이 아이템 hover 사용,
task,25EAABE69C404707,48410B67C276ED1F,bumblezone.snbt,,,Essence of Continuity,the_bumblezone:essence_continuity,,명시적 task.title 없이 아이템 hover 사용,
task,32EA7A3A8A542A86,48410B67C276ED1F,bumblezone.snbt,,,Essence of Radiance,the_bumblezone:essence_radiance,,명시적 task.title 없이 아이템 hover 사용,
quest,42CB494F72FA1FD1,48410B67C276ED1F,bumblezone.snbt,,,advancement,,,설명은 있으나 명시적 quest.title 없음,
quest,12EF38830108D02B,48410B67C276ED1F,bumblezone.snbt,,,advancement,,,설명은 있으나 명시적 quest.title 없음,
quest,14F6ED7F0C1DC503,48410B67C276ED1F,bumblezone.snbt,,,advancement,,,설명은 있으나 명시적 quest.title 없음,
quest,037E0DAA5ECC5AB8,48410B67C276ED1F,bumblezone.snbt,,,advancement,,,설명은 있으나 명시적 quest.title 없음,
quest,04665EFC3A37250E,48410B67C276ED1F,bumblezone.snbt,,,advancement,,,설명은 있으나 명시적 quest.title 없음,
quest,3365017C9B24C0A9,48410B67C276ED1F,bumblezone.snbt,,,advancement,,,설명은 있으나 명시적 quest.title 없음,
quest,72569275EDE9FA23,48410B67C276ED1F,bumblezone.snbt,,,advancement,,,설명은 있으나 명시적 quest.title 없음,
quest,0F5549B02D1B383B,48410B67C276ED1F,bumblezone.snbt,,,advancement,,,설명은 있으나 명시적 quest.title 없음,
quest,0C9C5639D76FDF65,48410B67C276ED1F,bumblezone.snbt,,,advancement,,,설명은 있으나 명시적 quest.title 없음,
quest,64FEF31955CB158D,48410B67C276ED1F,bumblezone.snbt,,,advancement,,,설명은 있으나 명시적 quest.title 없음,
quest,4646DCF463FD913F,48410B67C276ED1F,bumblezone.snbt,,,advancement,,,설명은 있으나 명시적 quest.title 없음,
quest,612157986673F815,48410B67C276ED1F,bumblezone.snbt,,,advancement,,,설명은 있으나 명시적 quest.title 없음,
quest,6BC0904E03683190,48410B67C276ED1F,bumblezone.snbt,,,advancement,,,설명은 있으나 명시적 quest.title 없음,
quest,00764A738DA6451C,48410B67C276ED1F,bumblezone.snbt,,,advancement,,,설명은 있으나 명시적 quest.title 없음,
quest,341DF467E3936E78,48410B67C276ED1F,bumblezone.snbt,,,advancement,,,설명은 있으나 명시적 quest.title 없음,
quest,54D80939887B3F7D,48410B67C276ED1F,bumblezone.snbt,,,advancement,,,설명은 있으나 명시적 quest.title 없음,
task,0EE3B383AFFEFC94,48410B67C276ED1F,bumblezone.snbt,,,음반,the_bumblezone:music_disc_flight_of_the_bumblebee_rimsky_korsakov,,명시적 task.title 없이 아이템 hover 사용,
task,4983146A58846AC6,48410B67C276ED1F,bumblezone.snbt,,,음반,the_bumblezone:music_disc_honey_bee_rat_faced_boy,,명시적 task.title 없이 아이템 hover 사용,
task,6F80DC3CA81D680C,48410B67C276ED1F,bumblezone.snbt,,,음반,the_bumblezone:music_disc_la_bee_da_loca,,명시적 task.title 없이 아이템 hover 사용,
task,19FFBD14A11341D4,48410B67C276ED1F,bumblezone.snbt,,,음반,the_bumblezone:music_disc_bee_laxing_with_the_hom_bees,,명시적 task.title 없이 아이템 hover 사용,
task,2672B31044C04726,48410B67C276ED1F,bumblezone.snbt,,,Music Disc,the_bumblezone:music_disc_bee_ware_of_the_temple,,명시적 task.title 없이 아이템 hover 사용,
task,70E079B29EA71462,48410B67C276ED1F,bumblezone.snbt,,,Music Disc,the_bumblezone:music_disc_knowing_renren,,명시적 task.title 없이 아이템 hover 사용,
task,06743689ED89FB87,48410B67C276ED1F,bumblezone.snbt,,,Music Disc,the_bumblezone:music_disc_radiance_renren,,명시적 task.title 없이 아이템 hover 사용,
task,5C2B75FDEC7158D4,48410B67C276ED1F,bumblezone.snbt,,,Music Disc,the_bumblezone:music_disc_drowning_in_despair,,명시적 task.title 없이 아이템 hover 사용,
task,40EC05D5AEC06147,48410B67C276ED1F,bumblezone.snbt,,,Music Disc,the_bumblezone:music_disc_life_renren,,명시적 task.title 없이 아이템 hover 사용,
task,53722FB06A46BD8F,48410B67C276ED1F,bumblezone.snbt,,,Music Disc,the_bumblezone:music_disc_a_last_first_last,,명시적 task.title 없이 아이템 hover 사용,
quest,6C5D61A704DC125A,48410B67C276ED1F,bumblezone.snbt,,,Flower Headwear,the_bumblezone:flower_headwear,,설명은 있으나 명시적 quest.title 없음,
task,6CA87D071A115686,48410B67C276ED1F,bumblezone.snbt,,,Flower Headwear,the_bumblezone:flower_headwear,,명시적 task.title 없이 아이템 hover 사용,
quest,5443AA65C0D0C599,48410B67C276ED1F,bumblezone.snbt,,,로열 젤리 병,the_bumblezone:royal_jelly_bottle,,설명은 있으나 명시적 quest.title 없음,
task,6F6B8C065FD612D7,48410B67C276ED1F,bumblezone.snbt,,,로열 젤리 병,the_bumblezone:royal_jelly_bottle,,명시적 task.title 없이 아이템 hover 사용,
quest,27B5D0329DD92126,48410B67C276ED1F,bumblezone.snbt,,,Bee Soup,the_bumblezone:bee_soup,,설명은 있으나 명시적 quest.title 없음,
task,225B60F52C033B2C,48410B67C276ED1F,bumblezone.snbt,,,Bee Soup,the_bumblezone:bee_soup,,명시적 task.title 없이 아이템 hover 사용,
task,7F185FBEFC0DB7E4,48410B67C276ED1F,bumblezone.snbt,,,향초,the_bumblezone:potion_candle,,명시적 task.title 없이 아이템 hover 사용,
task,0439C2D821DC116A,48410B67C276ED1F,bumblezone.snbt,,,결정꽃,the_bumblezone:crystalline_flower,,명시적 task.title 없이 아이템 hover 사용,
task,6E4735BD0FAC24BF,48410B67C276ED1F,bumblezone.snbt,,,Banner Pattern,the_bumblezone:banner_pattern_bee,,명시적 task.title 없이 아이템 hover 사용,
task,47A90ECBC342869D,48410B67C276ED1F,bumblezone.snbt,,,Banner Pattern,the_bumblezone:banner_pattern_honeycombs,,명시적 task.title 없이 아이템 hover 사용,
task,317BB1713844D988,48410B67C276ED1F,bumblezone.snbt,,,Banner Pattern,the_bumblezone:banner_pattern_swords,,명시적 task.title 없이 아이템 hover 사용,
task,673E0676AB36DA51,48410B67C276ED1F,bumblezone.snbt,,,Banner Pattern,the_bumblezone:banner_pattern_eyes,,명시적 task.title 없이 아이템 hover 사용,
task,7C4C6B711751422F,48410B67C276ED1F,bumblezone.snbt,,,Banner Pattern,the_bumblezone:banner_pattern_peace,,명시적 task.title 없이 아이템 hover 사용,
task,22FBDD99B064AE6D,48410B67C276ED1F,bumblezone.snbt,,,Banner Pattern,the_bumblezone:banner_pattern_pluses,,명시적 task.title 없이 아이템 hover 사용,
task,1C1F766DF473D6D5,48410B67C276ED1F,bumblezone.snbt,,,Banner Pattern,the_bumblezone:banner_pattern_sun,,명시적 task.title 없이 아이템 hover 사용,
task,690C69FC604CC125,48410B67C276ED1F,bumblezone.snbt,,,Banner Pattern,the_bumblezone:banner_pattern_arrows,,명시적 task.title 없이 아이템 hover 사용,
quest,565EBD340595EAC4,48410B67C276ED1F,bumblezone.snbt,,,AllRightsReserved,,,설명은 있으나 명시적 quest.title 없음,
task,1884D3DA3CCC1439,48410B67C276ED1F,bumblezone.snbt,AllRightsReserved,AllRightsReserved,,,,한국어 파일의 영어 task.title,
task,5F9F725E2AD5FD3C,48410B67C276ED1F,bumblezone.snbt,AllRightsReserved,AllRightsReserved,,,,한국어 파일의 영어 task.title,
task,2CDF2FE08D652C52,59395B6806F2A98A,cataclysm.snbt,,,,minecraft:ender_eye,,명시적 task.title 없이 아이템 hover 사용,
task,72CE2E38E7AC5A6E,59395B6806F2A98A,cataclysm.snbt,,,기계의 눈,cataclysm:mech_eye,,명시적 task.title 없이 아이템 hover 사용,
task,00232AAA1405DA42,59395B6806F2A98A,cataclysm.snbt,,,불의 눈,cataclysm:flame_eye,,명시적 task.title 없이 아이템 hover 사용,
task,42199FC37B72E56E,59395B6806F2A98A,cataclysm.snbt,,,공허의 눈,cataclysm:void_eye,,명시적 task.title 없이 아이템 hover 사용,
task,0B559DA611584321,59395B6806F2A98A,cataclysm.snbt,,,괴물의 눈,cataclysm:monstrous_eye,,명시적 task.title 없이 아이템 hover 사용,
task,7EC48FDF6D04FD45,59395B6806F2A98A,cataclysm.snbt,,,심연의 눈,cataclysm:abyss_eye,,명시적 task.title 없이 아이템 hover 사용,
task,0AEA5298F3F3440B,59395B6806F2A98A,cataclysm.snbt,,,사막의 눈,cataclysm:desert_eye,,명시적 task.title 없이 아이템 hover 사용,
task,6599745E6193516E,59395B6806F2A98A,cataclysm.snbt,,,사막의 목걸이,cataclysm:necklace_of_the_desert,,명시적 task.title 없이 아이템 hover 사용,
task,54A79D79C6D345FF,59395B6806F2A98A,cataclysm.snbt,,,타오르는 잿더미,cataclysm:burning_ashes,,명시적 task.title 없이 아이템 hover 사용,
task,11D3895ECA7E27F3,59395B6806F2A98A,cataclysm.snbt,,,심연의 제물,cataclysm:abyssal_sacrifice,,명시적 task.title 없이 아이템 hover 사용,
task,5E725AD79C4E7211,59395B6806F2A98A,cataclysm.snbt,,,,minecraft:nether_star,,명시적 task.title 없이 아이템 hover 사용,
task,1FA495218EEB8C0B,59395B6806F2A98A,cataclysm.snbt,,,지옥불 용광로,cataclysm:infernal_forge,,명시적 task.title 없이 아이템 hover 사용,
task,286746C63BD684BC,59395B6806F2A98A,cataclysm.snbt,,,타이달 클로,cataclysm:tidal_claws,,명시적 task.title 없이 아이템 hover 사용,
task,187285D1EF51215A,59395B6806F2A98A,cataclysm.snbt,,,위더라이트 주괴,cataclysm:witherite_ingot,,명시적 task.title 없이 아이템 hover 사용,
task,441555E3052F2EAF,59395B6806F2A98A,cataclysm.snbt,,,괴물같은 투구,cataclysm:monstrous_helm,,명시적 task.title 없이 아이템 hover 사용,
task,0B02E5B6D743E0EF,59395B6806F2A98A,cataclysm.snbt,,,심연의 알,cataclysm:abyssal_egg,,명시적 task.title 없이 아이템 hover 사용,
task,6CECFDF3DCC27679,59395B6806F2A98A,cataclysm.snbt,,,레이저 개틀링,cataclysm:laser_gatling,,명시적 task.title 없이 아이템 hover 사용,
task,72E0E199F3AE9F33,59395B6806F2A98A,cataclysm.snbt,,,미트 슈레더,cataclysm:meat_shredder,,명시적 task.title 없이 아이템 hover 사용,
task,6181C8700EB260A6,59395B6806F2A98A,cataclysm.snbt,,,견착식 위더 무기,cataclysm:wither_assault_shoulder_weapon,,명시적 task.title 없이 아이템 hover 사용,
task,5E7B39AC84FFB6F7,59395B6806F2A98A,cataclysm.snbt,,,기계식 융합 모루,cataclysm:mechanical_fusion_anvil,,명시적 task.title 없이 아이템 hover 사용,
task,29537CE0D9AC9F93,59395B6806F2A98A,cataclysm.snbt,,,공허 용광로,cataclysm:void_forge,,명시적 task.title 없이 아이템 hover 사용,
task,7931E6A8146EEACF,59395B6806F2A98A,cataclysm.snbt,,,견착식 공허 무기,cataclysm:void_assault_shoulder_weapon,,명시적 task.title 없이 아이템 hover 사용,
task,71F499EE36FAEF39,59395B6806F2A98A,cataclysm.snbt,,,보루의 건틀릿,cataclysm:gauntlet_of_bulwark,,명시적 task.title 없이 아이템 hover 사용,
task,5D307DA493AB79A3,59395B6806F2A98A,cataclysm.snbt,,,이그니티움 주괴,cataclysm:ignitium_ingot,,명시적 task.title 없이 아이템 hover 사용,
task,35C54CFEA7E48119,59395B6806F2A98A,cataclysm.snbt,,,불꽃의 보루,cataclysm:bulwark_of_the_flame,,명시적 task.title 없이 아이템 hover 사용,
task,349198054DE2DC32,59395B6806F2A98A,cataclysm.snbt,,,소각자,cataclysm:the_incinerator,,명시적 task.title 없이 아이템 hover 사용,
task,4B57B1AC4E115AFD,59395B6806F2A98A,cataclysm.snbt,,,수호의 건틀릿,cataclysm:gauntlet_of_guard,,명시적 task.title 없이 아이템 hover 사용,
task,0719F24B45469C70,59395B6806F2A98A,cataclysm.snbt,,,병속의 모래 폭풍,cataclysm:sandstorm_in_a_bottle,,명시적 task.title 없이 아이템 hover 사용,
task,5C9844F4FF6759A1,59395B6806F2A98A,cataclysm.snbt,,,잔재의 두개골,cataclysm:remnant_skull,,명시적 task.title 없이 아이템 hover 사용,
task,4E747C5E3ADB8FBF,59395B6806F2A98A,cataclysm.snbt,,,커스뮴 주괴,cataclysm:cursium_ingot,,명시적 task.title 없이 아이템 hover 사용,
task,2EE44A9E56A5AC64,59395B6806F2A98A,cataclysm.snbt,,,저주의 눈,cataclysm:cursed_eye,,명시적 task.title 없이 아이템 hover 사용,
task,6421E1E5B3B0775F,59395B6806F2A98A,cataclysm.snbt,,,타오르는 손길,cataclysm:blazing_grips,,명시적 task.title 없이 아이템 hover 사용,
task,64C9394257B1BFE4,59395B6806F2A98A,cataclysm.snbt,,,이그니티움 투구,cataclysm:ignitium_helmet,,명시적 task.title 없이 아이템 hover 사용,
task,17AA9547DCA9E318,59395B6806F2A98A,cataclysm.snbt,,,이그니티움 흉갑,cataclysm:ignitium_chestplate,,명시적 task.title 없이 아이템 hover 사용,
task,70493D80F8BA30FE,59395B6806F2A98A,cataclysm.snbt,,,이그니티움 레깅스,cataclysm:ignitium_leggings,,명시적 task.title 없이 아이템 hover 사용,
task,208721837E518BAA,59395B6806F2A98A,cataclysm.snbt,,,이그니티움 부츠,cataclysm:ignitium_boots,,명시적 task.title 없이 아이템 hover 사용,
task,284B25931C329763,59395B6806F2A98A,cataclysm.snbt,,,용암 전지,cataclysm:lava_power_cell,,명시적 task.title 없이 아이템 hover 사용,
task,4A2EA8013947CCF3,59395B6806F2A98A,cataclysm.snbt,,,네더라이트 조각상,cataclysm:netherite_effigy,,명시적 task.title 없이 아이템 hover 사용,
task,1D37CB3AF21A7B5E,59395B6806F2A98A,cataclysm.snbt,,,고대의 금속 주괴,cataclysm:ancient_metal_ingot,,명시적 task.title 없이 아이템 hover 사용,
task,2E3A865D69AF2237,59395B6806F2A98A,cataclysm.snbt,,,절멸자,cataclysm:the_annihilator,,명시적 task.title 없이 아이템 hover 사용,
task,0C20E2E8CB495097,59395B6806F2A98A,cataclysm.snbt,,,영혼 분쇄자,cataclysm:soul_render,,명시적 task.title 없이 아이템 hover 사용,
task,437318B1467615E2,59395B6806F2A98A,cataclysm.snbt,,,저주받은 활,cataclysm:cursed_bow,,명시적 task.title 없이 아이템 hover 사용,
task,3818D0AD3D3CEB23,59395B6806F2A98A,cataclysm.snbt,,,커스뮴 투구,cataclysm:cursium_helmet,,명시적 task.title 없이 아이템 hover 사용,
task,58FA4ABD432FA465,59395B6806F2A98A,cataclysm.snbt,,,커스뮴 흉갑,cataclysm:cursium_chestplate,,명시적 task.title 없이 아이템 hover 사용,
task,33BA5E2BA15AE19B,59395B6806F2A98A,cataclysm.snbt,,,커스뮴 레깅스,cataclysm:cursium_leggings,,명시적 task.title 없이 아이템 hover 사용,
task,2479FF720BBB3DD2,59395B6806F2A98A,cataclysm.snbt,,,커스뮴 부츠,cataclysm:cursium_boots,,명시적 task.title 없이 아이템 hover 사용,
task,1D720A6A11114AED,59395B6806F2A98A,cataclysm.snbt,,,소용돌이의 건틀릿,cataclysm:gauntlet_of_maelstrom,,명시적 task.title 없이 아이템 hover 사용,
task,7B6CA094447C3307,59395B6806F2A98A,cataclysm.snbt,,,임모레이터,cataclysm:the_immolator,,명시적 task.title 없이 아이템 hover 사용,
task,25F8EDC9691694B7,59395B6806F2A98A,cataclysm.snbt,,,사막의 분노,cataclysm:wrath_of_the_desert,,명시적 task.title 없이 아이템 hover 사용,
task,087F7DE821F0EBF7,59395B6806F2A98A,cataclysm.snbt,,,이그니티움 겉날개 흉갑,cataclysm:ignitium_elytra_chestplate,,명시적 task.title 없이 아이템 hover 사용,
task,0F638F28617D25D9,59395B6806F2A98A,cataclysm.snbt,,,공허 코어,cataclysm:void_core,,명시적 task.title 없이 아이템 hover 사용,
task,44CB083FE59B6184,59395B6806F2A98A,cataclysm.snbt,,,공허의 갈래 화살,cataclysm:void_scatter_arrow,,명시적 task.title 없이 아이템 hover 사용,
task,4C82C85393A0CFE6,59395B6806F2A98A,cataclysm.snbt,,,코피스,cataclysm:khopesh,,명시적 task.title 없이 아이템 hover 사용,
task,787DB837F16663A5,59395B6806F2A98A,cataclysm.snbt,,,본 렙타일 투구,cataclysm:bone_reptile_helmet,,명시적 task.title 없이 아이템 hover 사용,
task,6E925A7B24DF8FCB,59395B6806F2A98A,cataclysm.snbt,,,본 렙타일 흉갑,cataclysm:bone_reptile_chestplate,,명시적 task.title 없이 아이템 hover 사용,
task,39637D7839CE1D81,59395B6806F2A98A,cataclysm.snbt,,,고대의 창,cataclysm:ancient_spear,,명시적 task.title 없이 아이템 hover 사용,
task,38FFA24FDD924194,59395B6806F2A98A,cataclysm.snbt,,,,minecraft:bucket,,명시적 task.title 없이 아이템 hover 사용,
quest,00307A898A639191,59395B6806F2A98A,cataclysm.snbt,,,AllRightsReserved,,,설명은 있으나 명시적 quest.title 없음,
task,0303CDB18BBD9575,59395B6806F2A98A,cataclysm.snbt,AllRightsReserved,AllRightsReserved,,,,한국어 파일의 영어 task.title,
task,0B7F934439806558,59395B6806F2A98A,cataclysm.snbt,AllRightsReserved,AllRightsReserved,,,,한국어 파일의 영어 task.title,
task,1D1F9207DD5E36B5,59395B6806F2A98A,cataclysm.snbt,,,키틴 클로,cataclysm:chitin_claw,,명시적 task.title 없이 아이템 hover 사용,
task,3749918766468C2B,59395B6806F2A98A,cataclysm.snbt,,,아스트라페,cataclysm:astrape,,명시적 task.title 없이 아이템 hover 사용,
task,7DCF623D6E648C6A,59395B6806F2A98A,cataclysm.snbt,,,케라우노스,cataclysm:ceraunus,,명시적 task.title 없이 아이템 hover 사용,
task,781F4F988B317FEA,59395B6806F2A98A,cataclysm.snbt,,,기이한 열쇠,cataclysm:strange_key,,명시적 task.title 없이 아이템 hover 사용,
task,7F53E5F334E98681,59395B6806F2A98A,cataclysm.snbt,,,폭풍의 눈,cataclysm:storm_eye,,명시적 task.title 없이 아이템 hover 사용,
task,0226FAD5260F37E1,5103E2D95685ADFF,chapter_2_the_star.snbt,,,ATM의 별,allthetweaks:atm_star,,명시적 task.title 없이 아이템 hover 사용,
task,05A46E1EF09E4F8C,5103E2D95685ADFF,chapter_2_the_star.snbt,,,차원의 씨앗,allthetweaks:dimensional_seed,,명시적 task.title 없이 아이템 hover 사용,
task,42C0BB72EC378FBD,5103E2D95685ADFF,chapter_2_the_star.snbt,,,드래곤의 영혼,allthetweaks:dragon_soul,,명시적 task.title 없이 아이템 hover 사용,
task,016A77A6724706E6,5103E2D95685ADFF,chapter_2_the_star.snbt,,,불가능한 확률 장치,allthetweaks:improbable_probability_device,,명시적 task.title 없이 아이템 hover 사용,
task,7662A525334B5CE4,5103E2D95685ADFF,chapter_2_the_star.snbt,,,넥시움 이미터,allthetweaks:nexium_emitter,,명시적 task.title 없이 아이템 hover 사용,
task,600FAEC3A1D902D6,5103E2D95685ADFF,chapter_2_the_star.snbt,,,망각의 조각,allthetweaks:oblivion_shard,,명시적 task.title 없이 아이템 hover 사용,
task,4193B2F0EE076D2C,5103E2D95685ADFF,chapter_2_the_star.snbt,,,뚱이,allthetweaks:patrick_star,,명시적 task.title 없이 아이템 hover 사용,
task,10FBA33F7C51C8F8,5103E2D95685ADFF,chapter_2_the_star.snbt,,,철학자의 연료,allthetweaks:philosophers_fuel,,명시적 task.title 없이 아이템 hover 사용,
task,56AB40DBCC27D097,5103E2D95685ADFF,chapter_2_the_star.snbt,,,맥동하는 블랙홀,allthetweaks:pulsating_black_hole,,명시적 task.title 없이 아이템 hover 사용,
task,65DAD0A65A886B74,5103E2D95685ADFF,chapter_2_the_star.snbt,,,위더의 나침반,allthetweaks:withers_compass,,명시적 task.title 없이 아이템 hover 사용,
task,596E2D5A9B67DE72,5103E2D95685ADFF,chapter_2_the_star.snbt,,,크리에이티브 에센스,mysticalagradditions:creative_essence,,명시적 task.title 없이 아이템 hover 사용,
task,1C6FD3400BF1D256,5103E2D95685ADFF,chapter_2_the_star.snbt,,,Block of Unobtainium - Allthemodium Alloy,allthemodium:unobtainium_allthemodium_alloy_block,,명시적 task.title 없이 아이템 hover 사용,
task,0DAD392A4942D6A5,5103E2D95685ADFF,chapter_2_the_star.snbt,,,네더의 별 블록 3x,allthecompressed:nether_star_block_3x,,명시적 task.title 없이 아이템 hover 사용,
task,5CEAEBB4379E764F,5103E2D95685ADFF,chapter_2_the_star.snbt,,,Micromissiles,pneumaticcraft:micromissiles,,명시적 task.title 없이 아이템 hover 사용,
quest,038812A14456236C,5103E2D95685ADFF,chapter_2_the_star.snbt,,,ME 양자 고리,ae2:quantum_ring,ME 양자 고리,설명은 있으나 명시적 quest.title 없음,ME 양자 고리
task,22B9E008F13DF933,5103E2D95685ADFF,chapter_2_the_star.snbt,,,ME 양자 고리,ae2:quantum_ring,ME 양자 고리,명시적 task.title 없이 아이템 hover 사용,ME 양자 고리
task,22EFA1D6F9F98242,5103E2D95685ADFF,chapter_2_the_star.snbt,,,Manhattan Module,oritech:nuke,,명시적 task.title 없이 아이템 hover 사용,
task,7B4AFF22E406F478,5103E2D95685ADFF,chapter_2_the_star.snbt,,,안정한 웜홀,occultism:stable_wormhole,,명시적 task.title 없이 아이템 hover 사용,
task,5661FBA13AD1D38C,5103E2D95685ADFF,chapter_2_the_star.snbt,,,Paradox Machine,justdirethings:paradoxmachine,,명시적 task.title 없이 아이템 hover 사용,
quest,6877F33323910716,5103E2D95685ADFF,chapter_2_the_star.snbt,,,Pocket Storage Unit Tier: 4,pocketstorage:psu_4,,설명은 있으나 명시적 quest.title 없음,
task,520BCB874A3E5942,5103E2D95685ADFF,chapter_2_the_star.snbt,,,Pocket Storage Unit Tier: 4,pocketstorage:psu_4,,명시적 task.title 없이 아이템 hover 사용,
quest,2D474F8075E9DBD0,5103E2D95685ADFF,chapter_2_the_star.snbt,,,Crystal Staff,rootsclassic:crystal_staff,,설명은 있으나 명시적 quest.title 없음,
task,4D67925AE82498ED,5103E2D95685ADFF,chapter_2_the_star.snbt,,,Crystal Staff,rootsclassic:crystal_staff,,명시적 task.title 없이 아이템 hover 사용,
task,70D98005AD05BF31,5103E2D95685ADFF,chapter_2_the_star.snbt,,,균사 폭발 발전기,industrialforegoing:mycelial_explosive,,명시적 task.title 없이 아이템 hover 사용,
task,6A6A11C94DE3BA18,5103E2D95685ADFF,chapter_2_the_star.snbt,,,Lightning Bomb,evilcraft:lightning_bomb,,명시적 task.title 없이 아이템 hover 사용,
quest,57F107892FFA1F52,5103E2D95685ADFF,chapter_2_the_star.snbt,,,네더의 별 크룩스,mysticalagradditions:nether_star_crux,,설명은 있으나 명시적 quest.title 없음,
task,34B9EDC0D98175CB,5103E2D95685ADFF,chapter_2_the_star.snbt,,,네더의 별 크룩스,mysticalagradditions:nether_star_crux,,명시적 task.title 없이 아이템 hover 사용,
task,1AD496C3DC73D028,5103E2D95685ADFF,chapter_2_the_star.snbt,,,,ars_nouveau:glyph_wither,,명시적 task.title 없이 아이템 hover 사용,
quest,3F8AEBB994716318,5103E2D95685ADFF,chapter_2_the_star.snbt,,,item,minecraft:tipped_arrow,,설명은 있으나 명시적 quest.title 없음,
task,50CB42797E7DE5C3,5103E2D95685ADFF,chapter_2_the_star.snbt,,,,minecraft:tipped_arrow,,명시적 task.title 없이 아이템 hover 사용,
quest,4CB488E5CF10F3A4,5103E2D95685ADFF,chapter_2_the_star.snbt,,,64x Netherstar Generator,generatorgalore:netherstar_generator_64x,,설명은 있으나 명시적 quest.title 없음,
task,44DE0C14A2545FEE,5103E2D95685ADFF,chapter_2_the_star.snbt,,,64x Netherstar Generator,generatorgalore:netherstar_generator_64x,,명시적 task.title 없이 아이템 hover 사용,
task,14D445E233DC9A67,5103E2D95685ADFF,chapter_2_the_star.snbt,,,두루마리,irons_spellbooks:scroll,,명시적 task.title 없이 아이템 hover 사용,
task,3202C171A1B34654,5103E2D95685ADFF,chapter_2_the_star.snbt,,,위더프루프 벽돌,mysticalagriculture:witherproof_bricks,,명시적 task.title 없이 아이템 hover 사용,
task,4579FF07BB5E1C3C,5103E2D95685ADFF,chapter_2_the_star.snbt,,,깊은 곳의 심장,deeperdarker:heart_of_the_deep,,명시적 task.title 없이 아이템 hover 사용,
task,1BE9081C3AFE716B,5103E2D95685ADFF,chapter_2_the_star.snbt,,,위더 건설기,industrialforegoing:wither_builder,,명시적 task.title 없이 아이템 hover 사용,
task,74A239A04A05168A,5103E2D95685ADFF,chapter_2_the_star.snbt,,,Comb Block,productivebees:configurable_comb,,명시적 task.title 없이 아이템 hover 사용,
task,2FFF1FAD3E5A2D2A,5103E2D95685ADFF,chapter_2_the_star.snbt,,,64x Magmatic Generator,generatorgalore:magmatic_generator_64x,,명시적 task.title 없이 아이템 hover 사용,
task,3E1B3D3DB657C728,5103E2D95685ADFF,chapter_2_the_star.snbt,,,Awakened Supremium Ingot Block,mysticalagriculture:awakened_supremium_ingot_block,,명시적 task.title 없이 아이템 hover 사용,
task,7693F09361C9A893,5103E2D95685ADFF,chapter_2_the_star.snbt,,,Dark Tank,evilcraft:dark_tank,,명시적 task.title 없이 아이템 hover 사용,
task,22AA2E15AF0907C2,5103E2D95685ADFF,chapter_2_the_star.snbt,,,Smelter Prism,forbidden_arcanus:smelter_prism,,명시적 task.title 없이 아이템 hover 사용,
task,43A26135F8A4F2FD,5103E2D95685ADFF,chapter_2_the_star.snbt,,,인사늄 석탄 블록,mysticalagradditions:insanium_coal_block,,명시적 task.title 없이 아이템 hover 사용,
task,1BA740EE0607A00D,5103E2D95685ADFF,chapter_2_the_star.snbt,,,우라늄 사중 연료 막대,modern_industrialization:uranium_fuel_rod_quad,,명시적 task.title 없이 아이템 hover 사용,
task,194A26964952B3BF,5103E2D95685ADFF,chapter_2_the_star.snbt,,,Ender Generator,generatorgalore:ender_generator,,명시적 task.title 없이 아이템 hover 사용,
task,35506B0CD08BC722,5103E2D95685ADFF,chapter_2_the_star.snbt,,,"{""extra"":[{""color"":""light_purple"",""text"":""R""},{""color"":""red"",""text"":""a""},{""color"":""light_purple"",""text"":""i""},{""color"":""light_purple"",""text"":""n""},{""color"":""aqua"",""text"":""b""},{""color"":""green"",""text"":""o""},{""color"":""yellow"",""text"":""w""},{""color"":""green"",""text"":"" ""},{""color"":""light_purple"",""text"":""F""},{""color"":""light_purple"",""text"":""u""},{""color"":""red"",""text"":""r""},{""color"":""green"",""text"":""n""},{""color"":""light_purple"",""text"":""a""},{""color"":""green"",""text"":""c""},{""color"":""blue"",""text"":""e""}],""text"":""""}",ironfurnaces:million_furnace,,명시적 task.title 없이 아이템 hover 사용,
task,35506B0CD08BC722,5103E2D95685ADFF,chapter_2_the_star.snbt,,,"{""extra"":[{""color"":""light_purple"",""text"":""R""},{""color"":""red"",""text"":""a""},{""color"":""light_purple"",""text"":""i""},{""color"":""light_purple"",""text"":""n""},{""color"":""aqua"",""text"":""b""},{""color"":""green"",""text"":""o""},{""color"":""yellow"",""text"":""w""},{""color"":""green"",""text"":"" ""},{""color"":""light_purple"",""text"":""F""},{""color"":""light_purple"",""text"":""u""},{""color"":""red"",""text"":""r""},{""color"":""green"",""text"":""n""},{""color"":""light_purple"",""text"":""a""},{""color"":""green"",""text"":""c""},{""color"":""blue"",""text"":""e""}],""text"":""""}",ironfurnaces:million_furnace,,영어 custom_name 또는 literal component,
task,45DCA38B3C6440DF,5103E2D95685ADFF,chapter_2_the_star.snbt,,,Insanite Block,bigreactors:insanite_block,,명시적 task.title 없이 아이템 hover 사용,
task,29E7A33EF7F47BAF,5103E2D95685ADFF,chapter_2_the_star.snbt,,,다이아몬드 블록 4x,allthecompressed:diamond_block_4x,,명시적 task.title 없이 아이템 hover 사용,
task,09DA484D3744488D,5103E2D95685ADFF,chapter_2_the_star.snbt,,,에메랄드 블록 4x,allthecompressed:emerald_block_4x,,명시적 task.title 없이 아이템 hover 사용,
task,79B63A2A00FADEB1,5103E2D95685ADFF,chapter_2_the_star.snbt,,,엔드 돌 5x,allthecompressed:end_stone_5x,,명시적 task.title 없이 아이템 hover 사용,
quest,2D64EF8D803AF9DA,5103E2D95685ADFF,chapter_2_the_star.snbt,,,미니어처 탈출 차원문,allthetweaks:mini_exit,,설명은 있으나 명시적 quest.title 없음,
task,296C61EAC7812AA5,5103E2D95685ADFF,chapter_2_the_star.snbt,,,미니어처 탈출 차원문,allthetweaks:mini_exit,,명시적 task.title 없이 아이템 hover 사용,
quest,4D7D4C718837BCA5,5103E2D95685ADFF,chapter_2_the_star.snbt,,,미니어처 네더 차원문,allthetweaks:mini_nether,,설명은 있으나 명시적 quest.title 없음,
task,3191196403FFBCA3,5103E2D95685ADFF,chapter_2_the_star.snbt,,,미니어처 네더 차원문,allthetweaks:mini_nether,,명시적 task.title 없이 아이템 hover 사용,
quest,103834774B57D611,5103E2D95685ADFF,chapter_2_the_star.snbt,,,미니어처 엔드 차원문,allthetweaks:mini_end,,설명은 있으나 명시적 quest.title 없음,
task,2D86A629AB86FDD1,5103E2D95685ADFF,chapter_2_the_star.snbt,,,미니어처 엔드 차원문,allthetweaks:mini_end,,명시적 task.title 없이 아이템 hover 사용,
task,0DF7057F725551AB,5103E2D95685ADFF,chapter_2_the_star.snbt,,,흑요석 5x,allthecompressed:obsidian_5x,,명시적 task.title 없이 아이템 hover 사용,
task,79CE9AAA4012A11F,5103E2D95685ADFF,chapter_2_the_star.snbt,,,흙 6x,allthecompressed:dirt_6x,,명시적 task.title 없이 아이템 hover 사용,
task,23516979202CB92E,5103E2D95685ADFF,chapter_2_the_star.snbt,,,네더랙 6x,allthecompressed:netherrack_6x,,명시적 task.title 없이 아이템 hover 사용,
task,72B1A51128C4AE99,5103E2D95685ADFF,chapter_2_the_star.snbt,,,Chain of Souls,eternal_starlight:chain_of_souls,,명시적 task.title 없이 아이템 hover 사용,
task,5F1BB488E5FF56E5,5103E2D95685ADFF,chapter_2_the_star.snbt,,,,productivebees:spawn_egg_configurable_bee,,명시적 task.title 없이 아이템 hover 사용,
task,371CC030FF8C6A32,5103E2D95685ADFF,chapter_2_the_star.snbt,,,Block of Piglich Hearts,allthemodium:piglich_heart_block,,명시적 task.title 없이 아이템 hover 사용,
task,05C05663B5598183,5103E2D95685ADFF,chapter_2_the_star.snbt,,,%s 데이터 모델,hostilenetworks:data_model,,명시적 task.title 없이 아이템 hover 사용,
task,78985791277793C4,5103E2D95685ADFF,chapter_2_the_star.snbt,,,Socotra Dragon Sapling,productivetrees:socotra_dragon_sapling,,명시적 task.title 없이 아이템 hover 사용,
task,01B68403D63A86C5,5103E2D95685ADFF,chapter_2_the_star.snbt,,,,ftbfiltersystem:smart_filter,,명시적 task.title 없이 아이템 hover 사용,
task,44B8FEF6AFC2903F,5103E2D95685ADFF,chapter_2_the_star.snbt,,,Soul Gem,occultism:soul_gem,,명시적 task.title 없이 아이템 hover 사용,
task,550B0CD71FE7354F,5103E2D95685ADFF,chapter_2_the_star.snbt,,,주입된 드래곤의 숨결,apothic_enchanting:infused_breath,,명시적 task.title 없이 아이템 hover 사용,
task,5F21D5BF403BDCEF,5103E2D95685ADFF,chapter_2_the_star.snbt,,,Rainbow Coal,ironfurnaces:rainbow_coal,,명시적 task.title 없이 아이템 hover 사용,
task,4456CFC1AAB6CF7F,5103E2D95685ADFF,chapter_2_the_star.snbt,,,Aerial Interface,pneumaticcraft:aerial_interface,,명시적 task.title 없이 아이템 hover 사용,
task,66B0E90537E8D8AC,5103E2D95685ADFF,chapter_2_the_star.snbt,,,256M 휴대용 아이템 셀,megacells:portable_item_cell_256m,256M 휴대용 아이템 셀,명시적 task.title 없이 아이템 hover 사용,256M 휴대용 아이템 셀
task,79141C8F25816860,5103E2D95685ADFF,chapter_2_the_star.snbt,,,번개 강화 구슬,irons_spellbooks:lightning_upgrade_orb,,명시적 task.title 없이 아이템 hover 사용,
task,452C54AB6D1D3753,5103E2D95685ADFF,chapter_2_the_star.snbt,,,특이점,ae2:singularity,특이점,명시적 task.title 없이 아이템 hover 사용,특이점
task,25775593C01703BF,5103E2D95685ADFF,chapter_2_the_star.snbt,,,폭발내성 케이싱,modern_industrialization:blastproof_casing,,명시적 task.title 없이 아이템 hover 사용,
task,0198D38E04586DC3,5103E2D95685ADFF,chapter_2_the_star.snbt,,,반물질 알갱이,mekanism:pellet_antimatter,,명시적 task.title 없이 아이템 hover 사용,
task,61AFBF48236BCF86,5103E2D95685ADFF,chapter_2_the_star.snbt,,,Eternal Stella,forbidden_arcanus:eternal_stella,,명시적 task.title 없이 아이템 hover 사용,
task,4A670DB3BE52940A,5103E2D95685ADFF,chapter_2_the_star.snbt,,,Piercing Vengeance Focus,evilcraft:piercing_vengeance_focus,,명시적 task.title 없이 아이템 hover 사용,
task,153EE95889C75AF0,5103E2D95685ADFF,chapter_2_the_star.snbt,,,Mace of Destruction,evilcraft:mace_of_destruction,,명시적 task.title 없이 아이템 hover 사용,
task,48163F513DC0C58D,5103E2D95685ADFF,chapter_2_the_star.snbt,,,대형 발전된 모터,modern_industrialization:large_advanced_motor,,명시적 task.title 없이 아이템 hover 사용,
quest,601C719C8FD513F0,5103E2D95685ADFF,chapter_2_the_star.snbt,,,무한 범위 카드,aeinfinitybooster:infinity_card,,설명은 있으나 명시적 quest.title 없음,
task,4FDC57BA1A5CFC0A,5103E2D95685ADFF,chapter_2_the_star.snbt,,,무한 범위 카드,aeinfinitybooster:infinity_card,,명시적 task.title 없이 아이템 hover 사용,
task,1579B8E44F085C26,5103E2D95685ADFF,chapter_2_the_star.snbt,,,퀀텀 컴퓨터 멀티 스레더,advanced_ae:quantum_multi_threader,퀀텀 컴퓨터 멀티 스레더,명시적 task.title 없이 아이템 hover 사용,퀀텀 컴퓨터 멀티 스레더
quest,77F2271C45DB49BA,5103E2D95685ADFF,chapter_2_the_star.snbt,,,item,mekanism:module_gravitational_modulating_unit,,설명은 있으나 명시적 quest.title 없음,
task,258A880972C38C57,5103E2D95685ADFF,chapter_2_the_star.snbt,,,,mekanism:module_gravitational_modulating_unit,,명시적 task.title 없이 아이템 hover 사용,
task,7CB0D8918F76FC75,5103E2D95685ADFF,chapter_2_the_star.snbt,,,무선 범용 터미널,ae2wtlib:wireless_universal_terminal,무선 범용 터미널,명시적 task.title 없이 아이템 hover 사용,무선 범용 터미널
task,3F3A36F9683ED1C2,5103E2D95685ADFF,chapter_2_the_star.snbt,,,Player Transmitter (Nitro),powah:player_transmitter_nitro,,명시적 task.title 없이 아이템 hover 사용,
task,50358A939AF6EFFD,5103E2D95685ADFF,chapter_2_the_star.snbt,,,인사늄 블록,mysticalagradditions:insanium_block,,명시적 task.title 없이 아이템 hover 사용,
task,0890F5FED5BE2221,5103E2D95685ADFF,chapter_2_the_star.snbt,,,인사늄 보석 블록,mysticalagradditions:insanium_gemstone_block,,명시적 task.title 없이 아이템 hover 사용,
task,4044AC9B58C2DC35,5103E2D95685ADFF,chapter_2_the_star.snbt,,,마스터 주입 수정,mysticalagriculture:master_infusion_crystal,,명시적 task.title 없이 아이템 hover 사용,
task,3F35C159436EA03A,5103E2D95685ADFF,chapter_2_the_star.snbt,,,,minecraft:green_concrete,,명시적 task.title 없이 아이템 hover 사용,
task,1BDB9CA7D068A432,5103E2D95685ADFF,chapter_2_the_star.snbt,,,,minecraft:green_concrete_powder,,명시적 task.title 없이 아이템 hover 사용,
task,7777B968A5342389,5103E2D95685ADFF,chapter_2_the_star.snbt,,,,minecraft:lime_concrete,,명시적 task.title 없이 아이템 hover 사용,
task,1DFED38C1282DAFE,5103E2D95685ADFF,chapter_2_the_star.snbt,,,,minecraft:magenta_concrete,,명시적 task.title 없이 아이템 hover 사용,
task,284C5A44EECDB0F2,5103E2D95685ADFF,chapter_2_the_star.snbt,,,,minecraft:magenta_concrete_powder,,명시적 task.title 없이 아이템 hover 사용,
task,68D520511388D29F,5103E2D95685ADFF,chapter_2_the_star.snbt,,,,minecraft:pink_concrete,,명시적 task.title 없이 아이템 hover 사용,
task,28BB20E22FFCBBC1,5103E2D95685ADFF,chapter_2_the_star.snbt,,,,minecraft:pink_concrete_powder,,명시적 task.title 없이 아이템 hover 사용,
task,67A3B3CB3FB77702,5103E2D95685ADFF,chapter_2_the_star.snbt,,,서투스 석영 수정,ae2:certus_quartz_crystal,서투스 석영 수정,명시적 task.title 없이 아이템 hover 사용,서투스 석영 수정
task,5999B2D204EC280E,5103E2D95685ADFF,chapter_2_the_star.snbt,,,악령의 꿈 씨앗,occultism:datura_seeds,,명시적 task.title 없이 아이템 hover 사용,
task,625FF48DAEC5E113,5103E2D95685ADFF,chapter_2_the_star.snbt,,,Pollen,productivetrees:pollen,,명시적 task.title 없이 아이템 hover 사용,
task,111FFDE17A83079D,5103E2D95685ADFF,chapter_2_the_star.snbt,,,,minecraft:honeycomb,,명시적 task.title 없이 아이템 hover 사용,
task,14C0CA9C756B3ABD,5103E2D95685ADFF,chapter_2_the_star.snbt,,,신비한 정수,irons_spellbooks:arcane_essence,,명시적 task.title 없이 아이템 hover 사용,
task,4FBF146C9301DEC7,5103E2D95685ADFF,chapter_2_the_star.snbt,,,Compressed Iron Ingot,pneumaticcraft:ingot_iron_compressed,,명시적 task.title 없이 아이템 hover 사용,
task,1362391602F13810,5103E2D95685ADFF,chapter_2_the_star.snbt,,,드라이 러버,industrialforegoing:dryrubber,,명시적 task.title 없이 아이템 hover 사용,
task,6627658A032CDC95,5103E2D95685ADFF,chapter_2_the_star.snbt,,,,minecraft:furnace,,명시적 task.title 없이 아이템 hover 사용,
task,6AA00AA3ADBA5F34,5103E2D95685ADFF,chapter_2_the_star.snbt,,,인퍼륨 에센스,mysticalagriculture:inferium_essence,,명시적 task.title 없이 아이템 hover 사용,
task,705258D54EF8E342,5103E2D95685ADFF,chapter_2_the_star.snbt,,,마나 보석,ars_nouveau:source_gem,,명시적 task.title 없이 아이템 hover 사용,
task,1BB0FB49B96E22E2,5103E2D95685ADFF,chapter_2_the_star.snbt,,,우라늄 주괴,alltheores:uranium_ingot,,명시적 task.title 없이 아이템 hover 사용,
task,1DCF1EB2F1D2F966,5103E2D95685ADFF,chapter_2_the_star.snbt,,,강철 주괴,alltheores:steel_ingot,,명시적 task.title 없이 아이템 hover 사용,
task,76A7B9E9F755A223,5103E2D95685ADFF,chapter_2_the_star.snbt,,,Dielectric Paste,powah:dielectric_paste,,명시적 task.title 없이 아이템 hover 사용,
task,785BFA29F6285581,5103E2D95685ADFF,chapter_2_the_star.snbt,,,,minecraft:bookshelf,,명시적 task.title 없이 아이템 hover 사용,
task,1ACDF9B8AED8F168,5103E2D95685ADFF,chapter_2_the_star.snbt,,,Dark Gem,evilcraft:dark_gem,,명시적 task.title 없이 아이템 hover 사용,
task,2065DC263D762764,5103E2D95685ADFF,chapter_2_the_star.snbt,,,Glimmering Tablet,eternal_starlight:book,,명시적 task.title 없이 아이템 hover 사용,
task,0D3DC52244DC7ADD,5103E2D95685ADFF,chapter_2_the_star.snbt,,,,minecraft:furnace,,명시적 task.title 없이 아이템 hover 사용,
task,64DA1A601744D578,5103E2D95685ADFF,chapter_2_the_star.snbt,,,포지 해머,modern_industrialization:forge_hammer,,명시적 task.title 없이 아이템 hover 사용,
task,6EB77DA12A5C71FC,5103E2D95685ADFF,chapter_2_the_star.snbt,,,Allthemodium Ingot,allthemodium:allthemodium_ingot,,명시적 task.title 없이 아이템 hover 사용,
task,3768935221C60A6D,5103E2D95685ADFF,chapter_2_the_star.snbt,,,Verdant Sprig,rootsclassic:verdant_sprig,,명시적 task.title 없이 아이템 hover 사용,
task,72B9AE8136B91BB9,5103E2D95685ADFF,chapter_2_the_star.snbt,,,Primogel Goo,justdirethings:gooblock_tier1,,명시적 task.title 없이 아이템 hover 사용,
task,4B103D9A56D58954,5103E2D95685ADFF,chapter_2_the_star.snbt,,,모델 프레임워크,hostilenetworks:blank_data_model,,명시적 task.title 없이 아이템 hover 사용,
task,4F3FDE5B92E3EE76,5103E2D95685ADFF,chapter_2_the_star.snbt,,,,minecraft:echo_shard,,명시적 task.title 없이 아이템 hover 사용,
task,1934789006427AE9,5103E2D95685ADFF,chapter_2_the_star.snbt,,,Arcane Crystal,forbidden_arcanus:arcane_crystal,,명시적 task.title 없이 아이템 hover 사용,
task,7330E1F4B62A7A99,5103E2D95685ADFF,chapter_2_the_star.snbt,,,Pocket Storage Unit Tier: 1,pocketstorage:psu_1,,명시적 task.title 없이 아이템 hover 사용,
task,58064333E54BF3A9,5103E2D95685ADFF,chapter_2_the_star.snbt,,,Polished Darkstone,forbidden_arcanus:polished_darkstone,,명시적 task.title 없이 아이템 hover 사용,
task,61A84970EB325AF6,5103E2D95685ADFF,chapter_2_the_star.snbt,,,Polished Darkstone Stairs,forbidden_arcanus:polished_darkstone_stairs,,명시적 task.title 없이 아이템 hover 사용,
task,4F40632F75B3DCFC,5103E2D95685ADFF,chapter_2_the_star.snbt,,,Polished Darkstone Slab,forbidden_arcanus:polished_darkstone_slab,,명시적 task.title 없이 아이템 hover 사용,
task,66F847D1DFAEE4D7,5103E2D95685ADFF,chapter_2_the_star.snbt,,,Arcane Polished Darkstone Pillar,forbidden_arcanus:arcane_polished_darkstone_pillar,,명시적 task.title 없이 아이템 hover 사용,
task,1E74298B5DBFAC03,5103E2D95685ADFF,chapter_2_the_star.snbt,,,Gilded Chiseled Polished Darkstone,forbidden_arcanus:gilded_chiseled_polished_darkstone,,명시적 task.title 없이 아이템 hover 사용,
task,67A533CBB47640D3,5103E2D95685ADFF,chapter_2_the_star.snbt,,,Arcane Polished Darkstone,forbidden_arcanus:arcane_polished_darkstone,,명시적 task.title 없이 아이템 hover 사용,
task,318AD48CD9B5AE51,5103E2D95685ADFF,chapter_2_the_star.snbt,,,Chiseled Arcane Polished Darkstone,forbidden_arcanus:chiseled_arcane_polished_darkstone,,명시적 task.title 없이 아이템 hover 사용,
task,0A40DB7C36ADC441,5103E2D95685ADFF,chapter_2_the_star.snbt,,,Darkstone Pedestal,forbidden_arcanus:darkstone_pedestal,,명시적 task.title 없이 아이템 hover 사용,
task,19710811292FFD8F,5103E2D95685ADFF,chapter_2_the_star.snbt,,,Arcane Crystal Obelisk,forbidden_arcanus:arcane_crystal_obelisk,,명시적 task.title 없이 아이템 hover 사용,
task,67D42E0DB8AA7578,5103E2D95685ADFF,chapter_2_the_star.snbt,,,Arcane Crystal Block,forbidden_arcanus:arcane_crystal_block,,명시적 task.title 없이 아이템 hover 사용,
task,15AE854C96012C43,5103E2D95685ADFF,chapter_2_the_star.snbt,,,Rune Block,forbidden_arcanus:rune_block,,명시적 task.title 없이 아이템 hover 사용,
task,20E9FF92307089C5,5103E2D95685ADFF,chapter_2_the_star.snbt,,,Quantum Injector,forbidden_arcanus:quantum_injector,,명시적 task.title 없이 아이템 hover 사용,
task,0305ECC8768D1F64,5103E2D95685ADFF,chapter_2_the_star.snbt,,,Magnetized Darkstone Pedestal,forbidden_arcanus:magnetized_darkstone_pedestal,,명시적 task.title 없이 아이템 hover 사용,
task,12C139C9F719CDA4,5103E2D95685ADFF,chapter_2_the_star.snbt,,,Polished Darkstone Stairs,forbidden_arcanus:polished_darkstone_stairs,,명시적 task.title 없이 아이템 hover 사용,
task,180F54EFAC7A51F5,5103E2D95685ADFF,chapter_2_the_star.snbt,,,Polished Darkstone,forbidden_arcanus:polished_darkstone,,명시적 task.title 없이 아이템 hover 사용,
task,79962A6232D7FAA5,5103E2D95685ADFF,chapter_2_the_star.snbt,,,Polished Darkstone,forbidden_arcanus:polished_darkstone,,명시적 task.title 없이 아이템 hover 사용,
task,13D2C035C8E5A6A6,5103E2D95685ADFF,chapter_2_the_star.snbt,,,Polished Darkstone,forbidden_arcanus:polished_darkstone,,명시적 task.title 없이 아이템 hover 사용,
task,306B1B0DCA17C47A,5103E2D95685ADFF,chapter_2_the_star.snbt,,,Polished Darkstone,forbidden_arcanus:polished_darkstone,,명시적 task.title 없이 아이템 hover 사용,
task,7A88277A22BBC23D,5103E2D95685ADFF,chapter_2_the_star.snbt,,,Polished Darkstone,forbidden_arcanus:polished_darkstone,,명시적 task.title 없이 아이템 hover 사용,
task,79091A03D874F1A7,5103E2D95685ADFF,chapter_2_the_star.snbt,,,,modern_industrialization:star_altar,,명시적 task.title 없이 아이템 hover 사용,
quest,31B0267C47DB9D98,5103E2D95685ADFF,chapter_2_the_star.snbt,,,AllRightsReserved,,,설명은 있으나 명시적 quest.title 없음,
task,662F6B4EF078E3A2,5103E2D95685ADFF,chapter_2_the_star.snbt,AllRightsReserved,AllRightsReserved,,,,한국어 파일의 영어 task.title,
task,644EBD9EBC93EB3C,5103E2D95685ADFF,chapter_2_the_star.snbt,AllRightsReserved,AllRightsReserved,,,,한국어 파일의 영어 task.title,
task,00C7C2A55B1F7E9E,5103E2D95685ADFF,chapter_2_the_star.snbt,,,엔지니어의 망치,immersiveengineering:hammer,,명시적 task.title 없이 아이템 hover 사용,
task,1E0B47C833DF68F7,5103E2D95685ADFF,chapter_2_the_star.snbt,,,테슬라 코일,immersiveengineering:tesla_coil,,명시적 task.title 없이 아이템 hover 사용,
task,482F3627D0B36B10,5103E2D95685ADFF,chapter_2_the_star.snbt,,,눈의 여왕 트로피,twilightforest:snow_queen_trophy,,명시적 task.title 없이 아이템 hover 사용,
task,6373147D18B35DCE,5103E2D95685ADFF,chapter_2_the_star.snbt,,,,stevescarts:module_galgadorian_drill,,명시적 task.title 없이 아이템 hover 사용,
task,17E6AEEE9C081DB1,5103E2D95685ADFF,chapter_2_the_star.snbt,,,,minecraft:diamond,,명시적 task.title 없이 아이템 hover 사용,
task,7D87951BDCAF7377,5103E2D95685ADFF,chapter_2_the_star.snbt,,,,stevescarts:component_stabilized_metal,,명시적 task.title 없이 아이템 hover 사용,
task,6D38B25BA2016921,5103E2D95685ADFF,chapter_2_the_star.snbt,,,Block of Unobtainium - Vibranium Alloy,allthemodium:unobtainium_vibranium_alloy_block,,명시적 task.title 없이 아이템 hover 사용,
task,1ADA8EDA9196471C,5103E2D95685ADFF,chapter_2_the_star.snbt,,,,minecraft:andesite,,명시적 task.title 없이 아이템 hover 사용,
task,63C76BC24DF941C2,5103E2D95685ADFF,chapter_2_the_star.snbt,,,블레이즈 버너,create:blaze_burner,,명시적 task.title 없이 아이템 hover 사용,
task,4419D03B50AA5626,5103E2D95685ADFF,chapter_2_the_star.snbt,,,기계 팔,create:mechanical_arm,,명시적 task.title 없이 아이템 hover 사용,
task,5445AEAA0A69731F,5103E2D95685ADFF,chapter_2_the_star.snbt,,,심연의 제물,cataclysm:abyssal_sacrifice,,명시적 task.title 없이 아이템 hover 사용,
task,3AD8B5818A760EB9,5103E2D95685ADFF,chapter_2_the_star.snbt,,,미트 슈레더,cataclysm:meat_shredder,,명시적 task.title 없이 아이템 hover 사용,
task,77DB4C87C4D3FEF2,5103E2D95685ADFF,chapter_2_the_star.snbt,,,공허 용광로,cataclysm:void_forge,,명시적 task.title 없이 아이템 hover 사용,
task,44013B23AB5873A2,5103E2D95685ADFF,chapter_2_the_star.snbt,,,,ftbfiltersystem:smart_filter,,명시적 task.title 없이 아이템 hover 사용,
task,3043AA3A143C2F09,5103E2D95685ADFF,chapter_2_the_star.snbt,,,,ftbfiltersystem:smart_filter,,명시적 task.title 없이 아이템 hover 사용,
task,7098EE34DE595CD4,5103E2D95685ADFF,chapter_2_the_star.snbt,,,,ftbfiltersystem:smart_filter,,명시적 task.title 없이 아이템 hover 사용,
task,38348DA04593A4ED,5103E2D95685ADFF,chapter_2_the_star.snbt,,,Magnetic Coil,oritech:magnetic_coil,,명시적 task.title 없이 아이템 hover 사용,
quest,57A7A5C79389A96A,100C477F4E63F20A,create.snbt,&6&lCreate&r,,item,minecraft:andesite,,설명은 있으나 명시적 quest.title 없음,
task,2811A593A759354C,100C477F4E63F20A,create.snbt,,,,minecraft:andesite,,명시적 task.title 없이 아이템 hover 사용,
quest,0F16498769DFB3B0,100C477F4E63F20A,create.snbt,&8Andesite Alloys,,안산암 합금,create:andesite_alloy,,설명은 있으나 명시적 quest.title 없음,
task,5D2B9139C49F5ABA,100C477F4E63F20A,create.snbt,,,안산암 합금,create:andesite_alloy,,명시적 task.title 없이 아이템 hover 사용,
quest,5B36DE3826F26963,100C477F4E63F20A,create.snbt,&d&lRotational Power,,축,create:shaft,,설명은 있으나 명시적 quest.title 없음,
task,2F89C6C2CD322B51,100C477F4E63F20A,create.snbt,,,축,create:shaft,,명시적 task.title 없이 아이템 hover 사용,
quest,1E9B2D814F50A265,100C477F4E63F20A,create.snbt,&6Encased Fan,,선풍기,create:encased_fan,,설명은 있으나 명시적 quest.title 없음,
task,1A4B96C7C821174E,100C477F4E63F20A,create.snbt,,,선풍기,create:encased_fan,,명시적 task.title 없이 아이템 hover 사용,
quest,4285510271B5223D,100C477F4E63F20A,create.snbt,&dGearbox,,기어박스,create:gearbox,,설명은 있으나 명시적 quest.title 없음,
task,1840DB80F48921E2,100C477F4E63F20A,create.snbt,,,기어박스,create:gearbox,,명시적 task.title 없이 아이템 hover 사용,
quest,2BB3DB19D5EFC7E2,100C477F4E63F20A,create.snbt,&dClutch,,클러치,create:clutch,,설명은 있으나 명시적 quest.title 없음,
task,54F14BE619292D1D,100C477F4E63F20A,create.snbt,,,클러치,create:clutch,,명시적 task.title 없이 아이템 hover 사용,
quest,67A46ED73E488CEE,100C477F4E63F20A,create.snbt,&dGearshift,,기어쉬프트,create:gearshift,,설명은 있으나 명시적 quest.title 없음,
task,0CE491535E6FA50B,100C477F4E63F20A,create.snbt,,,기어쉬프트,create:gearshift,,명시적 task.title 없이 아이템 hover 사용,
quest,7F8E50FA436DB4E6,100C477F4E63F20A,create.snbt,&dEncased Chain Drives,,체인 드라이브,create:encased_chain_drive,,설명은 있으나 명시적 quest.title 없음,
task,1674E46511507301,100C477F4E63F20A,create.snbt,,,체인 드라이브,create:encased_chain_drive,,명시적 task.title 없이 아이템 hover 사용,
quest,54EC1C7FC1DA9107,100C477F4E63F20A,create.snbt,&dAdjustable Chain Drive,,벨트 변속기,create:adjustable_chain_gearshift,,설명은 있으나 명시적 quest.title 없음,
task,115F81D0A661F71F,100C477F4E63F20A,create.snbt,,,벨트 변속기,create:adjustable_chain_gearshift,,명시적 task.title 없이 아이템 hover 사용,
quest,2D41B04C75FA02BC,100C477F4E63F20A,create.snbt,&6Mechanical Press,,압착기,create:mechanical_press,,설명은 있으나 명시적 quest.title 없음,
task,52136CB29F02E923,100C477F4E63F20A,create.snbt,,,압착기,create:mechanical_press,,명시적 task.title 없이 아이템 hover 사용,
quest,5DC892BA79EB52EC,100C477F4E63F20A,create.snbt,&6Mechanical Mixer,,믹서,create:mechanical_mixer,,설명은 있으나 명시적 quest.title 없음,
task,057EDA1FF37AE35E,100C477F4E63F20A,create.snbt,,,믹서,create:mechanical_mixer,,명시적 task.title 없이 아이템 hover 사용,
quest,75CBB5BD8C1DFEA1,100C477F4E63F20A,create.snbt,&8Basin,,대야,create:basin,,설명은 있으나 명시적 quest.title 없음,
task,56DBF4356117F26A,100C477F4E63F20A,create.snbt,,,대야,create:basin,,명시적 task.title 없이 아이템 hover 사용,
quest,1B182A30604655E2,100C477F4E63F20A,create.snbt,&cBlaze Burner,,블레이즈 버너,create:blaze_burner,,설명은 있으나 명시적 quest.title 없음,
task,50FED4EED98A8648,100C477F4E63F20A,create.snbt,,,블레이즈 버너,create:blaze_burner,,명시적 task.title 없이 아이템 hover 사용,
quest,29917E6196649F5D,100C477F4E63F20A,create.snbt,Speed,,속도 계측기,create:speedometer,,설명은 있으나 명시적 quest.title 없음,
task,6A5BBAA13F1730F2,100C477F4E63F20A,create.snbt,,,속도 계측기,create:speedometer,,명시적 task.title 없이 아이템 hover 사용,
quest,48BE7DAC5082044D,100C477F4E63F20A,create.snbt,Stress,,피로도 계측기,create:stressometer,,설명은 있으나 명시적 quest.title 없음,
task,10CB6FCDDD3E38D4,100C477F4E63F20A,create.snbt,,,피로도 계측기,create:stressometer,,명시적 task.title 없이 아이템 hover 사용,
quest,09936F8FCEA72C5C,100C477F4E63F20A,create.snbt,&aCart Assembler,,수레 조립기,create:cart_assembler,,설명은 있으나 명시적 quest.title 없음,
task,15BA4109324B4A44,100C477F4E63F20A,create.snbt,,,수레 조립기,create:cart_assembler,,명시적 task.title 없이 아이템 hover 사용,
quest,51EA6B1452883AB2,100C477F4E63F20A,create.snbt,&aLinear Chasis,,어두운 직선 섀시,create:linear_chassis,,설명은 있으나 명시적 quest.title 없음,
task,4A80AC1DE4002191,100C477F4E63F20A,create.snbt,,,어두운 직선 섀시,create:linear_chassis,,명시적 task.title 없이 아이템 hover 사용,
quest,459BA85E48B343AE,100C477F4E63F20A,create.snbt,&aRadial Chasis,,원형 섀시,create:radial_chassis,,설명은 있으나 명시적 quest.title 없음,
task,3598B8EDD5834F92,100C477F4E63F20A,create.snbt,,,원형 섀시,create:radial_chassis,,명시적 task.title 없이 아이템 hover 사용,
quest,76CBFA38D021AC95,100C477F4E63F20A,create.snbt,&dWindmills,,풍차 베어링,create:windmill_bearing,,설명은 있으나 명시적 quest.title 없음,
task,05ABADBC52C4AE83,100C477F4E63F20A,create.snbt,,,풍차 베어링,create:windmill_bearing,,명시적 task.title 없이 아이템 hover 사용,
task,457DF1E07998FF57,100C477F4E63F20A,create.snbt,,,풍차 날개,create:white_sail,,명시적 task.title 없이 아이템 hover 사용,
quest,3029E1E133B91ED8,100C477F4E63F20A,create.snbt,&6Mechanical Drill,,드릴,create:mechanical_drill,,설명은 있으나 명시적 quest.title 없음,
task,072131C19C185896,100C477F4E63F20A,create.snbt,,,드릴,create:mechanical_drill,,명시적 task.title 없이 아이템 hover 사용,
quest,72DCE154E1714890,100C477F4E63F20A,create.snbt,&6Mechanical Saw,,톱,create:mechanical_saw,,설명은 있으나 명시적 quest.title 없음,
task,36C1D75275CE2AAB,100C477F4E63F20A,create.snbt,,,톱,create:mechanical_saw,,명시적 task.title 없이 아이템 hover 사용,
quest,3314FBC4FEAE1D08,100C477F4E63F20A,create.snbt,&6Deployer,,기계 손,create:deployer,,설명은 있으나 명시적 quest.title 없음,
task,79D2F12337D1F637,100C477F4E63F20A,create.snbt,,,기계 손,create:deployer,,명시적 task.title 없이 아이템 hover 사용,
quest,4C31649D721F76B5,100C477F4E63F20A,create.snbt,&6Mechanical Harvester,,수확기,create:mechanical_harvester,,설명은 있으나 명시적 quest.title 없음,
task,1357FF84B9B133C4,100C477F4E63F20A,create.snbt,,,수확기,create:mechanical_harvester,,명시적 task.title 없이 아이템 hover 사용,
quest,0759CA52EECF3B49,100C477F4E63F20A,create.snbt,&6Mechanical Plough,,쟁기,create:mechanical_plough,,설명은 있으나 명시적 quest.title 없음,
task,7B9B459AAB9F6483,100C477F4E63F20A,create.snbt,,,쟁기,create:mechanical_plough,,명시적 task.title 없이 아이템 hover 사용,
quest,3F663416E824720C,100C477F4E63F20A,create.snbt,&cCopper Casings,,구리 케이스,create:copper_casing,,설명은 있으나 명시적 quest.title 없음,
task,7FE62F264B4FA5DE,100C477F4E63F20A,create.snbt,,,구리 케이스,create:copper_casing,,명시적 task.title 없이 아이템 hover 사용,
quest,3F2C1A81C17D2D67,100C477F4E63F20A,create.snbt,&6Mechanical Arm,,기계 팔,create:mechanical_arm,,설명은 있으나 명시적 quest.title 없음,
task,3EC06DE78E520CC9,100C477F4E63F20A,create.snbt,,,기계 팔,create:mechanical_arm,,명시적 task.title 없이 아이템 hover 사용,
quest,47A6769B6BF1A46D,100C477F4E63F20A,create.snbt,&eAndesite Funnel,,안산암 퍼널,create:andesite_funnel,,설명은 있으나 명시적 quest.title 없음,
task,5CB1191F8F7BBAA4,100C477F4E63F20A,create.snbt,,,안산암 퍼널,create:andesite_funnel,,명시적 task.title 없이 아이템 hover 사용,
quest,495B0CC178B4CFA9,100C477F4E63F20A,create.snbt,&eBrass Funnel,,황동 퍼널,create:brass_funnel,,설명은 있으나 명시적 quest.title 없음,
task,1C5B4D14826937BB,100C477F4E63F20A,create.snbt,,,황동 퍼널,create:brass_funnel,,명시적 task.title 없이 아이템 hover 사용,
quest,7C8CDD259495A31A,100C477F4E63F20A,create.snbt,&eAndesite Tunnel,,안산암 터널,create:andesite_tunnel,,설명은 있으나 명시적 quest.title 없음,
task,07162DA2FD7B0E05,100C477F4E63F20A,create.snbt,,,안산암 터널,create:andesite_tunnel,,명시적 task.title 없이 아이템 hover 사용,
quest,78656C89EEE80DB5,100C477F4E63F20A,create.snbt,&eBrass Tunnel,,황동 터널,create:brass_tunnel,,설명은 있으나 명시적 quest.title 없음,
task,688E14A6938EBEF7,100C477F4E63F20A,create.snbt,,,황동 터널,create:brass_tunnel,,명시적 task.title 없이 아이템 hover 사용,
quest,3D2A03EB2B91E9C1,100C477F4E63F20A,create.snbt,&eChute,,슈트,create:chute,,설명은 있으나 명시적 quest.title 없음,
task,105F8859D59964C4,100C477F4E63F20A,create.snbt,,,슈트,create:chute,,명시적 task.title 없이 아이템 hover 사용,
quest,4C77ABCD41383F32,100C477F4E63F20A,create.snbt,&cBlaze Cakes,,블레이즈 케이크,create:blaze_cake,,설명은 있으나 명시적 quest.title 없음,
task,2E9A4E9BFFC10819,100C477F4E63F20A,create.snbt,,,블레이즈 케이크,create:blaze_cake,,명시적 task.title 없이 아이템 hover 사용,
quest,4194397DFD0199C2,100C477F4E63F20A,create.snbt,&6Mechanical Crafter,,조합기,create:mechanical_crafter,,설명은 있으나 명시적 quest.title 없음,
task,65C6E83AF17405E0,100C477F4E63F20A,create.snbt,,,조합기,create:mechanical_crafter,,명시적 task.title 없이 아이템 hover 사용,
quest,75B14A09FE39EDDA,100C477F4E63F20A,create.snbt,&aGantry Carriage,,갠트리 운반대,create:gantry_carriage,,설명은 있으나 명시적 quest.title 없음,
task,7DA78C3A582368E2,100C477F4E63F20A,create.snbt,,,갠트리 운반대,create:gantry_carriage,,명시적 task.title 없이 아이템 hover 사용,
task,04117B84F76D9424,100C477F4E63F20A,create.snbt,,,갠트리 축,create:gantry_shaft,,명시적 task.title 없이 아이템 hover 사용,
quest,7EEEEDD5FF31ACD3,100C477F4E63F20A,create.snbt,&eSmart Chute,,스마트 슈트,create:smart_chute,,설명은 있으나 명시적 quest.title 없음,
task,37EE09651ED58F6F,100C477F4E63F20A,create.snbt,,,스마트 슈트,create:smart_chute,,명시적 task.title 없이 아이템 hover 사용,
quest,0CF69DBA9573A7B3,100C477F4E63F20A,create.snbt,,,설계도 탁자,create:schematic_table,,설명은 있으나 명시적 quest.title 없음,
task,0FB1E9BD14FE8EF8,100C477F4E63F20A,create.snbt,,,설계도 탁자,create:schematic_table,,명시적 task.title 없이 아이템 hover 사용,
quest,7D67058592EE5958,100C477F4E63F20A,create.snbt,,,설계도 대포,create:schematicannon,,설명은 있으나 명시적 quest.title 없음,
task,5D989C876E9B8AA5,100C477F4E63F20A,create.snbt,,,설계도 대포,create:schematicannon,,명시적 task.title 없이 아이템 hover 사용,
quest,24E658BA47367A44,100C477F4E63F20A,create.snbt,&aRope Pulley,,밧줄 도르래,create:rope_pulley,,설명은 있으나 명시적 quest.title 없음,
task,0674C07C7DE332A9,100C477F4E63F20A,create.snbt,,,밧줄 도르래,create:rope_pulley,,명시적 task.title 없이 아이템 hover 사용,
quest,1C2309DB4B890E71,100C477F4E63F20A,create.snbt,&bSpout,,주입기,create:spout,,설명은 있으나 명시적 quest.title 없음,
task,6772D04457414991,100C477F4E63F20A,create.snbt,,,주입기,create:spout,,명시적 task.title 없이 아이템 hover 사용,
quest,77382D4114E901CB,100C477F4E63F20A,create.snbt,&bHose Pulley,,호스 도르래,create:hose_pulley,,설명은 있으나 명시적 quest.title 없음,
task,739701B00C0F8A7B,100C477F4E63F20A,create.snbt,,,호스 도르래,create:hose_pulley,,명시적 task.title 없이 아이템 hover 사용,
task,473DA14538E1B94C,100C477F4E63F20A,create.snbt,,,피스톤 연장 축,create:piston_extension_pole,,명시적 task.title 없이 아이템 hover 사용,
quest,71B1B53A03A16296,100C477F4E63F20A,create.snbt,&bPortable Fluid Interfaces,,유체 인터페이스,create:portable_fluid_interface,,설명은 있으나 명시적 quest.title 없음,
task,339D26EDFBB54047,100C477F4E63F20A,create.snbt,,,유체 인터페이스,create:portable_fluid_interface,,명시적 task.title 없이 아이템 hover 사용,
quest,13AEBC331F29BC3D,100C477F4E63F20A,create.snbt,&e&lItem Logistics,,벨트,create:belt_connector,,설명은 있으나 명시적 quest.title 없음,
task,4D2A907287515990,100C477F4E63F20A,create.snbt,,,벨트,create:belt_connector,,명시적 task.title 없이 아이템 hover 사용,
task,727CBE88631AC9E4,100C477F4E63F20A,create.snbt,,,,ftbfiltersystem:smart_filter,,명시적 task.title 없이 아이템 hover 사용,
task,29DE74DC576F8E8E,100C477F4E63F20A,create.snbt,,,큰 톱니바퀴,create:large_cogwheel,,명시적 task.title 없이 아이템 hover 사용,
task,7AEAA5C19B8E99FE,100C477F4E63F20A,create.snbt,,,톱니바퀴,create:cogwheel,,명시적 task.title 없이 아이템 hover 사용,
task,4DB5C078BAAE3DA8,100C477F4E63F20A,create.snbt,,,안산암 케이스,create:andesite_casing,,명시적 task.title 없이 아이템 hover 사용,
task,6F72D8976359CFF9,100C477F4E63F20A,create.snbt,Water Wheels,,,ftbfiltersystem:smart_filter,,명시적 task.title 없이 아이템 hover 사용,
task,2EA23383998757C6,100C477F4E63F20A,create.snbt,,,증기 엔진,create:steam_engine,,명시적 task.title 없이 아이템 hover 사용,
task,4217AB92313F0F89,100C477F4E63F20A,create.snbt,,,유체 탱크,create:fluid_tank,,명시적 task.title 없이 아이템 hover 사용,
task,192706A02A293A1C,100C477F4E63F20A,create.snbt,,,축,create:shaft,,명시적 task.title 없이 아이템 hover 사용,
task,19BDD977AAB17921,100C477F4E63F20A,create.snbt,,,핸드 크랭크,create:hand_crank,,명시적 task.title 없이 아이템 hover 사용,
task,0ED3D3C01401174F,100C477F4E63F20A,create.snbt,,,아이템 거치대,create:depot,,명시적 task.title 없이 아이템 hover 사용,
task,285D52D05D2FAB67,100C477F4E63F20A,create.snbt,,,투척기,create:weighted_ejector,,명시적 task.title 없이 아이템 hover 사용,
task,6A8E6B5193CFE2F8,100C477F4E63F20A,create.snbt,,,유체 파이프,create:fluid_pipe,,명시적 task.title 없이 아이템 hover 사용,
task,4555EA054687BD5F,100C477F4E63F20A,create.snbt,,,,minecraft:copper_ingot,,명시적 task.title 없이 아이템 hover 사용,
task,16290ED370A07DB7,100C477F4E63F20A,create.snbt,,,분쇄 휠,create:crushing_wheel,,명시적 task.title 없이 아이템 hover 사용,
task,3FB9C700C44055D8,100C477F4E63F20A,create.snbt,,,맷돌,create:millstone,,명시적 task.title 없이 아이템 hover 사용,
task,6F30903EC2869067,100C477F4E63F20A,create.snbt,,,펌프,create:mechanical_pump,,명시적 task.title 없이 아이템 hover 사용,
task,071EEBBD3156659F,100C477F4E63F20A,create.snbt,,,렌치,create:wrench,,명시적 task.title 없이 아이템 hover 사용,
task,555663447A444CEB,100C477F4E63F20A,create.snbt,,,강력 접착제,create:super_glue,,명시적 task.title 없이 아이템 hover 사용,
task,07A2AF62AF5D458D,100C477F4E63F20A,create.snbt,,,엔지니어의 고글,create:goggles,,명시적 task.title 없이 아이템 hover 사용,
task,4CA1C8CE2BDB5E06,100C477F4E63F20A,create.snbt,,,강력 접착제,create:super_glue,,명시적 task.title 없이 아이템 hover 사용,
task,26E43D08FEE0F980,100C477F4E63F20A,create.snbt,,,안산암 케이스,create:andesite_casing,,명시적 task.title 없이 아이템 hover 사용,
task,57EEEFD7BCA8A133,100C477F4E63F20A,create.snbt,,,스마트 유체 파이프,create:smart_fluid_pipe,,명시적 task.title 없이 아이템 hover 사용,
task,535B15BCA9532614,100C477F4E63F20A,create.snbt,,,유체 밸브,create:fluid_valve,,명시적 task.title 없이 아이템 hover 사용,
task,44C61BA9848C4FFC,100C477F4E63F20A,create.snbt,,,황동 케이스,create:brass_casing,,명시적 task.title 없이 아이템 hover 사용,
task,296486F2E32D8B40,100C477F4E63F20A,create.snbt,,,정밀 기계장치,create:precision_mechanism,,명시적 task.title 없이 아이템 hover 사용,
task,49375288DCE07FCD,100C477F4E63F20A,create.snbt,,,순서 기어쉬프트,create:sequenced_gearshift,,명시적 task.title 없이 아이템 hover 사용,
task,6E05725C7CE526E4,100C477F4E63F20A,create.snbt,,,기차 케이스,create:railway_casing,,명시적 task.title 없이 아이템 hover 사용,
task,4F6AD36CAEB5CB61,100C477F4E63F20A,create.snbt,,,수직 기어박스,create:vertical_gearbox,,명시적 task.title 없이 아이템 hover 사용,
task,24D4BB049FB1FCFE,100C477F4E63F20A,create.snbt,,,유체 탱크,create:fluid_tank,,명시적 task.title 없이 아이템 hover 사용,
task,59F4EFCCDB445D31,100C477F4E63F20A,create.snbt,,,아이템 배수구,create:item_drain,,명시적 task.title 없이 아이템 hover 사용,
task,59AA248E950BBD8F,100C477F4E63F20A,create.snbt,,,베어링,create:mechanical_bearing,,명시적 task.title 없이 아이템 hover 사용,
task,01A42217C280329E,100C477F4E63F20A,create.snbt,,,시계 베어링,create:clockwork_bearing,,명시적 task.title 없이 아이템 hover 사용,
task,051D4768F84DC286,100C477F4E63F20A,create.snbt,,,기차 선로,create:track,,명시적 task.title 없이 아이템 hover 사용,
task,3DB476E2DADD7187,100C477F4E63F20A,create.snbt,,,기차 정거장,create:track_station,,명시적 task.title 없이 아이템 hover 사용,
task,2B3FD4FFEE151284,100C477F4E63F20A,create.snbt,,,기차 조종기,create:controls,,명시적 task.title 없이 아이템 hover 사용,
task,0763F3E94EEAA348,100C477F4E63F20A,create.snbt,,,강력 접착제,create:super_glue,,명시적 task.title 없이 아이템 hover 사용,
task,1711FECCA86EE974,100C477F4E63F20A,create.snbt,,,기차 케이스,create:railway_casing,,명시적 task.title 없이 아이템 hover 사용,
task,6A7CA672A7CD8588,100C477F4E63F20A,create.snbt,,,기차 신호기,create:track_signal,,명시적 task.title 없이 아이템 hover 사용,
task,4D074A7242534E62,100C477F4E63F20A,create.snbt,,,기차 감지기,create:track_observer,,명시적 task.title 없이 아이템 hover 사용,
task,12A80F0E076ABA12,100C477F4E63F20A,create.snbt,,,기차 계획표,create:schedule,,명시적 task.title 없이 아이템 hover 사용,
task,21C5C92ABD91D795,100C477F4E63F20A,create.snbt,,,,ftbfiltersystem:smart_filter,,명시적 task.title 없이 아이템 hover 사용,
task,6D655D196188B795,100C477F4E63F20A,create.snbt,,,기차 조종기,create:controls,,명시적 task.title 없이 아이템 hover 사용,
task,0E7E55664641FDB0,100C477F4E63F20A,create.snbt,,,강력 접착제,create:super_glue,,명시적 task.title 없이 아이템 hover 사용,
task,224EF2C8FDC1A36B,100C477F4E63F20A,create.snbt,,,골판지,create:cardboard,,명시적 task.title 없이 아이템 hover 사용,
task,34FA8A7CBB0916FA,100C477F4E63F20A,create.snbt,,,사슬 컨베이어,create:chain_conveyor,,명시적 task.title 없이 아이템 hover 사용,
task,6D64992492B29865,100C477F4E63F20A,create.snbt,,,개구리포트,create:package_frogport,,명시적 task.title 없이 아이템 hover 사용,
task,194776374F591632,100C477F4E63F20A,create.snbt,Postboxes,,,ftbfiltersystem:smart_filter,,명시적 task.title 없이 아이템 hover 사용,
task,093E2488096FEF3B,100C477F4E63F20A,create.snbt,,,재고 링크,create:stock_link,,명시적 task.title 없이 아이템 hover 사용,
task,198175B0102703E4,100C477F4E63F20A,create.snbt,,,재고 확인기,create:stock_ticker,,명시적 task.title 없이 아이템 hover 사용,
task,7C863DD10448129C,100C477F4E63F20A,create.snbt,,,포장기,create:packager,,명시적 task.title 없이 아이템 hover 사용,
task,3AB6845819FF686F,100C477F4E63F20A,create.snbt,Cardboard Packages,,,ftbfiltersystem:smart_filter,,명시적 task.title 없이 아이템 hover 사용,
task,6A24CA805665DA18,100C477F4E63F20A,create.snbt,,,아이템 금고,create:item_vault,,명시적 task.title 없이 아이템 hover 사용,
task,45140DDB8CE40AC4,100C477F4E63F20A,create.snbt,,,,ftbfiltersystem:smart_filter,,명시적 task.title 없이 아이템 hover 사용,
task,155AE69BDDF7E6CB,13B172FA69904D9F,deeper_and_darker.snbt,,,깊은 곳의 심장,deeperdarker:heart_of_the_deep,,명시적 task.title 없이 아이템 hover 사용,
task,0A540C96CCE078F2,13B172FA69904D9F,deeper_and_darker.snbt,,,Smithing Template,deeperdarker:warden_upgrade_smithing_template,,명시적 task.title 없이 아이템 hover 사용,
task,14208C18D09A625E,13B172FA69904D9F,deeper_and_darker.snbt,,,,ftbfiltersystem:smart_filter,,명시적 task.title 없이 아이템 hover 사용,
task,2404B1F307BB631A,13B172FA69904D9F,deeper_and_darker.snbt,,,,ftbfiltersystem:smart_filter,,명시적 task.title 없이 아이템 hover 사용,
task,06B95C293D282038,13B172FA69904D9F,deeper_and_darker.snbt,,,스컬크 송신기,deeperdarker:sculk_transmitter,,명시적 task.title 없이 아이템 hover 사용,
task,04C8F8C2632F116F,13B172FA69904D9F,deeper_and_darker.snbt,,,워든 투구,deeperdarker:warden_helmet,,명시적 task.title 없이 아이템 hover 사용,
task,05E24505D83DF602,13B172FA69904D9F,deeper_and_darker.snbt,,,워든 흉갑,deeperdarker:warden_chestplate,,명시적 task.title 없이 아이템 hover 사용,
task,15CB60DCC9EB6755,13B172FA69904D9F,deeper_and_darker.snbt,,,워든 레깅스,deeperdarker:warden_leggings,,명시적 task.title 없이 아이템 hover 사용,
task,216789181B7685CC,13B172FA69904D9F,deeper_and_darker.snbt,,,워든 부츠,deeperdarker:warden_boots,,명시적 task.title 없이 아이템 hover 사용,
task,453D4F29D23FC118,13B172FA69904D9F,deeper_and_darker.snbt,,,스컬크 겉날개,deeperdarker:soul_elytra,,명시적 task.title 없이 아이템 hover 사용,
task,6766B01814BE6296,13B172FA69904D9F,deeper_and_darker.snbt,,,Blooming Stem,deeperdarker:blooming_stem,,명시적 task.title 없이 아이템 hover 사용,
task,3145BBDC2A9E7774,13B172FA69904D9F,deeper_and_darker.snbt,,,메아리 원목,deeperdarker:echo_log,,명시적 task.title 없이 아이템 hover 사용,
task,5C838B001FB2AF7B,13B172FA69904D9F,deeper_and_darker.snbt,,,스컬크 조약돌,deeperdarker:cobbled_sculk_stone,,명시적 task.title 없이 아이템 hover 사용,
task,252FC5FF328914BF,13B172FA69904D9F,deeper_and_darker.snbt,,,암흑석 조약돌,deeperdarker:cobbled_gloomslate,,명시적 task.title 없이 아이템 hover 사용,
task,1629F5F959005971,13B172FA69904D9F,deeper_and_darker.snbt,,,Glowing Roots,deeperdarker:glowing_roots,,명시적 task.title 없이 아이템 hover 사용,
task,5BF361D8D188DADD,13B172FA69904D9F,deeper_and_darker.snbt,,,Bloom Berries,deeperdarker:bloom_berries,,명시적 task.title 없이 아이템 hover 사용,
task,67D74575D2974053,13B172FA69904D9F,deeper_and_darker.snbt,,,스컬크 덩굴,deeperdarker:sculk_vines,,명시적 task.title 없이 아이템 hover 사용,
task,2ED9DE6BBECA9CDA,13B172FA69904D9F,deeper_and_darker.snbt,,,Ice Lily,deeperdarker:ice_lily,,명시적 task.title 없이 아이템 hover 사용,
task,78D21547807C806C,13B172FA69904D9F,deeper_and_darker.snbt,,,Blooming Moss Block,deeperdarker:blooming_moss_block,,명시적 task.title 없이 아이템 hover 사용,
task,4CD08B1B3A888A91,13B172FA69904D9F,deeper_and_darker.snbt,,,메아리 흙,deeperdarker:echo_soil,,명시적 task.title 없이 아이템 hover 사용,
task,07E4391152889001,13B172FA69904D9F,deeper_and_darker.snbt,,,스컬크 반딧불,deeperdarker:sculk_gleam,,명시적 task.title 없이 아이템 hover 사용,
task,104E090D168D4CE0,13B172FA69904D9F,deeper_and_darker.snbt,,,어두운 선인장,deeperdarker:gloomy_cactus,,명시적 task.title 없이 아이템 hover 사용,
task,1495CBC301805E29,13B172FA69904D9F,deeper_and_darker.snbt,,,결정화된 호박석,deeperdarker:crystallized_amber,,명시적 task.title 없이 아이템 hover 사용,
task,732F7BD2686546F9,13B172FA69904D9F,deeper_and_darker.snbt,,,Sonorous Staff,deeperdarker:sonorous_staff,,명시적 task.title 없이 아이템 hover 사용,
task,632FDFBFD89DD9F9,13B172FA69904D9F,deeper_and_darker.snbt,,,스컬크 촉수,deeperdarker:sculk_tendrils,,명시적 task.title 없이 아이템 hover 사용,
task,4655017104923660,13B172FA69904D9F,deeper_and_darker.snbt,,,Soundproof Glass,deeperdarker:soundproof_glass,,명시적 task.title 없이 아이템 hover 사용,
task,25EF0FD904FA20FF,13B172FA69904D9F,deeper_and_darker.snbt,,,그을음 덩어리,deeperdarker:grime_ball,,명시적 task.title 없이 아이템 hover 사용,
task,1D876AD04C9038EF,13B172FA69904D9F,deeper_and_darker.snbt,,,강화된 메아리 조각,deeperdarker:reinforced_echo_shard,,명시적 task.title 없이 아이템 hover 사용,
task,1D76A5C236FC8717,0B826D13BAD43EEB,draconic_evolution.snbt,,,Energy Module,draconicevolution:item_draconium_energy,,명시적 task.title 없이 아이템 hover 사용,
task,10764264F36D3ED8,0B826D13BAD43EEB,draconic_evolution.snbt,,,Wyvern Energy Module,draconicevolution:item_wyvern_energy,,명시적 task.title 없이 아이템 hover 사용,
task,30574D39064813B9,0B826D13BAD43EEB,draconic_evolution.snbt,,,Draconic Energy Module,draconicevolution:item_draconic_energy,,명시적 task.title 없이 아이템 hover 사용,
task,7EEBD2FBBE9762E8,0B826D13BAD43EEB,draconic_evolution.snbt,,,Chaotic Energy Module,draconicevolution:item_chaotic_energy,,명시적 task.title 없이 아이템 hover 사용,
task,02D424E19C5B49D3,0B826D13BAD43EEB,draconic_evolution.snbt,,,Speed Module,draconicevolution:item_draconium_speed,,명시적 task.title 없이 아이템 hover 사용,
task,2E73CED80A975B02,0B826D13BAD43EEB,draconic_evolution.snbt,,,Wyvern Speed Module,draconicevolution:item_wyvern_speed,,명시적 task.title 없이 아이템 hover 사용,
task,2335FC0A8CDCE48C,0B826D13BAD43EEB,draconic_evolution.snbt,,,Draconic Speed Module,draconicevolution:item_draconic_speed,,명시적 task.title 없이 아이템 hover 사용,
task,77F5E176FDD21534,0B826D13BAD43EEB,draconic_evolution.snbt,,,Chaotic Speed Module,draconicevolution:item_chaotic_speed,,명시적 task.title 없이 아이템 hover 사용,
task,4DB67015C52358FC,0B826D13BAD43EEB,draconic_evolution.snbt,,,Wyvern Shield Recovery Module,draconicevolution:item_wyvern_shield_recovery,,명시적 task.title 없이 아이템 hover 사용,
task,56B97A32636D2195,0B826D13BAD43EEB,draconic_evolution.snbt,,,Draconic Shield Recovery Module,draconicevolution:item_draconic_shield_recovery,,명시적 task.title 없이 아이템 hover 사용,
task,2727668096263E0F,0B826D13BAD43EEB,draconic_evolution.snbt,,,Chaotic Shield Recovery Module,draconicevolution:item_chaotic_shield_recovery,,명시적 task.title 없이 아이템 hover 사용,
task,43159CD00B790742,0B826D13BAD43EEB,draconic_evolution.snbt,,,Wyvern Shield Capacity Module,draconicevolution:item_wyvern_shield_capacity,,명시적 task.title 없이 아이템 hover 사용,
task,701E53B2A54779D9,0B826D13BAD43EEB,draconic_evolution.snbt,,,Draconic Shield Capacity Module,draconicevolution:item_draconic_shield_capacity,,명시적 task.title 없이 아이템 hover 사용,
task,2FA9F37D667C5CCD,0B826D13BAD43EEB,draconic_evolution.snbt,,,Chaotic Shield Capacity Module,draconicevolution:item_chaotic_shield_capacity,,명시적 task.title 없이 아이템 hover 사용,
task,2CD48906720862D1,0B826D13BAD43EEB,draconic_evolution.snbt,,,Wyvern Large Shield Capacity Module,draconicevolution:item_wyvern_large_shield_capacity,,명시적 task.title 없이 아이템 hover 사용,
task,501BB3832EEE40E1,0B826D13BAD43EEB,draconic_evolution.snbt,,,Draconic Large Shield Capacity Module,draconicevolution:item_draconic_large_shield_capacity,,명시적 task.title 없이 아이템 hover 사용,
task,74CF4D2E4CBD3637,0B826D13BAD43EEB,draconic_evolution.snbt,,,Chaotic Large Shield Capacity Module,draconicevolution:item_chaotic_large_shield_capacity,,명시적 task.title 없이 아이템 hover 사용,
task,33FAF1015478CB17,0B826D13BAD43EEB,draconic_evolution.snbt,,,Wyvern Undying Module,draconicevolution:item_wyvern_undying,,명시적 task.title 없이 아이템 hover 사용,
task,20B4C158C9DD7EA2,0B826D13BAD43EEB,draconic_evolution.snbt,,,Draconic Undying Module,draconicevolution:item_draconic_undying,,명시적 task.title 없이 아이템 hover 사용,
task,309835FD9511F154,0B826D13BAD43EEB,draconic_evolution.snbt,,,Chaotic Undying Module,draconicevolution:item_chaotic_undying,,명시적 task.title 없이 아이템 hover 사용,
task,3322B804D048BF30,0B826D13BAD43EEB,draconic_evolution.snbt,,,AOE Module,draconicevolution:item_draconium_aoe,,명시적 task.title 없이 아이템 hover 사용,
task,4F825AF56523DA5E,0B826D13BAD43EEB,draconic_evolution.snbt,,,Wyvern AOE Module,draconicevolution:item_wyvern_aoe,,명시적 task.title 없이 아이템 hover 사용,
task,2ACB040E880AA278,0B826D13BAD43EEB,draconic_evolution.snbt,,,Draconic AOE Module,draconicevolution:item_draconic_aoe,,명시적 task.title 없이 아이템 hover 사용,
task,22158164E32379BE,0B826D13BAD43EEB,draconic_evolution.snbt,,,Chaotic AOE Module,draconicevolution:item_chaotic_aoe,,명시적 task.title 없이 아이템 hover 사용,
task,51EA851DDB2779B9,0B826D13BAD43EEB,draconic_evolution.snbt,,,Wyvern Shield Control Module,draconicevolution:item_wyvern_shield_control,,명시적 task.title 없이 아이템 hover 사용,
task,568B97C70C8462DD,0B826D13BAD43EEB,draconic_evolution.snbt,,,Draconic Shield Control Module,draconicevolution:item_draconic_shield_control,,명시적 task.title 없이 아이템 hover 사용,
task,1FC237D67BA936FA,0B826D13BAD43EEB,draconic_evolution.snbt,,,Chaotic Shield Control Module,draconicevolution:item_chaotic_shield_control,,명시적 task.title 없이 아이템 hover 사용,
task,0D221A5709E45811,0B826D13BAD43EEB,draconic_evolution.snbt,,,Chaos Shard,draconicevolution:chaos_shard,,명시적 task.title 없이 아이템 hover 사용,
task,6A516E772C246DFE,0B826D13BAD43EEB,draconic_evolution.snbt,,,Draconium Infused Obsidian,draconicevolution:infused_obsidian,,명시적 task.title 없이 아이템 hover 사용,
task,7433809103907ECE,0B826D13BAD43EEB,draconic_evolution.snbt,,,Energy Core,draconicevolution:energy_core,,명시적 task.title 없이 아이템 hover 사용,
task,13DD9FFA114EF17D,0B826D13BAD43EEB,draconic_evolution.snbt,,,Energy Core Stabilizer,draconicevolution:energy_core_stabilizer,,명시적 task.title 없이 아이템 hover 사용,
task,0EFC269472493100,0B826D13BAD43EEB,draconic_evolution.snbt,,,Energy Core Stabilizer,draconicevolution:energy_core_stabilizer,,명시적 task.title 없이 아이템 hover 사용,
task,21075B38EDF2D46C,0B826D13BAD43EEB,draconic_evolution.snbt,,,Draconium Block,draconicevolution:draconium_block,,명시적 task.title 없이 아이템 hover 사용,
task,28EA4F8DA9D5D693,0B826D13BAD43EEB,draconic_evolution.snbt,,,Energy Core Stabilizer,draconicevolution:energy_core_stabilizer,,명시적 task.title 없이 아이템 hover 사용,
task,7584789C7AD709E6,0B826D13BAD43EEB,draconic_evolution.snbt,,,Draconium Block,draconicevolution:draconium_block,,명시적 task.title 없이 아이템 hover 사용,
task,5F67C42E49748528,0B826D13BAD43EEB,draconic_evolution.snbt,,,Energy Core Stabilizer,draconicevolution:energy_core_stabilizer,,명시적 task.title 없이 아이템 hover 사용,
task,2D8913A86D59AEB4,0B826D13BAD43EEB,draconic_evolution.snbt,,,Draconium Block,draconicevolution:draconium_block,,명시적 task.title 없이 아이템 hover 사용,
task,36AD2A449FE452E8,0B826D13BAD43EEB,draconic_evolution.snbt,,,,minecraft:redstone_block,,명시적 task.title 없이 아이템 hover 사용,
task,55B1860918629DA2,0B826D13BAD43EEB,draconic_evolution.snbt,,,Energy Core Stabilizer,draconicevolution:energy_core_stabilizer,,명시적 task.title 없이 아이템 hover 사용,
task,13CAFA40CDF003B5,0B826D13BAD43EEB,draconic_evolution.snbt,,,Draconium Block,draconicevolution:draconium_block,,명시적 task.title 없이 아이템 hover 사용,
task,5E2F12A4A10B340F,0B826D13BAD43EEB,draconic_evolution.snbt,,,,minecraft:redstone_block,,명시적 task.title 없이 아이템 hover 사용,
task,6D79259DB6ABE2DA,0B826D13BAD43EEB,draconic_evolution.snbt,,,Energy Core Stabilizer,draconicevolution:energy_core_stabilizer,,명시적 task.title 없이 아이템 hover 사용,
task,28819FFDA0827620,0B826D13BAD43EEB,draconic_evolution.snbt,,,Draconium Block,draconicevolution:draconium_block,,명시적 task.title 없이 아이템 hover 사용,
task,31103B425588A4DF,0B826D13BAD43EEB,draconic_evolution.snbt,,,,minecraft:redstone_block,,명시적 task.title 없이 아이템 hover 사용,
task,4B1B2DCF8BB90B8B,0B826D13BAD43EEB,draconic_evolution.snbt,,,Energy Core Stabilizer,draconicevolution:energy_core_stabilizer,,명시적 task.title 없이 아이템 hover 사용,
task,046C14338B30DFCD,0B826D13BAD43EEB,draconic_evolution.snbt,,,Draconium Block,draconicevolution:draconium_block,,명시적 task.title 없이 아이템 hover 사용,
task,19BAF6A931B40F5D,0B826D13BAD43EEB,draconic_evolution.snbt,,,Awakened Draconium Block,draconicevolution:awakened_draconium_block,,명시적 task.title 없이 아이템 hover 사용,
task,3D670D4469917BF1,0B826D13BAD43EEB,draconic_evolution.snbt,,,Energy Pylon,draconicevolution:energy_pylon,,명시적 task.title 없이 아이템 hover 사용,
task,5A9E0E8A579C863F,0B826D13BAD43EEB,draconic_evolution.snbt,,,Energy Core Stabilizer,draconicevolution:energy_core_stabilizer,,명시적 task.title 없이 아이템 hover 사용,
task,1B67C959C7F2AAE7,0B826D13BAD43EEB,draconic_evolution.snbt,,,Draconium Block,draconicevolution:draconium_block,,명시적 task.title 없이 아이템 hover 사용,
task,1AFB7D87A71F862A,0B826D13BAD43EEB,draconic_evolution.snbt,,,,minecraft:redstone_block,,명시적 task.title 없이 아이템 hover 사용,
task,58CEA0A63FEF1406,0B826D13BAD43EEB,draconic_evolution.snbt,,,Wyvern Pickaxe,draconicevolution:wyvern_pickaxe,,명시적 task.title 없이 아이템 hover 사용,
task,39CE823346207A21,0B826D13BAD43EEB,draconic_evolution.snbt,,,Draconic Pickaxe,draconicevolution:draconic_pickaxe,,명시적 task.title 없이 아이템 hover 사용,
task,2F1C35191E6C5B60,0B826D13BAD43EEB,draconic_evolution.snbt,,,Chaotic Pickaxe,draconicevolution:chaotic_pickaxe,,명시적 task.title 없이 아이템 hover 사용,
task,2910D9CDBCF9AE24,0B826D13BAD43EEB,draconic_evolution.snbt,,,Wyvern Sword,draconicevolution:wyvern_sword,,명시적 task.title 없이 아이템 hover 사용,
task,1BF799C8898716E4,0B826D13BAD43EEB,draconic_evolution.snbt,,,Draconic Sword,draconicevolution:draconic_sword,,명시적 task.title 없이 아이템 hover 사용,
task,0AFD95B14EA35FEB,0B826D13BAD43EEB,draconic_evolution.snbt,,,Chaotic Sword,draconicevolution:chaotic_sword,,명시적 task.title 없이 아이템 hover 사용,
task,407EEF67B575361C,0B826D13BAD43EEB,draconic_evolution.snbt,,,Wyvern Shovel,draconicevolution:wyvern_shovel,,명시적 task.title 없이 아이템 hover 사용,
task,57516D08A532A6D9,0B826D13BAD43EEB,draconic_evolution.snbt,,,Draconic Shovel,draconicevolution:draconic_shovel,,명시적 task.title 없이 아이템 hover 사용,
task,2C3BC16D36192BC5,0B826D13BAD43EEB,draconic_evolution.snbt,,,Chaotic Shovel,draconicevolution:chaotic_shovel,,명시적 task.title 없이 아이템 hover 사용,
task,5B309CC849575BAB,0B826D13BAD43EEB,draconic_evolution.snbt,,,Draconic Staff of Power,draconicevolution:draconic_staff,,명시적 task.title 없이 아이템 hover 사용,
task,5D5E2B91237B0A83,0B826D13BAD43EEB,draconic_evolution.snbt,,,Chaotic Staff of Power,draconicevolution:chaotic_staff,,명시적 task.title 없이 아이템 hover 사용,
task,526113C0A6FEE835,0B826D13BAD43EEB,draconic_evolution.snbt,,,Module Core,draconicevolution:module_core,,명시적 task.title 없이 아이템 hover 사용,
task,4E218D4579DA19CA,0B826D13BAD43EEB,draconic_evolution.snbt,,,Wyvern Bow,draconicevolution:wyvern_bow,,명시적 task.title 없이 아이템 hover 사용,
task,6BBAE543089547D9,0B826D13BAD43EEB,draconic_evolution.snbt,,,Draconic Bow,draconicevolution:draconic_bow,,명시적 task.title 없이 아이템 hover 사용,
task,26BE6BA90399F55D,0B826D13BAD43EEB,draconic_evolution.snbt,,,Chaotic Bow,draconicevolution:chaotic_bow,,명시적 task.title 없이 아이템 hover 사용,
task,7DC8BE92D6D7DBCC,0B826D13BAD43EEB,draconic_evolution.snbt,,,Auto Feed Module,draconicevolution:item_draconium_auto_feed,,명시적 task.title 없이 아이템 hover 사용,
task,1ED5F0AA6588F503,0B826D13BAD43EEB,draconic_evolution.snbt,,,Damage Module,draconicevolution:item_draconium_damage,,명시적 task.title 없이 아이템 hover 사용,
task,56370732D830D093,0B826D13BAD43EEB,draconic_evolution.snbt,,,Wyvern Damage Module,draconicevolution:item_wyvern_damage,,명시적 task.title 없이 아이템 hover 사용,
task,0746EC1EA680B78D,0B826D13BAD43EEB,draconic_evolution.snbt,,,Draconic Damage Module,draconicevolution:item_draconic_damage,,명시적 task.title 없이 아이템 hover 사용,
task,33FC8252185CB8ED,0B826D13BAD43EEB,draconic_evolution.snbt,,,Chaotic Damage Module,draconicevolution:item_chaotic_damage,,명시적 task.title 없이 아이템 hover 사용,
task,76BCC3C288514737,0B826D13BAD43EEB,draconic_evolution.snbt,,,Draconium Dust,draconicevolution:draconium_dust,,명시적 task.title 없이 아이템 hover 사용,
task,1177AB4D5588F257,0B826D13BAD43EEB,draconic_evolution.snbt,,,Draconium Core,draconicevolution:draconium_core,,명시적 task.title 없이 아이템 hover 사용,
task,4F50EF2523C3878B,0B826D13BAD43EEB,draconic_evolution.snbt,,,Fusion Crafting Core,draconicevolution:crafting_core,,명시적 task.title 없이 아이템 hover 사용,
task,3D86285F124928F8,0B826D13BAD43EEB,draconic_evolution.snbt,,,Draconium Fusion Crafting Injector,draconicevolution:basic_crafting_injector,,명시적 task.title 없이 아이템 hover 사용,
task,3B5336539F8701BD,0B826D13BAD43EEB,draconic_evolution.snbt,,,Wyvern Fusion Crafting Injector,draconicevolution:wyvern_crafting_injector,,명시적 task.title 없이 아이템 hover 사용,
task,456AE9FF8794BBD4,0B826D13BAD43EEB,draconic_evolution.snbt,,,Draconic Fusion Crafting Injector,draconicevolution:awakened_crafting_injector,,명시적 task.title 없이 아이템 hover 사용,
task,2F8AF8AE6F59B5CE,0B826D13BAD43EEB,draconic_evolution.snbt,,,Chaotic Fusion Crafting Injector,draconicevolution:chaotic_crafting_injector,,명시적 task.title 없이 아이템 hover 사용,
task,56308DFC57B1249E,0B826D13BAD43EEB,draconic_evolution.snbt,,,Draconium Chest,draconicevolution:draconium_chest,,명시적 task.title 없이 아이템 hover 사용,
task,471F944E1DA4FCBC,0B826D13BAD43EEB,draconic_evolution.snbt,,,Awakened Draconium Block,draconicevolution:awakened_draconium_block,,명시적 task.title 없이 아이템 hover 사용,
task,15CE4B82B5863A8B,0B826D13BAD43EEB,draconic_evolution.snbt,,,Wyvern Capacitor,draconicevolution:wyvern_capacitor,,명시적 task.title 없이 아이템 hover 사용,
task,03D8669E761BA583,0B826D13BAD43EEB,draconic_evolution.snbt,,,Wyvern Chestpiece,draconicevolution:wyvern_chestpiece,,명시적 task.title 없이 아이템 hover 사용,
task,414D0C56813D9BBB,0B826D13BAD43EEB,draconic_evolution.snbt,,,Draconic Core,draconicevolution:awakened_core,,명시적 task.title 없이 아이템 hover 사용,
task,12DC5DD555FB3DEF,0B826D13BAD43EEB,draconic_evolution.snbt,,,Chaotic Core,draconicevolution:chaotic_core,,명시적 task.title 없이 아이템 hover 사용,
task,42F81219DD85E34F,0B826D13BAD43EEB,draconic_evolution.snbt,,,Draconic Chestpiece,draconicevolution:draconic_chestpiece,,명시적 task.title 없이 아이템 hover 사용,
task,002993328BED5A60,0B826D13BAD43EEB,draconic_evolution.snbt,,,Chaotic Chestpiece,draconicevolution:chaotic_chestpiece,,명시적 task.title 없이 아이템 hover 사용,
task,49A3CC960C35F9C9,0B826D13BAD43EEB,draconic_evolution.snbt,,,Chaotic Capacitor,draconicevolution:chaotic_capacitor,,명시적 task.title 없이 아이템 hover 사용,
task,73F4047BAB9D0B77,0B826D13BAD43EEB,draconic_evolution.snbt,,,Draconic Capacitor,draconicevolution:draconic_capacitor,,명시적 task.title 없이 아이템 hover 사용,
task,1E33B6AC90BEE300,0B826D13BAD43EEB,draconic_evolution.snbt,,,Basic Energy Relay Crystal,draconicevolution:basic_relay_crystal,,명시적 task.title 없이 아이템 hover 사용,
task,165C17055E69492C,0B826D13BAD43EEB,draconic_evolution.snbt,,,Draconic Energy Relay Crystal,draconicevolution:draconic_relay_crystal,,명시적 task.title 없이 아이템 hover 사용,
task,2C3AA490328FAE8C,0B826D13BAD43EEB,draconic_evolution.snbt,,,Wyvern Energy Relay Crystal,draconicevolution:wyvern_relay_crystal,,명시적 task.title 없이 아이템 hover 사용,
task,527E10E9550048CA,0B826D13BAD43EEB,draconic_evolution.snbt,,,Draconic Auto Feed Module,draconicevolution:item_draconic_auto_feed,,명시적 task.title 없이 아이템 hover 사용,
task,4782C7D803835881,0B826D13BAD43EEB,draconic_evolution.snbt,,,Wyvern Auto Feed Module,draconicevolution:item_wyvern_auto_feed,,명시적 task.title 없이 아이템 hover 사용,
task,310DD2EEBEF0EBA9,0B826D13BAD43EEB,draconic_evolution.snbt,,,Jump Module,draconicevolution:item_draconium_jump,,명시적 task.title 없이 아이템 hover 사용,
task,1671F1293B373AF3,0B826D13BAD43EEB,draconic_evolution.snbt,,,Wyvern Jump Module,draconicevolution:item_wyvern_jump,,명시적 task.title 없이 아이템 hover 사용,
task,05ABF37F8E1DE264,0B826D13BAD43EEB,draconic_evolution.snbt,,,Draconic Jump Module,draconicevolution:item_draconic_jump,,명시적 task.title 없이 아이템 hover 사용,
task,0B88252BE82CF5C6,0B826D13BAD43EEB,draconic_evolution.snbt,,,Chaotic Jump Module,draconicevolution:item_chaotic_jump,,명시적 task.title 없이 아이템 hover 사용,
task,64A54A26814AC387,0B826D13BAD43EEB,draconic_evolution.snbt,,,Energy Core Stabilizer,draconicevolution:energy_core_stabilizer,,명시적 task.title 없이 아이템 hover 사용,
task,48C475EE944E4AC6,0B826D13BAD43EEB,draconic_evolution.snbt,,,Energy Core Stabilizer,draconicevolution:energy_core_stabilizer,,명시적 task.title 없이 아이템 hover 사용,
task,1185E056FCB6918C,0B826D13BAD43EEB,draconic_evolution.snbt,,,Energy Pylon,draconicevolution:energy_pylon,,명시적 task.title 없이 아이템 hover 사용,
task,1EA0384F407273BA,0B826D13BAD43EEB,draconic_evolution.snbt,,,Crystal Binder,draconicevolution:crystal_binder,,명시적 task.title 없이 아이템 hover 사용,
task,4DCBC4B5CD5C7016,0B826D13BAD43EEB,draconic_evolution.snbt,,,Draconic Reactor Core,draconicevolution:reactor_core,,명시적 task.title 없이 아이템 hover 사용,
task,2184F68F4DDA4834,0B826D13BAD43EEB,draconic_evolution.snbt,,,Reactor Stabilizer,draconicevolution:reactor_stabilizer,,명시적 task.title 없이 아이템 hover 사용,
task,3A62FA10AC96760C,0B826D13BAD43EEB,draconic_evolution.snbt,,,Reactor Energy Injector,draconicevolution:reactor_injector,,명시적 task.title 없이 아이템 hover 사용,
task,47941C447E669A0E,0B826D13BAD43EEB,draconic_evolution.snbt,,,Awakened Draconium Block,draconicevolution:awakened_draconium_block,,명시적 task.title 없이 아이템 hover 사용,
task,5E453CAF75E1370A,0B826D13BAD43EEB,draconic_evolution.snbt,,,Flux Gate,draconicevolution:flux_gate,,명시적 task.title 없이 아이템 hover 사용,
task,57DC917AF757F1A0,0B826D13BAD43EEB,draconic_evolution.snbt,,,Wyvern Flight Module,draconicevolution:item_wyvern_flight,,명시적 task.title 없이 아이템 hover 사용,
task,3F28B3211730AFB9,0B826D13BAD43EEB,draconic_evolution.snbt,,,Wyvern Projectile Accuracy Module,draconicevolution:item_wyvern_proj_accuracy,,명시적 task.title 없이 아이템 hover 사용,
task,2DF91C91574F18A1,0B826D13BAD43EEB,draconic_evolution.snbt,,,Wyvern Projectile Damage Module,draconicevolution:item_wyvern_proj_damage,,명시적 task.title 없이 아이템 hover 사용,
task,2771CA29BA10C3F7,0B826D13BAD43EEB,draconic_evolution.snbt,,,Wyvern Projectile Penetration Module,draconicevolution:item_wyvern_proj_penetration,,명시적 task.title 없이 아이템 hover 사용,
task,4EFCDD3427D5CAE8,0B826D13BAD43EEB,draconic_evolution.snbt,,,Wyvern Projectile Velocity Module,draconicevolution:item_wyvern_proj_velocity,,명시적 task.title 없이 아이템 hover 사용,
task,3143C632F79A604C,0B826D13BAD43EEB,draconic_evolution.snbt,,,Wyvern Tree Harvester,draconicevolution:item_wyvern_tree_harvest,,명시적 task.title 없이 아이템 hover 사용,
task,4BCB651847D1D6B1,0B826D13BAD43EEB,draconic_evolution.snbt,,,Draconic Flight Module,draconicevolution:item_draconic_flight,,명시적 task.title 없이 아이템 hover 사용,
task,59BD7F05AA2944EB,0B826D13BAD43EEB,draconic_evolution.snbt,,,Draconic Projectile Accuracy Module,draconicevolution:item_draconic_proj_accuracy,,명시적 task.title 없이 아이템 hover 사용,
task,32BB5E044BAE4F77,0B826D13BAD43EEB,draconic_evolution.snbt,,,Draconic Projectile Damage Module,draconicevolution:item_draconic_proj_damage,,명시적 task.title 없이 아이템 hover 사용,
task,03D37837BCDC5FCB,0B826D13BAD43EEB,draconic_evolution.snbt,,,Draconic Projectile Penetration Module,draconicevolution:item_draconic_proj_penetration,,명시적 task.title 없이 아이템 hover 사용,
task,6B2CD2E18A26E55C,0B826D13BAD43EEB,draconic_evolution.snbt,,,Draconic Projectile Velocity Module,draconicevolution:item_draconic_proj_velocity,,명시적 task.title 없이 아이템 hover 사용,
task,2971418598EED7C8,0B826D13BAD43EEB,draconic_evolution.snbt,,,Draconic Forest Reduction Assistant,draconicevolution:item_draconic_tree_harvest,,명시적 task.title 없이 아이템 hover 사용,
task,1D27F6BC00BA4375,0B826D13BAD43EEB,draconic_evolution.snbt,,,Chaotic Flight Module,draconicevolution:item_chaotic_flight,,명시적 task.title 없이 아이템 hover 사용,
task,53E64B7B94EBE42A,0B826D13BAD43EEB,draconic_evolution.snbt,,,Chaotic Projectile Accuracy Module,draconicevolution:item_chaotic_proj_accuracy,,명시적 task.title 없이 아이템 hover 사용,
task,7E5AFCCDE171EEA5,0B826D13BAD43EEB,draconic_evolution.snbt,,,Chaotic Projectile Velocity Module,draconicevolution:item_chaotic_proj_velocity,,명시적 task.title 없이 아이템 hover 사용,
task,45C1EEF97BCF5A10,0B826D13BAD43EEB,draconic_evolution.snbt,,,Chaotic Projectile Damage Module,draconicevolution:item_chaotic_proj_damage,,명시적 task.title 없이 아이템 hover 사용,
task,23F6AD87539D4BE0,0B826D13BAD43EEB,draconic_evolution.snbt,,,Chaotic Projectile Penetration Module,draconicevolution:item_chaotic_proj_penetration,,명시적 task.title 없이 아이템 hover 사용,
task,77FC8AB08FF5339C,0B826D13BAD43EEB,draconic_evolution.snbt,,,Chaotic Deforestation Module,draconicevolution:item_chaotic_tree_harvest,,명시적 task.title 없이 아이템 hover 사용,
task,748F42CFD74B7147,0B826D13BAD43EEB,draconic_evolution.snbt,,,Energy Transfuser,draconicevolution:energy_transfuser,,명시적 task.title 없이 아이템 hover 사용,
task,664130FB28E419EF,0B826D13BAD43EEB,draconic_evolution.snbt,,,,ftbfiltersystem:smart_filter,,명시적 task.title 없이 아이템 hover 사용,
task,4679901448A62578,0B826D13BAD43EEB,draconic_evolution.snbt,,,Wyvern Hoe,draconicevolution:wyvern_hoe,,명시적 task.title 없이 아이템 hover 사용,
task,4C3121ED2A5CEDAD,0B826D13BAD43EEB,draconic_evolution.snbt,,,Wyvern Axe,draconicevolution:wyvern_axe,,명시적 task.title 없이 아이템 hover 사용,
task,4C963CB81FC120C0,0B826D13BAD43EEB,draconic_evolution.snbt,,,Draconic Axe,draconicevolution:draconic_axe,,명시적 task.title 없이 아이템 hover 사용,
task,04B28A210F54A390,0B826D13BAD43EEB,draconic_evolution.snbt,,,Draconic Hoe,draconicevolution:draconic_hoe,,명시적 task.title 없이 아이템 hover 사용,
task,26477C55298CBA27,0B826D13BAD43EEB,draconic_evolution.snbt,,,Chaotic Axe,draconicevolution:chaotic_axe,,명시적 task.title 없이 아이템 hover 사용,
task,22CE82B2A8B1584A,0B826D13BAD43EEB,draconic_evolution.snbt,,,Chaotic Hoe,draconicevolution:chaotic_hoe,,명시적 task.title 없이 아이템 hover 사용,
task,6263FF7F49AAC2E5,0B826D13BAD43EEB,draconic_evolution.snbt,,,Wireless Energy Link,draconicevolution:item_wyvern_energy_link,,명시적 task.title 없이 아이템 hover 사용,
task,7634D5C19B7C8904,0B826D13BAD43EEB,draconic_evolution.snbt,,,Quantum Energy Tunnel,draconicevolution:item_draconic_energy_link,,명시적 task.title 없이 아이템 hover 사용,
task,64938488390AE717,0B826D13BAD43EEB,draconic_evolution.snbt,,,Chaos-Entangled Quantum Energy Tunnel,draconicevolution:item_chaotic_energy_link,,명시적 task.title 없이 아이템 hover 사용,
task,6C567B271F8A7871,0B826D13BAD43EEB,draconic_evolution.snbt,,,Wyvern Projectile Gravity Compensation Module,draconicevolution:item_wyvern_proj_grav_comp,,명시적 task.title 없이 아이템 hover 사용,
task,53D181AA185BE944,0B826D13BAD43EEB,draconic_evolution.snbt,,,Draconic Projectile Gravity Compensation Module,draconicevolution:item_draconic_proj_grav_comp,,명시적 task.title 없이 아이템 hover 사용,
task,0FE2A541A688C114,0B826D13BAD43EEB,draconic_evolution.snbt,,,Chaotic Projectile Gravity Compensation Module,draconicevolution:item_chaotic_proj_grav_comp,,명시적 task.title 없이 아이템 hover 사용,
task,7D162713642FEC01,0B826D13BAD43EEB,draconic_evolution.snbt,,,Projectile Immunity Cancellation Module,draconicevolution:item_draconic_proj_anti_immune,,명시적 task.title 없이 아이템 hover 사용,
task,344FA029990B58A7,0B826D13BAD43EEB,draconic_evolution.snbt,,,Auto Fire Module,draconicevolution:item_wyvern_auto_fire,,명시적 task.title 없이 아이템 hover 사용,
task,2871F9FB5BF04B78,0B826D13BAD43EEB,draconic_evolution.snbt,,,Ender Collection Module,draconicevolution:item_wyvern_ender_collection,,명시적 task.title 없이 아이템 hover 사용,
task,5A39B70F8A227ECB,0B826D13BAD43EEB,draconic_evolution.snbt,,,Filterable Ender Collection Module,draconicevolution:item_draconic_ender_collection,,명시적 task.title 없이 아이템 hover 사용,
task,14816C5D68A251CF,0B826D13BAD43EEB,draconic_evolution.snbt,,,Selective Incineration Module,draconicevolution:item_wyvern_junk_filter,,명시적 task.title 없이 아이템 hover 사용,
task,42F5BB7FAEE85979,0B826D13BAD43EEB,draconic_evolution.snbt,,,Mining Stabilizer Module,draconicevolution:item_wyvern_mining_stability,,명시적 task.title 없이 아이템 hover 사용,
task,77F6D4559C370B83,0B826D13BAD43EEB,draconic_evolution.snbt,,,Hill Step Module,draconicevolution:item_wyvern_hill_step,,명시적 task.title 없이 아이템 hover 사용,
task,6ECA086766BF1840,0B826D13BAD43EEB,draconic_evolution.snbt,,,Aqua Adept Module,draconicevolution:item_wyvern_aqua_adapt,,명시적 task.title 없이 아이템 hover 사용,
task,24DF3AAA0346AA18,0B826D13BAD43EEB,draconic_evolution.snbt,,,Night Vision Module,draconicevolution:item_wyvern_night_vision,,명시적 task.title 없이 아이템 hover 사용,
task,3FBFC3BAACA69389,0F96DC3563DA78EF,elmystical_agriculturerr.snbt,,,번영 파편,mysticalagriculture:prosperity_shard,,명시적 task.title 없이 아이템 hover 사용,
task,3D88946A32BFA35F,0F96DC3563DA78EF,elmystical_agriculturerr.snbt,,,번영 씨앗 베이스,mysticalagriculture:prosperity_seed_base,,명시적 task.title 없이 아이템 hover 사용,
task,41BCFBEC6E169507,0F96DC3563DA78EF,elmystical_agriculturerr.snbt,,,주입 제단,mysticalagriculture:infusion_altar,,명시적 task.title 없이 아이템 hover 사용,
task,04DE1F990F95E617,0F96DC3563DA78EF,elmystical_agriculturerr.snbt,,,주입 받침대,mysticalagriculture:infusion_pedestal,,명시적 task.title 없이 아이템 hover 사용,
task,1A12DBE58B210795,0F96DC3563DA78EF,elmystical_agriculturerr.snbt,,,조율이 안된 부적,mysticalagriculture:unattuned_augment,,명시적 task.title 없이 아이템 hover 사용,
quest,5C590DB2F3D935E5,0F96DC3563DA78EF,elmystical_agriculturerr.snbt,,,Seed Reprocessor,mysticalagriculture:seed_reprocessor,,설명은 있으나 명시적 quest.title 없음,
task,553FA41266D63F7A,0F96DC3563DA78EF,elmystical_agriculturerr.snbt,,,Seed Reprocessor,mysticalagriculture:seed_reprocessor,,명시적 task.title 없이 아이템 hover 사용,
task,47A184CF57387DC7,0F96DC3563DA78EF,elmystical_agriculturerr.snbt,,,마스터 주입 수정,mysticalagriculture:master_infusion_crystal,,명시적 task.title 없이 아이템 hover 사용,
quest,41DBE44D7AA0B623,0F96DC3563DA78EF,elmystical_agriculturerr.snbt,,,땜장이 작업대,mysticalagriculture:tinkering_table,,설명은 있으나 명시적 quest.title 없음,
task,337ABEF7C810E816,0F96DC3563DA78EF,elmystical_agriculturerr.snbt,,,땜장이 작업대,mysticalagriculture:tinkering_table,,명시적 task.title 없이 아이템 hover 사용,
quest,16E3031D800B40D5,0F96DC3563DA78EF,elmystical_agriculturerr.snbt,,,Soulium Spawner,mysticalagriculture:soulium_spawner,,설명은 있으나 명시적 quest.title 없음,
task,2C0762C747054924,0F96DC3563DA78EF,elmystical_agriculturerr.snbt,,,Soulium Spawner,mysticalagriculture:soulium_spawner,,명시적 task.title 없이 아이템 hover 사용,
task,66A22C64B978D14E,0F96DC3563DA78EF,elmystical_agriculturerr.snbt,,,,mysticalagriculture:ice_seeds,,명시적 task.title 없이 아이템 hover 사용,
task,11EDB05BC54E502C,0F96DC3563DA78EF,elmystical_agriculturerr.snbt,,,인퍼륨 경작지,mysticalagriculture:inferium_farmland,,명시적 task.title 없이 아이템 hover 사용,
task,03F5ECD810F037D8,0F96DC3563DA78EF,elmystical_agriculturerr.snbt,,,,mysticalagriculture:inferium_seeds,,명시적 task.title 없이 아이템 hover 사용,
task,549F9D9ED163CF60,0F96DC3563DA78EF,elmystical_agriculturerr.snbt,,,,mysticalagriculture:earth_seeds,,명시적 task.title 없이 아이템 hover 사용,
task,5865E21723C2C04C,0F96DC3563DA78EF,elmystical_agriculturerr.snbt,,,,mysticalagriculture:water_seeds,,명시적 task.title 없이 아이템 hover 사용,
task,7DEB271808127E13,0F96DC3563DA78EF,elmystical_agriculturerr.snbt,,,,mysticalagriculture:dirt_seeds,,명시적 task.title 없이 아이템 hover 사용,
task,5ABAC0A86621FDAE,0F96DC3563DA78EF,elmystical_agriculturerr.snbt,,,,mysticalagriculture:stone_seeds,,명시적 task.title 없이 아이템 hover 사용,
task,2515FBAF4FB435D1,0F96DC3563DA78EF,elmystical_agriculturerr.snbt,,,,mysticalagriculture:deepslate_seeds,,명시적 task.title 없이 아이템 hover 사용,
task,39C1F0936A29423F,0F96DC3563DA78EF,elmystical_agriculturerr.snbt,,,,mysticalagriculture:fire_seeds,,명시적 task.title 없이 아이템 hover 사용,
task,06CFF66846E1CE0F,0F96DC3563DA78EF,elmystical_agriculturerr.snbt,,,,mysticalagriculture:wood_seeds,,명시적 task.title 없이 아이템 hover 사용,
task,1D0225C66C7B48F3,0F96DC3563DA78EF,elmystical_agriculturerr.snbt,,,소울륨 단검,mysticalagriculture:soulium_dagger,,명시적 task.title 없이 아이템 hover 사용,
task,1E8B2243116BF6DA,0F96DC3563DA78EF,elmystical_agriculturerr.snbt,,,영혼 항아리,mysticalagriculture:soul_jar,,명시적 task.title 없이 아이템 hover 사용,
task,1E6423E09F658FC5,0F96DC3563DA78EF,elmystical_agriculturerr.snbt,,,Soul Extractor,mysticalagriculture:soul_extractor,,명시적 task.title 없이 아이템 hover 사용,
task,667004CD0469493D,0F96DC3563DA78EF,elmystical_agriculturerr.snbt,,,인퍼륨 에센스,mysticalagriculture:inferium_essence,,명시적 task.title 없이 아이템 hover 사용,
task,047D297988E59B6B,0F96DC3563DA78EF,elmystical_agriculturerr.snbt,,,인퍼륨 성장 가속기,mysticalagriculture:inferium_growth_accelerator,,명시적 task.title 없이 아이템 hover 사용,
task,51547F271EAC0A87,0F96DC3563DA78EF,elmystical_agriculturerr.snbt,,,Inferium Apple,mysticalagradditions:inferium_apple,,명시적 task.title 없이 아이템 hover 사용,
task,120DDD0418F82EC0,0F96DC3563DA78EF,elmystical_agriculturerr.snbt,,,인퍼륨 투구,mysticalagriculture:inferium_helmet,,명시적 task.title 없이 아이템 hover 사용,
task,45249857D08CB7F7,0F96DC3563DA78EF,elmystical_agriculturerr.snbt,,,인퍼륨 흉갑,mysticalagriculture:inferium_chestplate,,명시적 task.title 없이 아이템 hover 사용,
task,4DE8B3ADDD0DC539,0F96DC3563DA78EF,elmystical_agriculturerr.snbt,,,인퍼륨 각반,mysticalagriculture:inferium_leggings,,명시적 task.title 없이 아이템 hover 사용,
task,4DD5F73A2CC0848C,0F96DC3563DA78EF,elmystical_agriculturerr.snbt,,,인퍼륨 부츠,mysticalagriculture:inferium_boots,,명시적 task.title 없이 아이템 hover 사용,
task,0C282319C6EAC76E,0F96DC3563DA78EF,elmystical_agriculturerr.snbt,,,주입 수정,mysticalagriculture:infusion_crystal,,명시적 task.title 없이 아이템 hover 사용,
task,0724F3944632CE48,0F96DC3563DA78EF,elmystical_agriculturerr.snbt,,,,mysticalagriculture:air_seeds,,명시적 task.title 없이 아이템 hover 사용,
task,5093432E189F5F6F,0F96DC3563DA78EF,elmystical_agriculturerr.snbt,,,프루덴튬 경작지,mysticalagriculture:prudentium_farmland,,명시적 task.title 없이 아이템 hover 사용,
task,68C2E4443A30EBCD,0F96DC3563DA78EF,elmystical_agriculturerr.snbt,,,,mysticalagriculture:coral_seeds,,명시적 task.title 없이 아이템 hover 사용,
task,0EE2D7787F6BCC5B,0F96DC3563DA78EF,elmystical_agriculturerr.snbt,,,,mysticalagriculture:coal_seeds,,명시적 task.title 없이 아이템 hover 사용,
task,05F63F2B26AC3813,0F96DC3563DA78EF,elmystical_agriculturerr.snbt,,,,mysticalagriculture:dye_seeds,,명시적 task.title 없이 아이템 hover 사용,
task,7BDE7BF288BF4C12,0F96DC3563DA78EF,elmystical_agriculturerr.snbt,,,,mysticalagriculture:aluminum_seeds,,명시적 task.title 없이 아이템 hover 사용,
task,710F8974F3DC637A,0F96DC3563DA78EF,elmystical_agriculturerr.snbt,,,,mysticalagriculture:honey_seeds,,명시적 task.title 없이 아이템 hover 사용,
task,782E7DB1D1B935F9,0F96DC3563DA78EF,elmystical_agriculturerr.snbt,,,,mysticalagriculture:nature_seeds,,명시적 task.title 없이 아이템 hover 사용,
task,02578ADBCFF855EA,0F96DC3563DA78EF,elmystical_agriculturerr.snbt,,,,mysticalagriculture:nether_seeds,,명시적 task.title 없이 아이템 hover 사용,
task,47EB67F67390D09C,0F96DC3563DA78EF,elmystical_agriculturerr.snbt,,,,mysticalagriculture:chicken_seeds,,명시적 task.title 없이 아이템 hover 사용,
task,1E4845AD1FC5216D,0F96DC3563DA78EF,elmystical_agriculturerr.snbt,,,,mysticalagriculture:squid_seeds,,명시적 task.title 없이 아이템 hover 사용,
quest,7580037DB8ADEB3C,0F96DC3563DA78EF,elmystical_agriculturerr.snbt,,,item,mysticalagriculture:cow_seeds,,설명은 있으나 명시적 quest.title 없음,
task,2866EA9311E575B6,0F96DC3563DA78EF,elmystical_agriculturerr.snbt,,,,mysticalagriculture:cow_seeds,,명시적 task.title 없이 아이템 hover 사용,
task,4AC1F7DF47EB532C,0F96DC3563DA78EF,elmystical_agriculturerr.snbt,,,,mysticalagriculture:pig_seeds,,명시적 task.title 없이 아이템 hover 사용,
quest,2C73E3C5113BF2AC,0F96DC3563DA78EF,elmystical_agriculturerr.snbt,,,item,mysticalagriculture:sheep_seeds,,설명은 있으나 명시적 quest.title 없음,
task,745EDBA102BB6C91,0F96DC3563DA78EF,elmystical_agriculturerr.snbt,,,,mysticalagriculture:sheep_seeds,,명시적 task.title 없이 아이템 hover 사용,
task,0B7F79DE8130BAE9,0F96DC3563DA78EF,elmystical_agriculturerr.snbt,,,,mysticalagriculture:fish_seeds,,명시적 task.title 없이 아이템 hover 사용,
task,697EBA0A6EF9183E,0F96DC3563DA78EF,elmystical_agriculturerr.snbt,,,,mysticalagriculture:turtle_seeds,,명시적 task.title 없이 아이템 hover 사용,
task,180DD2AAD6C8F073,0F96DC3563DA78EF,elmystical_agriculturerr.snbt,,,,mysticalagriculture:slime_seeds,,명시적 task.title 없이 아이템 hover 사용,
task,357DFF6A72C09E2E,0F96DC3563DA78EF,elmystical_agriculturerr.snbt,,,프루덴튬 성장 가속기,mysticalagriculture:prudentium_growth_accelerator,,명시적 task.title 없이 아이템 hover 사용,
task,50EED9493818859D,0F96DC3563DA78EF,elmystical_agriculturerr.snbt,,,Prudentium Apple,mysticalagradditions:prudentium_apple,,명시적 task.title 없이 아이템 hover 사용,
task,216AD49CD1746BD3,0F96DC3563DA78EF,elmystical_agriculturerr.snbt,,,프루덴튬 투구,mysticalagriculture:prudentium_helmet,,명시적 task.title 없이 아이템 hover 사용,
task,0231342A2C080DE3,0F96DC3563DA78EF,elmystical_agriculturerr.snbt,,,프루덴튬 흉갑,mysticalagriculture:prudentium_chestplate,,명시적 task.title 없이 아이템 hover 사용,
task,1721D6A39270238F,0F96DC3563DA78EF,elmystical_agriculturerr.snbt,,,프루덴튬 각반,mysticalagriculture:prudentium_leggings,,명시적 task.title 없이 아이템 hover 사용,
task,5C37A638689F024A,0F96DC3563DA78EF,elmystical_agriculturerr.snbt,,,프루덴튬 부츠,mysticalagriculture:prudentium_boots,,명시적 task.title 없이 아이템 hover 사용,
task,4B2621F8D8FA7CA7,0F96DC3563DA78EF,elmystical_agriculturerr.snbt,,,프루덴튬 에센스,mysticalagriculture:prudentium_essence,,명시적 task.title 없이 아이템 hover 사용,
task,7DB7534C6C6DFD07,0F96DC3563DA78EF,elmystical_agriculturerr.snbt,,,,mysticalagriculture:kivi_seeds,,명시적 task.title 없이 아이템 hover 사용,
task,746BDB75C6349D56,0F96DC3563DA78EF,elmystical_agriculturerr.snbt,,,,mysticalagriculture:amethyst_seeds,,명시적 task.title 없이 아이템 hover 사용,
task,28AB00B9D62D1BDB,0F96DC3563DA78EF,elmystical_agriculturerr.snbt,,,,mysticalagriculture:silicon_seeds,,명시적 task.title 없이 아이템 hover 사용,
task,4AFDD617FF240E97,0F96DC3563DA78EF,elmystical_agriculturerr.snbt,,,,mysticalagriculture:sulfur_seeds,,명시적 task.title 없이 아이템 hover 사용,
task,63695DFD699B590C,0F96DC3563DA78EF,elmystical_agriculturerr.snbt,,,,mysticalagriculture:menril_seeds,,명시적 task.title 없이 아이템 hover 사용,
task,643B2B1220202107,0F96DC3563DA78EF,elmystical_agriculturerr.snbt,,,,mysticalagriculture:copper_seeds,,명시적 task.title 없이 아이템 hover 사용,
task,64DDECE6E9C0EA29,0F96DC3563DA78EF,elmystical_agriculturerr.snbt,,,터튬 경작지,mysticalagriculture:tertium_farmland,,명시적 task.title 없이 아이템 hover 사용,
task,4645F8968B0B8BE5,0F96DC3563DA78EF,elmystical_agriculturerr.snbt,,,,mysticalagriculture:rabbit_seeds,,명시적 task.title 없이 아이템 hover 사용,
task,633406C0560295F7,0F96DC3563DA78EF,elmystical_agriculturerr.snbt,,,,mysticalagriculture:spider_seeds,,명시적 task.title 없이 아이템 hover 사용,
task,4315AB4B19D55458,0F96DC3563DA78EF,elmystical_agriculturerr.snbt,,,,mysticalagriculture:skeleton_seeds,,명시적 task.title 없이 아이템 hover 사용,
task,622AAF6C554CA027,0F96DC3563DA78EF,elmystical_agriculturerr.snbt,,,,mysticalagriculture:zombie_seeds,,명시적 task.title 없이 아이템 hover 사용,
task,72BC6673FB44DBB2,0F96DC3563DA78EF,elmystical_agriculturerr.snbt,,,,mysticalagriculture:creeper_seeds,,명시적 task.title 없이 아이템 hover 사용,
task,1A6781CA48458EE5,0F96DC3563DA78EF,elmystical_agriculturerr.snbt,,,,mysticalagriculture:iron_seeds,,명시적 task.title 없이 아이템 hover 사용,
task,4F0C1B7C6A7D8B48,0F96DC3563DA78EF,elmystical_agriculturerr.snbt,,,,mysticalagriculture:tin_seeds,,명시적 task.title 없이 아이템 hover 사용,
task,2E91F2EEB7093307,0F96DC3563DA78EF,elmystical_agriculturerr.snbt,,,,mysticalagriculture:silver_seeds,,명시적 task.title 없이 아이템 hover 사용,
task,688CF4D959B2C166,0F96DC3563DA78EF,elmystical_agriculturerr.snbt,,,,mysticalagriculture:lead_seeds,,명시적 task.title 없이 아이템 hover 사용,
task,6C1D65468A9CB0E7,0F96DC3563DA78EF,elmystical_agriculturerr.snbt,,,,mysticalagriculture:zinc_seeds,,명시적 task.title 없이 아이템 hover 사용,
task,49E42AE6E840232B,0F96DC3563DA78EF,elmystical_agriculturerr.snbt,,,,mysticalagriculture:redstone_seeds,,명시적 task.title 없이 아이템 hover 사용,
task,31A77F49C01691EE,0F96DC3563DA78EF,elmystical_agriculturerr.snbt,,,,mysticalagriculture:glowstone_seeds,,명시적 task.title 없이 아이템 hover 사용,
task,11CA35D8218A0BEC,0F96DC3563DA78EF,elmystical_agriculturerr.snbt,,,,mysticalagriculture:nether_quartz_seeds,,명시적 task.title 없이 아이템 hover 사용,
task,26E5425CC40CE5EE,0F96DC3563DA78EF,elmystical_agriculturerr.snbt,,,,mysticalagriculture:certus_quartz_seeds,,명시적 task.title 없이 아이템 hover 사용,
task,3F585AB49026A3E0,0F96DC3563DA78EF,elmystical_agriculturerr.snbt,,,,mysticalagriculture:obsidian_seeds,,명시적 task.title 없이 아이템 hover 사용,
task,42624C9B608A803A,0F96DC3563DA78EF,elmystical_agriculturerr.snbt,,,,mysticalagriculture:prismarine_seeds,,명시적 task.title 없이 아이템 hover 사용,
task,6D173370E40DCC5A,0F96DC3563DA78EF,elmystical_agriculturerr.snbt,,,터튬 성장 가속기,mysticalagriculture:tertium_growth_accelerator,,명시적 task.title 없이 아이템 hover 사용,
task,084D67D36A0859B7,0F96DC3563DA78EF,elmystical_agriculturerr.snbt,,,Tertium Apple,mysticalagradditions:tertium_apple,,명시적 task.title 없이 아이템 hover 사용,
task,3D221E475DF6F3C3,0F96DC3563DA78EF,elmystical_agriculturerr.snbt,,,터튬 투구,mysticalagriculture:tertium_helmet,,명시적 task.title 없이 아이템 hover 사용,
task,3584BC6827EF817C,0F96DC3563DA78EF,elmystical_agriculturerr.snbt,,,터튬 흉갑,mysticalagriculture:tertium_chestplate,,명시적 task.title 없이 아이템 hover 사용,
task,3BCDF4DA20F35C79,0F96DC3563DA78EF,elmystical_agriculturerr.snbt,,,터튬 각반,mysticalagriculture:tertium_leggings,,명시적 task.title 없이 아이템 hover 사용,
task,492A22DE74E59FBF,0F96DC3563DA78EF,elmystical_agriculturerr.snbt,,,터튬 부츠,mysticalagriculture:tertium_boots,,명시적 task.title 없이 아이템 hover 사용,
task,49DC1FFCD031DB6E,0F96DC3563DA78EF,elmystical_agriculturerr.snbt,,,터튬 에센스,mysticalagriculture:tertium_essence,,명시적 task.title 없이 아이템 hover 사용,
task,5F5C247C68DB6DFC,0F96DC3563DA78EF,elmystical_agriculturerr.snbt,,,,mysticalagriculture:armadillo_seeds,,명시적 task.title 없이 아이템 hover 사용,
task,1EEEDA40678278F1,0F96DC3563DA78EF,elmystical_agriculturerr.snbt,,,,mysticalagriculture:bronze_seeds,,명시적 task.title 없이 아이템 hover 사용,
task,4E0DC10C3EF14CD5,0F96DC3563DA78EF,elmystical_agriculturerr.snbt,,,,mysticalagriculture:brass_seeds,,명시적 task.title 없이 아이템 hover 사용,
task,05EF95C65E85EA6C,0F96DC3563DA78EF,elmystical_agriculturerr.snbt,,,,mysticalagriculture:graphite_seeds,,명시적 task.title 없이 아이템 hover 사용,
task,45D1F88FD73488A0,0F96DC3563DA78EF,elmystical_agriculturerr.snbt,,,,mysticalagriculture:sky_stone_seeds,,명시적 task.title 없이 아이템 hover 사용,
quest,04A7AA70C23830FF,0F96DC3563DA78EF,elmystical_agriculturerr.snbt,,,낫,ftbfiltersystem:smart_filter,,설명은 있으나 명시적 quest.title 없음,
quest,45549E52B3CE2D23,0F96DC3563DA78EF,elmystical_agriculturerr.snbt,,,낫,ftbfiltersystem:smart_filter,,설명은 있으나 명시적 quest.title 없음,
task,5E6AA14A531DC749,0F96DC3563DA78EF,elmystical_agriculturerr.snbt,,,,mysticalagriculture:fluorite_seeds,,명시적 task.title 없이 아이템 hover 사용,
task,19D0A5FD97D7E3E8,0F96DC3563DA78EF,elmystical_agriculturerr.snbt,,,임퍼륨 경작지,mysticalagriculture:imperium_farmland,,명시적 task.title 없이 아이템 hover 사용,
task,61058B1004B5C97C,0F96DC3563DA78EF,elmystical_agriculturerr.snbt,,,,mysticalagriculture:blaze_seeds,,명시적 task.title 없이 아이템 hover 사용,
task,67E85827062B8B79,0F96DC3563DA78EF,elmystical_agriculturerr.snbt,,,,mysticalagriculture:ghast_seeds,,명시적 task.title 없이 아이템 hover 사용,
task,23CCD297E830C925,0F96DC3563DA78EF,elmystical_agriculturerr.snbt,,,,mysticalagriculture:enderman_seeds,,명시적 task.title 없이 아이템 hover 사용,
task,0932A42E423E21A3,0F96DC3563DA78EF,elmystical_agriculturerr.snbt,,,,mysticalagriculture:experience_seeds,,명시적 task.title 없이 아이템 hover 사용,
task,08B7E48447228764,0F96DC3563DA78EF,elmystical_agriculturerr.snbt,,,경험 캡슐,mysticalagriculture:experience_capsule,,명시적 task.title 없이 아이템 hover 사용,
task,737A74FAB46C9E54,0F96DC3563DA78EF,elmystical_agriculturerr.snbt,,,,mysticalagriculture:gold_seeds,,명시적 task.title 없이 아이템 hover 사용,
task,238B6815E9C74478,0F96DC3563DA78EF,elmystical_agriculturerr.snbt,,,,mysticalagriculture:nickel_seeds,,명시적 task.title 없이 아이템 hover 사용,
task,09233415005F6331,0F96DC3563DA78EF,elmystical_agriculturerr.snbt,,,,mysticalagriculture:lapis_lazuli_seeds,,명시적 task.title 없이 아이템 hover 사용,
task,1DC4FE7A037EC52E,0F96DC3563DA78EF,elmystical_agriculturerr.snbt,,,,mysticalagriculture:osmium_seeds,,명시적 task.title 없이 아이템 hover 사용,
task,2FF27D7E36203A68,0F96DC3563DA78EF,elmystical_agriculturerr.snbt,,,,mysticalagriculture:end_seeds,,명시적 task.title 없이 아이템 hover 사용,
task,62FDF643AE01C15A,0F96DC3563DA78EF,elmystical_agriculturerr.snbt,,,,mysticalagriculture:uranium_seeds,,명시적 task.title 없이 아이템 hover 사용,
task,77C281598A060103,0F96DC3563DA78EF,elmystical_agriculturerr.snbt,,,임퍼륨 성장 가속기,mysticalagriculture:imperium_growth_accelerator,,명시적 task.title 없이 아이템 hover 사용,
task,6B6B34B77A5563FC,0F96DC3563DA78EF,elmystical_agriculturerr.snbt,,,Imperium Apple,mysticalagradditions:imperium_apple,,명시적 task.title 없이 아이템 hover 사용,
task,5C510B48A85397B6,0F96DC3563DA78EF,elmystical_agriculturerr.snbt,,,임퍼륨 투구,mysticalagriculture:imperium_helmet,,명시적 task.title 없이 아이템 hover 사용,
task,4C60EA95AA2084D1,0F96DC3563DA78EF,elmystical_agriculturerr.snbt,,,임퍼륨 흉갑,mysticalagriculture:imperium_chestplate,,명시적 task.title 없이 아이템 hover 사용,
task,2DB5403F9514E6DD,0F96DC3563DA78EF,elmystical_agriculturerr.snbt,,,임퍼륨 각반,mysticalagriculture:imperium_leggings,,명시적 task.title 없이 아이템 hover 사용,
task,4B8C4F4457E2367F,0F96DC3563DA78EF,elmystical_agriculturerr.snbt,,,임퍼륨 부츠,mysticalagriculture:imperium_boots,,명시적 task.title 없이 아이템 hover 사용,
task,4BEC4730588463FE,0F96DC3563DA78EF,elmystical_agriculturerr.snbt,,,임퍼륨 에센스,mysticalagriculture:imperium_essence,,명시적 task.title 없이 아이템 hover 사용,
task,5A642FC70B7F231C,0F96DC3563DA78EF,elmystical_agriculturerr.snbt,,,,mysticalagriculture:breeze_seeds,,명시적 task.title 없이 아이템 hover 사용,
task,5931994FE57A7F1D,0F96DC3563DA78EF,elmystical_agriculturerr.snbt,,,,mysticalagriculture:constantan_seeds,,명시적 task.title 없이 아이템 hover 사용,
task,5E1986176CACC04B,0F96DC3563DA78EF,elmystical_agriculturerr.snbt,,,,mysticalagriculture:electrum_seeds,,명시적 task.title 없이 아이템 hover 사용,
task,6842A169417884AC,0F96DC3563DA78EF,elmystical_agriculturerr.snbt,,,,mysticalagriculture:invar_seeds,,명시적 task.title 없이 아이템 hover 사용,
task,70AAB5C43A242FFC,0F96DC3563DA78EF,elmystical_agriculturerr.snbt,,,,mysticalagriculture:ruby_seeds,,명시적 task.title 없이 아이템 hover 사용,
task,35687A1BCAE8B4B7,0F96DC3563DA78EF,elmystical_agriculturerr.snbt,,,,mysticalagriculture:sapphire_seeds,,명시적 task.title 없이 아이템 hover 사용,
task,5BFA0291FCB0A6EB,0F96DC3563DA78EF,elmystical_agriculturerr.snbt,,,,mysticalagriculture:peridot_seeds,,명시적 task.title 없이 아이템 hover 사용,
task,16DA7A42BFF8E49D,0F96DC3563DA78EF,elmystical_agriculturerr.snbt,,,,mysticalagriculture:soulium_seeds,,명시적 task.title 없이 아이템 hover 사용,
task,052383511EFBAA39,0F96DC3563DA78EF,elmystical_agriculturerr.snbt,,,,mysticalagriculture:refined_glowstone_seeds,,명시적 task.title 없이 아이템 hover 사용,
task,71C24E1E0D38D736,0F96DC3563DA78EF,elmystical_agriculturerr.snbt,,,,mysticalagriculture:refined_obsidian_seeds,,명시적 task.title 없이 아이템 hover 사용,
task,6CD928618B1BEEF0,0F96DC3563DA78EF,elmystical_agriculturerr.snbt,,,,mysticalagriculture:compressed_iron_seeds,,명시적 task.title 없이 아이템 hover 사용,
task,6C3B1BE82518BB76,0F96DC3563DA78EF,elmystical_agriculturerr.snbt,,,,mysticalagriculture:fluix_seeds,,명시적 task.title 없이 아이템 hover 사용,
task,5BB535B22420EBC8,0F96DC3563DA78EF,elmystical_agriculturerr.snbt,,,,mysticalagriculture:energized_steel_seeds,,명시적 task.title 없이 아이템 hover 사용,
task,5B32C56CD3D3FAEA,0F96DC3563DA78EF,elmystical_agriculturerr.snbt,,,,mysticalagriculture:blazing_crystal_seeds,,명시적 task.title 없이 아이템 hover 사용,
task,02ED3169ADC0E7F9,0F96DC3563DA78EF,elmystical_agriculturerr.snbt,,,수프레뮴 경작지,mysticalagriculture:supremium_farmland,,명시적 task.title 없이 아이템 hover 사용,
task,3E93D20A19EEAD09,0F96DC3563DA78EF,elmystical_agriculturerr.snbt,,,,mysticalagriculture:wither_skeleton_seeds,,명시적 task.title 없이 아이템 hover 사용,
task,69C9CEC467EB00C0,0F96DC3563DA78EF,elmystical_agriculturerr.snbt,,,,mysticalagriculture:uraninite_seeds,,명시적 task.title 없이 아이템 hover 사용,
task,4EA95AE9AF641FB4,0F96DC3563DA78EF,elmystical_agriculturerr.snbt,,,,mysticalagriculture:diamond_seeds,,명시적 task.title 없이 아이템 hover 사용,
task,403DE50D5B8CFE29,0F96DC3563DA78EF,elmystical_agriculturerr.snbt,,,,mysticalagriculture:emerald_seeds,,명시적 task.title 없이 아이템 hover 사용,
task,74EAB51BE492743F,0F96DC3563DA78EF,elmystical_agriculturerr.snbt,,,,mysticalagriculture:platinum_seeds,,명시적 task.title 없이 아이템 hover 사용,
task,324DACE30B49D25B,0F96DC3563DA78EF,elmystical_agriculturerr.snbt,,,,mysticalagriculture:netherite_seeds,,명시적 task.title 없이 아이템 hover 사용,
task,7498D8BAED3AA632,0F96DC3563DA78EF,elmystical_agriculturerr.snbt,,,수프레뮴 성장 가속기,mysticalagriculture:supremium_growth_accelerator,,명시적 task.title 없이 아이템 hover 사용,
task,6A0FAC4CA0768455,0F96DC3563DA78EF,elmystical_agriculturerr.snbt,,,Supremium Apple,mysticalagradditions:supremium_apple,,명시적 task.title 없이 아이템 hover 사용,
task,596B05D2C017A3A4,0F96DC3563DA78EF,elmystical_agriculturerr.snbt,,,수프레뮴 투구,mysticalagriculture:supremium_helmet,,명시적 task.title 없이 아이템 hover 사용,
task,2D35459D09DE4348,0F96DC3563DA78EF,elmystical_agriculturerr.snbt,,,수프레뮴 흉갑,mysticalagriculture:supremium_chestplate,,명시적 task.title 없이 아이템 hover 사용,
task,2FF5CD7746B6C122,0F96DC3563DA78EF,elmystical_agriculturerr.snbt,,,수프레뮴 각반,mysticalagriculture:supremium_leggings,,명시적 task.title 없이 아이템 hover 사용,
task,5B823E7DB3B4894A,0F96DC3563DA78EF,elmystical_agriculturerr.snbt,,,수프레뮴 부츠,mysticalagriculture:supremium_boots,,명시적 task.title 없이 아이템 hover 사용,
task,6F496FD2BCFE21BA,0F96DC3563DA78EF,elmystical_agriculturerr.snbt,,,수프레뮴 에센스,mysticalagriculture:supremium_essence,,명시적 task.title 없이 아이템 hover 사용,
task,6A66020F75FB0CDB,0F96DC3563DA78EF,elmystical_agriculturerr.snbt,,,Awakened Supremium Helmet,mysticalagriculture:awakened_supremium_helmet,,명시적 task.title 없이 아이템 hover 사용,
task,33823BEEA08AFE8F,0F96DC3563DA78EF,elmystical_agriculturerr.snbt,,,Awakened Supremium Chestplate,mysticalagriculture:awakened_supremium_chestplate,,명시적 task.title 없이 아이템 hover 사용,
task,5F4BDE8731B7CA86,0F96DC3563DA78EF,elmystical_agriculturerr.snbt,,,Awakened Supremium Leggings,mysticalagriculture:awakened_supremium_leggings,,명시적 task.title 없이 아이템 hover 사용,
task,1B5875E635B468A2,0F96DC3563DA78EF,elmystical_agriculturerr.snbt,,,Awakened Supremium Boots,mysticalagriculture:awakened_supremium_boots,,명시적 task.title 없이 아이템 hover 사용,
task,3DB6441F3AE36AAB,0F96DC3563DA78EF,elmystical_agriculturerr.snbt,,,Awakened Supremium Essence,mysticalagriculture:awakened_supremium_essence,,명시적 task.title 없이 아이템 hover 사용,
task,18EF4F05A89E6B62,0F96DC3563DA78EF,elmystical_agriculturerr.snbt,,,Awakening Altar,mysticalagriculture:awakening_altar,,명시적 task.title 없이 아이템 hover 사용,
task,7BFAF64BFE1A537D,0F96DC3563DA78EF,elmystical_agriculturerr.snbt,,,Awakening Pedestal,mysticalagriculture:awakening_pedestal,,명시적 task.title 없이 아이템 hover 사용,
task,0B83A9AFF8703E87,0F96DC3563DA78EF,elmystical_agriculturerr.snbt,,,Essence Vessel,mysticalagriculture:essence_vessel,,명시적 task.title 없이 아이템 hover 사용,
task,4B044D41247AC672,0F96DC3563DA78EF,elmystical_agriculturerr.snbt,,,Cognizant Dust,mysticalagriculture:cognizant_dust,,명시적 task.title 없이 아이템 hover 사용,
task,6A78A6F73101A91D,0F96DC3563DA78EF,elmystical_agriculturerr.snbt,,,Awakened Supremium Growth Accelerator,mysticalagriculture:awakened_supremium_growth_accelerator,,명시적 task.title 없이 아이템 hover 사용,
task,231C01B33E5B4FF0,0F96DC3563DA78EF,elmystical_agriculturerr.snbt,,,,productivebees:spawn_egg_configurable_bee,,명시적 task.title 없이 아이템 hover 사용,
task,15593DA8F8CD43C1,0F96DC3563DA78EF,elmystical_agriculturerr.snbt,,,,mysticalagriculture:iridium_seeds,,명시적 task.title 없이 아이템 hover 사용,
task,3D71807BD0D1FE4A,0F96DC3563DA78EF,elmystical_agriculturerr.snbt,,,,mysticalagriculture:cyanite_seeds,,명시적 task.title 없이 아이템 hover 사용,
task,1DCA07CE49352C19,0F96DC3563DA78EF,elmystical_agriculturerr.snbt,,,,mysticalagriculture:niotic_crystal_seeds,,명시적 task.title 없이 아이템 hover 사용,
task,320B2A8805D3ECED,0F96DC3563DA78EF,elmystical_agriculturerr.snbt,,,,mysticalagriculture:spirited_crystal_seeds,,명시적 task.title 없이 아이템 hover 사용,
task,7009DD4C86043DC0,0F96DC3563DA78EF,elmystical_agriculturerr.snbt,,,인사늄 경작지,mysticalagradditions:insanium_farmland,,명시적 task.title 없이 아이템 hover 사용,
task,2FE3AA52E00E80AF,0F96DC3563DA78EF,elmystical_agriculturerr.snbt,,,Insanium Apple,mysticalagradditions:insanium_apple,,명시적 task.title 없이 아이템 hover 사용,
task,59E1982F653123DC,0F96DC3563DA78EF,elmystical_agriculturerr.snbt,,,인사늄 에센스,mysticalagradditions:insanium_essence,,명시적 task.title 없이 아이템 hover 사용,
quest,1E2B363E3365A62F,0F96DC3563DA78EF,elmystical_agriculturerr.snbt,,,item,mysticalagriculture:allthemodium_seeds,,설명은 있으나 명시적 quest.title 없음,
task,3EA8470D5E40EA43,0F96DC3563DA78EF,elmystical_agriculturerr.snbt,,,,mysticalagriculture:allthemodium_seeds,,명시적 task.title 없이 아이템 hover 사용,
task,5DE48EBDF62289D7,0F96DC3563DA78EF,elmystical_agriculturerr.snbt,,,,kubejs:magical_soil,,명시적 task.title 없이 아이템 hover 사용,
quest,2BC325DEBDD2F5CA,0F96DC3563DA78EF,elmystical_agriculturerr.snbt,,,item,mysticalagriculture:vibranium_seeds,,설명은 있으나 명시적 quest.title 없음,
task,446A7CDDA5146278,0F96DC3563DA78EF,elmystical_agriculturerr.snbt,,,,mysticalagriculture:vibranium_seeds,,명시적 task.title 없이 아이템 hover 사용,
task,4A225430802B4804,0F96DC3563DA78EF,elmystical_agriculturerr.snbt,,,,kubejs:magical_soil,,명시적 task.title 없이 아이템 hover 사용,
quest,404AA0F5557D7E35,0F96DC3563DA78EF,elmystical_agriculturerr.snbt,,,item,mysticalagriculture:unobtainium_seeds,,설명은 있으나 명시적 quest.title 없음,
task,66E7FB36B21AFAD7,0F96DC3563DA78EF,elmystical_agriculturerr.snbt,,,,mysticalagriculture:unobtainium_seeds,,명시적 task.title 없이 아이템 hover 사용,
task,26405897C8819538,0F96DC3563DA78EF,elmystical_agriculturerr.snbt,,,,kubejs:magical_soil,,명시적 task.title 없이 아이템 hover 사용,
quest,44B22160850ACAB2,0F96DC3563DA78EF,elmystical_agriculturerr.snbt,,,item,mysticalagriculture:nether_star_seeds,,설명은 있으나 명시적 quest.title 없음,
task,00073B11E4DCF6E8,0F96DC3563DA78EF,elmystical_agriculturerr.snbt,,,,mysticalagriculture:nether_star_seeds,,명시적 task.title 없이 아이템 hover 사용,
task,0D75AB275A4F2F33,0F96DC3563DA78EF,elmystical_agriculturerr.snbt,,,네더의 별 크룩스,mysticalagradditions:nether_star_crux,,명시적 task.title 없이 아이템 hover 사용,
quest,140DADB32EF10D58,0F96DC3563DA78EF,elmystical_agriculturerr.snbt,,,item,mysticalagriculture:dragon_egg_seeds,,설명은 있으나 명시적 quest.title 없음,
task,31C616DBF508CCEF,0F96DC3563DA78EF,elmystical_agriculturerr.snbt,,,,mysticalagriculture:dragon_egg_seeds,,명시적 task.title 없이 아이템 hover 사용,
task,2F376EFC2D12842B,0F96DC3563DA78EF,elmystical_agriculturerr.snbt,,,드래곤 알 크룩스,mysticalagradditions:dragon_egg_crux,,명시적 task.title 없이 아이템 hover 사용,
quest,31A370550BD592B6,0F96DC3563DA78EF,elmystical_agriculturerr.snbt,,,item,mysticalagriculture:nitro_crystal_seeds,,설명은 있으나 명시적 quest.title 없음,
task,1317B64A85E758E4,0F96DC3563DA78EF,elmystical_agriculturerr.snbt,,,,mysticalagriculture:nitro_crystal_seeds,,명시적 task.title 없이 아이템 hover 사용,
task,5F012BABE266412F,0F96DC3563DA78EF,elmystical_agriculturerr.snbt,,,Nitro Crystal Crux,mysticalagradditions:nitro_crystal_crux,,명시적 task.title 없이 아이템 hover 사용,
task,3FF302EAE4C9BF1E,0F96DC3563DA78EF,elmystical_agriculturerr.snbt,,,화로,mysticalagriculture:furnace,,명시적 task.title 없이 아이템 hover 사용,
quest,1636F3F12E92CAEA,0F96DC3563DA78EF,elmystical_agriculturerr.snbt,,,물뿌리개,mysticalagriculture:watering_can,,설명은 있으나 명시적 quest.title 없음,
task,250A0320FF2BC775,0F96DC3563DA78EF,elmystical_agriculturerr.snbt,,,물뿌리개,mysticalagriculture:watering_can,,명시적 task.title 없이 아이템 hover 사용,
quest,77C6667B4C37589C,0F96DC3563DA78EF,elmystical_agriculturerr.snbt,,,기계 업그레이드,ftbfiltersystem:smart_filter,,설명은 있으나 명시적 quest.title 없음,
quest,0EFEDB0DD90DFC81,0F96DC3563DA78EF,elmystical_agriculturerr.snbt,,,Harvester,mysticalagriculture:harvester,,설명은 있으나 명시적 quest.title 없음,
task,0841884689AF19D0,0F96DC3563DA78EF,elmystical_agriculturerr.snbt,,,Harvester,mysticalagriculture:harvester,,명시적 task.title 없이 아이템 hover 사용,
task,0C99990D814C2823,0F96DC3563DA78EF,elmystical_agriculturerr.snbt,,,신비로운 비료,mysticalagriculture:mystical_fertilizer,,명시적 task.title 없이 아이템 hover 사용,
task,571FFEEA2C7D87A0,0F96DC3563DA78EF,elmystical_agriculturerr.snbt,,,Enchanter,mysticalagriculture:enchanter,,명시적 task.title 없이 아이템 hover 사용,
task,347729D52A71A889,0F96DC3563DA78EF,elmystical_agriculturerr.snbt,,,Wand,mysticalagriculture:wand,,명시적 task.title 없이 아이템 hover 사용,
quest,3EA2578C3A56FAE8,0F96DC3563DA78EF,elmystical_agriculturerr.snbt,,,Soul Extractor,mysticalagriculture:soul_extractor,,설명은 있으나 명시적 quest.title 없음,
task,4F9743280C995231,0F96DC3563DA78EF,elmystical_agriculturerr.snbt,,,Soul Extractor,mysticalagriculture:soul_extractor,,명시적 task.title 없이 아이템 hover 사용,
quest,23C36E4B5DCEBFDD,0F96DC3563DA78EF,elmystical_agriculturerr.snbt,,,AllRightsReserved,,,설명은 있으나 명시적 quest.title 없음,
task,773CA1FDC4CEFCEF,0F96DC3563DA78EF,elmystical_agriculturerr.snbt,AllRightsReserved,AllRightsReserved,,,,한국어 파일의 영어 task.title,
task,518B9569DCE0A771,0F96DC3563DA78EF,elmystical_agriculturerr.snbt,AllRightsReserved,AllRightsReserved,,,,한국어 파일의 영어 task.title,
task,47991E13B91F2F3B,0F96DC3563DA78EF,elmystical_agriculturerr.snbt,,,,mysticalagriculture:unexplored_wood_seeds,,명시적 task.title 없이 아이템 hover 사용,
task,1EA536FA36DA9343,0F96DC3563DA78EF,elmystical_agriculturerr.snbt,,,크리에이티브 에센스,mysticalagradditions:creative_essence,,명시적 task.title 없이 아이템 hover 사용,
quest,552335ED867D6EFA,0F96DC3563DA78EF,elmystical_agriculturerr.snbt,,,인사늄 석탄 블록,mysticalagradditions:insanium_coal_block,,설명은 있으나 명시적 quest.title 없음,
task,3519BA3E872F1239,0F96DC3563DA78EF,elmystical_agriculturerr.snbt,,,인사늄 석탄 블록,mysticalagradditions:insanium_coal_block,,명시적 task.title 없이 아이템 hover 사용,
quest,3C9F5EB59D72AC90,0F96DC3563DA78EF,elmystical_agriculturerr.snbt,,,Awakened Supremium Ingot Block,mysticalagriculture:awakened_supremium_ingot_block,,설명은 있으나 명시적 quest.title 없음,
task,042BEC73CB140FA8,0F96DC3563DA78EF,elmystical_agriculturerr.snbt,,,Awakened Supremium Ingot Block,mysticalagriculture:awakened_supremium_ingot_block,,명시적 task.title 없이 아이템 hover 사용,
task,55548D67DDDBF318,0F96DC3563DA78EF,elmystical_agriculturerr.snbt,,,,mysticalagriculture:darkstone_seeds,,명시적 task.title 없이 아이템 hover 사용,
task,0DF2711915D23139,0F96DC3563DA78EF,elmystical_agriculturerr.snbt,,,,mysticalagriculture:azure_silver_seeds,,명시적 task.title 없이 아이템 hover 사용,
task,54C528490FDCAEF4,0F96DC3563DA78EF,elmystical_agriculturerr.snbt,,,,mysticalagriculture:crimson_iron_seeds,,명시적 task.title 없이 아이템 hover 사용,
task,466E24781B4BDB2B,0F96DC3563DA78EF,elmystical_agriculturerr.snbt,,,,mysticalagriculture:grains_of_infinity_seeds,,명시적 task.title 없이 아이템 hover 사용,
task,607F8A0675A1FE1D,0F96DC3563DA78EF,elmystical_agriculturerr.snbt,,,,mysticalagriculture:saltpeter_seeds,,명시적 task.title 없이 아이템 hover 사용,
task,59B4FB3D5F592B20,0F96DC3563DA78EF,elmystical_agriculturerr.snbt,,,,mysticalagriculture:redstone_alloy_seeds,,명시적 task.title 없이 아이템 hover 사용,
task,089E72314F69E0A1,0F96DC3563DA78EF,elmystical_agriculturerr.snbt,,,,mysticalagriculture:steeleaf_seeds,,명시적 task.title 없이 아이템 hover 사용,
task,7DCF0602D1855782,0F96DC3563DA78EF,elmystical_agriculturerr.snbt,,,,mysticalagriculture:xychorium_gem_seeds,,명시적 task.title 없이 아이템 hover 사용,
task,538D51FC8321C046,0F96DC3563DA78EF,elmystical_agriculturerr.snbt,,,,mysticalagriculture:copper_alloy_seeds,,명시적 task.title 없이 아이템 hover 사용,
task,52E6F3E92A0875AC,0F96DC3563DA78EF,elmystical_agriculturerr.snbt,,,,mysticalagriculture:conductive_alloy_seeds,,명시적 task.title 없이 아이템 hover 사용,
task,7934E1747A9CE4C9,0F96DC3563DA78EF,elmystical_agriculturerr.snbt,,,,mysticalagriculture:ironwood_seeds,,명시적 task.title 없이 아이템 hover 사용,
task,71332492950521DA,0F96DC3563DA78EF,elmystical_agriculturerr.snbt,,,,mysticalagriculture:hop_graphite_seeds,,명시적 task.title 없이 아이템 hover 사용,
task,48B2837A88CB9B54,0F96DC3563DA78EF,elmystical_agriculturerr.snbt,,,,mysticalagriculture:dark_steel_seeds,,명시적 task.title 없이 아이템 hover 사용,
task,4AD1691B2C102B59,0F96DC3563DA78EF,elmystical_agriculturerr.snbt,,,,mysticalagriculture:energetic_alloy_seeds,,명시적 task.title 없이 아이템 hover 사용,
task,044CDEDB12A23672,0F96DC3563DA78EF,elmystical_agriculturerr.snbt,,,,mysticalagriculture:fiery_ingot_seeds,,명시적 task.title 없이 아이템 hover 사용,
task,140DE68D199671CC,0F96DC3563DA78EF,elmystical_agriculturerr.snbt,,,,mysticalagriculture:soularium_seeds,,명시적 task.title 없이 아이템 hover 사용,
task,026B913C4F045B44,0F96DC3563DA78EF,elmystical_agriculturerr.snbt,,,,mysticalagriculture:pulsating_alloy_seeds,,명시적 task.title 없이 아이템 hover 사용,
task,40111B7C13ABC481,0F96DC3563DA78EF,elmystical_agriculturerr.snbt,,,,mysticalagriculture:knightmetal_seeds,,명시적 task.title 없이 아이템 hover 사용,
task,0FCC730D256965D6,0F96DC3563DA78EF,elmystical_agriculturerr.snbt,,,,mysticalagriculture:enderium_seeds,,명시적 task.title 없이 아이템 hover 사용,
task,00ACCE7057507F12,0F96DC3563DA78EF,elmystical_agriculturerr.snbt,,,,mysticalagriculture:end_steel_seeds,,명시적 task.title 없이 아이템 hover 사용,
task,7BFE12E39ED5E2F7,0F96DC3563DA78EF,elmystical_agriculturerr.snbt,,,,mysticalagriculture:vibrant_alloy_seeds,,명시적 task.title 없이 아이템 hover 사용,
task,3BE85B444B0D7503,0F96DC3563DA78EF,elmystical_agriculturerr.snbt,,,,mysticalagriculture:sky_steel_seeds,,명시적 task.title 없이 아이템 hover 사용,
task,36ADFB768FA568A2,0F96DC3563DA78EF,elmystical_agriculturerr.snbt,,,,mysticalagriculture:entro_seeds,,명시적 task.title 없이 아이템 hover 사용,
task,1434679461CC6FCC,0F96DC3563DA78EF,elmystical_agriculturerr.snbt,,,,mysticalagriculture:black_quartz_seeds,,명시적 task.title 없이 아이템 hover 사용,
quest,2DA8CE213AC3869B,6AEC23C6D526F362,eternal_starlight.snbt,,,Blue Starlight Crystal Block,eternal_starlight:blue_starlight_crystal_block,,설명은 있으나 명시적 quest.title 없음,
task,249A1671C2BB0B6A,6AEC23C6D526F362,eternal_starlight.snbt,,,Blue Starlight Crystal Block,eternal_starlight:blue_starlight_crystal_block,,명시적 task.title 없이 아이템 hover 사용,
task,3F1A78281D97D899,6AEC23C6D526F362,eternal_starlight.snbt,,,Red Starlight Crystal Block,eternal_starlight:red_starlight_crystal_block,,명시적 task.title 없이 아이템 hover 사용,
quest,41C70F0873E14307,6AEC23C6D526F362,eternal_starlight.snbt,,,Dead Lunar Log,eternal_starlight:dead_lunar_log,,설명은 있으나 명시적 quest.title 없음,
task,059F0F7C2F8A8313,6AEC23C6D526F362,eternal_starlight.snbt,,,Dead Lunar Log,eternal_starlight:dead_lunar_log,,명시적 task.title 없이 아이템 hover 사용,
quest,7D7BD1458CF12021,6AEC23C6D526F362,eternal_starlight.snbt,,,Lunaris Cactus,eternal_starlight:lunaris_cactus,,설명은 있으나 명시적 quest.title 없음,
task,41FAC050891BE450,6AEC23C6D526F362,eternal_starlight.snbt,,,Lunaris Cactus,eternal_starlight:lunaris_cactus,,명시적 task.title 없이 아이템 hover 사용,
quest,271A112ABDD923A6,6AEC23C6D526F362,eternal_starlight.snbt,,,item,eternal_starlight:starlight_mangrove_sapling,,설명은 있으나 명시적 quest.title 없음,
task,03FD5D5B56E6EE54,6AEC23C6D526F362,eternal_starlight.snbt,,,,eternal_starlight:starlight_mangrove_sapling,,명시적 task.title 없이 아이템 hover 사용,
quest,7FF77463F2A0E210,6AEC23C6D526F362,eternal_starlight.snbt,,,Nightfall Mud,eternal_starlight:nightfall_mud,,설명은 있으나 명시적 quest.title 없음,
task,765354A96568CECE,6AEC23C6D526F362,eternal_starlight.snbt,,,Nightfall Mud,eternal_starlight:nightfall_mud,,명시적 task.title 없이 아이템 hover 사용,
quest,49D1EA8E812A12F6,6AEC23C6D526F362,eternal_starlight.snbt,,,Lunar Reed,eternal_starlight:lunar_reed,,설명은 있으나 명시적 quest.title 없음,
task,7E62600088FE3021,6AEC23C6D526F362,eternal_starlight.snbt,,,Lunar Reed,eternal_starlight:lunar_reed,,명시적 task.title 없이 아이템 hover 사용,
quest,15195F456D8AD4C8,6AEC23C6D526F362,eternal_starlight.snbt,,,Block of Thioquartz,eternal_starlight:thioquartz_block,,설명은 있으나 명시적 quest.title 없음,
task,4E104CBA065F474C,6AEC23C6D526F362,eternal_starlight.snbt,,,Block of Thioquartz,eternal_starlight:thioquartz_block,,명시적 task.title 없이 아이템 hover 사용,
quest,362F4CFD1B8B12B1,6AEC23C6D526F362,eternal_starlight.snbt,,,Ether Bucket,eternal_starlight:ether_bucket,,설명은 있으나 명시적 quest.title 없음,
task,65885AE1FEEDE01E,6AEC23C6D526F362,eternal_starlight.snbt,,,Ether Bucket,eternal_starlight:ether_bucket,,명시적 task.title 없이 아이템 hover 사용,
quest,0F0D41F29386333A,6AEC23C6D526F362,eternal_starlight.snbt,,,Scarlet Sapling,eternal_starlight:scarlet_sapling,,설명은 있으나 명시적 quest.title 없음,
task,1FA1B7EB25507ECD,6AEC23C6D526F362,eternal_starlight.snbt,,,Scarlet Sapling,eternal_starlight:scarlet_sapling,,명시적 task.title 없이 아이템 hover 사용,
quest,5DFE3CB5B0130A7A,6AEC23C6D526F362,eternal_starlight.snbt,,,Moonlight Lily Pad,eternal_starlight:moonlight_lily_pad,,설명은 있으나 명시적 quest.title 없음,
task,76DE175E66181955,6AEC23C6D526F362,eternal_starlight.snbt,,,Moonlight Lily Pad,eternal_starlight:moonlight_lily_pad,,명시적 task.title 없이 아이템 hover 사용,
task,3D6EDE5889158609,6AEC23C6D526F362,eternal_starlight.snbt,,,Starlit Lily Pad,eternal_starlight:starlit_lily_pad,,명시적 task.title 없이 아이템 hover 사용,
task,5223A9F514A9711D,6AEC23C6D526F362,eternal_starlight.snbt,,,Moonlight Duckweed,eternal_starlight:moonlight_duckweed,,명시적 task.title 없이 아이템 hover 사용,
quest,5466CB622A637DCD,6AEC23C6D526F362,eternal_starlight.snbt,,,Abyssal Fruit,eternal_starlight:abyssal_fruit,,설명은 있으나 명시적 quest.title 없음,
task,5BE538A162894401,6AEC23C6D526F362,eternal_starlight.snbt,,,Abyssal Fruit,eternal_starlight:abyssal_fruit,,명시적 task.title 없이 아이템 hover 사용,
quest,4D53D9BBD8279282,6AEC23C6D526F362,eternal_starlight.snbt,,,Lunar Sapling,eternal_starlight:lunar_sapling,,설명은 있으나 명시적 quest.title 없음,
task,1612D55F698B8A23,6AEC23C6D526F362,eternal_starlight.snbt,,,Lunar Sapling,eternal_starlight:lunar_sapling,,명시적 task.title 없이 아이템 hover 사용,
quest,3C74DAE7EC844A98,6AEC23C6D526F362,eternal_starlight.snbt,,,Lunar Berries,eternal_starlight:lunar_berries,,설명은 있으나 명시적 quest.title 없음,
task,0AE180F0165D7E15,6AEC23C6D526F362,eternal_starlight.snbt,,,Lunar Berries,eternal_starlight:lunar_berries,,명시적 task.title 없이 아이템 hover 사용,
quest,7E90138B0A2C3210,6AEC23C6D526F362,eternal_starlight.snbt,,,Northland Sapling,eternal_starlight:northland_sapling,,설명은 있으나 명시적 quest.title 없음,
task,20EB29895CEDE8A1,6AEC23C6D526F362,eternal_starlight.snbt,,,Northland Sapling,eternal_starlight:northland_sapling,,명시적 task.title 없이 아이템 hover 사용,
quest,342EEB042DEC2B8C,6AEC23C6D526F362,eternal_starlight.snbt,,,Cryobyssal Magma Block,eternal_starlight:cryobyssal_magma_block,,설명은 있으나 명시적 quest.title 없음,
task,0616C11FDABF6593,6AEC23C6D526F362,eternal_starlight.snbt,,,Cryobyssal Magma Block,eternal_starlight:cryobyssal_magma_block,,명시적 task.title 없이 아이템 hover 사용,
quest,4A54288FD22C903D,6AEC23C6D526F362,eternal_starlight.snbt,,,Velvetumoss,eternal_starlight:velvetumoss,,설명은 있으나 명시적 quest.title 없음,
task,00B42FAB8B4B0D5C,6AEC23C6D526F362,eternal_starlight.snbt,,,Velvetumoss,eternal_starlight:velvetumoss,,명시적 task.title 없이 아이템 hover 사용,
task,3581EBD0D7CBE183,6AEC23C6D526F362,eternal_starlight.snbt,,,Red Velvetumoss,eternal_starlight:red_velvetumoss,,명시적 task.title 없이 아이템 hover 사용,
quest,1ECD4331DDFBBB52,6AEC23C6D526F362,eternal_starlight.snbt,,,Torreya Sapling,eternal_starlight:torreya_sapling,,설명은 있으나 명시적 quest.title 없음,
task,67DC037517D9334E,6AEC23C6D526F362,eternal_starlight.snbt,,,Torreya Sapling,eternal_starlight:torreya_sapling,,명시적 task.title 없이 아이템 hover 사용,
quest,47CB136D7764B86D,6AEC23C6D526F362,eternal_starlight.snbt,,,Torreya Vines,eternal_starlight:torreya_vines,,설명은 있으나 명시적 quest.title 없음,
task,7E686729032F01B1,6AEC23C6D526F362,eternal_starlight.snbt,,,Torreya Vines,eternal_starlight:torreya_vines,,명시적 task.title 없이 아이템 hover 사용,
quest,144ECED643031A9A,6AEC23C6D526F362,eternal_starlight.snbt,,,Glowing Mushroom,eternal_starlight:glowing_mushroom,,설명은 있으나 명시적 quest.title 없음,
task,2D0FFA833C657B69,6AEC23C6D526F362,eternal_starlight.snbt,,,Glowing Mushroom,eternal_starlight:glowing_mushroom,,명시적 task.title 없이 아이템 hover 사용,
quest,127D085D6C9DB690,6AEC23C6D526F362,eternal_starlight.snbt,,,Saltpeter Powder,eternal_starlight:saltpeter_powder,,설명은 있으나 명시적 quest.title 없음,
task,5921595EBF6C0D64,6AEC23C6D526F362,eternal_starlight.snbt,,,Saltpeter Powder,eternal_starlight:saltpeter_powder,,명시적 task.title 없이 아이템 hover 사용,
quest,298963543B99734E,6AEC23C6D526F362,eternal_starlight.snbt,,,Dead Tentacles Coral Block,eternal_starlight:dead_tentacles_coral_block,,설명은 있으나 명시적 quest.title 없음,
task,64B700AABAA800ED,6AEC23C6D526F362,eternal_starlight.snbt,,,Dead Tentacles Coral Block,eternal_starlight:dead_tentacles_coral_block,,명시적 task.title 없이 아이템 hover 사용,
task,65D378BE15C2C5AB,6AEC23C6D526F362,eternal_starlight.snbt,,,Dead Crystallum Coral Block,eternal_starlight:dead_crystallum_coral_block,,명시적 task.title 없이 아이템 hover 사용,
task,78BB081993853364,6AEC23C6D526F362,eternal_starlight.snbt,,,Dead Golden Coral Block,eternal_starlight:dead_golden_coral_block,,명시적 task.title 없이 아이템 hover 사용,
quest,484ABFF266C8791E,6AEC23C6D526F362,eternal_starlight.snbt,,,Orbflora Light,eternal_starlight:orbflora_light,,설명은 있으나 명시적 quest.title 없음,
task,2F0C6CF20992C7BE,6AEC23C6D526F362,eternal_starlight.snbt,,,Orbflora Light,eternal_starlight:orbflora_light,,명시적 task.title 없이 아이템 hover 사용,
quest,17D82EEA20D02EC8,6AEC23C6D526F362,eternal_starlight.snbt,,,Dusted Gravel,eternal_starlight:dusted_gravel,,설명은 있으나 명시적 quest.title 없음,
task,6460FDB4A6C9E49C,6AEC23C6D526F362,eternal_starlight.snbt,,,Dusted Gravel,eternal_starlight:dusted_gravel,,명시적 task.title 없이 아이템 hover 사용,
quest,4D8C9960BB675221,6AEC23C6D526F362,eternal_starlight.snbt,,,Jingling Pickle,eternal_starlight:jingling_pickle,,설명은 있으나 명시적 quest.title 없음,
task,04269F5B1C53A901,6AEC23C6D526F362,eternal_starlight.snbt,,,Jingling Pickle,eternal_starlight:jingling_pickle,,명시적 task.title 없이 아이템 hover 사용,
task,07350373C6F63427,6AEC23C6D526F362,eternal_starlight.snbt,,,Seeking Eye,eternal_starlight:seeking_eye,,명시적 task.title 없이 아이템 hover 사용,
quest,770C0975CA61CE46,6AEC23C6D526F362,eternal_starlight.snbt,,,Glacite Shard,eternal_starlight:glacite_shard,,설명은 있으나 명시적 quest.title 없음,
task,538A80C497F52564,6AEC23C6D526F362,eternal_starlight.snbt,,,Glacite Shard,eternal_starlight:glacite_shard,,명시적 task.title 없이 아이템 hover 사용,
quest,0F4783FA019C4567,6AEC23C6D526F362,eternal_starlight.snbt,,,Raw Amaramber,eternal_starlight:raw_amaramber,,설명은 있으나 명시적 quest.title 없음,
task,7DEC9457D4053FEA,6AEC23C6D526F362,eternal_starlight.snbt,,,Raw Amaramber,eternal_starlight:raw_amaramber,,명시적 task.title 없이 아이템 hover 사용,
quest,4A5EA948F5DCEB73,6AEC23C6D526F362,eternal_starlight.snbt,,,item,eternal_starlight:swamp_silver_ingot,,설명은 있으나 명시적 quest.title 없음,
task,0DDC5131385A31C8,6AEC23C6D526F362,eternal_starlight.snbt,,,,eternal_starlight:swamp_silver_ingot,,명시적 task.title 없이 아이템 hover 사용,
quest,5424A0E1292B13EE,6AEC23C6D526F362,eternal_starlight.snbt,,,Thermal Springstone Ingot,eternal_starlight:thermal_springstone_ingot,,설명은 있으나 명시적 quest.title 없음,
task,4128DFD565D3DC81,6AEC23C6D526F362,eternal_starlight.snbt,,,Thermal Springstone Ingot,eternal_starlight:thermal_springstone_ingot,,명시적 task.title 없이 아이템 hover 사용,
quest,7B5D34650BBD97D9,6AEC23C6D526F362,eternal_starlight.snbt,,,Aethersent Ingot,eternal_starlight:aethersent_ingot,,설명은 있으나 명시적 quest.title 없음,
task,3687B44267365756,6AEC23C6D526F362,eternal_starlight.snbt,,,Aethersent Ingot,eternal_starlight:aethersent_ingot,,명시적 task.title 없이 아이템 hover 사용,
quest,1BE8F864AB9147C0,6AEC23C6D526F362,eternal_starlight.snbt,,,item,eternal_starlight:atalphaite,,설명은 있으나 명시적 quest.title 없음,
task,4AF16007B3C6224E,6AEC23C6D526F362,eternal_starlight.snbt,,,,eternal_starlight:atalphaite,,명시적 task.title 없이 아이템 hover 사용,
quest,7AB2FECE47F558F8,6AEC23C6D526F362,eternal_starlight.snbt,,,Stellagmite,eternal_starlight:stellagmite,,설명은 있으나 명시적 quest.title 없음,
task,05323161FDCE8A67,6AEC23C6D526F362,eternal_starlight.snbt,,,Stellagmite,eternal_starlight:stellagmite,,명시적 task.title 없이 아이템 hover 사용,
task,2843FC6EF9F94A50,6AEC23C6D526F362,eternal_starlight.snbt,,,Rage of Stars,eternal_starlight:rage_of_stars,,명시적 task.title 없이 아이템 hover 사용,
task,7B1AC1C4A6385484,6AEC23C6D526F362,eternal_starlight.snbt,,,Thermal Springstone Sword,eternal_starlight:thermal_springstone_sword,,명시적 task.title 없이 아이템 hover 사용,
task,2A30F6F9B93C3FE3,6AEC23C6D526F362,eternal_starlight.snbt,,,Thermal Springstone Helmet,eternal_starlight:thermal_springstone_helmet,,명시적 task.title 없이 아이템 hover 사용,
task,5CAA7477EBF4F98A,6AEC23C6D526F362,eternal_starlight.snbt,,,Thermal Springstone Chestplate,eternal_starlight:thermal_springstone_chestplate,,명시적 task.title 없이 아이템 hover 사용,
task,665085C4E8794E97,6AEC23C6D526F362,eternal_starlight.snbt,,,Thermal Springstone Leggings,eternal_starlight:thermal_springstone_leggings,,명시적 task.title 없이 아이템 hover 사용,
task,2C91F925930855EB,6AEC23C6D526F362,eternal_starlight.snbt,,,Thermal Springstone Boots,eternal_starlight:thermal_springstone_boots,,명시적 task.title 없이 아이템 hover 사용,
task,0367F7843315560C,6AEC23C6D526F362,eternal_starlight.snbt,,,Alchemist Mask,eternal_starlight:alchemist_mask,,명시적 task.title 없이 아이템 hover 사용,
task,047B442FC4D9E693,6AEC23C6D526F362,eternal_starlight.snbt,,,Alchemist Robe,eternal_starlight:alchemist_robe,,명시적 task.title 없이 아이템 hover 사용,
task,7E919DCA94935586,6AEC23C6D526F362,eternal_starlight.snbt,,,Aethersent Hood,eternal_starlight:aethersent_hood,,명시적 task.title 없이 아이템 hover 사용,
task,21A2FFAC03DE8A67,6AEC23C6D526F362,eternal_starlight.snbt,,,Aethersent Cape,eternal_starlight:aethersent_cape,,명시적 task.title 없이 아이템 hover 사용,
task,4ABD926CCA77488C,6AEC23C6D526F362,eternal_starlight.snbt,,,Aethersent Bottoms,eternal_starlight:aethersent_bottoms,,명시적 task.title 없이 아이템 hover 사용,
task,3D5F81D475C4EC3D,6AEC23C6D526F362,eternal_starlight.snbt,,,Aethersent Boots,eternal_starlight:aethersent_boots,,명시적 task.title 없이 아이템 hover 사용,
task,0695DABA4A4CFFB0,6AEC23C6D526F362,eternal_starlight.snbt,,,Glacite Helmet,eternal_starlight:glacite_helmet,,명시적 task.title 없이 아이템 hover 사용,
task,684613AD7E70C200,6AEC23C6D526F362,eternal_starlight.snbt,,,Glacite Chestplate,eternal_starlight:glacite_chestplate,,명시적 task.title 없이 아이템 hover 사용,
task,559715DA6BB7C178,6AEC23C6D526F362,eternal_starlight.snbt,,,Glacite Leggings,eternal_starlight:glacite_leggings,,명시적 task.title 없이 아이템 hover 사용,
task,419A1454C9C03512,6AEC23C6D526F362,eternal_starlight.snbt,,,Glacite Boots,eternal_starlight:glacite_boots,,명시적 task.title 없이 아이템 hover 사용,
task,6618053E00147EE9,6AEC23C6D526F362,eternal_starlight.snbt,,,,eternal_starlight:swamp_silver_helmet,,명시적 task.title 없이 아이템 hover 사용,
task,242B4552785FCC54,6AEC23C6D526F362,eternal_starlight.snbt,,,,eternal_starlight:swamp_silver_chestplate,,명시적 task.title 없이 아이템 hover 사용,
task,0266C4B946061D4B,6AEC23C6D526F362,eternal_starlight.snbt,,,,eternal_starlight:swamp_silver_leggings,,명시적 task.title 없이 아이템 hover 사용,
task,5A2823AC2F1170A7,6AEC23C6D526F362,eternal_starlight.snbt,,,,eternal_starlight:swamp_silver_boots,,명시적 task.title 없이 아이템 hover 사용,
task,66755A2D873AEB81,6AEC23C6D526F362,eternal_starlight.snbt,,,,eternal_starlight:swamp_silver_sword,,명시적 task.title 없이 아이템 hover 사용,
task,759F6D1EA0FAD887,6AEC23C6D526F362,eternal_starlight.snbt,,,,eternal_starlight:swamp_silver_pickaxe,,명시적 task.title 없이 아이템 hover 사용,
task,30E738F2377C94F8,6AEC23C6D526F362,eternal_starlight.snbt,,,,eternal_starlight:swamp_silver_axe,,명시적 task.title 없이 아이템 hover 사용,
task,54237AEE6A97B440,6AEC23C6D526F362,eternal_starlight.snbt,,,,eternal_starlight:swamp_silver_sickle,,명시적 task.title 없이 아이템 hover 사용,
task,64C65D98BA902B6A,6AEC23C6D526F362,eternal_starlight.snbt,,,Glacite Sword,eternal_starlight:glacite_sword,,명시적 task.title 없이 아이템 hover 사용,
task,3BA718B675030D4C,6AEC23C6D526F362,eternal_starlight.snbt,,,Glacite Pickaxe,eternal_starlight:glacite_pickaxe,,명시적 task.title 없이 아이템 hover 사용,
task,09E6509DC5605B8D,6AEC23C6D526F362,eternal_starlight.snbt,,,Glacite Axe,eternal_starlight:glacite_axe,,명시적 task.title 없이 아이템 hover 사용,
task,78DEF3EFB9A0BFCE,6AEC23C6D526F362,eternal_starlight.snbt,,,Glacite Hoe,eternal_starlight:glacite_hoe,,명시적 task.title 없이 아이템 hover 사용,
task,21536D8634DE9E1D,6AEC23C6D526F362,eternal_starlight.snbt,,,Glacite Shovel,eternal_starlight:glacite_shovel,,명시적 task.title 없이 아이템 hover 사용,
task,146E848C33135BE9,6AEC23C6D526F362,eternal_starlight.snbt,,,Glacite Scythe,eternal_starlight:glacite_scythe,,명시적 task.title 없이 아이템 hover 사용,
task,7DA4D257253CC95E,6AEC23C6D526F362,eternal_starlight.snbt,,,Glacite Shield,eternal_starlight:glacite_shield,,명시적 task.title 없이 아이템 hover 사용,
task,79CCD10E128A97DD,6AEC23C6D526F362,eternal_starlight.snbt,,,Starfall Longbow,eternal_starlight:starfall_longbow,,명시적 task.title 없이 아이템 hover 사용,
task,5E202538823B2468,6AEC23C6D526F362,eternal_starlight.snbt,,,Thermal Springstone Pickaxe,eternal_starlight:thermal_springstone_pickaxe,,명시적 task.title 없이 아이템 hover 사용,
task,2C12A1875136E6E6,6AEC23C6D526F362,eternal_starlight.snbt,,,Thermal Springstone Axe,eternal_starlight:thermal_springstone_axe,,명시적 task.title 없이 아이템 hover 사용,
task,0A05821F16A7CFE5,6AEC23C6D526F362,eternal_starlight.snbt,,,Thermal Springstone Hoe,eternal_starlight:thermal_springstone_hoe,,명시적 task.title 없이 아이템 hover 사용,
task,6212A60EB526A32E,6AEC23C6D526F362,eternal_starlight.snbt,,,Thermal Springstone Shovel,eternal_starlight:thermal_springstone_shovel,,명시적 task.title 없이 아이템 hover 사용,
task,460EABB2B952E65F,6AEC23C6D526F362,eternal_starlight.snbt,,,Thermal Springstone Scythe,eternal_starlight:thermal_springstone_scythe,,명시적 task.title 없이 아이템 hover 사용,
task,3965EF5CD0E2A4B7,6AEC23C6D526F362,eternal_starlight.snbt,,,Thermal Springstone Hammer,eternal_starlight:thermal_springstone_hammer,,명시적 task.title 없이 아이템 hover 사용,
task,6487AFCE3F35E3D0,6AEC23C6D526F362,eternal_starlight.snbt,,,Amaramber Mask,eternal_starlight:amaramber_mask,,명시적 task.title 없이 아이템 hover 사용,
task,670E20AE7D77582D,6AEC23C6D526F362,eternal_starlight.snbt,,,Amaramber Chestplate,eternal_starlight:amaramber_chestplate,,명시적 task.title 없이 아이템 hover 사용,
task,0E2322C4EC5684B9,6AEC23C6D526F362,eternal_starlight.snbt,,,Amaramber Axe,eternal_starlight:amaramber_axe,,명시적 task.title 없이 아이템 hover 사용,
task,28F45691F3A3FC56,6AEC23C6D526F362,eternal_starlight.snbt,,,Amaramber Hoe,eternal_starlight:amaramber_hoe,,명시적 task.title 없이 아이템 hover 사용,
task,5A3F88535BF101A3,6AEC23C6D526F362,eternal_starlight.snbt,,,Amaramber Shovel,eternal_starlight:amaramber_shovel,,명시적 task.title 없이 아이템 hover 사용,
quest,0C096EE635645E43,6AEC23C6D526F362,eternal_starlight.snbt,,,Crystal Crossbow,eternal_starlight:crystal_crossbow,,설명은 있으나 명시적 quest.title 없음,
task,435B63590146B0B7,6AEC23C6D526F362,eternal_starlight.snbt,,,Crystal Crossbow,eternal_starlight:crystal_crossbow,,명시적 task.title 없이 아이템 hover 사용,
quest,29283BF1B6ED3634,6AEC23C6D526F362,eternal_starlight.snbt,,,Mechanical Crossbow,eternal_starlight:mechanical_crossbow,,설명은 있으나 명시적 quest.title 없음,
task,2FC0189EC5007024,6AEC23C6D526F362,eternal_starlight.snbt,,,Mechanical Crossbow,eternal_starlight:mechanical_crossbow,,명시적 task.title 없이 아이템 hover 사용,
quest,4D0B50731FED3CEE,6AEC23C6D526F362,eternal_starlight.snbt,,,Crescent Spear,eternal_starlight:crescent_spear,,설명은 있으나 명시적 quest.title 없음,
task,291F5AA3AAFB60B5,6AEC23C6D526F362,eternal_starlight.snbt,,,Crescent Spear,eternal_starlight:crescent_spear,,명시적 task.title 없이 아이템 hover 사용,
quest,713548E540B18E07,6AEC23C6D526F362,eternal_starlight.snbt,,,Moonring Bow,eternal_starlight:moonring_bow,,설명은 있으나 명시적 quest.title 없음,
task,4807E6CE3072D866,6AEC23C6D526F362,eternal_starlight.snbt,,,Moonring Bow,eternal_starlight:moonring_bow,,명시적 task.title 없이 아이템 hover 사용,
quest,62F33BBE7BDFE404,6AEC23C6D526F362,eternal_starlight.snbt,,,Wand of Teleportation,eternal_starlight:wand_of_teleportation,,설명은 있으나 명시적 quest.title 없음,
task,76BABAE55CF35E09,6AEC23C6D526F362,eternal_starlight.snbt,,,Wand of Teleportation,eternal_starlight:wand_of_teleportation,,명시적 task.title 없이 아이템 hover 사용,
quest,713EF442D59501BA,6AEC23C6D526F362,eternal_starlight.snbt,,,Chain of Souls,eternal_starlight:chain_of_souls,,설명은 있으나 명시적 quest.title 없음,
task,6D477DF5F03E7A1B,6AEC23C6D526F362,eternal_starlight.snbt,,,Chain of Souls,eternal_starlight:chain_of_souls,,명시적 task.title 없이 아이템 hover 사용,
quest,54DE8AAAE2181F18,6AEC23C6D526F362,eternal_starlight.snbt,,,Moonring Greatsword,eternal_starlight:moonring_greatsword,,설명은 있으나 명시적 quest.title 없음,
task,6896630773C01068,6AEC23C6D526F362,eternal_starlight.snbt,,,Moonring Greatsword,eternal_starlight:moonring_greatsword,,명시적 task.title 없이 아이템 hover 사용,
quest,70A82A5D17D558FB,6AEC23C6D526F362,eternal_starlight.snbt,,,Energy Sword,eternal_starlight:energy_sword,,설명은 있으나 명시적 quest.title 없음,
task,4F8BFFC176ABC6B1,6AEC23C6D526F362,eternal_starlight.snbt,,,Energy Sword,eternal_starlight:energy_sword,,명시적 task.title 없이 아이템 hover 사용,
quest,1533D98B3B2A758E,6AEC23C6D526F362,eternal_starlight.snbt,,,Shattered Sword,eternal_starlight:shattered_sword,,설명은 있으나 명시적 quest.title 없음,
task,6B6092CFDDC4F0E7,6AEC23C6D526F362,eternal_starlight.snbt,,,Shattered Sword,eternal_starlight:shattered_sword,,명시적 task.title 없이 아이템 hover 사용,
quest,29EC143D7E0347DE,6AEC23C6D526F362,eternal_starlight.snbt,,,Dagger of Hunger,eternal_starlight:dagger_of_hunger,,설명은 있으나 명시적 quest.title 없음,
task,4DFFE10F6057AA33,6AEC23C6D526F362,eternal_starlight.snbt,,,Dagger of Hunger,eternal_starlight:dagger_of_hunger,,명시적 task.title 없이 아이템 hover 사용,
quest,01F322AEFCC6109E,6AEC23C6D526F362,eternal_starlight.snbt,,,Tangled Skull,eternal_starlight:tangled_skull,,설명은 있으나 명시적 quest.title 없음,
task,27526AB3871A39D7,6AEC23C6D526F362,eternal_starlight.snbt,,,Tangled Skull,eternal_starlight:tangled_skull,,명시적 task.title 없이 아이템 hover 사용,
quest,37355F60E45777FE,6AEC23C6D526F362,eternal_starlight.snbt,,,Orb of Prophecy,eternal_starlight:orb_of_prophecy,,설명은 있으나 명시적 quest.title 없음,
task,402443873F4D0CEB,6AEC23C6D526F362,eternal_starlight.snbt,,,Orb of Prophecy,eternal_starlight:orb_of_prophecy,,명시적 task.title 없이 아이템 hover 사용,
task,47DA42491982BD41,6AEC23C6D526F362,eternal_starlight.snbt,,,,ftbfiltersystem:smart_filter,,명시적 task.title 없이 아이템 hover 사용,
task,28A1467F578C3750,6AEC23C6D526F362,eternal_starlight.snbt,,,,ftbfiltersystem:smart_filter,,명시적 task.title 없이 아이템 hover 사용,
quest,71C58666D4BC2508,6AEC23C6D526F362,eternal_starlight.snbt,,,Saltpeter Matchbox,eternal_starlight:saltpeter_matchbox,,설명은 있으나 명시적 quest.title 없음,
task,731DAE7CBCA3DE98,6AEC23C6D526F362,eternal_starlight.snbt,,,Saltpeter Matchbox,eternal_starlight:saltpeter_matchbox,,명시적 task.title 없이 아이템 hover 사용,
quest,25E782DB4309A1B8,6AEC23C6D526F362,eternal_starlight.snbt,,,Aurora Deer Antler,eternal_starlight:aurora_deer_antler,,설명은 있으나 명시적 quest.title 없음,
task,4FF53B46A5C372A0,6AEC23C6D526F362,eternal_starlight.snbt,,,Aurora Deer Antler,eternal_starlight:aurora_deer_antler,,명시적 task.title 없이 아이템 hover 사용,
quest,3D4032E7119AF8B7,6AEC23C6D526F362,eternal_starlight.snbt,,,Sonar Bomb,eternal_starlight:sonar_bomb,,설명은 있으나 명시적 quest.title 없음,
task,566FF9AE830FEC5F,6AEC23C6D526F362,eternal_starlight.snbt,,,Sonar Bomb,eternal_starlight:sonar_bomb,,명시적 task.title 없이 아이템 hover 사용,
task,29CAA814200ABBA8,6AEC23C6D526F362,eternal_starlight.snbt,,,,ftbfiltersystem:smart_filter,,명시적 task.title 없이 아이템 hover 사용,
quest,516AC1F0E0BCAE55,6AEC23C6D526F362,eternal_starlight.snbt,,,Frozen Tube,eternal_starlight:frozen_tube,,설명은 있으나 명시적 quest.title 없음,
task,38DD170A20E8D5D6,6AEC23C6D526F362,eternal_starlight.snbt,,,Frozen Tube,eternal_starlight:frozen_tube,,명시적 task.title 없이 아이템 hover 사용,
quest,7FBB431AC055FE93,6AEC23C6D526F362,eternal_starlight.snbt,,,Soulit Spectator,eternal_starlight:soulit_spectator,,설명은 있으나 명시적 quest.title 없음,
task,3C4E28E1F339E461,6AEC23C6D526F362,eternal_starlight.snbt,,,Soulit Spectator,eternal_starlight:soulit_spectator,,명시적 task.title 없이 아이템 hover 사용,
quest,0342248394E40B6A,6AEC23C6D526F362,eternal_starlight.snbt,,,AllRightsReserved,,,설명은 있으나 명시적 quest.title 없음,
task,0AD8AC7ECCD8002A,6AEC23C6D526F362,eternal_starlight.snbt,AllRightsReserved,AllRightsReserved,,,,한국어 파일의 영어 task.title,
task,2510A7EE5D886B63,6AEC23C6D526F362,eternal_starlight.snbt,AllRightsReserved,AllRightsReserved,,,,한국어 파일의 영어 task.title,
task,6467C991A6D45E36,3456E0C530C0038E,evilcraft.snbt,,,Dark Gem,evilcraft:dark_gem,,명시적 task.title 없이 아이템 hover 사용,
task,3DCF9B950A836935,3456E0C530C0038E,evilcraft.snbt,,,Blood Extractor,evilcraft:blood_extractor,,명시적 task.title 없이 아이템 hover 사용,
task,1FE2100D66D5BA32,3456E0C530C0038E,evilcraft.snbt,,,Weather Container,evilcraft:weather_container,,명시적 task.title 없이 아이템 hover 사용,
task,1B4C9F78177AE9B5,3456E0C530C0038E,evilcraft.snbt,,,Dark Power Gem,evilcraft:dark_power_gem,,명시적 task.title 없이 아이템 hover 사용,
task,3EB33B838372C035,3456E0C530C0038E,evilcraft.snbt,,,Hardened Blood Shard,evilcraft:hardened_blood_shard,,명시적 task.title 없이 아이템 hover 사용,
task,0BE59456FB7744CE,3456E0C530C0038E,evilcraft.snbt,,,Blood Infuser,evilcraft:blood_infuser,,명시적 task.title 없이 아이템 hover 사용,
task,734B129022B49A38,3456E0C530C0038E,evilcraft.snbt,,,Blood Infusion Core,evilcraft:blood_infusion_core,,명시적 task.title 없이 아이템 hover 사용,
task,2379362CB6DAE025,3456E0C530C0038E,evilcraft.snbt,,,Undead Sapling,evilcraft:undead_sapling,,명시적 task.title 없이 아이템 hover 사용,
task,689026A3ED7A863A,3456E0C530C0038E,evilcraft.snbt,,,Iron Promise Acceptor,evilcraft:promise_acceptor_iron,,명시적 task.title 없이 아이템 hover 사용,
task,68A9C99DC3DFD901,3456E0C530C0038E,evilcraft.snbt,,,Promise of Tenacity I,evilcraft:promise_tier_1,,명시적 task.title 없이 아이템 hover 사용,
task,45053D11D2454483,3456E0C530C0038E,evilcraft.snbt,,,Blood Chest,evilcraft:blood_chest,,명시적 task.title 없이 아이템 hover 사용,
task,5C748C6F62DC11FF,3456E0C530C0038E,evilcraft.snbt,,,Purifier,evilcraft:purifier,,명시적 task.title 없이 아이템 hover 사용,
task,5E175E8BE4C2D8F2,3456E0C530C0038E,evilcraft.snbt,,,Blook,evilcraft:blook,,명시적 task.title 없이 아이템 hover 사용,
task,776844C7221C165C,3456E0C530C0038E,evilcraft.snbt,,,Promise of Velocity,evilcraft:promise_speed_0,,명시적 task.title 없이 아이템 hover 사용,
task,0B55C293EACD60B9,3456E0C530C0038E,evilcraft.snbt,,,Promise of Productivity,evilcraft:promise_efficiency_0,,명시적 task.title 없이 아이템 hover 사용,
task,048E4473A97AD33E,3456E0C530C0038E,evilcraft.snbt,,,Vengeance Ring,evilcraft:vengeance_ring,,명시적 task.title 없이 아이템 hover 사용,
task,48A4C8390243406C,3456E0C530C0038E,evilcraft.snbt,,,Gold Promise Acceptor,evilcraft:promise_acceptor_gold,,명시적 task.title 없이 아이템 hover 사용,
task,703639D39EF4884C,3456E0C530C0038E,evilcraft.snbt,,,Promise of Tenacity II,evilcraft:promise_tier_2,,명시적 task.title 없이 아이템 hover 사용,
task,1812768537DE49D7,3456E0C530C0038E,evilcraft.snbt,,,Diamond Promise Acceptor,evilcraft:promise_acceptor_diamond,,명시적 task.title 없이 아이템 hover 사용,
task,3B0932C1D1C8734F,3456E0C530C0038E,evilcraft.snbt,,,Promise of Tenacity III,evilcraft:promise_tier_3,,명시적 task.title 없이 아이템 hover 사용,
quest,4D7B6842B9F53459,3456E0C530C0038E,evilcraft.snbt,,,Effortless Ring,evilcraft:effortless_ring,,설명은 있으나 명시적 quest.title 없음,
task,6F7CD7DB5A883579,3456E0C530C0038E,evilcraft.snbt,,,Effortless Ring,evilcraft:effortless_ring,,명시적 task.title 없이 아이템 hover 사용,
task,7FAA4F7F27A63395,3456E0C530C0038E,evilcraft.snbt,,,Dark Tank,evilcraft:dark_tank,,명시적 task.title 없이 아이템 hover 사용,
quest,10EF30B919EBA5C6,3456E0C530C0038E,evilcraft.snbt,,,Vengeance Pickaxe,evilcraft:vengeance_pickaxe,,설명은 있으나 명시적 quest.title 없음,
task,56C5BE8015C28FBC,3456E0C530C0038E,evilcraft.snbt,,,Vengeance Pickaxe,evilcraft:vengeance_pickaxe,,명시적 task.title 없이 아이템 hover 사용,
task,3CAAC4AF810BF534,3456E0C530C0038E,evilcraft.snbt,,,Spirit Furnace,evilcraft:spirit_furnace,,명시적 task.title 없이 아이템 hover 사용,
task,3CD25851F90C3E12,3456E0C530C0038E,evilcraft.snbt,,,Dark Blood Brick,evilcraft:dark_blood_brick,,명시적 task.title 없이 아이템 hover 사용,
task,2161414994EAB2A9,3456E0C530C0038E,evilcraft.snbt,,,Vengeance Focus,evilcraft:vengeance_focus,,명시적 task.title 없이 아이템 hover 사용,
task,2228CC59A99F49E9,3456E0C530C0038E,evilcraft.snbt,,,Box of Eternal Closure,evilcraft:box_of_eternal_closure,,명시적 task.title 없이 아이템 hover 사용,
task,685A188F7C39BE43,3456E0C530C0038E,evilcraft.snbt,,,Colossal Blood Chest,evilcraft:colossal_blood_chest,,명시적 task.title 없이 아이템 hover 사용,
task,0B3D5A92B01017A5,3456E0C530C0038E,evilcraft.snbt,,,Reinforced Undead Planks,evilcraft:reinforced_undead_planks,,명시적 task.title 없이 아이템 hover 사용,
task,4D297E4145C19440,3456E0C530C0038E,evilcraft.snbt,,,Spirit Reanimator,evilcraft:spirit_reanimator,,명시적 task.title 없이 아이템 hover 사용,
task,20878EDDDF0C77DA,3456E0C530C0038E,evilcraft.snbt,,,Blood Pearl of Teleportation,evilcraft:blood_pearl_of_teleportation,,명시적 task.title 없이 아이템 hover 사용,
quest,56FB82DEB944F758,3456E0C530C0038E,evilcraft.snbt,,,Mace of Distortion,evilcraft:mace_of_distortion,,설명은 있으나 명시적 quest.title 없음,
task,40BB2C59D2A857BF,3456E0C530C0038E,evilcraft.snbt,,,Mace of Distortion,evilcraft:mace_of_distortion,,명시적 task.title 없이 아이템 hover 사용,
task,7E84245939CD98B9,3456E0C530C0038E,evilcraft.snbt,,,Kineticator,evilcraft:kineticator,,명시적 task.title 없이 아이템 hover 사용,
task,7974BA01706F695D,3456E0C530C0038E,evilcraft.snbt,,,Repelling Kineticator,evilcraft:kineticator_repelling,,명시적 task.title 없이 아이템 hover 사용,
task,73E9DB8434DF6236,3456E0C530C0038E,evilcraft.snbt,,,Necromancer Staff,evilcraft:necromancer_staff,,명시적 task.title 없이 아이템 hover 사용,
task,40CA543BAAC1182D,3456E0C530C0038E,evilcraft.snbt,,,Invigorating Pendant,evilcraft:invigorating_pendant,,명시적 task.title 없이 아이템 hover 사용,
task,26ADA98532E2CDB7,3456E0C530C0038E,evilcraft.snbt,,,Sceptre of Thunder,evilcraft:sceptre_of_thunder,,명시적 task.title 없이 아이템 hover 사용,
quest,600F66B13B29708B,3456E0C530C0038E,evilcraft.snbt,,,Rejuvenated Flesh,evilcraft:flesh_rejuvenated,,설명은 있으나 명시적 quest.title 없음,
task,5DA025E8807292CC,3456E0C530C0038E,evilcraft.snbt,,,Rejuvenated Flesh,evilcraft:flesh_rejuvenated,,명시적 task.title 없이 아이템 hover 사용,
quest,4DF7E2149F4BD8CC,3456E0C530C0038E,evilcraft.snbt,,,Primed Pendant,evilcraft:primed_pendant,,설명은 있으나 명시적 quest.title 없음,
task,02AD6938B2B14996,3456E0C530C0038E,evilcraft.snbt,,,Primed Pendant,evilcraft:primed_pendant,,명시적 task.title 없이 아이템 hover 사용,
quest,290FAB3DE8FD04E7,3456E0C530C0038E,evilcraft.snbt,,,Mace of Destruction,evilcraft:mace_of_destruction,,설명은 있으나 명시적 quest.title 없음,
task,2789A057B859F93B,3456E0C530C0038E,evilcraft.snbt,,,Mace of Destruction,evilcraft:mace_of_destruction,,명시적 task.title 없이 아이템 hover 사용,
quest,0B9F2B443813F43C,3456E0C530C0038E,evilcraft.snbt,,,Spikey Claws,evilcraft:spikey_claws,,설명은 있으나 명시적 quest.title 없음,
task,743506EBB76A0B12,3456E0C530C0038E,evilcraft.snbt,,,Spikey Claws,evilcraft:spikey_claws,,명시적 task.title 없이 아이템 hover 사용,
task,3C8168A55ACA86A3,3456E0C530C0038E,evilcraft.snbt,,,Entangled Chalice,evilcraft:entangled_chalice,,명시적 task.title 없이 아이템 hover 사용,
task,25714C3E4C8266CD,3456E0C530C0038E,evilcraft.snbt,,,Garmonbozia,evilcraft:garmonbozia,,명시적 task.title 없이 아이템 hover 사용,
task,63C0EDDE6E8437E9,3456E0C530C0038E,evilcraft.snbt,,,Sanguinary Environmental Acc.,evilcraft:sanguinary_environmental_accumulator,,명시적 task.title 없이 아이템 hover 사용,
task,005992A335555BA4,3456E0C530C0038E,evilcraft.snbt,,,Eternal Water Block,evilcraft:eternal_water,,명시적 task.title 없이 아이템 hover 사용,
task,576692A5D2EBAD4C,3456E0C530C0038E,evilcraft.snbt,,,Eternal Water Bucket,evilcraft:bucket_eternal_water,,명시적 task.title 없이 아이템 hover 사용,
task,2A0FF6158E8316FC,3456E0C530C0038E,evilcraft.snbt,,,Lightning Bomb,evilcraft:lightning_bomb,,명시적 task.title 없이 아이템 hover 사용,
task,00A16E31DAB13327,3456E0C530C0038E,evilcraft.snbt,,,Lightning Grenade,evilcraft:lightning_grenade,,명시적 task.title 없이 아이템 hover 사용,
task,529AF6004FE7819C,3456E0C530C0038E,evilcraft.snbt,,,Sanguinary Pedestal,evilcraft:sanguinary_pedestal_0,,명시적 task.title 없이 아이템 hover 사용,
task,3FC22C6B8659C136,3456E0C530C0038E,evilcraft.snbt,,,Spiked Plate,evilcraft:spiked_plate,,명시적 task.title 없이 아이템 hover 사용,
quest,753B3EF7CC94A6DD,3456E0C530C0038E,evilcraft.snbt,,,Humanoid Flesh,evilcraft:flesh_humanoid,,설명은 있으나 명시적 quest.title 없음,
task,19C973A3F42D631C,3456E0C530C0038E,evilcraft.snbt,,,Humanoid Flesh,evilcraft:flesh_humanoid,,명시적 task.title 없이 아이템 hover 사용,
quest,026A71F98A52E3A5,3456E0C530C0038E,evilcraft.snbt,,,Werewolf Flesh,evilcraft:flesh_werewolf,,설명은 있으나 명시적 quest.title 없음,
task,7217F680E0AA4389,3456E0C530C0038E,evilcraft.snbt,,,Werewolf Flesh,evilcraft:flesh_werewolf,,명시적 task.title 없이 아이템 hover 사용,
quest,7B524DAD8A33BF85,3456E0C530C0038E,evilcraft.snbt,,,Vein Sword,evilcraft:vein_sword,,설명은 있으나 명시적 quest.title 없음,
task,19AAADDD210A2AF9,3456E0C530C0038E,evilcraft.snbt,,,Vein Sword,evilcraft:vein_sword,,명시적 task.title 없이 아이템 hover 사용,
task,73427CBDD811273E,3456E0C530C0038E,evilcraft.snbt,,,Broom Part,evilcraft:broom_part,,명시적 task.title 없이 아이템 hover 사용,
task,499D24D1F87BF794,3456E0C530C0038E,evilcraft.snbt,,,Broom Part,evilcraft:broom_part,,명시적 task.title 없이 아이템 hover 사용,
task,2148DCC201648C0A,3456E0C530C0038E,evilcraft.snbt,,,Broom Part,evilcraft:broom_part,,명시적 task.title 없이 아이템 hover 사용,
task,1E0F142EBB4085FF,3456E0C530C0038E,evilcraft.snbt,,,Broom,evilcraft:broom,,명시적 task.title 없이 아이템 hover 사용,
quest,27E34DCC9C94F4FF,3456E0C530C0038E,evilcraft.snbt,,,AllRightsReserved,,,설명은 있으나 명시적 quest.title 없음,
task,293B86458729C26E,3456E0C530C0038E,evilcraft.snbt,AllRightsReserved,AllRightsReserved,,,,한국어 파일의 영어 task.title,
task,525E20417F77B456,3456E0C530C0038E,evilcraft.snbt,,,Piercing Vengeance Focus,evilcraft:piercing_vengeance_focus,,명시적 task.title 없이 아이템 hover 사용,
task,05BDFDBF2FCE8A50,3456E0C530C0038E,evilcraft.snbt,,,Vengeance Essence,evilcraft:vengeance_essence,,명시적 task.title 없이 아이템 hover 사용,
quest,4818C8387C0DBBE7,51A2FE60D8B76FC6,extended__advanced_ae.snbt,ExtendedAE,ExtendedAE,,,,한국어 파일의 영어 quest.title,
task,5F7AE60DC477C888,51A2FE60D8B76FC6,extended__advanced_ae.snbt,,,플루익스 블록,ae2:fluix_block,플루익스 블록,명시적 task.title 없이 아이템 hover 사용,플루익스 블록
task,5F082F52423D46A2,51A2FE60D8B76FC6,extended__advanced_ae.snbt,,,엔트로 씨앗,extendedae:entro_seed,엔트로 씨앗,명시적 task.title 없이 아이템 hover 사용,엔트로 씨앗
task,35F9754B6A905D64,51A2FE60D8B76FC6,extended__advanced_ae.snbt,,,엔트로 결정,extendedae:entro_crystal,엔트로 결정,명시적 task.title 없이 아이템 hover 사용,엔트로 결정
task,268DD5AFBD2C199A,51A2FE60D8B76FC6,extended__advanced_ae.snbt,,,결정 조립기,extendedae:crystal_assembler,결정 조립기,명시적 task.title 없이 아이템 hover 사용,결정 조립기
task,215D0E1A9BF15323,51A2FE60D8B76FC6,extended__advanced_ae.snbt,,,회로 절단기,extendedae:circuit_cutter,회로 절단기,명시적 task.title 없이 아이템 hover 사용,회로 절단기
task,42C00862ECBD956C,51A2FE60D8B76FC6,extended__advanced_ae.snbt,,,ME 무선 연결기,extendedae:wireless_connect,ME 무선 연결기,명시적 task.title 없이 아이템 hover 사용,ME 무선 연결기
task,429BAE443AE2ADF0,51A2FE60D8B76FC6,extended__advanced_ae.snbt,,,ME 무선 설정 키트,extendedae:wireless_tool,ME 무선 설정 키트,명시적 task.title 없이 아이템 hover 사용,ME 무선 설정 키트
task,2896085D4D721380,51A2FE60D8B76FC6,extended__advanced_ae.snbt,,,ME 확장 패턴 접근 터미널,extendedae:ex_pattern_access_part,ME 확장 패턴 접근 터미널,명시적 task.title 없이 아이템 hover 사용,ME 확장 패턴 접근 터미널
task,0252475A740C3E4D,51A2FE60D8B76FC6,extended__advanced_ae.snbt,,,ME 주입기,extendedae:caner,ME 주입기,명시적 task.title 없이 아이템 hover 사용,ME 주입기
task,438D5F2C7BBDD0E2,51A2FE60D8B76FC6,extended__advanced_ae.snbt,,,조립기 매트릭스 프레임,extendedae:assembler_matrix_frame,조립기 매트릭스 프레임,명시적 task.title 없이 아이템 hover 사용,조립기 매트릭스 프레임
quest,7725CB7D0AE55180,51A2FE60D8B76FC6,extended__advanced_ae.snbt,Advanced AE,Advanced AE,,,,한국어 파일의 영어 quest.title,
task,5406F9E51B9034C3,51A2FE60D8B76FC6,extended__advanced_ae.snbt,,,논리 프로세서,ae2:logic_processor,논리 프로세서,명시적 task.title 없이 아이템 hover 사용,논리 프로세서
task,578D8531914D0678,51A2FE60D8B76FC6,extended__advanced_ae.snbt,,,반응 챔버,advanced_ae:reaction_chamber,반응 챔버,명시적 task.title 없이 아이템 hover 사용,반응 챔버
task,5795FD378D55DB36,51A2FE60D8B76FC6,extended__advanced_ae.snbt,,,고급 패턴 인코더,advanced_ae:adv_pattern_encoder,고급 패턴 인코더,명시적 task.title 없이 아이템 hover 사용,고급 패턴 인코더
task,7BE7E513F11A3C35,51A2FE60D8B76FC6,extended__advanced_ae.snbt,,,퀀텀 제작 장치,advanced_ae:quantum_unit,퀀텀 제작 장치,명시적 task.title 없이 아이템 hover 사용,퀀텀 제작 장치
task,637D2A0BA1A46912,51A2FE60D8B76FC6,extended__advanced_ae.snbt,,,퀀텀 컴퓨터 구조 유리,advanced_ae:quantum_structure,퀀텀 컴퓨터 구조 유리,명시적 task.title 없이 아이템 hover 사용,퀀텀 컴퓨터 구조 유리
task,1500062658C417AA,51A2FE60D8B76FC6,extended__advanced_ae.snbt,,,조립기 매트릭스 패턴 코어,extendedae:assembler_matrix_pattern,조립기 매트릭스 패턴 코어,명시적 task.title 없이 아이템 hover 사용,조립기 매트릭스 패턴 코어
task,306C914B74A7828A,51A2FE60D8B76FC6,extended__advanced_ae.snbt,,,조립기 매트릭스 제작 코어,extendedae:assembler_matrix_crafter,조립기 매트릭스 제작 코어,명시적 task.title 없이 아이템 hover 사용,조립기 매트릭스 제작 코어
task,1766170684DD8C07,51A2FE60D8B76FC6,extended__advanced_ae.snbt,,,조립기 매트릭스 가속 코어,extendedae:assembler_matrix_speed,조립기 매트릭스 가속 코어,명시적 task.title 없이 아이템 hover 사용,조립기 매트릭스 가속 코어
task,388502737919E69F,51A2FE60D8B76FC6,extended__advanced_ae.snbt,,,128M 퀀텀 컴퓨터 저장소,advanced_ae:quantum_storage_128,128M 퀀텀 컴퓨터 저장소,명시적 task.title 없이 아이템 hover 사용,128M 퀀텀 컴퓨터 저장소
task,2C547406F10F1C14,51A2FE60D8B76FC6,extended__advanced_ae.snbt,,,256M 퀀텀 컴퓨터 저장소,advanced_ae:quantum_storage_256,256M 퀀텀 컴퓨터 저장소,명시적 task.title 없이 아이템 hover 사용,256M 퀀텀 컴퓨터 저장소
task,58E89008C58BDEA5,51A2FE60D8B76FC6,extended__advanced_ae.snbt,,,퀀텀 컴퓨터 가속기,advanced_ae:quantum_accelerator,퀀텀 컴퓨터 가속기,명시적 task.title 없이 아이템 hover 사용,퀀텀 컴퓨터 가속기
task,25A95685F009FEC1,51A2FE60D8B76FC6,extended__advanced_ae.snbt,,,퀀텀 컴퓨터 코어,advanced_ae:quantum_core,퀀텀 컴퓨터 코어,명시적 task.title 없이 아이템 hover 사용,퀀텀 컴퓨터 코어
task,2928E71D218FDE3C,51A2FE60D8B76FC6,extended__advanced_ae.snbt,,,퀀텀 컴퓨터 멀티 스레더,advanced_ae:quantum_multi_threader,퀀텀 컴퓨터 멀티 스레더,명시적 task.title 없이 아이템 hover 사용,퀀텀 컴퓨터 멀티 스레더
task,256682BFD257244D,51A2FE60D8B76FC6,extended__advanced_ae.snbt,,,퀀텀 데이터 얽힘기,advanced_ae:data_entangler,퀀텀 데이터 얽힘기,명시적 task.title 없이 아이템 hover 사용,퀀텀 데이터 얽힘기
task,636197CAC21C3FDA,51A2FE60D8B76FC6,extended__advanced_ae.snbt,,,퀀텀 제작기,advanced_ae:quantum_crafter,퀀텀 제작기,명시적 task.title 없이 아이템 hover 사용,퀀텀 제작기
task,505D04F4E0F6795F,51A2FE60D8B76FC6,extended__advanced_ae.snbt,,,퀀텀 투구,advanced_ae:quantum_helmet,퀀텀 투구,명시적 task.title 없이 아이템 hover 사용,퀀텀 투구
task,3C4764C4EE2ED51F,51A2FE60D8B76FC6,extended__advanced_ae.snbt,,,퀀텀 흉갑,advanced_ae:quantum_chestplate,퀀텀 흉갑,명시적 task.title 없이 아이템 hover 사용,퀀텀 흉갑
task,40BA14BD280DC10A,51A2FE60D8B76FC6,extended__advanced_ae.snbt,,,퀀텀 레깅스,advanced_ae:quantum_leggings,퀀텀 레깅스,명시적 task.title 없이 아이템 hover 사용,퀀텀 레깅스
task,0B8E3C8D6C6AA3EE,51A2FE60D8B76FC6,extended__advanced_ae.snbt,,,퀀텀 부츠,advanced_ae:quantum_boots,퀀텀 부츠,명시적 task.title 없이 아이템 hover 사용,퀀텀 부츠
task,3C5234F0EC6C7E39,51A2FE60D8B76FC6,extended__advanced_ae.snbt,,,퀀텀 업그레이드 기본 카드,advanced_ae:quantum_upgrade_base,퀀텀 업그레이드 기본 카드,명시적 task.title 없이 아이템 hover 사용,퀀텀 업그레이드 기본 카드
task,6CFEDFF83FB5AD18,51A2FE60D8B76FC6,extended__advanced_ae.snbt,,,걷기 속도 카드,advanced_ae:walk_speed_card,걷기 속도 카드,명시적 task.title 없이 아이템 hover 사용,걷기 속도 카드
task,540BD5249CF3D84F,51A2FE60D8B76FC6,extended__advanced_ae.snbt,,,질주 속도 카드,advanced_ae:sprint_speed_card,질주 속도 카드,명시적 task.title 없이 아이템 hover 사용,질주 속도 카드
task,7870E757CC4BF1E2,51A2FE60D8B76FC6,extended__advanced_ae.snbt,,,단차 이동 보조 카드,advanced_ae:step_assist_card,단차 이동 보조 카드,명시적 task.title 없이 아이템 hover 사용,단차 이동 보조 카드
task,63A7871AE2F7804B,51A2FE60D8B76FC6,extended__advanced_ae.snbt,,,점프 높이 카드,advanced_ae:jump_height_card,점프 높이 카드,명시적 task.title 없이 아이템 hover 사용,점프 높이 카드
task,12EC69F1C523B343,51A2FE60D8B76FC6,extended__advanced_ae.snbt,,,용암 면역 카드,advanced_ae:lava_immunity_card,용암 면역 카드,명시적 task.title 없이 아이템 hover 사용,용암 면역 카드
task,2A1746B22A6D57BD,51A2FE60D8B76FC6,extended__advanced_ae.snbt,,,비행 카드,advanced_ae:flight_card,비행 카드,명시적 task.title 없이 아이템 hover 사용,비행 카드
task,39B2E6372F94DB1D,51A2FE60D8B76FC6,extended__advanced_ae.snbt,,,수중 호흡 카드,advanced_ae:water_breathing_card,수중 호흡 카드,명시적 task.title 없이 아이템 hover 사용,수중 호흡 카드
task,0377F7E698E93C26,51A2FE60D8B76FC6,extended__advanced_ae.snbt,,,자동 섭취 카드,advanced_ae:auto_feeding_card,자동 섭취 카드,명시적 task.title 없이 아이템 hover 사용,자동 섭취 카드
task,285D24FF6039D443,51A2FE60D8B76FC6,extended__advanced_ae.snbt,,,자동 재고 유지 카드,advanced_ae:auto_stock_card,자동 재고 유지 카드,명시적 task.title 없이 아이템 hover 사용,자동 재고 유지 카드
task,24A3CE515DF0186E,51A2FE60D8B76FC6,extended__advanced_ae.snbt,,,자석 카드,advanced_ae:magnet_card,자석 카드,명시적 task.title 없이 아이템 hover 사용,자석 카드
task,4BEF9B9ABAB44B5E,51A2FE60D8B76FC6,extended__advanced_ae.snbt,,,체력 버퍼 카드,advanced_ae:hp_buffer_card,체력 버퍼 카드,명시적 task.title 없이 아이템 hover 사용,체력 버퍼 카드
task,5325DB5C52F45993,51A2FE60D8B76FC6,extended__advanced_ae.snbt,,,회피 카드,advanced_ae:evasion_card,회피 카드,명시적 task.title 없이 아이템 hover 사용,회피 카드
task,0E52901C7E98A54B,51A2FE60D8B76FC6,extended__advanced_ae.snbt,,,재생 카드,advanced_ae:regeneration_card,재생 카드,명시적 task.title 없이 아이템 hover 사용,재생 카드
task,2F453BCF48FB1F9C,51A2FE60D8B76FC6,extended__advanced_ae.snbt,,,힘 카드,advanced_ae:strength_card,힘 카드,명시적 task.title 없이 아이템 hover 사용,힘 카드
task,6B4E7B0E83D95DEE,51A2FE60D8B76FC6,extended__advanced_ae.snbt,,,공격 속도 카드,advanced_ae:attack_speed_card,공격 속도 카드,명시적 task.title 없이 아이템 hover 사용,공격 속도 카드
task,4B929C61FE6B2283,51A2FE60D8B76FC6,extended__advanced_ae.snbt,,,행운 카드,advanced_ae:luck_card,행운 카드,명시적 task.title 없이 아이템 hover 사용,행운 카드
task,3854179CE74EE997,51A2FE60D8B76FC6,extended__advanced_ae.snbt,,,도달 거리 카드,advanced_ae:reach_card,도달 거리 카드,명시적 task.title 없이 아이템 hover 사용,도달 거리 카드
task,5A4815C07DB2039D,51A2FE60D8B76FC6,extended__advanced_ae.snbt,,,수영 속도 카드,advanced_ae:swim_speed_card,수영 속도 카드,명시적 task.title 없이 아이템 hover 사용,수영 속도 카드
task,7C1C34179BB3552E,51A2FE60D8B76FC6,extended__advanced_ae.snbt,,,야간 투시 카드,advanced_ae:night_vision_card,야간 투시 카드,명시적 task.title 없이 아이템 hover 사용,야간 투시 카드
task,478C30108F304D74,51A2FE60D8B76FC6,extended__advanced_ae.snbt,,,비행 관성 제거 카드,advanced_ae:flight_drift_card,비행 관성 제거 카드,명시적 task.title 없이 아이템 hover 사용,비행 관성 제거 카드
quest,38D0BBD5F699EF41,51A2FE60D8B76FC6,extended__advanced_ae.snbt,,,ME 재충전 카드,advanced_ae:recharging_card,ME 재충전 카드,설명은 있으나 명시적 quest.title 없음,ME 재충전 카드
task,6ED37C922A9A48F0,51A2FE60D8B76FC6,extended__advanced_ae.snbt,,,ME 재충전 카드,advanced_ae:recharging_card,ME 재충전 카드,명시적 task.title 없이 아이템 hover 사용,ME 재충전 카드
task,29B75C2F61F66FEE,51A2FE60D8B76FC6,extended__advanced_ae.snbt,,,휴대용 작업대 카드,advanced_ae:portable_workbench_card,휴대용 작업대 카드,명시적 task.title 없이 아이템 hover 사용,휴대용 작업대 카드
task,736770B054073D65,51A2FE60D8B76FC6,extended__advanced_ae.snbt,,,지정 제작 카드,advanced_ae:pick_craft_card,지정 제작 카드,명시적 task.title 없이 아이템 hover 사용,지정 제작 카드
task,250C092092F5F167,51A2FE60D8B76FC6,extended__advanced_ae.snbt,,,부서진 특이점,advanced_ae:shattered_singularity,부서진 특이점,명시적 task.title 없이 아이템 hover 사용,부서진 특이점
task,6D3FB478C48A2B98,51A2FE60D8B76FC6,extended__advanced_ae.snbt,,,퀀텀 합금,advanced_ae:quantum_alloy,퀀텀 합금,명시적 task.title 없이 아이템 hover 사용,퀀텀 합금
task,6BDE1F55FC7D6CBD,51A2FE60D8B76FC6,extended__advanced_ae.snbt,,,퀀텀 프로세서,advanced_ae:quantum_processor,퀀텀 프로세서,명시적 task.title 없이 아이템 hover 사용,퀀텀 프로세서
quest,1E535784A9D3DE89,51A2FE60D8B76FC6,extended__advanced_ae.snbt,,,엔트로 결정이 필요 없는 항목,,,설명은 있으나 명시적 quest.title 없음,
task,178EE4CAC1E1A581,51A2FE60D8B76FC6,extended__advanced_ae.snbt,,,ME 소거 셀,extendedae:void_cell,ME 소거 셀,명시적 task.title 없이 아이템 hover 사용,ME 소거 셀
task,3DBD19E7F036C211,51A2FE60D8B76FC6,extended__advanced_ae.snbt,,,결정 복원기,extendedae:crystal_fixer,결정 복원기,명시적 task.title 없이 아이템 hover 사용,결정 복원기
task,3EC615C0AE2B9860,51A2FE60D8B76FC6,extended__advanced_ae.snbt,,,플루익스 수정,ae2:fluix_crystal,플루익스 수정,명시적 task.title 없이 아이템 hover 사용,플루익스 수정
task,6DEF1EE085B98E5E,51A2FE60D8B76FC6,extended__advanced_ae.snbt,,,ME 무선 허브,extendedae:wireless_hub,ME 무선 허브,명시적 task.title 없이 아이템 hover 사용,ME 무선 허브
task,430E98968D04916E,51A2FE60D8B76FC6,extended__advanced_ae.snbt,,,ME 능동 형성 평면,extendedae:active_formation_plane,ME 능동 형성 평면,명시적 task.title 없이 아이템 hover 사용,ME 능동 형성 평면
task,3171E55D6D6BD6D4,51A2FE60D8B76FC6,extended__advanced_ae.snbt,,,퀀텀 컴퓨터 구조 유리,advanced_ae:quantum_structure,퀀텀 컴퓨터 구조 유리,명시적 task.title 없이 아이템 hover 사용,퀀텀 컴퓨터 구조 유리
task,1BD31EF16F5BB8FB,51A2FE60D8B76FC6,extended__advanced_ae.snbt,,,퀀텀 컴퓨터 가속기,advanced_ae:quantum_accelerator,퀀텀 컴퓨터 가속기,명시적 task.title 없이 아이템 hover 사용,퀀텀 컴퓨터 가속기
task,26C2ACE06AFD6863,51A2FE60D8B76FC6,extended__advanced_ae.snbt,,,퀀텀 컴퓨터 코어,advanced_ae:quantum_core,퀀텀 컴퓨터 코어,명시적 task.title 없이 아이템 hover 사용,퀀텀 컴퓨터 코어
task,0F49E7950B0C2F41,51A2FE60D8B76FC6,extended__advanced_ae.snbt,,,퀀텀 컴퓨터 멀티 스레더,advanced_ae:quantum_multi_threader,퀀텀 컴퓨터 멀티 스레더,명시적 task.title 없이 아이템 hover 사용,퀀텀 컴퓨터 멀티 스레더
task,540DD4E3E568DBF2,3C78926E5D301BA0,extreme_reactors.snbt,,,우라늄 주괴,alltheores:uranium_ingot,,명시적 task.title 없이 아이템 hover 사용,
task,4B83A0D1C2C3C226,3C78926E5D301BA0,extreme_reactors.snbt,,,Graphite Bar,bigreactors:graphite_ingot,,명시적 task.title 없이 아이템 hover 사용,
task,70D705C81989D87C,3C78926E5D301BA0,extreme_reactors.snbt,,,Reactor Casing (Basic),bigreactors:basic_reactorcasing,,명시적 task.title 없이 아이템 hover 사용,
task,1D03F9FD56B01515,3C78926E5D301BA0,extreme_reactors.snbt,,,Reactor Controller (Basic),bigreactors:basic_reactorcontroller,,명시적 task.title 없이 아이템 hover 사용,
task,2ADB404DAFBD7AC5,3C78926E5D301BA0,extreme_reactors.snbt,,,Reactor Solid Access Port (Basic),bigreactors:basic_reactorsolidaccessport,,명시적 task.title 없이 아이템 hover 사용,
task,6E7930A4B00563C9,3C78926E5D301BA0,extreme_reactors.snbt,,,Reactor Active Forge Energy Power Tap (Basic),bigreactors:basic_reactorpowertapfe_active,,명시적 task.title 없이 아이템 hover 사용,
task,1C89B070388F3ADF,3C78926E5D301BA0,extreme_reactors.snbt,,,Reactor Control Rod (Basic),bigreactors:basic_reactorcontrolrod,,명시적 task.title 없이 아이템 hover 사용,
task,368FDD7ECB8C06CD,3C78926E5D301BA0,extreme_reactors.snbt,,,Reactor Fuel Rod (Basic),bigreactors:basic_reactorfuelrod,,명시적 task.title 없이 아이템 hover 사용,
task,76E0779D896F146B,3C78926E5D301BA0,extreme_reactors.snbt,,,Reactor Casing (Basic),bigreactors:basic_reactorcasing,,명시적 task.title 없이 아이템 hover 사용,
task,4EA3FF4654F9D9FF,3C78926E5D301BA0,extreme_reactors.snbt,,,Reactor Glass (Basic),bigreactors:basic_reactorglass,,명시적 task.title 없이 아이템 hover 사용,
task,565CF24C6904CC2A,3C78926E5D301BA0,extreme_reactors.snbt,,,Reactor Active Forge Energy Power Tap (Basic),bigreactors:basic_reactorpowertapfe_active,,명시적 task.title 없이 아이템 hover 사용,
task,0649EBB6E6516B4C,3C78926E5D301BA0,extreme_reactors.snbt,,,Reactor Solid Access Port (Basic),bigreactors:basic_reactorsolidaccessport,,명시적 task.title 없이 아이템 hover 사용,
quest,75AD0CEBC1335915,3C78926E5D301BA0,extreme_reactors.snbt,,,Reactor Controller (Basic),bigreactors:basic_reactorcontroller,,설명은 있으나 명시적 quest.title 없음,
task,62A0FE4CFAB9621B,3C78926E5D301BA0,extreme_reactors.snbt,,,Reactor Controller (Basic),bigreactors:basic_reactorcontroller,,명시적 task.title 없이 아이템 hover 사용,
task,1FC2120A22A7BAEC,3C78926E5D301BA0,extreme_reactors.snbt,,,Reactor Control Rod (Basic),bigreactors:basic_reactorcontrolrod,,명시적 task.title 없이 아이템 hover 사용,
task,14C67262D9F8A9A8,3C78926E5D301BA0,extreme_reactors.snbt,,,Reactor Fuel Rod (Basic),bigreactors:basic_reactorfuelrod,,명시적 task.title 없이 아이템 hover 사용,
task,57D3013D5136E202,3C78926E5D301BA0,extreme_reactors.snbt,,,우라늄 주괴,alltheores:uranium_ingot,,명시적 task.title 없이 아이템 hover 사용,
task,77F79D09A76CFF15,3C78926E5D301BA0,extreme_reactors.snbt,,,Cyanite Ingot,bigreactors:cyanite_ingot,,명시적 task.title 없이 아이템 hover 사용,
task,0577F2FA32B65E00,3C78926E5D301BA0,extreme_reactors.snbt,,,Reprocessor Casing,bigreactors:reprocessorcasing,,명시적 task.title 없이 아이템 hover 사용,
task,3FD4E648D3560D1B,3C78926E5D301BA0,extreme_reactors.snbt,,,Turbine Housing (Basic),bigreactors:basic_turbinecasing,,명시적 task.title 없이 아이템 hover 사용,
task,738B3094737D9A6A,3C78926E5D301BA0,extreme_reactors.snbt,,,Turbine Controller (Basic),bigreactors:basic_turbinecontroller,,명시적 task.title 없이 아이템 hover 사용,
task,122E3BB7DB314F68,3C78926E5D301BA0,extreme_reactors.snbt,,,Reactor Casing (Reinforced),bigreactors:reinforced_reactorcasing,,명시적 task.title 없이 아이템 hover 사용,
task,3A52CAA0728D629A,3C78926E5D301BA0,extreme_reactors.snbt,,,Reactor Active Forge Fluid Port (Reinforced),bigreactors:reinforced_reactorfluidport_forge_active,,명시적 task.title 없이 아이템 hover 사용,
task,52294DB4AE793F9C,3C78926E5D301BA0,extreme_reactors.snbt,,,Reactor Casing (Basic),bigreactors:basic_reactorcasing,,명시적 task.title 없이 아이템 hover 사용,
task,5E9CEEEE330B1DE0,3C78926E5D301BA0,extreme_reactors.snbt,,,Turbine Active Forge Fluid Port (Basic),bigreactors:basic_turbinefluidport_forge_active,,명시적 task.title 없이 아이템 hover 사용,
task,18EB6570007F534A,3C78926E5D301BA0,extreme_reactors.snbt,,,Turbine Active Forge Energy Power Tap (Basic),bigreactors:basic_turbinepowertapfe_active,,명시적 task.title 없이 아이템 hover 사용,
task,69497C419271A8F2,3C78926E5D301BA0,extreme_reactors.snbt,,,Turbine Rotor Bearing (Basic),bigreactors:basic_turbinerotorbearing,,명시적 task.title 없이 아이템 hover 사용,
task,05559BFC34BEBF4A,3C78926E5D301BA0,extreme_reactors.snbt,,,Turbine Rotor Shaft (Basic),bigreactors:basic_turbinerotorshaft,,명시적 task.title 없이 아이템 hover 사용,
task,42F16075D25E4A94,3C78926E5D301BA0,extreme_reactors.snbt,,,Turbine Rotor Blade (Basic),bigreactors:basic_turbinerotorblade,,명시적 task.title 없이 아이템 hover 사용,
task,2FC2A5929C2E0EA9,3C78926E5D301BA0,extreme_reactors.snbt,,,Turbine Glass (Basic),bigreactors:basic_turbineglass,,명시적 task.title 없이 아이템 hover 사용,
quest,775D176081DD75F5,3C78926E5D301BA0,extreme_reactors.snbt,,,터빈 인터페이스,,,설명은 있으나 명시적 quest.title 없음,
quest,2AF31F1769085641,3C78926E5D301BA0,extreme_reactors.snbt,,,Reprocessor Controller,bigreactors:reprocessorcontroller,,설명은 있으나 명시적 quest.title 없음,
task,2DBC9E20BFE7F058,3C78926E5D301BA0,extreme_reactors.snbt,,,Reprocessor Controller,bigreactors:reprocessorcontroller,,명시적 task.title 없이 아이템 hover 사용,
task,5DF9AA03A22C4F77,3C78926E5D301BA0,extreme_reactors.snbt,,,Reprocessor Casing,bigreactors:reprocessorcasing,,명시적 task.title 없이 아이템 hover 사용,
task,72B74F6051CD53A1,3C78926E5D301BA0,extreme_reactors.snbt,,,Reprocessor Collector,bigreactors:reprocessorcollector,,명시적 task.title 없이 아이템 hover 사용,
task,221816504F2573A5,3C78926E5D301BA0,extreme_reactors.snbt,,,Reprocessor Waste Injector,bigreactors:reprocessorwasteinjector,,명시적 task.title 없이 아이템 hover 사용,
quest,3C3FE45CEF5E242B,3C78926E5D301BA0,extreme_reactors.snbt,,,Reprocessor Power Port,bigreactors:reprocessorpowerport,,설명은 있으나 명시적 quest.title 없음,
task,475BD29336FB98E8,3C78926E5D301BA0,extreme_reactors.snbt,,,Reprocessor Power Port,bigreactors:reprocessorpowerport,,명시적 task.title 없이 아이템 hover 사용,
task,530111623A8C7C58,3C78926E5D301BA0,extreme_reactors.snbt,,,Reprocessor Fluid Injector,bigreactors:reprocessorfluidinjector,,명시적 task.title 없이 아이템 hover 사용,
task,41D67C2BF92A876A,3C78926E5D301BA0,extreme_reactors.snbt,,,Reprocessor Output Port,bigreactors:reprocessoroutputport,,명시적 task.title 없이 아이템 hover 사용,
task,37BB2B7853E319A3,3C78926E5D301BA0,extreme_reactors.snbt,,,Blutonium Ingot,bigreactors:blutonium_ingot,,명시적 task.title 없이 아이템 hover 사용,
task,4A123A454CDD7120,3C78926E5D301BA0,extreme_reactors.snbt,,,Fluidizer Controller,bigreactors:fluidizercontroller,,명시적 task.title 없이 아이템 hover 사용,
task,1088144C68D87424,3C78926E5D301BA0,extreme_reactors.snbt,,,Fluidizer Casing,bigreactors:fluidizercasing,,명시적 task.title 없이 아이템 hover 사용,
task,36D35DE85B71D5EC,3C78926E5D301BA0,extreme_reactors.snbt,,,Fluidizer Glass,bigreactors:fluidizerglass,,명시적 task.title 없이 아이템 hover 사용,
task,730D5AE0E7A04CFB,3C78926E5D301BA0,extreme_reactors.snbt,,,Fluidizer Solid Injector,bigreactors:fluidizersolidinjector,,명시적 task.title 없이 아이템 hover 사용,
task,4A714BB3605492B9,3C78926E5D301BA0,extreme_reactors.snbt,,,Fluidizer Fluid Injector,bigreactors:fluidizerfluidinjector,,명시적 task.title 없이 아이템 hover 사용,
task,52C86777BD3D8867,3C78926E5D301BA0,extreme_reactors.snbt,,,Fluidizer Output Port,bigreactors:fluidizeroutputport,,명시적 task.title 없이 아이템 hover 사용,
task,32703B3E70D87917,3C78926E5D301BA0,extreme_reactors.snbt,,,Fluidizer Power Port,bigreactors:fluidizerpowerport,,명시적 task.title 없이 아이템 hover 사용,
task,184BDD80596398A0,3C78926E5D301BA0,extreme_reactors.snbt,,,Ludicrite Ingot,bigreactors:ludicrite_ingot,,명시적 task.title 없이 아이템 hover 사용,
task,0C1C624F8D84DE63,3C78926E5D301BA0,extreme_reactors.snbt,,,Ridiculite Ingot,bigreactors:ridiculite_ingot,,명시적 task.title 없이 아이템 hover 사용,
task,52B5D97C5675BBA7,3C78926E5D301BA0,extreme_reactors.snbt,,,Reactor Fuel Injection Port (Reinforced),bigreactors:reinforced_reactorfluidaccessport,,명시적 task.title 없이 아이템 hover 사용,
task,544C4964F5B857B1,3C78926E5D301BA0,extreme_reactors.snbt,,,Inanite Ingot,bigreactors:inanite_ingot,,명시적 task.title 없이 아이템 hover 사용,
task,53B5B370425018EC,3C78926E5D301BA0,extreme_reactors.snbt,,,Insanite Block,bigreactors:insanite_block,,명시적 task.title 없이 아이템 hover 사용,
task,22922E479FED9E43,3C78926E5D301BA0,extreme_reactors.snbt,,,Insanite Ingot,bigreactors:insanite_ingot,,명시적 task.title 없이 아이템 hover 사용,
quest,19DE6EBEA8219E8E,3C78926E5D301BA0,extreme_reactors.snbt,,,AllRightsReserved,,,설명은 있으나 명시적 quest.title 없음,
task,27D8027E1B88F02A,3C78926E5D301BA0,extreme_reactors.snbt,AllRightsReserved,AllRightsReserved,,,,한국어 파일의 영어 task.title,
task,4851C74261B5FA25,3C78926E5D301BA0,extreme_reactors.snbt,AllRightsReserved,AllRightsReserved,,,,한국어 파일의 영어 task.title,
task,73B6ED422F9292D1,05E614FDA677D85E,food_and_farming.snbt,,,,minecraft:wheat_seeds,,명시적 task.title 없이 아이템 hover 사용,
task,5824C93C84312142,05E614FDA677D85E,food_and_farming.snbt,,,,minecraft:leather,,명시적 task.title 없이 아이템 hover 사용,
task,1AFEBED0226CEBC1,05E614FDA677D85E,food_and_farming.snbt,,,시장,farmingforblockheads:market,,명시적 task.title 없이 아이템 hover 사용,
task,63282E8604721F13,05E614FDA677D85E,food_and_farming.snbt,,,,minecraft:lead,,명시적 task.title 없이 아이템 hover 사용,
task,19A9C679111A90BC,05E614FDA677D85E,food_and_farming.snbt,,,,minecraft:milk_bucket,,명시적 task.title 없이 아이템 hover 사용,
task,46974912B1E8E78B,05E614FDA677D85E,food_and_farming.snbt,,,,minecraft:egg,,명시적 task.title 없이 아이템 hover 사용,
task,611CC8005150DC9B,05E614FDA677D85E,food_and_farming.snbt,,,,minecraft:feather,,명시적 task.title 없이 아이템 hover 사용,
task,0CAC6A36AC5A6708,05E614FDA677D85E,food_and_farming.snbt,,,,minecraft:chicken,,명시적 task.title 없이 아이템 hover 사용,
task,6890EB2819D88073,05E614FDA677D85E,food_and_farming.snbt,,,,minecraft:wheat,,명시적 task.title 없이 아이템 hover 사용,
task,03C7F9CB0DDB2D9B,05E614FDA677D85E,food_and_farming.snbt,,,,minecraft:bread,,명시적 task.title 없이 아이템 hover 사용,
task,6118A776B40507B7,05E614FDA677D85E,food_and_farming.snbt,,,,minecraft:sugar_cane,,명시적 task.title 없이 아이템 hover 사용,
task,61DBF366AFC8A579,05E614FDA677D85E,food_and_farming.snbt,,,멍청이도 가능한 요리 I,cookingforblockheads:recipe_book,,명시적 task.title 없이 아이템 hover 사용,
task,20FD5552BE10D679,05E614FDA677D85E,food_and_farming.snbt,,,멍청이도 가능한 요리 II,cookingforblockheads:crafting_book,,명시적 task.title 없이 아이템 hover 사용,
task,552C067A28FB8869,05E614FDA677D85E,food_and_farming.snbt,,,요리 테이블,cookingforblockheads:cooking_table,,명시적 task.title 없이 아이템 hover 사용,
task,1DAD3C12FDEB5CD4,05E614FDA677D85E,food_and_farming.snbt,,,주방 캐비닛,cookingforblockheads:cabinet,,명시적 task.title 없이 아이템 hover 사용,
task,766C32B477A216B8,05E614FDA677D85E,food_and_farming.snbt,,,주방 카운터,cookingforblockheads:counter,,명시적 task.title 없이 아이템 hover 사용,
task,193EA9F7C05B6F38,05E614FDA677D85E,food_and_farming.snbt,,,소가 든 병,cookingforblockheads:cow_jar,,명시적 task.title 없이 아이템 hover 사용,
task,3915BEA724A2F7ED,05E614FDA677D85E,food_and_farming.snbt,,,난방 장치,cookingforblockheads:heating_unit,,명시적 task.title 없이 아이템 hover 사용,
task,6BDB280D22CE0118,05E614FDA677D85E,food_and_farming.snbt,,,냉동 장치,cookingforblockheads:ice_unit,,명시적 task.title 없이 아이템 hover 사용,
task,5CB4746CCB2E2363,05E614FDA677D85E,food_and_farming.snbt,,,,minecraft:fishing_rod,,명시적 task.title 없이 아이템 hover 사용,
task,13E86D23DA98D8E9,05E614FDA677D85E,food_and_farming.snbt,,,철 낚싯대,aquaculture:iron_fishing_rod,,명시적 task.title 없이 아이템 hover 사용,
task,144B351F77F0B08F,05E614FDA677D85E,food_and_farming.snbt,,,금 낚싯대,aquaculture:gold_fishing_rod,,명시적 task.title 없이 아이템 hover 사용,
task,3FECA1F49F588499,05E614FDA677D85E,food_and_farming.snbt,,,다이아몬드 낚싯대,aquaculture:diamond_fishing_rod,,명시적 task.title 없이 아이템 hover 사용,
task,31B52EAD7F931F31,05E614FDA677D85E,food_and_farming.snbt,,,넵투늄 낚싯대,aquaculture:neptunium_fishing_rod,,명시적 task.title 없이 아이템 hover 사용,
quest,0893EFCAC7031FEA,05E614FDA677D85E,food_and_farming.snbt,,,item,minecraft:cake,,설명은 있으나 명시적 quest.title 없음,
task,1AA73DEFAA50FDF6,05E614FDA677D85E,food_and_farming.snbt,,,,minecraft:cake,,명시적 task.title 없이 아이템 hover 사용,
task,56CAB3D2E3421C7C,05E614FDA677D85E,food_and_farming.snbt,,,,minecraft:sugar,,명시적 task.title 없이 아이템 hover 사용,
task,2872A1297BE6C40D,05E614FDA677D85E,food_and_farming.snbt,,,싱크대,cookingforblockheads:sink,,명시적 task.title 없이 아이템 hover 사용,
quest,55C4824DAD905512,05E614FDA677D85E,food_and_farming.snbt,,,AllRightsReserved,,,설명은 있으나 명시적 quest.title 없음,
task,5805158E69C05AED,05E614FDA677D85E,food_and_farming.snbt,AllRightsReserved,AllRightsReserved,,,,한국어 파일의 영어 task.title,
task,1D8904E53906D972,05E614FDA677D85E,food_and_farming.snbt,AllRightsReserved,AllRightsReserved,,,,한국어 파일의 영어 task.title,
task,758CA2EB2C92A6AA,05E614FDA677D85E,food_and_farming.snbt,,,오븐,cookingforblockheads:white_oven,,명시적 task.title 없이 아이템 hover 사용,
quest,56550CD12C681B0F,05E614FDA677D85E,food_and_farming.snbt,,,아마 씨앗,silentgear:flax_seeds,,설명은 있으나 명시적 quest.title 없음,
task,39856D5B1340F958,05E614FDA677D85E,food_and_farming.snbt,,,아마 씨앗,silentgear:flax_seeds,,명시적 task.title 없이 아이템 hover 사용,
task,6D9DE56C95427085,05E614FDA677D85E,food_and_farming.snbt,,,아마 실,silentgear:flax_string,,명시적 task.title 없이 아이템 hover 사용,
task,6204AF3CD7D2CC37,4EBB2171D5A3AAAC,forbidden__arcanus.snbt,,,Arcane Crystal,forbidden_arcanus:arcane_crystal,,명시적 task.title 없이 아이템 hover 사용,
task,43A5CD740F24A3ED,4EBB2171D5A3AAAC,forbidden__arcanus.snbt,,,Darkstone,forbidden_arcanus:darkstone,,명시적 task.title 없이 아이템 hover 사용,
task,117AD4ACD2CB198A,4EBB2171D5A3AAAC,forbidden__arcanus.snbt,,,Rune,forbidden_arcanus:rune,,명시적 task.title 없이 아이템 hover 사용,
task,79B56A02FF147F15,4EBB2171D5A3AAAC,forbidden__arcanus.snbt,,,Stellarite Piece,forbidden_arcanus:stellarite_piece,,명시적 task.title 없이 아이템 hover 사용,
task,091F7BA371F7F81B,4EBB2171D5A3AAAC,forbidden__arcanus.snbt,,,Mundabitur Dust,forbidden_arcanus:mundabitur_dust,,명시적 task.title 없이 아이템 hover 사용,
task,3563DC0E1C061E55,4EBB2171D5A3AAAC,forbidden__arcanus.snbt,,,Deorum Ingot,forbidden_arcanus:deorum_ingot,,명시적 task.title 없이 아이템 hover 사용,
task,538BFD91AE600398,4EBB2171D5A3AAAC,forbidden__arcanus.snbt,,,Arcane Crystal Dust,forbidden_arcanus:arcane_crystal_dust,,명시적 task.title 없이 아이템 hover 사용,
task,1F69FA94F4B3CB37,4EBB2171D5A3AAAC,forbidden__arcanus.snbt,,,Polished Darkstone,forbidden_arcanus:polished_darkstone,,명시적 task.title 없이 아이템 hover 사용,
task,22ECC8138C9286AD,4EBB2171D5A3AAAC,forbidden__arcanus.snbt,,,Gilded Chiseled Polished Darkstone,forbidden_arcanus:gilded_chiseled_polished_darkstone,,명시적 task.title 없이 아이템 hover 사용,
task,2B17F7791E0C4314,4EBB2171D5A3AAAC,forbidden__arcanus.snbt,,,Chiseled Arcane Polished Darkstone,forbidden_arcanus:chiseled_arcane_polished_darkstone,,명시적 task.title 없이 아이템 hover 사용,
task,5F985E5DA92CF2C5,4EBB2171D5A3AAAC,forbidden__arcanus.snbt,,,Darkstone Pedestal,forbidden_arcanus:darkstone_pedestal,,명시적 task.title 없이 아이템 hover 사용,
task,00D7C2BCAD726BE8,4EBB2171D5A3AAAC,forbidden__arcanus.snbt,,,,minecraft:smithing_table,,명시적 task.title 없이 아이템 hover 사용,
task,2C7C87DE6AE8B715,4EBB2171D5A3AAAC,forbidden__arcanus.snbt,,,Mundabitur Dust,forbidden_arcanus:mundabitur_dust,,명시적 task.title 없이 아이템 hover 사용,
task,5E7A46B9CB8A2523,4EBB2171D5A3AAAC,forbidden__arcanus.snbt,,,Aureal Bottle,forbidden_arcanus:aureal_bottle,,명시적 task.title 없이 아이템 hover 사용,
task,39A26499C8B0FC86,4EBB2171D5A3AAAC,forbidden__arcanus.snbt,,,Soul,forbidden_arcanus:soul,,명시적 task.title 없이 아이템 hover 사용,
task,5A42F3E1E83F263C,4EBB2171D5A3AAAC,forbidden__arcanus.snbt,,,Test Tube,forbidden_arcanus:test_tube,,명시적 task.title 없이 아이템 hover 사용,
task,659DCADAC821ECB7,4EBB2171D5A3AAAC,forbidden__arcanus.snbt,,,Xpetrified Orb,forbidden_arcanus:xpetrified_orb,,명시적 task.title 없이 아이템 hover 사용,
quest,07BEE6FEC14765DC,4EBB2171D5A3AAAC,forbidden__arcanus.snbt,,,Ferrognetic Mixture,forbidden_arcanus:ferrognetic_mixture,,설명은 있으나 명시적 quest.title 없음,
task,41E6EA289B6E1E0C,4EBB2171D5A3AAAC,forbidden__arcanus.snbt,,,Ferrognetic Mixture,forbidden_arcanus:ferrognetic_mixture,,명시적 task.title 없이 아이템 hover 사용,
task,70A89D0957930BD0,4EBB2171D5A3AAAC,forbidden__arcanus.snbt,,,Smelter Prism,forbidden_arcanus:smelter_prism,,명시적 task.title 없이 아이템 hover 사용,
quest,0AC8FE3B59D1B09D,4EBB2171D5A3AAAC,forbidden__arcanus.snbt,,,Quantum Catcher,forbidden_arcanus:quantum_catcher,,설명은 있으나 명시적 quest.title 없음,
task,4A59C560E2F0CC43,4EBB2171D5A3AAAC,forbidden__arcanus.snbt,,,Quantum Catcher,forbidden_arcanus:quantum_catcher,,명시적 task.title 없이 아이템 hover 사용,
task,18AE610827D4AB97,4EBB2171D5A3AAAC,forbidden__arcanus.snbt,,,Terrastomp Prism,forbidden_arcanus:terrastomp_prism,,명시적 task.title 없이 아이템 hover 사용,
task,1CBDC28981E720A2,4EBB2171D5A3AAAC,forbidden__arcanus.snbt,,,Sea Prism,forbidden_arcanus:sea_prism,,명시적 task.title 없이 아이템 hover 사용,
task,0FE3577EA8F40141,4EBB2171D5A3AAAC,forbidden__arcanus.snbt,,,Eternal Stella,forbidden_arcanus:eternal_stella,,명시적 task.title 없이 아이템 hover 사용,
task,341F07FB8148C404,4EBB2171D5A3AAAC,forbidden__arcanus.snbt,,,Quantum Injector,forbidden_arcanus:quantum_injector,,명시적 task.title 없이 아이템 hover 사용,
quest,5F00A66CC1FE1F9F,4EBB2171D5A3AAAC,forbidden__arcanus.snbt,,,Whirlwind Prism,forbidden_arcanus:whirlwind_prism,,설명은 있으나 명시적 quest.title 없음,
task,27A2E8DF8A359458,4EBB2171D5A3AAAC,forbidden__arcanus.snbt,,,Whirlwind Prism,forbidden_arcanus:whirlwind_prism,,명시적 task.title 없이 아이템 hover 사용,
quest,487C70679535DDDB,4EBB2171D5A3AAAC,forbidden__arcanus.snbt,,,Boss Catcher,forbidden_arcanus:boss_catcher,,설명은 있으나 명시적 quest.title 없음,
task,77B5DDA6BD761146,4EBB2171D5A3AAAC,forbidden__arcanus.snbt,,,Boss Catcher,forbidden_arcanus:boss_catcher,,명시적 task.title 없이 아이템 hover 사용,
task,25CCD791EA260E90,4EBB2171D5A3AAAC,forbidden__arcanus.snbt,,,Soul Binding Crystal,forbidden_arcanus:soul_binding_crystal,,명시적 task.title 없이 아이템 hover 사용,
task,45A1E17EA95C78C5,4EBB2171D5A3AAAC,forbidden__arcanus.snbt,,,Elementarium,forbidden_arcanus:elementarium,,명시적 task.title 없이 아이템 hover 사용,
task,2E7D7BC917E53DE0,4EBB2171D5A3AAAC,forbidden__arcanus.snbt,,,Divine Pact,forbidden_arcanus:divine_pact,,명시적 task.title 없이 아이템 hover 사용,
task,2F6E6A8E20D0884E,4EBB2171D5A3AAAC,forbidden__arcanus.snbt,,,Arcane Crystal Block,forbidden_arcanus:arcane_crystal_block,,명시적 task.title 없이 아이템 hover 사용,
task,4BE24BAC97E28990,4EBB2171D5A3AAAC,forbidden__arcanus.snbt,,,Arcane Polished Darkstone,forbidden_arcanus:arcane_polished_darkstone,,명시적 task.title 없이 아이템 hover 사용,
task,11F3CE0A465A6C10,4EBB2171D5A3AAAC,forbidden__arcanus.snbt,,,Mundabitur Dust,forbidden_arcanus:mundabitur_dust,,명시적 task.title 없이 아이템 hover 사용,
quest,4A564E8FE587C7E4,4EBB2171D5A3AAAC,forbidden__arcanus.snbt,,,Soul Extractor,forbidden_arcanus:soul_extractor,,설명은 있으나 명시적 quest.title 없음,
task,3CE3D28560E57A92,4EBB2171D5A3AAAC,forbidden__arcanus.snbt,,,Soul Extractor,forbidden_arcanus:soul_extractor,,명시적 task.title 없이 아이템 hover 사용,
task,2492DF2E4C785E13,4EBB2171D5A3AAAC,forbidden__arcanus.snbt,,,Dark Matter,forbidden_arcanus:dark_matter,,명시적 task.title 없이 아이템 hover 사용,
task,57D5DA9B42ECC0BE,4EBB2171D5A3AAAC,forbidden__arcanus.snbt,,,Corrupti Dust,forbidden_arcanus:corrupti_dust,,명시적 task.title 없이 아이템 hover 사용,
task,1A8C2612F1B274EF,4EBB2171D5A3AAAC,forbidden__arcanus.snbt,,,Polished Darkstone,forbidden_arcanus:polished_darkstone,,명시적 task.title 없이 아이템 hover 사용,
task,7534ED761938BADE,4EBB2171D5A3AAAC,forbidden__arcanus.snbt,,,Polished Darkstone Bricks,forbidden_arcanus:polished_darkstone_bricks,,명시적 task.title 없이 아이템 hover 사용,
task,61CFE362AAD274F0,4EBB2171D5A3AAAC,forbidden__arcanus.snbt,,,Clibano Core,forbidden_arcanus:clibano_core,,명시적 task.title 없이 아이템 hover 사용,
task,0C3BBCACBA9CC794,4EBB2171D5A3AAAC,forbidden__arcanus.snbt,,,Mundabitur Dust,forbidden_arcanus:mundabitur_dust,,명시적 task.title 없이 아이템 hover 사용,
task,4FEC631A2656C16C,4EBB2171D5A3AAAC,forbidden__arcanus.snbt,,,Artisan Relic,forbidden_arcanus:artisan_relic,,명시적 task.title 없이 아이템 hover 사용,
task,4013D6DFBB9C1470,4EBB2171D5A3AAAC,forbidden__arcanus.snbt,,,Obsidiansteel Ingot,forbidden_arcanus:obsidiansteel_ingot,,명시적 task.title 없이 아이템 hover 사용,
task,2BF7B18BF099BCC0,4EBB2171D5A3AAAC,forbidden__arcanus.snbt,,,Blacksmith Gavel Head,forbidden_arcanus:blacksmith_gavel_head,,명시적 task.title 없이 아이템 hover 사용,
task,5CE7337322AE6339,4EBB2171D5A3AAAC,forbidden__arcanus.snbt,,,Obsidian Skull,forbidden_arcanus:obsidian_skull,,명시적 task.title 없이 아이템 hover 사용,
quest,5CD0E6F349F2F32D,4EBB2171D5A3AAAC,forbidden__arcanus.snbt,,,Edelwood Log,forbidden_arcanus:edelwood_log,,설명은 있으나 명시적 quest.title 없음,
task,53756ACD61EB40E7,4EBB2171D5A3AAAC,forbidden__arcanus.snbt,,,Edelwood Log,forbidden_arcanus:edelwood_log,,명시적 task.title 없이 아이템 hover 사용,
quest,52D4FCE72B15BC46,4EBB2171D5A3AAAC,forbidden__arcanus.snbt,,,Edelwood Bucket,forbidden_arcanus:edelwood_bucket,,설명은 있으나 명시적 quest.title 없음,
task,51E9105646A5E300,4EBB2171D5A3AAAC,forbidden__arcanus.snbt,,,Edelwood Bucket,forbidden_arcanus:edelwood_bucket,,명시적 task.title 없이 아이템 hover 사용,
task,4A3000606F54DB21,4EBB2171D5A3AAAC,forbidden__arcanus.snbt,,,Spectral Eye Amulet,forbidden_arcanus:spectral_eye_amulet,,명시적 task.title 없이 아이템 hover 사용,
task,333F55C8B6309F73,4EBB2171D5A3AAAC,forbidden__arcanus.snbt,,,,minecraft:enchanting_table,,명시적 task.title 없이 아이템 hover 사용,
task,2396418B708F23AF,4EBB2171D5A3AAAC,forbidden__arcanus.snbt,,,Corrupt Soul,forbidden_arcanus:corrupt_soul,,명시적 task.title 없이 아이템 hover 사용,
task,2F2D1A502F1FD601,4EBB2171D5A3AAAC,forbidden__arcanus.snbt,,,Crimson Stone,forbidden_arcanus:crimson_stone,,명시적 task.title 없이 아이템 hover 사용,
task,483CE85A24790D59,4EBB2171D5A3AAAC,forbidden__arcanus.snbt,,,Advanced Block Breaker,justdirethings:blockbreakert2,,명시적 task.title 없이 아이템 hover 사용,
task,7186C02D092E441D,4EBB2171D5A3AAAC,forbidden__arcanus.snbt,,,Advanced Block Placer,justdirethings:blockplacert2,,명시적 task.title 없이 아이템 hover 사용,
task,5FAA1C6E7BFEE271,4EBB2171D5A3AAAC,forbidden__arcanus.snbt,,,Advanced Clicker,justdirethings:clickert2,,명시적 task.title 없이 아이템 hover 사용,
task,7F8A853B386AB2F2,4EBB2171D5A3AAAC,forbidden__arcanus.snbt,,,Soul Extractor,forbidden_arcanus:soul_extractor,,명시적 task.title 없이 아이템 hover 사용,
task,09EB713B3DFC147C,4EBB2171D5A3AAAC,forbidden__arcanus.snbt,,,,minecraft:spawner,,명시적 task.title 없이 아이템 hover 사용,
task,5E798DAD9D07FD3C,4EBB2171D5A3AAAC,forbidden__arcanus.snbt,,,Spiked Plate,evilcraft:spiked_plate,,명시적 task.title 없이 아이템 hover 사용,
task,20C0F821D7BFE975,4EBB2171D5A3AAAC,forbidden__arcanus.snbt,,,Powered Sanguinary Pedestal,evilcraft:sanguinary_pedestal_1,,명시적 task.title 없이 아이템 hover 사용,
task,6AEEE6865507F52C,4EBB2171D5A3AAAC,forbidden__arcanus.snbt,,,Rune Block,forbidden_arcanus:rune_block,,명시적 task.title 없이 아이템 hover 사용,
task,10D7E6CF923C209B,4EBB2171D5A3AAAC,forbidden__arcanus.snbt,,,Quantum Injector,forbidden_arcanus:quantum_injector,,명시적 task.title 없이 아이템 hover 사용,
task,4559773DB06CEDD6,4EBB2171D5A3AAAC,forbidden__arcanus.snbt,,,Arcane Crystal Block,forbidden_arcanus:arcane_crystal_block,,명시적 task.title 없이 아이템 hover 사용,
task,408B0D55BCF10C19,4EBB2171D5A3AAAC,forbidden__arcanus.snbt,,,Arcane Polished Darkstone Pillar,forbidden_arcanus:arcane_polished_darkstone_pillar,,명시적 task.title 없이 아이템 hover 사용,
task,57350D94298AF86F,4EBB2171D5A3AAAC,forbidden__arcanus.snbt,,,Arcane Polished Darkstone,forbidden_arcanus:arcane_polished_darkstone,,명시적 task.title 없이 아이템 hover 사용,
task,48768AB29200654C,4EBB2171D5A3AAAC,forbidden__arcanus.snbt,,,Polished Darkstone Stairs,forbidden_arcanus:polished_darkstone_stairs,,명시적 task.title 없이 아이템 hover 사용,
task,34840B304F06B134,4EBB2171D5A3AAAC,forbidden__arcanus.snbt,,,Gilded Chiseled Polished Darkstone,forbidden_arcanus:gilded_chiseled_polished_darkstone,,명시적 task.title 없이 아이템 hover 사용,
task,0845E29E22AED37B,4EBB2171D5A3AAAC,forbidden__arcanus.snbt,,,Polished Darkstone,forbidden_arcanus:polished_darkstone,,명시적 task.title 없이 아이템 hover 사용,
task,01D16EA4A29E7C91,4EBB2171D5A3AAAC,forbidden__arcanus.snbt,,,,modern_industrialization:runic_crucible,,명시적 task.title 없이 아이템 hover 사용,
task,787280D3C1229DA5,4EBB2171D5A3AAAC,forbidden__arcanus.snbt,,,Honeycomb,productivebees:configurable_honeycomb,,명시적 task.title 없이 아이템 hover 사용,
task,7D5D7AC5C7F9C956,4EBB2171D5A3AAAC,forbidden__arcanus.snbt,,,Experience Holder,justdirethings:experienceholder,,명시적 task.title 없이 아이템 hover 사용,
task,768E5111A892E9C6,4EBB2171D5A3AAAC,forbidden__arcanus.snbt,,,싱크대,cookingforblockheads:sink,,명시적 task.title 없이 아이템 hover 사용,
task,371B4ABC3A7608F5,4EBB2171D5A3AAAC,forbidden__arcanus.snbt,,,Soul Tree Sapling,productivetrees:soul_tree_sapling,,명시적 task.title 없이 아이템 hover 사용,
task,05535B8C94E70C5F,4EBB2171D5A3AAAC,forbidden__arcanus.snbt,,,,kubejs:liquid_souls_bucket,,명시적 task.title 없이 아이템 hover 사용,
task,181E5AEEFBB79CBD,4EBB2171D5A3AAAC,forbidden__arcanus.snbt,,,,kubejs:liquid_aureal_bucket,,명시적 task.title 없이 아이템 hover 사용,
task,334111AC1B4E07FB,4EBB2171D5A3AAAC,forbidden__arcanus.snbt,,,Blood Bucket,evilcraft:bucket_blood,,명시적 task.title 없이 아이템 hover 사용,
task,3B22A6E895A1BE70,4EBB2171D5A3AAAC,forbidden__arcanus.snbt,,,XP Fluid Bucket,justdirethings:xp_fluid_bucket,,명시적 task.title 없이 아이템 hover 사용,
task,0912CAC19BBA29D1,4EBB2171D5A3AAAC,forbidden__arcanus.snbt,,,,modern_industrialization:auto_forge,,명시적 task.title 없이 아이템 hover 사용,
task,0D1806A422DCCE39,4EBB2171D5A3AAAC,forbidden__arcanus.snbt,,,,ftbfiltersystem:smart_filter,,명시적 task.title 없이 아이템 hover 사용,
task,637F0048D3CAD8B4,4EBB2171D5A3AAAC,forbidden__arcanus.snbt,,,Source Condenser,starbunclemania:source_condenser,,명시적 task.title 없이 아이템 hover 사용,
task,3C7296E2E064C061,4EBB2171D5A3AAAC,forbidden__arcanus.snbt,,,,sauce:source_fluid_bucket,,명시적 task.title 없이 아이템 hover 사용,
task,3FA02C4DF722D831,73180B829B960E63,generators.snbt,,,Iron Furnace,ironfurnaces:iron_furnace,,명시적 task.title 없이 아이템 hover 사용,
task,6F39535100663F77,73180B829B960E63,generators.snbt,,,Golden Furnace,ironfurnaces:gold_furnace,,명시적 task.title 없이 아이템 hover 사용,
task,077252C1A4175920,73180B829B960E63,generators.snbt,,,Diamond Furnace,ironfurnaces:diamond_furnace,,명시적 task.title 없이 아이템 hover 사용,
task,6ECF5BA47D176D7D,73180B829B960E63,generators.snbt,,,Emerald Furnace,ironfurnaces:emerald_furnace,,명시적 task.title 없이 아이템 hover 사용,
task,694E0730B29BEF80,73180B829B960E63,generators.snbt,,,Obsidian Furnace,ironfurnaces:obsidian_furnace,,명시적 task.title 없이 아이템 hover 사용,
task,26CE85F193784F9D,73180B829B960E63,generators.snbt,,,Crystal Furnace,ironfurnaces:crystal_furnace,,명시적 task.title 없이 아이템 hover 사용,
task,60B2B799FB293974,73180B829B960E63,generators.snbt,,,Copper Furnace,ironfurnaces:copper_furnace,,명시적 task.title 없이 아이템 hover 사용,
task,6828EEA56791555C,73180B829B960E63,generators.snbt,,,Silver Furnace,ironfurnaces:silver_furnace,,명시적 task.title 없이 아이템 hover 사용,
task,0B62A5DC9EB8E6CF,73180B829B960E63,generators.snbt,,,"{""extra"":[{""color"":""aqua"",""text"":""R""},{""color"":""blue"",""text"":""a""},{""color"":""aqua"",""text"":""i""},{""color"":""blue"",""text"":""n""},{""color"":""red"",""text"":""b""},{""color"":""yellow"",""text"":""o""},{""color"":""blue"",""text"":""w""},{""color"":""red"",""text"":"" ""},{""color"":""light_purple"",""text"":""F""},{""color"":""blue"",""text"":""u""},{""color"":""red"",""text"":""r""},{""color"":""yellow"",""text"":""n""},{""color"":""yellow"",""text"":""a""},{""color"":""red"",""text"":""c""},{""color"":""yellow"",""text"":""e""}],""text"":""""}",ironfurnaces:million_furnace,,명시적 task.title 없이 아이템 hover 사용,
task,0B62A5DC9EB8E6CF,73180B829B960E63,generators.snbt,,,"{""extra"":[{""color"":""aqua"",""text"":""R""},{""color"":""blue"",""text"":""a""},{""color"":""aqua"",""text"":""i""},{""color"":""blue"",""text"":""n""},{""color"":""red"",""text"":""b""},{""color"":""yellow"",""text"":""o""},{""color"":""blue"",""text"":""w""},{""color"":""red"",""text"":"" ""},{""color"":""light_purple"",""text"":""F""},{""color"":""blue"",""text"":""u""},{""color"":""red"",""text"":""r""},{""color"":""yellow"",""text"":""n""},{""color"":""yellow"",""text"":""a""},{""color"":""red"",""text"":""c""},{""color"":""yellow"",""text"":""e""}],""text"":""""}",ironfurnaces:million_furnace,,영어 custom_name 또는 literal component,
task,703D7D142BD7CEC9,73180B829B960E63,generators.snbt,,,,minecraft:furnace,,명시적 task.title 없이 아이템 hover 사용,
task,34B322D0103A702D,73180B829B960E63,generators.snbt,,,Copper Generator,generatorgalore:copper_generator,,명시적 task.title 없이 아이템 hover 사용,
task,0EB013018E702B1B,73180B829B960E63,generators.snbt,,,Iron Generator,generatorgalore:iron_generator,,명시적 task.title 없이 아이템 hover 사용,
task,050D165BFB764088,73180B829B960E63,generators.snbt,,,Gold Generator,generatorgalore:gold_generator,,명시적 task.title 없이 아이템 hover 사용,
quest,1C73E60FC70408D4,73180B829B960E63,generators.snbt,,,Culinary Generator,generatorgalore:culinary_generator,,설명은 있으나 명시적 quest.title 없음,
task,3760CF6628449FEA,73180B829B960E63,generators.snbt,,,Culinary Generator,generatorgalore:culinary_generator,,명시적 task.title 없이 아이템 hover 사용,
task,2BF8EAF6DC5D319B,73180B829B960E63,generators.snbt,,,Diamond Generator,generatorgalore:diamond_generator,,명시적 task.title 없이 아이템 hover 사용,
task,4F7772A5628CD409,73180B829B960E63,generators.snbt,,,Netherite Generator,generatorgalore:netherite_generator,,명시적 task.title 없이 아이템 hover 사용,
task,498EED55AD10AC0B,73180B829B960E63,generators.snbt,,,Emerald Generator,generatorgalore:emerald_generator,,명시적 task.title 없이 아이템 hover 사용,
task,2C5E1B693F30A58B,73180B829B960E63,generators.snbt,,,Obsidian Generator,generatorgalore:obsidian_generator,,명시적 task.title 없이 아이템 hover 사용,
task,39307952E4735E09,73180B829B960E63,generators.snbt,,,Honey Generator,generatorgalore:honey_generator,,명시적 task.title 없이 아이템 hover 사용,
task,749FA5DA6A42E764,73180B829B960E63,generators.snbt,,,Potion Generator,generatorgalore:potion_generator,,명시적 task.title 없이 아이템 hover 사용,
task,24481F34C15FB282,73180B829B960E63,generators.snbt,,,Enchantment Generator,generatorgalore:enchantment_generator,,명시적 task.title 없이 아이템 hover 사용,
task,47F0D4C2445694CF,73180B829B960E63,generators.snbt,,,Magmatic Generator,generatorgalore:magmatic_generator,,명시적 task.title 없이 아이템 hover 사용,
task,0E0857E2248D657E,73180B829B960E63,generators.snbt,,,Ender Generator,generatorgalore:ender_generator,,명시적 task.title 없이 아이템 hover 사용,
quest,1843C79133DFB024,73180B829B960E63,generators.snbt,,,Netherstar Generator,generatorgalore:netherstar_generator,,설명은 있으나 명시적 quest.title 없음,
task,2A5900E766CEB417,73180B829B960E63,generators.snbt,,,Netherstar Generator,generatorgalore:netherstar_generator,,명시적 task.title 없이 아이템 hover 사용,
task,73CB2D4EE3ACEE1A,73180B829B960E63,generators.snbt,,,Halitosis Generator,generatorgalore:halitosis_generator,,명시적 task.title 없이 아이템 hover 사용,
task,7396676DE78C892F,73180B829B960E63,generators.snbt,,,Netherite Furnace,ironfurnaces:netherite_furnace,,명시적 task.title 없이 아이템 hover 사용,
task,1311C09169CA7055,73180B829B960E63,generators.snbt,,,,minecraft:paper,,명시적 task.title 없이 아이템 hover 사용,
task,20DE2F2B898D0005,73180B829B960E63,generators.snbt,,,Augment: Blasting,ironfurnaces:augment_blasting,,명시적 task.title 없이 아이템 hover 사용,
task,758315445FF03189,73180B829B960E63,generators.snbt,,,Augment: Smoking,ironfurnaces:augment_smoking,,명시적 task.title 없이 아이템 hover 사용,
task,43956CC225D2571B,73180B829B960E63,generators.snbt,,,Augment: Factory,ironfurnaces:augment_factory,,명시적 task.title 없이 아이템 hover 사용,
task,4C75C05EDFA9A697,73180B829B960E63,generators.snbt,,,Augment: Generator,ironfurnaces:augment_generator,,명시적 task.title 없이 아이템 hover 사용,
task,4E8DC26DF9905F9C,73180B829B960E63,generators.snbt,,,Augment: Speed,ironfurnaces:augment_speed,,명시적 task.title 없이 아이템 hover 사용,
task,121305057D3E8015,73180B829B960E63,generators.snbt,,,Augment: Fuel Efficiency,ironfurnaces:augment_fuel,,명시적 task.title 없이 아이템 hover 사용,
quest,686B25F2E9D8CC97,73180B829B960E63,generators.snbt,,,Furnace Spooka-lator,ironfurnaces:item_spooky,,설명은 있으나 명시적 quest.title 없음,
task,1C9D63BCE843C437,73180B829B960E63,generators.snbt,,,Furnace Spooka-lator,ironfurnaces:item_spooky,,명시적 task.title 없이 아이템 hover 사용,
quest,553220A2CD7CAFE4,73180B829B960E63,generators.snbt,,,Furnace Wrapping Papers,ironfurnaces:item_xmas,,설명은 있으나 명시적 quest.title 없음,
task,5EE98EB3DC0E291F,73180B829B960E63,generators.snbt,,,Furnace Wrapping Papers,ironfurnaces:item_xmas,,명시적 task.title 없이 아이템 hover 사용,
quest,20EC8001A05CE2C8,73180B829B960E63,generators.snbt,,,Wireless Heat Transmitter,ironfurnaces:heater,,설명은 있으나 명시적 quest.title 없음,
task,45C945406D8C21A7,73180B829B960E63,generators.snbt,,,Wireless Heat Transmitter,ironfurnaces:heater,,명시적 task.title 없이 아이템 hover 사용,
task,48E37342F58C067C,73180B829B960E63,generators.snbt,,,Wireless Heat Receiver,ironfurnaces:item_heater,,명시적 task.title 없이 아이템 hover 사용,
task,2CC59DECF8DCA48E,73180B829B960E63,generators.snbt,,,Rainbow Core,ironfurnaces:rainbow_core,,명시적 task.title 없이 아이템 hover 사용,
task,1364DC251AC7325A,73180B829B960E63,generators.snbt,,,Rainbow Plating,ironfurnaces:rainbow_plating,,명시적 task.title 없이 아이템 hover 사용,
task,7074C679F7E9CC65,73180B829B960E63,generators.snbt,,,Rainbow Coal,ironfurnaces:rainbow_coal,,명시적 task.title 없이 아이템 hover 사용,
task,087F1F4ABAEABEE3,73180B829B960E63,generators.snbt,,,Furnace Settings Linker,ironfurnaces:item_copy,,명시적 task.title 없이 아이템 hover 사용,
task,1E571965015CB5C6,73180B829B960E63,generators.snbt,,,Rainbow Furnace,ironfurnaces:million_furnace,,명시적 task.title 없이 아이템 hover 사용,
task,76F4E8E39E65DE8E,73180B829B960E63,generators.snbt,,,Copper Furnace,ironfurnaces:copper_furnace,,명시적 task.title 없이 아이템 hover 사용,
task,609F73623D8C1115,73180B829B960E63,generators.snbt,,,Iron Furnace,ironfurnaces:iron_furnace,,명시적 task.title 없이 아이템 hover 사용,
task,3309793C433ED961,73180B829B960E63,generators.snbt,,,Silver Furnace,ironfurnaces:silver_furnace,,명시적 task.title 없이 아이템 hover 사용,
task,5591ADC1C86DF4C9,73180B829B960E63,generators.snbt,,,Golden Furnace,ironfurnaces:gold_furnace,,명시적 task.title 없이 아이템 hover 사용,
task,3C67BBF2E866071D,73180B829B960E63,generators.snbt,,,Diamond Furnace,ironfurnaces:diamond_furnace,,명시적 task.title 없이 아이템 hover 사용,
task,1FEA3210D56357D3,73180B829B960E63,generators.snbt,,,Emerald Furnace,ironfurnaces:emerald_furnace,,명시적 task.title 없이 아이템 hover 사용,
task,19CB7D9D615F95B7,73180B829B960E63,generators.snbt,,,Crystal Furnace,ironfurnaces:crystal_furnace,,명시적 task.title 없이 아이템 hover 사용,
task,6C031CF27E690421,73180B829B960E63,generators.snbt,,,Obsidian Furnace,ironfurnaces:obsidian_furnace,,명시적 task.title 없이 아이템 hover 사용,
task,461287CF29534C60,73180B829B960E63,generators.snbt,,,Netherite Furnace,ironfurnaces:netherite_furnace,,명시적 task.title 없이 아이템 hover 사용,
quest,72A287DCAEEFE49F,73180B829B960E63,generators.snbt,,,64배 발전기,ftbfiltersystem:smart_filter,,설명은 있으나 명시적 quest.title 없음,
task,5DB7A437BEC3E2D4,73180B829B960E63,generators.snbt,AllRightsReserved,AllRightsReserved,,,,한국어 파일의 영어 task.title,
task,38B6F45109CB033A,73180B829B960E63,generators.snbt,AllRightsReserved,AllRightsReserved,,,,한국어 파일의 영어 task.title,
task,710A1EE625BB05C2,73180B829B960E63,generators.snbt,,,Allthemodium Furnace,ironfurnaces:allthemodium_furnace,,명시적 task.title 없이 아이템 hover 사용,
task,4F5816CE50B317C9,73180B829B960E63,generators.snbt,,,Vibranium Furnace,ironfurnaces:vibranium_furnace,,명시적 task.title 없이 아이템 hover 사용,
task,219B80EF2B90BBFD,73180B829B960E63,generators.snbt,,,Unobtainium Furnace,ironfurnaces:unobtainium_furnace,,명시적 task.title 없이 아이템 hover 사용,
task,26FAC6C93C935044,0A52D0932DA3F809,hostile_neural_networks.snbt,,,,minecraft:redstone,,명시적 task.title 없이 아이템 hover 사용,
task,568258BF0BE4D32D,0A52D0932DA3F809,hostile_neural_networks.snbt,,,심층 학습기,hostilenetworks:deep_learner,,명시적 task.title 없이 아이템 hover 사용,
task,7915FD88CD635FDA,0A52D0932DA3F809,hostile_neural_networks.snbt,,,모델 프레임워크,hostilenetworks:blank_data_model,,명시적 task.title 없이 아이템 hover 사용,
task,7DB31F36A4EC37B5,0A52D0932DA3F809,hostile_neural_networks.snbt,,,시뮬레이션 챔버,hostilenetworks:sim_chamber,,명시적 task.title 없이 아이템 hover 사용,
task,1525F3D518E49FAC,0A52D0932DA3F809,hostile_neural_networks.snbt,,,예측 모형,hostilenetworks:prediction_matrix,,명시적 task.title 없이 아이템 hover 사용,
task,11F8DB9B9D8854D1,0A52D0932DA3F809,hostile_neural_networks.snbt,,,일반화된 오버월드 예측,hostilenetworks:overworld_prediction,,명시적 task.title 없이 아이템 hover 사용,
task,08A1156BA5B742E5,0A52D0932DA3F809,hostile_neural_networks.snbt,,,일반화된 네더 예측,hostilenetworks:nether_prediction,,명시적 task.title 없이 아이템 hover 사용,
task,02C24C29639EBDBE,0A52D0932DA3F809,hostile_neural_networks.snbt,,,일반화된 엔드 예측,hostilenetworks:end_prediction,,명시적 task.title 없이 아이템 hover 사용,
task,1F4B02AFDFD7CDBE,0A52D0932DA3F809,hostile_neural_networks.snbt,,,%s 예측,hostilenetworks:prediction,,명시적 task.title 없이 아이템 hover 사용,
task,52EB253913441EA0,0A52D0932DA3F809,hostile_neural_networks.snbt,,,%s 예측,hostilenetworks:prediction,,명시적 task.title 없이 아이템 hover 사용,
task,08204D18E3EEA011,0A52D0932DA3F809,hostile_neural_networks.snbt,,,%s 예측,hostilenetworks:prediction,,명시적 task.title 없이 아이템 hover 사용,
task,7A549C91E418F0B8,0A52D0932DA3F809,hostile_neural_networks.snbt,,,%s 예측,hostilenetworks:prediction,,명시적 task.title 없이 아이템 hover 사용,
task,684BBEEA624D2B53,0A52D0932DA3F809,hostile_neural_networks.snbt,,,전리품 제작기,hostilenetworks:loot_fabricator,,명시적 task.title 없이 아이템 hover 사용,
task,1AEFD81CDB3EA4CD,0A52D0932DA3F809,hostile_neural_networks.snbt,,,%s 예측,hostilenetworks:prediction,,명시적 task.title 없이 아이템 hover 사용,
task,510730B6612170FE,0A52D0932DA3F809,hostile_neural_networks.snbt,,,%s 예측,hostilenetworks:prediction,,명시적 task.title 없이 아이템 hover 사용,
task,750AF3DFEDBADD7F,0A52D0932DA3F809,hostile_neural_networks.snbt,,,%s 예측,hostilenetworks:prediction,,명시적 task.title 없이 아이템 hover 사용,
task,576B04D21F6C1320,0A52D0932DA3F809,hostile_neural_networks.snbt,,,%s 예측,hostilenetworks:prediction,,명시적 task.title 없이 아이템 hover 사용,
task,588DABE171451ECF,0A52D0932DA3F809,hostile_neural_networks.snbt,,,%s 예측,hostilenetworks:prediction,,명시적 task.title 없이 아이템 hover 사용,
task,106F64EAB2923219,0A52D0932DA3F809,hostile_neural_networks.snbt,,,%s 예측,hostilenetworks:prediction,,명시적 task.title 없이 아이템 hover 사용,
task,01B78B7200AD343F,0A52D0932DA3F809,hostile_neural_networks.snbt,,,%s 예측,hostilenetworks:prediction,,명시적 task.title 없이 아이템 hover 사용,
task,0483D4A12AE1C9F8,0A52D0932DA3F809,hostile_neural_networks.snbt,,,%s 예측,hostilenetworks:prediction,,명시적 task.title 없이 아이템 hover 사용,
task,595F4629E6B56B6F,0A52D0932DA3F809,hostile_neural_networks.snbt,,,%s 예측,hostilenetworks:prediction,,명시적 task.title 없이 아이템 hover 사용,
task,17CC25914676229E,0A52D0932DA3F809,hostile_neural_networks.snbt,,,%s 예측,hostilenetworks:prediction,,명시적 task.title 없이 아이템 hover 사용,
task,30E082506ED3F411,0A52D0932DA3F809,hostile_neural_networks.snbt,,,%s 예측,hostilenetworks:prediction,,명시적 task.title 없이 아이템 hover 사용,
task,41D015BD9EC22BE1,0A52D0932DA3F809,hostile_neural_networks.snbt,,,%s 예측,hostilenetworks:prediction,,명시적 task.title 없이 아이템 hover 사용,
task,2E4CAF87CD6B22B9,0A52D0932DA3F809,hostile_neural_networks.snbt,,,%s 예측,hostilenetworks:prediction,,명시적 task.title 없이 아이템 hover 사용,
task,3C15B0354322F02F,0A52D0932DA3F809,hostile_neural_networks.snbt,,,%s 예측,hostilenetworks:prediction,,명시적 task.title 없이 아이템 hover 사용,
task,33E497B8E8488AC8,0A52D0932DA3F809,hostile_neural_networks.snbt,,,%s 예측,hostilenetworks:prediction,,명시적 task.title 없이 아이템 hover 사용,
task,4E6229E1C889254A,0A52D0932DA3F809,hostile_neural_networks.snbt,,,%s 예측,hostilenetworks:prediction,,명시적 task.title 없이 아이템 hover 사용,
task,132A53DCB484697F,0A52D0932DA3F809,hostile_neural_networks.snbt,,,%s 예측,hostilenetworks:prediction,,명시적 task.title 없이 아이템 hover 사용,
task,22003D552B8F09EC,0A52D0932DA3F809,hostile_neural_networks.snbt,,,%s 예측,hostilenetworks:prediction,,명시적 task.title 없이 아이템 hover 사용,
task,53BD4527CBE9C1AF,0A52D0932DA3F809,hostile_neural_networks.snbt,,,%s 예측,hostilenetworks:prediction,,명시적 task.title 없이 아이템 hover 사용,
task,37597F7CBFCE3514,0A52D0932DA3F809,hostile_neural_networks.snbt,,,%s 예측,hostilenetworks:prediction,,명시적 task.title 없이 아이템 hover 사용,
task,693C99B8177DDEE1,0A52D0932DA3F809,hostile_neural_networks.snbt,,,%s 예측,hostilenetworks:prediction,,명시적 task.title 없이 아이템 hover 사용,
task,3FA5F7DC63D2B841,0A52D0932DA3F809,hostile_neural_networks.snbt,,,%s 예측,hostilenetworks:prediction,,명시적 task.title 없이 아이템 hover 사용,
task,68CFA321BAF89188,0A52D0932DA3F809,hostile_neural_networks.snbt,,,%s 예측,hostilenetworks:prediction,,명시적 task.title 없이 아이템 hover 사용,
task,0EAF33A27B3B0801,0A52D0932DA3F809,hostile_neural_networks.snbt,,,%s 예측,hostilenetworks:prediction,,명시적 task.title 없이 아이템 hover 사용,
task,1E21285333B832AE,0A52D0932DA3F809,hostile_neural_networks.snbt,,,%s 예측,hostilenetworks:prediction,,명시적 task.title 없이 아이템 hover 사용,
task,257CCBF7B5FA79EF,0A52D0932DA3F809,hostile_neural_networks.snbt,,,%s 예측,hostilenetworks:prediction,,명시적 task.title 없이 아이템 hover 사용,
task,1BF15290DE3EA665,0A52D0932DA3F809,hostile_neural_networks.snbt,,,%s 예측,hostilenetworks:prediction,,명시적 task.title 없이 아이템 hover 사용,
task,23E41AFEF91075E5,0A52D0932DA3F809,hostile_neural_networks.snbt,,,%s 예측,hostilenetworks:prediction,,명시적 task.title 없이 아이템 hover 사용,
task,5E341D5139636FE7,0A52D0932DA3F809,hostile_neural_networks.snbt,,,%s 예측,hostilenetworks:prediction,,명시적 task.title 없이 아이템 hover 사용,
task,1E5980E1B9A0CA51,0A52D0932DA3F809,hostile_neural_networks.snbt,,,%s 예측,hostilenetworks:prediction,,명시적 task.title 없이 아이템 hover 사용,
task,553497C7F7B167EF,0A52D0932DA3F809,hostile_neural_networks.snbt,,,%s 예측,hostilenetworks:prediction,,명시적 task.title 없이 아이템 hover 사용,
task,7488B2353CF0416D,0A52D0932DA3F809,hostile_neural_networks.snbt,,,%s 예측,hostilenetworks:prediction,,명시적 task.title 없이 아이템 hover 사용,
task,65912C9360C5C8F4,0A52D0932DA3F809,hostile_neural_networks.snbt,,,%s 예측,hostilenetworks:prediction,,명시적 task.title 없이 아이템 hover 사용,
quest,12AE2856444996F6,0A52D0932DA3F809,hostile_neural_networks.snbt,,,AllRightsReserved,,,설명은 있으나 명시적 quest.title 없음,
task,6B580F95A2E5A465,0A52D0932DA3F809,hostile_neural_networks.snbt,AllRightsReserved,AllRightsReserved,,,,한국어 파일의 영어 task.title,
task,15D2A03410859443,0A52D0932DA3F809,hostile_neural_networks.snbt,AllRightsReserved,AllRightsReserved,,,,한국어 파일의 영어 task.title,
task,6CABC43FA6D50903,0A52D0932DA3F809,hostile_neural_networks.snbt,,,Generalized Twilight Prediction,hostilenetworks:twilight_prediction,,명시적 task.title 없이 아이템 hover 사용,
task,78CDCCBB053CE95C,0A52D0932DA3F809,hostile_neural_networks.snbt,,,,kubejs:starlight_prediction,,명시적 task.title 없이 아이템 hover 사용,
task,1494733856F6E4A8,5D8E83698AEF1092,ice__fire.snbt,,,고르곤의 머리,iceandfire:gorgon_head,,명시적 task.title 없이 아이템 hover 사용,
task,7D5A9EAB8115BEEE,5D8E83698AEF1092,ice__fire.snbt,,,빛나는 비늘,iceandfire:shiny_scales,,명시적 task.title 없이 아이템 hover 사용,
task,61221620C0A33E76,5D8E83698AEF1092,ice__fire.snbt,,,해마의 찰싹대,iceandfire:hippocampus_slapper,,명시적 task.title 없이 아이템 hover 사용,
task,28B0E1A879CD61B0,5D8E83698AEF1092,ice__fire.snbt,,,히드라의 심장,iceandfire:hydra_heart,,명시적 task.title 없이 아이템 hover 사용,
task,05F354B18789BB1A,5D8E83698AEF1092,ice__fire.snbt,,,히드라 화살,iceandfire:hydra_arrow,,명시적 task.title 없이 아이템 hover 사용,
task,587B3F36D9262E76,5D8E83698AEF1092,ice__fire.snbt,,,사이클롭스의 눈,iceandfire:cyclops_eye,,명시적 task.title 없이 아이템 hover 사용,
task,08D02CC21A08D203,5D8E83698AEF1092,ice__fire.snbt,,,엠피데어의 깃털,iceandfire:amphithere_feather,,명시적 task.title 없이 아이템 hover 사용,
task,047744035FE7C4C6,5D8E83698AEF1092,ice__fire.snbt,,,,ftbfiltersystem:smart_filter,,명시적 task.title 없이 아이템 hover 사용,
task,56EE83CE2BAF71DC,5D8E83698AEF1092,ice__fire.snbt,,,씨 서펀트의 송곳니,iceandfire:sea_serpent_fang,,명시적 task.title 없이 아이템 hover 사용,
task,0F93AA0655EB66FB,5D8E83698AEF1092,ice__fire.snbt,,,픽시가루,iceandfire:pixie_dust,,명시적 task.title 없이 아이템 hover 사용,
task,4FDAD86E9BC70A05,5D8E83698AEF1092,ice__fire.snbt,,,트롤의 어금니,iceandfire:troll_tusk,,명시적 task.title 없이 아이템 hover 사용,
task,413E2B1199F7B2FE,5D8E83698AEF1092,ice__fire.snbt,,,,ftbfiltersystem:smart_filter,,명시적 task.title 없이 아이템 hover 사용,
task,4F3D1BF4E10770D2,5D8E83698AEF1092,ice__fire.snbt,,,,ftbfiltersystem:smart_filter,,명시적 task.title 없이 아이템 hover 사용,
task,54DE1FB742295FA9,5D8E83698AEF1092,ice__fire.snbt,,,파이어 드래곤의 피,iceandfire:fire_dragon_blood,,명시적 task.title 없이 아이템 hover 사용,
task,0620A9784793301A,5D8E83698AEF1092,ice__fire.snbt,,,,ftbfiltersystem:smart_filter,,명시적 task.title 없이 아이템 hover 사용,
task,163D463630E6AD8D,5D8E83698AEF1092,ice__fire.snbt,,,아이스 드래곤의 피,iceandfire:ice_dragon_blood,,명시적 task.title 없이 아이템 hover 사용,
task,4BFCCD15D178ED0D,5D8E83698AEF1092,ice__fire.snbt,,,,ftbfiltersystem:smart_filter,,명시적 task.title 없이 아이템 hover 사용,
task,7538AE48DD0CB96B,5D8E83698AEF1092,ice__fire.snbt,,,라이트닝 드래곤의 피,iceandfire:lightning_dragon_blood,,명시적 task.title 없이 아이템 hover 사용,
task,73A02CA0F7204A81,5D8E83698AEF1092,ice__fire.snbt,,,,ftbfiltersystem:smart_filter,,명시적 task.title 없이 아이템 hover 사용,
task,4703C2FA0B8E7CA5,5D8E83698AEF1092,ice__fire.snbt,,,,ftbfiltersystem:smart_filter,,명시적 task.title 없이 아이템 hover 사용,
task,721D4B2BCA090BEE,5D8E83698AEF1092,ice__fire.snbt,,,,ftbfiltersystem:smart_filter,,명시적 task.title 없이 아이템 hover 사용,
task,0E9B4F4A00E26E63,5D8E83698AEF1092,ice__fire.snbt,,,드래곤 뼈 블록,iceandfire:dragon_bone_block,,명시적 task.title 없이 아이템 hover 사용,
task,6830A36E7241CC4A,5D8E83698AEF1092,ice__fire.snbt,,,화염의 드래곤 용광로 벽돌,iceandfire:dragonforge_fire_brick,,명시적 task.title 없이 아이템 hover 사용,
task,7712FBE2D5F31D8E,5D8E83698AEF1092,ice__fire.snbt,,,화염의 드래곤 용광로 덮개,iceandfire:dragonforge_fire_input,,명시적 task.title 없이 아이템 hover 사용,
task,4B9CDCD867DA1114,5D8E83698AEF1092,ice__fire.snbt,,,화염의 드래곤 용광로 코어,iceandfire:dragonforge_fire_core_disabled,,명시적 task.title 없이 아이템 hover 사용,
task,58AF4278D8C796E8,5D8E83698AEF1092,ice__fire.snbt,,,드래곤 뼈 블록,iceandfire:dragon_bone_block,,명시적 task.title 없이 아이템 hover 사용,
task,0FA90251FC56217A,5D8E83698AEF1092,ice__fire.snbt,,,냉기의 드래곤 용광로 벽돌,iceandfire:dragonforge_ice_brick,,명시적 task.title 없이 아이템 hover 사용,
task,41092B8251BA373C,5D8E83698AEF1092,ice__fire.snbt,,,냉기의 드래곤 용광로 덮개,iceandfire:dragonforge_ice_input,,명시적 task.title 없이 아이템 hover 사용,
task,573F7F097FFFDC31,5D8E83698AEF1092,ice__fire.snbt,,,냉기의 드래곤 용광로 코어,iceandfire:dragonforge_ice_core_disabled,,명시적 task.title 없이 아이템 hover 사용,
task,290E080FC208757E,5D8E83698AEF1092,ice__fire.snbt,,,드래곤 뼈 블록,iceandfire:dragon_bone_block,,명시적 task.title 없이 아이템 hover 사용,
task,3F28CACFA8B8D68A,5D8E83698AEF1092,ice__fire.snbt,,,번개의 드래곤 용광로 벽돌,iceandfire:dragonforge_lightning_brick,,명시적 task.title 없이 아이템 hover 사용,
task,369CAB512FEAEE0E,5D8E83698AEF1092,ice__fire.snbt,,,번개의 드래곤 용광로 코어,iceandfire:dragonforge_lightning_input,,명시적 task.title 없이 아이템 hover 사용,
task,1239D87B4EDAF26B,5D8E83698AEF1092,ice__fire.snbt,,,번개의 드래곤 용광로 코어,iceandfire:dragonforge_lightning_core_disabled,,명시적 task.title 없이 아이템 hover 사용,
task,4AFEDE13A758B44D,5D8E83698AEF1092,ice__fire.snbt,,,스팀팔로스의 새 단검,iceandfire:stymphalian_bird_dagger,,명시적 task.title 없이 아이템 hover 사용,
task,62663F4A25870879,5D8E83698AEF1092,ice__fire.snbt,,,스팀팔로스 청동새의 화살,iceandfire:stymphalian_arrow,,명시적 task.title 없이 아이템 hover 사용,
task,54D8620F0F9CFC01,5D8E83698AEF1092,ice__fire.snbt,,,세이렌 피리,iceandfire:siren_flute,,명시적 task.title 없이 아이템 hover 사용,
task,206FFEC41FF12130,5D8E83698AEF1092,ice__fire.snbt,,,환영의 검,iceandfire:ghost_sword,,명시적 task.title 없이 아이템 hover 사용,
task,4A894487D6AEA124,5D8E83698AEF1092,ice__fire.snbt,,,,minecraft:kelp,,명시적 task.title 없이 아이템 hover 사용,
task,484E79013543D76D,5D8E83698AEF1092,ice__fire.snbt,,,해류 화살,iceandfire:sea_serpent_arrow,,명시적 task.title 없이 아이템 hover 사용,
task,2D60CE44A290C710,5D8E83698AEF1092,ice__fire.snbt,,,해류 삼지창,iceandfire:tide_trident,,명시적 task.title 없이 아이템 hover 사용,
task,4F3B27F987FA751B,5D8E83698AEF1092,ice__fire.snbt,,,,ftbfiltersystem:smart_filter,,명시적 task.title 없이 아이템 hover 사용,
task,2F6DA7A9259F8585,5D8E83698AEF1092,ice__fire.snbt,,,,ftbfiltersystem:smart_filter,,명시적 task.title 없이 아이템 hover 사용,
task,3014A3CA3C73E6D4,5D8E83698AEF1092,ice__fire.snbt,,,,ftbfiltersystem:smart_filter,,명시적 task.title 없이 아이템 hover 사용,
task,433EA38A6B260048,5D8E83698AEF1092,ice__fire.snbt,,,,ftbfiltersystem:smart_filter,,명시적 task.title 없이 아이템 hover 사용,
task,091437742C548F81,5D8E83698AEF1092,ice__fire.snbt,,,,minecraft:fishing_rod,,명시적 task.title 없이 아이템 hover 사용,
task,39019B44DB379EA1,5D8E83698AEF1092,ice__fire.snbt,,,히포그리프 발톱 검,iceandfire:hippogryph_sword,,명시적 task.title 없이 아이템 hover 사용,
task,0E94CCAA969BB3F8,5D8E83698AEF1092,ice__fire.snbt,,,엠피데어의 화살,iceandfire:amphithere_arrow,,명시적 task.title 없이 아이템 hover 사용,
task,1B8D94634F27443D,5D8E83698AEF1092,ice__fire.snbt,,,엠피데어 도검,iceandfire:amphithere_macuahuitl,,명시적 task.title 없이 아이템 hover 사용,
task,32057A4DB1ED95AD,5D8E83698AEF1092,ice__fire.snbt,,,시들어버린 뼈,iceandfire:witherbone,,명시적 task.title 없이 아이템 hover 사용,
task,1CD90E48172E5690,5D8E83698AEF1092,ice__fire.snbt,,,코카트리스 ,iceandfire:cockatrice_scepter,,명시적 task.title 없이 아이템 hover 사용,
task,3872480FD8C46F6A,5D8E83698AEF1092,ice__fire.snbt,,,썩은 달걀,iceandfire:rotten_egg,,명시적 task.title 없이 아이템 hover 사용,
task,37B0B634DF925107,5D8E83698AEF1092,ice__fire.snbt,,,베스티아리,iceandfire:bestiary,,명시적 task.title 없이 아이템 hover 사용,
task,39BFF49C6D983775,5D8E83698AEF1092,ice__fire.snbt,,,베스티아리 독서대,iceandfire:lectern,,명시적 task.title 없이 아이템 hover 사용,
task,2BCD016F70368254,5D8E83698AEF1092,ice__fire.snbt,,,,minecraft:cake,,명시적 task.title 없이 아이템 hover 사용,
task,353106C55857698B,5D8E83698AEF1092,ice__fire.snbt,,,유리병,iceandfire:pixie_jar_empty,,명시적 task.title 없이 아이템 hover 사용,
task,01763766EFCD88FF,5D8E83698AEF1092,ice__fire.snbt,,,픽시의 지팡이,iceandfire:pixie_wand,,명시적 task.title 없이 아이템 hover 사용,
task,51EE1671000347A4,5D8E83698AEF1092,ice__fire.snbt,,,드래곤 뼈,iceandfire:dragonbone,,명시적 task.title 없이 아이템 hover 사용,
task,3E3EBDB1D26C3117,5D8E83698AEF1092,ice__fire.snbt,,,,minecraft:netherrack,,명시적 task.title 없이 아이템 hover 사용,
task,71321938044ADBE4,5D8E83698AEF1092,ice__fire.snbt,,,,minecraft:water_bucket,,명시적 task.title 없이 아이템 hover 사용,
task,3CC50EAEEE1E8A56,5D8E83698AEF1092,ice__fire.snbt,,,,minecraft:stick,,명시적 task.title 없이 아이템 hover 사용,
task,6F732623B498EE87,5D8E83698AEF1092,ice__fire.snbt,,,드래곤 커맨드 스틱,iceandfire:dragon_stick,,명시적 task.title 없이 아이템 hover 사용,
task,24B27CCD01B77A0A,5D8E83698AEF1092,ice__fire.snbt,,,드래곤 뿔피리,iceandfire:dragon_horn,,명시적 task.title 없이 아이템 hover 사용,
task,688B2A12311EED3D,5D8E83698AEF1092,ice__fire.snbt,,,드래곤 뼈 피리,iceandfire:dragon_flute,,명시적 task.title 없이 아이템 hover 사용,
task,4308BE39F35E2298,5D8E83698AEF1092,ice__fire.snbt,,,드래곤 먹이,iceandfire:dragon_meal,,명시적 task.title 없이 아이템 hover 사용,
task,0ABD29C3A5B5B876,5D8E83698AEF1092,ice__fire.snbt,,,철 사슬,iceandfire:chain,,명시적 task.title 없이 아이템 hover 사용,
task,3BED9AF0C1BD57B7,5D8E83698AEF1092,ice__fire.snbt,,,파이어 드래곤 스틸 주괴,iceandfire:dragonsteel_fire_ingot,,명시적 task.title 없이 아이템 hover 사용,
task,26E4867B6DA3058D,5D8E83698AEF1092,ice__fire.snbt,,,아이스 드래곤 스틸 주괴,iceandfire:dragonsteel_ice_ingot,,명시적 task.title 없이 아이템 hover 사용,
task,4179FBF3C2120214,5D8E83698AEF1092,ice__fire.snbt,,,라이트닝 드래곤 스틸 주괴,iceandfire:dragonsteel_lightning_ingot,,명시적 task.title 없이 아이템 hover 사용,
task,2519E6394D62203F,5D8E83698AEF1092,ice__fire.snbt,,,,ftbfiltersystem:smart_filter,,명시적 task.title 없이 아이템 hover 사용,
task,0DC4B0000B8974C7,22C20C1827FE6805,immersive_engineering.snbt,,,엔지니어의 망치,immersiveengineering:hammer,,명시적 task.title 없이 아이템 hover 사용,
task,3FE78EA80561B53F,22C20C1827FE6805,immersive_engineering.snbt,,,용광로 벽돌,immersiveengineering:blastbrick,,명시적 task.title 없이 아이템 hover 사용,
task,23B6BEDDD3B41602,22C20C1827FE6805,immersive_engineering.snbt,,,강철 주괴,alltheores:steel_ingot,,명시적 task.title 없이 아이템 hover 사용,
task,596BBB2940ADABEE,22C20C1827FE6805,immersive_engineering.snbt,,,강화 용광로 벽돌,immersiveengineering:blastbrick_reinforced,,명시적 task.title 없이 아이템 hover 사용,
task,4D5FA238E199BECE,22C20C1827FE6805,immersive_engineering.snbt,,,,minecraft:hopper,,명시적 task.title 없이 아이템 hover 사용,
task,34944DEA6E2AF115,22C20C1827FE6805,immersive_engineering.snbt,,,코크스 벽돌,immersiveengineering:cokebrick,,명시적 task.title 없이 아이템 hover 사용,
task,1E1157A2351866EA,22C20C1827FE6805,immersive_engineering.snbt,,,크레오소트유 양동이,immersiveengineering:creosote_bucket,,명시적 task.title 없이 아이템 hover 사용,
task,4CBB52C7D0BF9B28,22C20C1827FE6805,immersive_engineering.snbt,,,,ftbfiltersystem:smart_filter,,명시적 task.title 없이 아이템 hover 사용,
task,7DF1B5E33AE78BAD,22C20C1827FE6805,immersive_engineering.snbt,,,가마 벽돌,immersiveengineering:alloybrick,,명시적 task.title 없이 아이템 hover 사용,
task,061CF3FE488C4884,22C20C1827FE6805,immersive_engineering.snbt,,,콘스탄탄 주괴,alltheores:constantan_ingot,,명시적 task.title 없이 아이템 hover 사용,
task,16F5A4657FFD6D94,22C20C1827FE6805,immersive_engineering.snbt,,,일렉트럼 주괴,alltheores:electrum_ingot,,명시적 task.title 없이 아이템 hover 사용,
task,7C7E9F25CBF00792,22C20C1827FE6805,immersive_engineering.snbt,,,황동 주괴,alltheores:brass_ingot,,명시적 task.title 없이 아이템 hover 사용,
task,57CBAB78E576366F,22C20C1827FE6805,immersive_engineering.snbt,,,인바 주괴,alltheores:invar_ingot,,명시적 task.title 없이 아이템 hover 사용,
task,71A59FE1AE9D56DA,22C20C1827FE6805,immersive_engineering.snbt,,,청동 주괴,alltheores:bronze_ingot,,명시적 task.title 없이 아이템 hover 사용,
task,38072B273F705071,22C20C1827FE6805,immersive_engineering.snbt,,,철 판금,immersiveengineering:sheetmetal_iron,,명시적 task.title 없이 아이템 hover 사용,
task,1F691FA3350E1797,22C20C1827FE6805,immersive_engineering.snbt,,,방부목 울타리,immersiveengineering:treated_fence,,명시적 task.title 없이 아이템 hover 사용,
task,6615AD9059660A15,22C20C1827FE6805,immersive_engineering.snbt,,,컨베이어 벨트,immersiveengineering:conveyor_basic,,명시적 task.title 없이 아이템 hover 사용,
task,6D4225AC46E79BCB,22C20C1827FE6805,immersive_engineering.snbt,,,철 판금,immersiveengineering:sheetmetal_iron,,명시적 task.title 없이 아이템 hover 사용,
task,7DE7858E410495EA,22C20C1827FE6805,immersive_engineering.snbt,,,방부목 울타리,immersiveengineering:treated_fence,,명시적 task.title 없이 아이템 hover 사용,
task,55344B3AD166A2C4,22C20C1827FE6805,immersive_engineering.snbt,,,유체 파이프,immersiveengineering:fluid_pipe,,명시적 task.title 없이 아이템 hover 사용,
task,7DD9DCBE80530D39,22C20C1827FE6805,immersive_engineering.snbt,,,저압 전선 코일,immersiveengineering:wirecoil_copper,,명시적 task.title 없이 아이템 hover 사용,
task,71AA7B67032348CA,22C20C1827FE6805,immersive_engineering.snbt,,,중압 전선 코일,immersiveengineering:wirecoil_electrum,,명시적 task.title 없이 아이템 hover 사용,
task,59DB9F8D97677620,22C20C1827FE6805,immersive_engineering.snbt,,,고압 전선 코일,immersiveengineering:wirecoil_steel,,명시적 task.title 없이 아이템 hover 사용,
task,504C8520573A2344,22C20C1827FE6805,immersive_engineering.snbt,,,Pipe Valve,immersiveengineering:pipe_valve,,명시적 task.title 없이 아이템 hover 사용,
task,53AF5EFD070E8761,22C20C1827FE6805,immersive_engineering.snbt,,,,ftbfiltersystem:smart_filter,,명시적 task.title 없이 아이템 hover 사용,
task,33166EB8A81E2DBA,22C20C1827FE6805,immersive_engineering.snbt,,,경형 엔지니어링 블록,immersiveengineering:light_engineering,,명시적 task.title 없이 아이템 hover 사용,
task,01C08A7F472F6F5B,22C20C1827FE6805,immersive_engineering.snbt,,,중형 엔지니어링 블록,immersiveengineering:heavy_engineering,,명시적 task.title 없이 아이템 hover 사용,
task,76B57935D7D73E4D,22C20C1827FE6805,immersive_engineering.snbt,,,레드스톤 엔지니어링 블록,immersiveengineering:rs_engineering,,명시적 task.title 없이 아이템 hover 사용,
task,77A38517B4FAD157,22C20C1827FE6805,immersive_engineering.snbt,,,발전 블록,immersiveengineering:generator,,명시적 task.title 없이 아이템 hover 사용,
task,53D455C5E6C0170C,22C20C1827FE6805,immersive_engineering.snbt,,,방열 블록,immersiveengineering:radiator,,명시적 task.title 없이 아이템 hover 사용,
task,618D97216A93EFD5,22C20C1827FE6805,immersive_engineering.snbt,,,운동 발전기,immersiveengineering:dynamo,,명시적 task.title 없이 아이템 hover 사용,
quest,7AE85F4FF4DDF4F2,22C20C1827FE6805,immersive_engineering.snbt,,,풍차,immersiveengineering:windmill,,설명은 있으나 명시적 quest.title 없음,
task,4E391D14FCF95506,22C20C1827FE6805,immersive_engineering.snbt,,,풍차,immersiveengineering:windmill,,명시적 task.title 없이 아이템 hover 사용,
quest,3A4A8EAA3022C7BA,22C20C1827FE6805,immersive_engineering.snbt,,,물레방아,immersiveengineering:watermill,,설명은 있으나 명시적 quest.title 없음,
task,0799908421F97562,22C20C1827FE6805,immersive_engineering.snbt,,,물레방아,immersiveengineering:watermill,,명시적 task.title 없이 아이템 hover 사용,
task,4D76807033DE9054,22C20C1827FE6805,immersive_engineering.snbt,,,열전기 발전기,immersiveengineering:thermoelectric_generator,,명시적 task.title 없이 아이템 hover 사용,
task,053F8A38BE6215FF,22C20C1827FE6805,immersive_engineering.snbt,,,방부목,immersiveengineering:treated_wood_horizontal,,명시적 task.title 없이 아이템 hover 사용,
task,5A03337F505D9BCB,22C20C1827FE6805,immersive_engineering.snbt,,,엔지니어의 전선 절단기,immersiveengineering:wirecutter,,명시적 task.title 없이 아이템 hover 사용,
task,516BA1717A7BE2EE,22C20C1827FE6805,immersive_engineering.snbt,,,방열 블록,immersiveengineering:radiator,,명시적 task.title 없이 아이템 hover 사용,
task,50C34F4A6772FBBD,22C20C1827FE6805,immersive_engineering.snbt,,,발전 블록,immersiveengineering:generator,,명시적 task.title 없이 아이템 hover 사용,
task,72542FE29081715D,22C20C1827FE6805,immersive_engineering.snbt,,,중형 엔지니어링 블록,immersiveengineering:heavy_engineering,,명시적 task.title 없이 아이템 hover 사용,
task,5E7A374041B2116F,22C20C1827FE6805,immersive_engineering.snbt,,,레드스톤 엔지니어링 블록,immersiveengineering:rs_engineering,,명시적 task.title 없이 아이템 hover 사용,
task,78063232B90830C0,22C20C1827FE6805,immersive_engineering.snbt,,,강철 비계,immersiveengineering:steel_scaffolding_standard,,명시적 task.title 없이 아이템 hover 사용,
task,225CD45CB73A41A6,22C20C1827FE6805,immersive_engineering.snbt,,,유체 파이프,immersiveengineering:fluid_pipe,,명시적 task.title 없이 아이템 hover 사용,
task,43F6276C29742E88,22C20C1827FE6805,immersive_engineering.snbt,,,고전압 코일 블록,immersiveengineering:coil_hv,,명시적 task.title 없이 아이템 hover 사용,
task,318ECF5A6DC77AFA,22C20C1827FE6805,immersive_engineering.snbt,,,경형 엔지니어링 블록,immersiveengineering:light_engineering,,명시적 task.title 없이 아이템 hover 사용,
task,505DB34EDA126973,22C20C1827FE6805,immersive_engineering.snbt,,,구리 코일 블록,immersiveengineering:coil_lv,,명시적 task.title 없이 아이템 hover 사용,
task,28D2BB46AF54ED8D,22C20C1827FE6805,immersive_engineering.snbt,,,강철 비계,immersiveengineering:steel_scaffolding_standard,,명시적 task.title 없이 아이템 hover 사용,
task,40DED229DB95ECB7,22C20C1827FE6805,immersive_engineering.snbt,,,방부목 울타리,immersiveengineering:treated_fence,,명시적 task.title 없이 아이템 hover 사용,
task,684CD2C917CBADB5,22C20C1827FE6805,immersive_engineering.snbt,,,고압 축전기,immersiveengineering:capacitor_hv,,명시적 task.title 없이 아이템 hover 사용,
task,5E8C064F72034C3C,22C20C1827FE6805,immersive_engineering.snbt,,,엔지니어의 드라이버,immersiveengineering:screwdriver,,명시적 task.title 없이 아이템 hover 사용,
task,31832792FB2D9A4C,22C20C1827FE6805,immersive_engineering.snbt,,,강철 비계,immersiveengineering:steel_scaffolding_standard,,명시적 task.title 없이 아이템 hover 사용,
task,21E9573B1385ABEF,22C20C1827FE6805,immersive_engineering.snbt,,,레드스톤 엔지니어링 블록,immersiveengineering:rs_engineering,,명시적 task.title 없이 아이템 hover 사용,
task,16BD09E30CE36FCE,22C20C1827FE6805,immersive_engineering.snbt,,,중형 엔지니어링 블록,immersiveengineering:heavy_engineering,,명시적 task.title 없이 아이템 hover 사용,
task,5C0A27EA31A8CA78,22C20C1827FE6805,immersive_engineering.snbt,,,,minecraft:piston,,명시적 task.title 없이 아이템 hover 사용,
task,4B242230A6D53ED9,22C20C1827FE6805,immersive_engineering.snbt,,,컨베이어 벨트,immersiveengineering:conveyor_basic,,명시적 task.title 없이 아이템 hover 사용,
task,211E9301590CDD6C,22C20C1827FE6805,immersive_engineering.snbt,,,경형 엔지니어링 블록,immersiveengineering:light_engineering,,명시적 task.title 없이 아이템 hover 사용,
task,15BC31EACADB995B,22C20C1827FE6805,immersive_engineering.snbt,,,레드스톤 엔지니어링 블록,immersiveengineering:rs_engineering,,명시적 task.title 없이 아이템 hover 사용,
task,334ED902B5A63210,22C20C1827FE6805,immersive_engineering.snbt,,,강철 비계,immersiveengineering:steel_scaffolding_standard,,명시적 task.title 없이 아이템 hover 사용,
task,7A3EDB5ABEBBCDC6,22C20C1827FE6805,immersive_engineering.snbt,,,강철 울타리,immersiveengineering:steel_fence,,명시적 task.title 없이 아이템 hover 사용,
task,34424E87D679D3AA,22C20C1827FE6805,immersive_engineering.snbt,,,,minecraft:hopper,,명시적 task.title 없이 아이템 hover 사용,
task,1D6B0BE179E438AF,22C20C1827FE6805,immersive_engineering.snbt,,,경형 엔지니어링 블록,immersiveengineering:light_engineering,,명시적 task.title 없이 아이템 hover 사용,
task,29679DFAF3688A13,22C20C1827FE6805,immersive_engineering.snbt,,,철 판금,immersiveengineering:sheetmetal_iron,,명시적 task.title 없이 아이템 hover 사용,
task,5BC9F17566112D06,22C20C1827FE6805,immersive_engineering.snbt,,,중형 엔지니어링 블록,immersiveengineering:heavy_engineering,,명시적 task.title 없이 아이템 hover 사용,
task,1F6313C26E5F7D3F,22C20C1827FE6805,immersive_engineering.snbt,,,레드스톤 엔지니어링 블록,immersiveengineering:rs_engineering,,명시적 task.title 없이 아이템 hover 사용,
task,5E36485B05AEC545,22C20C1827FE6805,immersive_engineering.snbt,,,강철 비계,immersiveengineering:steel_scaffolding_standard,,명시적 task.title 없이 아이템 hover 사용,
task,126EE5FF13775C84,22C20C1827FE6805,immersive_engineering.snbt,,,컨베이어 벨트,immersiveengineering:conveyor_basic,,명시적 task.title 없이 아이템 hover 사용,
task,2186668919BED733,22C20C1827FE6805,immersive_engineering.snbt,,,경형 엔지니어링 블록,immersiveengineering:light_engineering,,명시적 task.title 없이 아이템 hover 사용,
task,727BD97B3AB7479A,22C20C1827FE6805,immersive_engineering.snbt,,,철 판금,immersiveengineering:sheetmetal_iron,,명시적 task.title 없이 아이템 hover 사용,
task,6EDD71D8954331F6,22C20C1827FE6805,immersive_engineering.snbt,,,레드스톤 엔지니어링 블록,immersiveengineering:rs_engineering,,명시적 task.title 없이 아이템 hover 사용,
task,13083904E29B6854,22C20C1827FE6805,immersive_engineering.snbt,,,강철 비계,immersiveengineering:steel_scaffolding_standard,,명시적 task.title 없이 아이템 hover 사용,
task,43DE5D25CC9BA58E,22C20C1827FE6805,immersive_engineering.snbt,,,강철 울타리,immersiveengineering:steel_fence,,명시적 task.title 없이 아이템 hover 사용,
task,35DDBF919BD2238A,22C20C1827FE6805,immersive_engineering.snbt,,,유체 파이프,immersiveengineering:fluid_pipe,,명시적 task.title 없이 아이템 hover 사용,
task,17245F9809F6770E,22C20C1827FE6805,immersive_engineering.snbt,,,철 판금,immersiveengineering:sheetmetal_iron,,명시적 task.title 없이 아이템 hover 사용,
task,37903EE56D0E35B4,22C20C1827FE6805,immersive_engineering.snbt,,,레드스톤 엔지니어링 블록,immersiveengineering:rs_engineering,,명시적 task.title 없이 아이템 hover 사용,
task,7540463B5414E931,22C20C1827FE6805,immersive_engineering.snbt,,,경형 엔지니어링 블록,immersiveengineering:light_engineering,,명시적 task.title 없이 아이템 hover 사용,
task,38670902BEED13C0,22C20C1827FE6805,immersive_engineering.snbt,,,강철 비계,immersiveengineering:steel_scaffolding_standard,,명시적 task.title 없이 아이템 hover 사용,
task,576E555E24F81740,22C20C1827FE6805,immersive_engineering.snbt,,,컨베이어 벨트,immersiveengineering:conveyor_basic,,명시적 task.title 없이 아이템 hover 사용,
task,6BF4CA990AC1D6D1,22C20C1827FE6805,immersive_engineering.snbt,,,유체 펌프,immersiveengineering:fluid_pump,,명시적 task.title 없이 아이템 hover 사용,
task,3A176A962A5919D2,22C20C1827FE6805,immersive_engineering.snbt,,,경형 엔지니어링 블록,immersiveengineering:light_engineering,,명시적 task.title 없이 아이템 hover 사용,
task,58AFA9E03A6F66A4,22C20C1827FE6805,immersive_engineering.snbt,,,레드스톤 엔지니어링 블록,immersiveengineering:rs_engineering,,명시적 task.title 없이 아이템 hover 사용,
task,693795FA60C76AB5,22C20C1827FE6805,immersive_engineering.snbt,,,철 판금,immersiveengineering:sheetmetal_iron,,명시적 task.title 없이 아이템 hover 사용,
task,7DA67B1D72A7D6FC,22C20C1827FE6805,immersive_engineering.snbt,,,강철 비계,immersiveengineering:steel_scaffolding_standard,,명시적 task.title 없이 아이템 hover 사용,
task,2DA2DAF100BEB247,22C20C1827FE6805,immersive_engineering.snbt,,,,minecraft:cauldron,,명시적 task.title 없이 아이템 hover 사용,
task,42E1153745A18A67,22C20C1827FE6805,immersive_engineering.snbt,,,유체 파이프,immersiveengineering:fluid_pipe,,명시적 task.title 없이 아이템 hover 사용,
task,460B46D59B7FB169,22C20C1827FE6805,immersive_engineering.snbt,,,경형 엔지니어링 블록,immersiveengineering:light_engineering,,명시적 task.title 없이 아이템 hover 사용,
task,7AED892AF8D26AA4,22C20C1827FE6805,immersive_engineering.snbt,,,레드스톤 엔지니어링 블록,immersiveengineering:rs_engineering,,명시적 task.title 없이 아이템 hover 사용,
task,1753E67772445136,22C20C1827FE6805,immersive_engineering.snbt,,,,minecraft:piston,,명시적 task.title 없이 아이템 hover 사용,
task,74B8DE6A1C8AFA59,22C20C1827FE6805,immersive_engineering.snbt,,,강철 비계,immersiveengineering:steel_scaffolding_standard,,명시적 task.title 없이 아이템 hover 사용,
task,45B0AF58386883AA,22C20C1827FE6805,immersive_engineering.snbt,,,강철 울타리,immersiveengineering:steel_fence,,명시적 task.title 없이 아이템 hover 사용,
task,734D869A2E3417AB,22C20C1827FE6805,immersive_engineering.snbt,,,유체 파이프,immersiveengineering:fluid_pipe,,명시적 task.title 없이 아이템 hover 사용,
task,4C4DB43CE3630842,22C20C1827FE6805,immersive_engineering.snbt,,,나무 통,immersiveengineering:wooden_barrel,,명시적 task.title 없이 아이템 hover 사용,
task,79A8D5248C0F47EC,22C20C1827FE6805,immersive_engineering.snbt,,,경형 엔지니어링 블록,immersiveengineering:light_engineering,,명시적 task.title 없이 아이템 hover 사용,
task,21EE8FF71E9FD622,22C20C1827FE6805,immersive_engineering.snbt,,,중형 엔지니어링 블록,immersiveengineering:heavy_engineering,,명시적 task.title 없이 아이템 hover 사용,
task,323EFE6F6501676B,22C20C1827FE6805,immersive_engineering.snbt,,,철 판금,immersiveengineering:sheetmetal_iron,,명시적 task.title 없이 아이템 hover 사용,
task,6B7E8FF2E0CD78A4,22C20C1827FE6805,immersive_engineering.snbt,,,레드스톤 엔지니어링 블록,immersiveengineering:rs_engineering,,명시적 task.title 없이 아이템 hover 사용,
task,0A03AAEFD1383CE0,22C20C1827FE6805,immersive_engineering.snbt,,,강철 비계,immersiveengineering:steel_scaffolding_standard,,명시적 task.title 없이 아이템 hover 사용,
task,2E5B743629E2CE23,22C20C1827FE6805,immersive_engineering.snbt,,,유체 파이프,immersiveengineering:fluid_pipe,,명시적 task.title 없이 아이템 hover 사용,
task,4533CB1AE7F6F4FC,22C20C1827FE6805,immersive_engineering.snbt,,,레드스톤 엔지니어링 블록,immersiveengineering:rs_engineering,,명시적 task.title 없이 아이템 hover 사용,
task,12F7D04E193CE2E2,22C20C1827FE6805,immersive_engineering.snbt,,,경형 엔지니어링 블록,immersiveengineering:light_engineering,,명시적 task.title 없이 아이템 hover 사용,
task,312FB447598DEE05,22C20C1827FE6805,immersive_engineering.snbt,,,철 판금,immersiveengineering:sheetmetal_iron,,명시적 task.title 없이 아이템 hover 사용,
task,714FBC767A24FC6B,22C20C1827FE6805,immersive_engineering.snbt,,,강철 비계,immersiveengineering:steel_scaffolding_standard,,명시적 task.title 없이 아이템 hover 사용,
task,54A6F220C6DD7156,22C20C1827FE6805,immersive_engineering.snbt,,,철 판금 반 블록,immersiveengineering:slab_sheetmetal_iron,,명시적 task.title 없이 아이템 hover 사용,
task,311F2ED4DBA5FA85,22C20C1827FE6805,immersive_engineering.snbt,,,컨베이어 벨트,immersiveengineering:conveyor_basic,,명시적 task.title 없이 아이템 hover 사용,
task,17C57C16F52E344E,22C20C1827FE6805,immersive_engineering.snbt,,,경형 엔지니어링 블록,immersiveengineering:light_engineering,,명시적 task.title 없이 아이템 hover 사용,
task,3B367FBF6EBB93F2,22C20C1827FE6805,immersive_engineering.snbt,,,레드스톤 엔지니어링 블록,immersiveengineering:rs_engineering,,명시적 task.title 없이 아이템 hover 사용,
task,690A2AAF64DA8B22,22C20C1827FE6805,immersive_engineering.snbt,,,중형 엔지니어링 블록,immersiveengineering:heavy_engineering,,명시적 task.title 없이 아이템 hover 사용,
task,215A170928C25A7B,22C20C1827FE6805,immersive_engineering.snbt,,,강철 비계,immersiveengineering:steel_scaffolding_standard,,명시적 task.title 없이 아이템 hover 사용,
task,5D98129E137A6772,22C20C1827FE6805,immersive_engineering.snbt,,,방부목 반 블록,immersiveengineering:slab_treated_wood_horizontal,,명시적 task.title 없이 아이템 hover 사용,
task,71E89ACB8324ED99,22C20C1827FE6805,immersive_engineering.snbt,,,컨베이어 벨트,immersiveengineering:conveyor_basic,,명시적 task.title 없이 아이템 hover 사용,
task,0F77E4AA9F8B29A4,22C20C1827FE6805,immersive_engineering.snbt,,,강철 판금,immersiveengineering:sheetmetal_steel,,명시적 task.title 없이 아이템 hover 사용,
task,01BBDC6956BD2DD3,22C20C1827FE6805,immersive_engineering.snbt,,,강철 블록,alltheores:steel_block,,명시적 task.title 없이 아이템 hover 사용,
task,5D1A4336AACBF465,22C20C1827FE6805,immersive_engineering.snbt,,,중형 엔지니어링 블록,immersiveengineering:heavy_engineering,,명시적 task.title 없이 아이템 hover 사용,
task,773241124A5C44CD,22C20C1827FE6805,immersive_engineering.snbt,,,레드스톤 엔지니어링 블록,immersiveengineering:rs_engineering,,명시적 task.title 없이 아이템 hover 사용,
task,19B4DFC33F326B56,22C20C1827FE6805,immersive_engineering.snbt,,,경형 엔지니어링 블록,immersiveengineering:light_engineering,,명시적 task.title 없이 아이템 hover 사용,
task,07C166C8FC0AB702,22C20C1827FE6805,immersive_engineering.snbt,,,강화 용광로 벽돌,immersiveengineering:blastbrick_reinforced,,명시적 task.title 없이 아이템 hover 사용,
task,0691F2B98EE54E95,22C20C1827FE6805,immersive_engineering.snbt,,,강철 판금 반 블록,immersiveengineering:slab_sheetmetal_steel,,명시적 task.title 없이 아이템 hover 사용,
task,50634AC3F6466F69,22C20C1827FE6805,immersive_engineering.snbt,,,강철 비계,immersiveengineering:steel_scaffolding_standard,,명시적 task.title 없이 아이템 hover 사용,
task,77B4D2FE41B9556D,22C20C1827FE6805,immersive_engineering.snbt,,,,minecraft:cauldron,,명시적 task.title 없이 아이템 hover 사용,
task,5C25A42ACF50DD6E,22C20C1827FE6805,immersive_engineering.snbt,,,강철 판금,immersiveengineering:sheetmetal_steel,,명시적 task.title 없이 아이템 hover 사용,
task,4AA295A2A2586DF3,22C20C1827FE6805,immersive_engineering.snbt,,,방열 블록,immersiveengineering:radiator,,명시적 task.title 없이 아이템 hover 사용,
task,37F6D96CBBCFFE56,22C20C1827FE6805,immersive_engineering.snbt,,,경형 엔지니어링 블록,immersiveengineering:light_engineering,,명시적 task.title 없이 아이템 hover 사용,
task,3DF49ED25B565ACB,22C20C1827FE6805,immersive_engineering.snbt,,,레드스톤 엔지니어링 블록,immersiveengineering:rs_engineering,,명시적 task.title 없이 아이템 hover 사용,
task,189DD2F5E713B2B0,22C20C1827FE6805,immersive_engineering.snbt,,,중형 엔지니어링 블록,immersiveengineering:heavy_engineering,,명시적 task.title 없이 아이템 hover 사용,
task,562C6B2001A38CE3,22C20C1827FE6805,immersive_engineering.snbt,,,강철 비계,immersiveengineering:steel_scaffolding_standard,,명시적 task.title 없이 아이템 hover 사용,
task,78AC8EC04CDAFFDE,22C20C1827FE6805,immersive_engineering.snbt,,,강철 블록,alltheores:steel_block,,명시적 task.title 없이 아이템 hover 사용,
quest,56E30438AE512475,22C20C1827FE6805,immersive_engineering.snbt,,,용광로 예열기,immersiveengineering:blastfurnace_preheater,,설명은 있으나 명시적 quest.title 없음,
task,356DD7CCC4FDA7B1,22C20C1827FE6805,immersive_engineering.snbt,,,용광로 예열기,immersiveengineering:blastfurnace_preheater,,명시적 task.title 없이 아이템 hover 사용,
quest,38F01BAEC74D5D68,22C20C1827FE6805,immersive_engineering.snbt,,,용광로 예열기,immersiveengineering:blastfurnace_preheater,,설명은 있으나 명시적 quest.title 없음,
task,2F3B73D6C48955E6,22C20C1827FE6805,immersive_engineering.snbt,,,용광로 예열기,immersiveengineering:blastfurnace_preheater,,명시적 task.title 없이 아이템 hover 사용,
task,64B4A6BCC26D53F3,22C20C1827FE6805,immersive_engineering.snbt,,,엔지니어의 워크벤치,immersiveengineering:workbench,,명시적 task.title 없이 아이템 hover 사용,
task,4ECE5DA3F4FA106E,22C20C1827FE6805,immersive_engineering.snbt,,,엔지니어의 제작대,immersiveengineering:craftingtable,,명시적 task.title 없이 아이템 hover 사용,
task,1A616ADFC9A72930,22C20C1827FE6805,immersive_engineering.snbt,,,리볼버,immersiveengineering:revolver,,명시적 task.title 없이 아이템 hover 사용,
task,2EF4495FB6E792AE,22C20C1827FE6805,immersive_engineering.snbt,,,채굴 드릴,immersiveengineering:drill,,명시적 task.title 없이 아이템 hover 사용,
task,3F5109BE954591C1,22C20C1827FE6805,immersive_engineering.snbt,,,레일건,immersiveengineering:railgun,,명시적 task.title 없이 아이템 hover 사용,
task,107A823CDD66067A,22C20C1827FE6805,immersive_engineering.snbt,,,화학 투척기,immersiveengineering:chemthrower,,명시적 task.title 없이 아이템 hover 사용,
task,28F70258686FDCA3,22C20C1827FE6805,immersive_engineering.snbt,,,유체 펌프,immersiveengineering:fluid_pump,,명시적 task.title 없이 아이템 hover 사용,
task,42FDEB042C4F2336,22C20C1827FE6805,immersive_engineering.snbt,,,유체 라우터,immersiveengineering:fluid_sorter,,명시적 task.title 없이 아이템 hover 사용,
task,079C5CCD1E3C97BF,22C20C1827FE6805,immersive_engineering.snbt,,,유체 배출구,immersiveengineering:fluid_placer,,명시적 task.title 없이 아이템 hover 사용,
quest,4AAB3899F530CC19,22C20C1827FE6805,immersive_engineering.snbt,,,슈트,ftbfiltersystem:smart_filter,,설명은 있으나 명시적 quest.title 없음,
task,304883E1496D3494,22C20C1827FE6805,immersive_engineering.snbt,,,아이템 라우터,immersiveengineering:sorter,,명시적 task.title 없이 아이템 hover 사용,
task,4982F17B7762E475,22C20C1827FE6805,immersive_engineering.snbt,,,아이템 배쳐,immersiveengineering:item_batcher,,명시적 task.title 없이 아이템 hover 사용,
task,7097C167AAB4B666,22C20C1827FE6805,immersive_engineering.snbt,,,엔지니어의 청사진,immersiveengineering:blueprint,,명시적 task.title 없이 아이템 hover 사용,
task,61239AF1EA4453B3,22C20C1827FE6805,immersive_engineering.snbt,,,엔지니어의 청사진,immersiveengineering:blueprint,,명시적 task.title 없이 아이템 hover 사용,
task,75F8B8173C1208BF,22C20C1827FE6805,immersive_engineering.snbt,,,엔지니어의 청사진,immersiveengineering:blueprint,,명시적 task.title 없이 아이템 hover 사용,
task,5DABAC347B6E9103,22C20C1827FE6805,immersive_engineering.snbt,,,엔지니어의 청사진,immersiveengineering:blueprint,,명시적 task.title 없이 아이템 hover 사용,
task,43B01F6B75ABB9DA,22C20C1827FE6805,immersive_engineering.snbt,,,엔지니어의 청사진,immersiveengineering:blueprint,,명시적 task.title 없이 아이템 hover 사용,
task,017F71A521055F9C,22C20C1827FE6805,immersive_engineering.snbt,,,엔지니어의 청사진,immersiveengineering:blueprint,,명시적 task.title 없이 아이템 hover 사용,
task,1AE2C9614D691727,22C20C1827FE6805,immersive_engineering.snbt,,,엔지니어의 청사진,immersiveengineering:blueprint,,명시적 task.title 없이 아이템 hover 사용,
task,51813D8BEEF55081,22C20C1827FE6805,immersive_engineering.snbt,,,엔지니어의 스카이훅,immersiveengineering:skyhook,,명시적 task.title 없이 아이템 hover 사용,
task,5A9D00A32CCF4C1A,22C20C1827FE6805,immersive_engineering.snbt,,,원형 톱,immersiveengineering:buzzsaw,,명시적 task.title 없이 아이템 hover 사용,
task,4EB53F7A98392C54,22C20C1827FE6805,immersive_engineering.snbt,,,중형 방패,immersiveengineering:shield,,명시적 task.title 없이 아이템 hover 사용,
quest,2F19529214CA9559,22C20C1827FE6805,immersive_engineering.snbt,,,플래시 전구,immersiveengineering:toolupgrade_shield_flash,,설명은 있으나 명시적 quest.title 없음,
task,2D1DBFDA1B98E36F,22C20C1827FE6805,immersive_engineering.snbt,,,플래시 전구,immersiveengineering:toolupgrade_shield_flash,,명시적 task.title 없이 아이템 hover 사용,
quest,35E399D88D2EDCB6,22C20C1827FE6805,immersive_engineering.snbt,,,충격 증폭기,immersiveengineering:toolupgrade_shield_shock,,설명은 있으나 명시적 quest.title 없음,
task,17E8D1BFFA414842,22C20C1827FE6805,immersive_engineering.snbt,,,충격 증폭기,immersiveengineering:toolupgrade_shield_shock,,명시적 task.title 없이 아이템 hover 사용,
quest,0D2D1F99945BA209,22C20C1827FE6805,immersive_engineering.snbt,,,자석 장갑,immersiveengineering:toolupgrade_shield_magnet,,설명은 있으나 명시적 quest.title 없음,
task,3C90EC82EFE0FF5A,22C20C1827FE6805,immersive_engineering.snbt,,,자석 장갑,immersiveengineering:toolupgrade_shield_magnet,,명시적 task.title 없이 아이템 hover 사용,
quest,13AF35A3108B02AF,22C20C1827FE6805,immersive_engineering.snbt,,,High Torque Motor,immersiveengineering:toolupgrade_skyhook_slope,,설명은 있으나 명시적 quest.title 없음,
task,444173167ED99F53,22C20C1827FE6805,immersive_engineering.snbt,,,High Torque Motor,immersiveengineering:toolupgrade_skyhook_slope,,명시적 task.title 없이 아이템 hover 사용,
quest,4D8190E94851C546,22C20C1827FE6805,immersive_engineering.snbt,,,Insulated Grip,immersiveengineering:toolupgrade_skyhook_insulation,,설명은 있으나 명시적 quest.title 없음,
task,176D553ECC8E6FCF,22C20C1827FE6805,immersive_engineering.snbt,,,Insulated Grip,immersiveengineering:toolupgrade_skyhook_insulation,,명시적 task.title 없이 아이템 hover 사용,
quest,520904C106D7D93D,22C20C1827FE6805,immersive_engineering.snbt,,,Heavy Impact Hooks,immersiveengineering:toolupgrade_skyhook_mace,,설명은 있으나 명시적 quest.title 없음,
task,03470767A1E92358,22C20C1827FE6805,immersive_engineering.snbt,,,Heavy Impact Hooks,immersiveengineering:toolupgrade_skyhook_mace,,명시적 task.title 없이 아이템 hover 사용,
quest,72CE46D28C9E7452,22C20C1827FE6805,immersive_engineering.snbt,,,정밀 스코프,immersiveengineering:toolupgrade_railgun_scope,,설명은 있으나 명시적 quest.title 없음,
task,22B60B9F3943933F,22C20C1827FE6805,immersive_engineering.snbt,,,정밀 스코프,immersiveengineering:toolupgrade_railgun_scope,,명시적 task.title 없이 아이템 hover 사용,
quest,4E297778DCEEC963,22C20C1827FE6805,immersive_engineering.snbt,,,고급 방열판,immersiveengineering:toolupgrade_railgun_capacitors,,설명은 있으나 명시적 quest.title 없음,
task,1575675D3D1DAF8A,22C20C1827FE6805,immersive_engineering.snbt,,,고급 방열판,immersiveengineering:toolupgrade_railgun_capacitors,,명시적 task.title 없이 아이템 hover 사용,
quest,5E228ACA1B13AD04,22C20C1827FE6805,immersive_engineering.snbt,,,총검,immersiveengineering:toolupgrade_revolver_bayonet,,설명은 있으나 명시적 quest.title 없음,
task,6997136C71297901,22C20C1827FE6805,immersive_engineering.snbt,,,총검,immersiveengineering:toolupgrade_revolver_bayonet,,명시적 task.title 없이 아이템 hover 사용,
quest,2224AA108FC006F3,22C20C1827FE6805,immersive_engineering.snbt,,,리볼버 스피드로더,immersiveengineering:speedloader,,설명은 있으나 명시적 quest.title 없음,
task,78C6996AA099376A,22C20C1827FE6805,immersive_engineering.snbt,,,리볼버 스피드로더,immersiveengineering:speedloader,,명시적 task.title 없이 아이템 hover 사용,
quest,4B42D962FE910CB3,22C20C1827FE6805,immersive_engineering.snbt,,,진폭 전자 튜브,immersiveengineering:toolupgrade_revolver_electro,,설명은 있으나 명시적 quest.title 없음,
task,02AB2AB07E1A30FF,22C20C1827FE6805,immersive_engineering.snbt,,,진폭 전자 튜브,immersiveengineering:toolupgrade_revolver_electro,,명시적 task.title 없이 아이템 hover 사용,
quest,407C2D00F22BD89D,22C20C1827FE6805,immersive_engineering.snbt,,,확장 탄창,immersiveengineering:toolupgrade_revolver_magazine,,설명은 있으나 명시적 quest.title 없음,
task,3DAAE8E6C7119E4B,22C20C1827FE6805,immersive_engineering.snbt,,,확장 탄창,immersiveengineering:toolupgrade_revolver_magazine,,명시적 task.title 없이 아이템 hover 사용,
task,543D68325BA9C24E,22C20C1827FE6805,immersive_engineering.snbt,,,축전지 가방,immersiveengineering:powerpack,,명시적 task.title 없이 아이템 hover 사용,
task,652E2578DB73608A,22C20C1827FE6805,immersive_engineering.snbt,,,엔지니어의 도구상자,immersiveengineering:toolbox,,명시적 task.title 없이 아이템 hover 사용,
quest,662DD269B027B6C8,22C20C1827FE6805,immersive_engineering.snbt,,,Charging Antenna,immersiveengineering:toolupgrade_powerpack_antenna,,설명은 있으나 명시적 quest.title 없음,
task,352065C387D67A1C,22C20C1827FE6805,immersive_engineering.snbt,,,Charging Antenna,immersiveengineering:toolupgrade_powerpack_antenna,,명시적 task.title 없이 아이템 hover 사용,
quest,27FA2DB7839172BB,22C20C1827FE6805,immersive_engineering.snbt,,,Induction Charger,immersiveengineering:toolupgrade_powerpack_induction,,설명은 있으나 명시적 quest.title 없음,
task,007FECC885B21F57,22C20C1827FE6805,immersive_engineering.snbt,,,Induction Charger,immersiveengineering:toolupgrade_powerpack_induction,,명시적 task.title 없이 아이템 hover 사용,
quest,231E0C0A9B0C0509,22C20C1827FE6805,immersive_engineering.snbt,,,Portable Electromagnet,immersiveengineering:toolupgrade_powerpack_magnet,,설명은 있으나 명시적 quest.title 없음,
task,72F02B003359A477,22C20C1827FE6805,immersive_engineering.snbt,,,Portable Electromagnet,immersiveengineering:toolupgrade_powerpack_magnet,,명시적 task.title 없이 아이템 hover 사용,
quest,38C98FCB6A2D4226,22C20C1827FE6805,immersive_engineering.snbt,,,Miniaturized Tesla Coil,immersiveengineering:toolupgrade_powerpack_tesla,,설명은 있으나 명시적 quest.title 없음,
task,4D14990B7C4C1934,22C20C1827FE6805,immersive_engineering.snbt,,,Miniaturized Tesla Coil,immersiveengineering:toolupgrade_powerpack_tesla,,명시적 task.title 없이 아이템 hover 사용,
quest,1A3F053E0F693002,22C20C1827FE6805,immersive_engineering.snbt,,,고급 윤활 시스템,immersiveengineering:toolupgrade_drill_lube,,설명은 있으나 명시적 quest.title 없음,
task,1C8B1F49BCFF7E44,22C20C1827FE6805,immersive_engineering.snbt,,,고급 윤활 시스템,immersiveengineering:toolupgrade_drill_lube,,명시적 task.title 없이 아이템 hover 사용,
quest,5218DAE147AC9F44,22C20C1827FE6805,immersive_engineering.snbt,,,톱날 통,immersiveengineering:toolupgrade_buzzsaw_spareblades,,설명은 있으나 명시적 quest.title 없음,
task,61DAA67DA704EEE4,22C20C1827FE6805,immersive_engineering.snbt,,,톱날 통,immersiveengineering:toolupgrade_buzzsaw_spareblades,,명시적 task.title 없이 아이템 hover 사용,
quest,553ADA7040B652CD,22C20C1827FE6805,immersive_engineering.snbt,,,대형 탱크,immersiveengineering:toolupgrade_drill_capacity,,설명은 있으나 명시적 quest.title 없음,
task,10A9FF77583E4F6F,22C20C1827FE6805,immersive_engineering.snbt,,,대형 탱크,immersiveengineering:toolupgrade_drill_capacity,,명시적 task.title 없이 아이템 hover 사용,
quest,7744BEC5CD328262,22C20C1827FE6805,immersive_engineering.snbt,,,가압 공기탱크,immersiveengineering:toolupgrade_drill_waterproof,,설명은 있으나 명시적 quest.title 없음,
task,3DACAE1408545008,22C20C1827FE6805,immersive_engineering.snbt,,,가압 공기탱크,immersiveengineering:toolupgrade_drill_waterproof,,명시적 task.title 없이 아이템 hover 사용,
quest,6D42D0102D1CBC19,22C20C1827FE6805,immersive_engineering.snbt,,,추가 앵커,immersiveengineering:toolupgrade_drill_damage,,설명은 있으나 명시적 quest.title 없음,
task,0B38C101DB6ED5B8,22C20C1827FE6805,immersive_engineering.snbt,,,추가 앵커,immersiveengineering:toolupgrade_drill_damage,,명시적 task.title 없이 아이템 hover 사용,
quest,33732EE8110A0911,22C20C1827FE6805,immersive_engineering.snbt,,,Rock Softening Acid,immersiveengineering:toolupgrade_drill_fortune,,설명은 있으나 명시적 quest.title 없음,
task,34F6883930466021,22C20C1827FE6805,immersive_engineering.snbt,,,Rock Softening Acid,immersiveengineering:toolupgrade_drill_fortune,,명시적 task.title 없이 아이템 hover 사용,
quest,340F93695FFF8D76,22C20C1827FE6805,immersive_engineering.snbt,,,집중 노즐,immersiveengineering:toolupgrade_chemthrower_focus,,설명은 있으나 명시적 quest.title 없음,
task,279F828976EDAB32,22C20C1827FE6805,immersive_engineering.snbt,,,집중 노즐,immersiveengineering:toolupgrade_chemthrower_focus,,명시적 task.title 없이 아이템 hover 사용,
quest,598DE7CEDA864B50,22C20C1827FE6805,immersive_engineering.snbt,,,멀티 탱크,immersiveengineering:toolupgrade_chemthrower_multitank,,설명은 있으나 명시적 quest.title 없음,
task,53187FC85EE8030D,22C20C1827FE6805,immersive_engineering.snbt,,,멀티 탱크,immersiveengineering:toolupgrade_chemthrower_multitank,,명시적 task.title 없이 아이템 hover 사용,
quest,4295C863C9A81F28,22C20C1827FE6805,immersive_engineering.snbt,,,테슬라 코일,immersiveengineering:tesla_coil,,설명은 있으나 명시적 quest.title 없음,
task,3891D9B4661C9863,22C20C1827FE6805,immersive_engineering.snbt,,,테슬라 코일,immersiveengineering:tesla_coil,,명시적 task.title 없이 아이템 hover 사용,
quest,34D09336FA3E272A,22C20C1827FE6805,immersive_engineering.snbt,,,화학 투척기 포탑,immersiveengineering:turret_chem,,설명은 있으나 명시적 quest.title 없음,
task,4F5F91AAAC75104C,22C20C1827FE6805,immersive_engineering.snbt,,,화학 투척기 포탑,immersiveengineering:turret_chem,,명시적 task.title 없이 아이템 hover 사용,
quest,341BB1353A1E45EA,22C20C1827FE6805,immersive_engineering.snbt,,,총 포탑,immersiveengineering:turret_gun,,설명은 있으나 명시적 quest.title 없음,
task,03B4A647C9F7B38A,22C20C1827FE6805,immersive_engineering.snbt,,,총 포탑,immersiveengineering:turret_gun,,명시적 task.title 없이 아이템 hover 사용,
quest,79BEECD4E545793F,22C20C1827FE6805,immersive_engineering.snbt,,,철조망,immersiveengineering:razor_wire,,설명은 있으나 명시적 quest.title 없음,
task,05A64B72ACE0BB32,22C20C1827FE6805,immersive_engineering.snbt,,,철조망,immersiveengineering:razor_wire,,명시적 task.title 없이 아이템 hover 사용,
quest,0AE6AD813928DE4F,22C20C1827FE6805,immersive_engineering.snbt,,,외부 가열기,immersiveengineering:furnace_heater,,설명은 있으나 명시적 quest.title 없음,
task,53ACAE72C918C5FF,22C20C1827FE6805,immersive_engineering.snbt,,,외부 가열기,immersiveengineering:furnace_heater,,명시적 task.title 없이 아이템 hover 사용,
quest,251464B43353D4C6,22C20C1827FE6805,immersive_engineering.snbt,,,원예기,immersiveengineering:cloche,,설명은 있으나 명시적 quest.title 없음,
task,32F274559B6B9A52,22C20C1827FE6805,immersive_engineering.snbt,,,원예기,immersiveengineering:cloche,,명시적 task.title 없이 아이템 hover 사용,
quest,6B2BD6F939136F50,22C20C1827FE6805,immersive_engineering.snbt,,,턴테이블,immersiveengineering:turntable,,설명은 있으나 명시적 quest.title 없음,
task,3DFAD16BFEA33008,22C20C1827FE6805,immersive_engineering.snbt,,,턴테이블,immersiveengineering:turntable,,명시적 task.title 없이 아이템 hover 사용,
quest,7060290E107D92AB,22C20C1827FE6805,immersive_engineering.snbt,,,충전소,immersiveengineering:charging_station,,설명은 있으나 명시적 quest.title 없음,
task,3B6CCBAC1C1664D7,22C20C1827FE6805,immersive_engineering.snbt,,,충전소,immersiveengineering:charging_station,,명시적 task.title 없이 아이템 hover 사용,
task,2F5363A9CB078692,22C20C1827FE6805,immersive_engineering.snbt,,,방부목,immersiveengineering:treated_wood_horizontal,,명시적 task.title 없이 아이템 hover 사용,
quest,257C80468B080B3C,22C20C1827FE6805,immersive_engineering.snbt,,,Electromagnet,immersiveengineering:electromagnet,,설명은 있으나 명시적 quest.title 없음,
task,67F84B2B9932988B,22C20C1827FE6805,immersive_engineering.snbt,,,Electromagnet,immersiveengineering:electromagnet,,명시적 task.title 없이 아이템 hover 사용,
quest,6F3C82072672FD17,22C20C1827FE6805,immersive_engineering.snbt,,,AllRightsReserved,,,설명은 있으나 명시적 quest.title 없음,
task,603A16080675C348,22C20C1827FE6805,immersive_engineering.snbt,AllRightsReserved,AllRightsReserved,,,,한국어 파일의 영어 task.title,
task,0D7C60D7BFBD8CF0,22C20C1827FE6805,immersive_engineering.snbt,AllRightsReserved,AllRightsReserved,,,,한국어 파일의 영어 task.title,
task,24FE04E93501ED42,193F91842D2ED7D9,industrial_foregoing.snbt,,,미천한 기계 프레임,industrialforegoing:machine_frame_pity,,명시적 task.title 없이 아이템 hover 사용,
quest,0EC2053B191C55C6,193F91842D2ED7D9,industrial_foregoing.snbt,,,유체 추출기,industrialforegoing:fluid_extractor,,설명은 있으나 명시적 quest.title 없음,
task,3CEAE2B50AD7C5ED,193F91842D2ED7D9,industrial_foregoing.snbt,,,유체 추출기,industrialforegoing:fluid_extractor,,명시적 task.title 없이 아이템 hover 사용,
quest,33532408B21A5378,193F91842D2ED7D9,industrial_foregoing.snbt,,,미천한 발전기,industrialforegoing:pitiful_generator,,설명은 있으나 명시적 quest.title 없음,
task,3DD12A969161A5B6,193F91842D2ED7D9,industrial_foregoing.snbt,,,미천한 발전기,industrialforegoing:pitiful_generator,,명시적 task.title 없이 아이템 hover 사용,
quest,6FF04DD735346BED,193F91842D2ED7D9,industrial_foregoing.snbt,,,라텍스 처리 장치,industrialforegoing:latex_processing_unit,,설명은 있으나 명시적 quest.title 없음,
task,163B2434699EEF1A,193F91842D2ED7D9,industrial_foregoing.snbt,,,라텍스 처리 장치,industrialforegoing:latex_processing_unit,,명시적 task.title 없이 아이템 hover 사용,
task,5AE0559068C0050A,193F91842D2ED7D9,industrial_foregoing.snbt,,,아이템 수송기,industrialforegoing:item_transporter_type,,명시적 task.title 없이 아이템 hover 사용,
task,7D17F00002916197,193F91842D2ED7D9,industrial_foregoing.snbt,,,유체 수송기,industrialforegoing:fluid_transporter_type,,명시적 task.title 없이 아이템 hover 사용,
task,689C55CA37B213C2,193F91842D2ED7D9,industrial_foregoing.snbt,,,라텍스 양동이,industrialforegoing:latex_bucket,,명시적 task.title 없이 아이템 hover 사용,
quest,0EA9E52B67B533DF,193F91842D2ED7D9,industrial_foregoing.snbt,,,드라이 러버,industrialforegoing:dryrubber,,설명은 있으나 명시적 quest.title 없음,
task,5D603D532B9CD94B,193F91842D2ED7D9,industrial_foregoing.snbt,,,드라이 러버,industrialforegoing:dryrubber,,명시적 task.title 없이 아이템 hover 사용,
quest,690CFF61CE787D43,193F91842D2ED7D9,industrial_foregoing.snbt,,,플라스틱,industrialforegoing:plastic,,설명은 있으나 명시적 quest.title 없음,
task,6D63126EADD9A7D9,193F91842D2ED7D9,industrial_foregoing.snbt,,,플라스틱,industrialforegoing:plastic,,명시적 task.title 없이 아이템 hover 사용,
quest,57C4A0BAE739E903,193F91842D2ED7D9,industrial_foregoing.snbt,,,용해 챔버,industrialforegoing:dissolution_chamber,,설명은 있으나 명시적 quest.title 없음,
task,5D2DF35BECE01E94,193F91842D2ED7D9,industrial_foregoing.snbt,,,용해 챔버,industrialforegoing:dissolution_chamber,,명시적 task.title 없이 아이템 hover 사용,
quest,1823CC81D613892B,193F91842D2ED7D9,industrial_foregoing.snbt,,,몹 도살 공장,industrialforegoing:mob_slaughter_factory,,설명은 있으나 명시적 quest.title 없음,
task,5CB2BAC07633F15B,193F91842D2ED7D9,industrial_foregoing.snbt,,,몹 도살 공장,industrialforegoing:mob_slaughter_factory,,명시적 task.title 없이 아이템 hover 사용,
task,3F52AEF4BF3FE722,193F91842D2ED7D9,industrial_foregoing.snbt,,,핑크 슬라임 양동이,industrialforegoing:pink_slime_bucket,,명시적 task.title 없이 아이템 hover 사용,
task,6F7BCA742E93DB2A,193F91842D2ED7D9,industrial_foregoing.snbt,,,액체 고기 양동이,industrialforegoing:meat_bucket,,명시적 task.title 없이 아이템 hover 사용,
task,0632C71309E4726C,193F91842D2ED7D9,industrial_foregoing.snbt,,,컨베이어 벨트,industrialforegoing:conveyor,,명시적 task.title 없이 아이템 hover 사용,
task,706E6BE855C4AE5C,193F91842D2ED7D9,industrial_foregoing.snbt,,,,industrialforegoing:conveyor_insertion_upgrade,,명시적 task.title 없이 아이템 hover 사용,
task,1D7CB07E1E6F7A29,193F91842D2ED7D9,industrial_foregoing.snbt,,,,industrialforegoing:conveyor_extraction_upgrade,,명시적 task.title 없이 아이템 hover 사용,
task,1F78346AC1AA58B4,193F91842D2ED7D9,industrial_foregoing.snbt,,,,industrialforegoing:conveyor_bouncing_upgrade,,명시적 task.title 없이 아이템 hover 사용,
task,3DB99B677678BCDD,193F91842D2ED7D9,industrial_foregoing.snbt,,,,industrialforegoing:conveyor_dropping_upgrade,,명시적 task.title 없이 아이템 hover 사용,
task,1A64390CFB75F256,193F91842D2ED7D9,industrial_foregoing.snbt,,,,industrialforegoing:conveyor_detection_upgrade,,명시적 task.title 없이 아이템 hover 사용,
task,387D0194F77E1870,193F91842D2ED7D9,industrial_foregoing.snbt,,,,industrialforegoing:conveyor_blinking_upgrade,,명시적 task.title 없이 아이템 hover 사용,
task,4C5292076C0A9E83,193F91842D2ED7D9,industrial_foregoing.snbt,,,,industrialforegoing:conveyor_splitting_upgrade,,명시적 task.title 없이 아이템 hover 사용,
task,31CC6D6C9BD14E1E,193F91842D2ED7D9,industrial_foregoing.snbt,,,유체 배치기,industrialforegoing:fluid_placer,,명시적 task.title 없이 아이템 hover 사용,
task,62B10DA5B0939647,193F91842D2ED7D9,industrial_foregoing.snbt,,,유체 수집기,industrialforegoing:fluid_collector,,명시적 task.title 없이 아이템 hover 사용,
task,796061CC713A9A91,193F91842D2ED7D9,industrial_foregoing.snbt,,,블록 배치기,industrialforegoing:block_placer,,명시적 task.title 없이 아이템 hover 사용,
task,294C729B9EBD7A3C,193F91842D2ED7D9,industrial_foregoing.snbt,,,블록 파괴기,industrialforegoing:block_breaker,,명시적 task.title 없이 아이템 hover 사용,
task,6C73F85B66281095,193F91842D2ED7D9,industrial_foregoing.snbt,,,동물 목장장,industrialforegoing:animal_rancher,,명시적 task.title 없이 아이템 hover 사용,
task,30C6C62788FBA50C,193F91842D2ED7D9,industrial_foregoing.snbt,,,동물 사료 자동 공급기,industrialforegoing:animal_feeder,,명시적 task.title 없이 아이템 hover 사용,
task,7C6B876555C4EA90,193F91842D2ED7D9,industrial_foregoing.snbt,,,동물 새끼 분리기,industrialforegoing:animal_baby_separator,,명시적 task.title 없이 아이템 hover 사용,
task,3B2B3F7BC100A618,193F91842D2ED7D9,industrial_foregoing.snbt,,,식물 수확기,industrialforegoing:plant_gatherer,,명시적 task.title 없이 아이템 hover 사용,
task,3E049A1A52EA89E7,193F91842D2ED7D9,industrial_foregoing.snbt,,,식물 파종기,industrialforegoing:plant_sower,,명시적 task.title 없이 아이템 hover 사용,
task,6DBD9D66E78E0D58,193F91842D2ED7D9,industrial_foregoing.snbt,,,바이오 리액터,industrialforegoing:bioreactor,,명시적 task.title 없이 아이템 hover 사용,
task,28A15B47904E918A,193F91842D2ED7D9,industrial_foregoing.snbt,,,바이오연료 발전기,industrialforegoing:biofuel_generator,,명시적 task.title 없이 아이템 hover 사용,
task,2B4FB79E4A0A5DEC,193F91842D2ED7D9,industrial_foregoing.snbt,,,바이오연료 양동이,industrialforegoing:biofuel_bucket,,명시적 task.title 없이 아이템 hover 사용,
task,12D5AB213386B50C,193F91842D2ED7D9,industrial_foregoing.snbt,,,오물통,industrialforegoing:sewer,,명시적 task.title 없이 아이템 hover 사용,
task,5C4709BF8222D900,193F91842D2ED7D9,industrial_foregoing.snbt,,,오물 처리기,industrialforegoing:sewage_composter,,명시적 task.title 없이 아이템 hover 사용,
task,08DD030CC15CB0F8,193F91842D2ED7D9,industrial_foregoing.snbt,,,오물 양동이,industrialforegoing:sewage_bucket,,명시적 task.title 없이 아이템 hover 사용,
quest,4C366515E3CCB0B2,193F91842D2ED7D9,industrial_foregoing.snbt,,,고기 공급기,industrialforegoing:meat_feeder,,설명은 있으나 명시적 quest.title 없음,
task,5A179AB910BCFF36,193F91842D2ED7D9,industrial_foregoing.snbt,,,고기 공급기,industrialforegoing:meat_feeder,,명시적 task.title 없이 아이템 hover 사용,
task,38AFAC87CD5FDEDF,193F91842D2ED7D9,industrial_foregoing.snbt,,,간단한 기계 프레임,industrialforegoing:machine_frame_simple,,명시적 task.title 없이 아이템 hover 사용,
task,6C58377563CFA587,193F91842D2ED7D9,industrial_foregoing.snbt,,,발전된 머신 프레임,industrialforegoing:machine_frame_advanced,,명시적 task.title 없이 아이템 hover 사용,
task,2A7583C77451F99F,193F91842D2ED7D9,industrial_foregoing.snbt,,,수경 재배 침대,industrialforegoing:hydroponic_bed,,명시적 task.title 없이 아이템 hover 사용,
task,68BC9A96E04080FC,193F91842D2ED7D9,industrial_foregoing.snbt,,,몹 감지기,industrialforegoing:mob_detector,,명시적 task.title 없이 아이템 hover 사용,
task,183086ACEB713E82,193F91842D2ED7D9,industrial_foregoing.snbt,,,균사 석회화 발전기,industrialforegoing:mycelial_furnace,,명시적 task.title 없이 아이템 hover 사용,
task,49FC37D89FD38158,193F91842D2ED7D9,industrial_foregoing.snbt,,,해양 어획기,industrialforegoing:marine_fisher,,명시적 task.title 없이 아이템 hover 사용,
task,54E7A3F21AE2CA54,193F91842D2ED7D9,industrial_foregoing.snbt,,,균사 요리 발전기,industrialforegoing:mycelial_culinary,,명시적 task.title 없이 아이템 hover 사용,
task,3ECC5C50C2436DB2,193F91842D2ED7D9,industrial_foregoing.snbt,,,균사 분홍 발전기,industrialforegoing:mycelial_pink,,명시적 task.title 없이 아이템 hover 사용,
task,202DCA2B9D9F2E74,193F91842D2ED7D9,industrial_foregoing.snbt,,,식물 비료 공급기,industrialforegoing:plant_fertilizer,,명시적 task.title 없이 아이템 hover 사용,
task,345746E883043F2A,193F91842D2ED7D9,industrial_foregoing.snbt,,,균사 동결 발전기,industrialforegoing:mycelial_frosty,,명시적 task.title 없이 아이템 hover 사용,
task,720D4B73408CD1F0,193F91842D2ED7D9,industrial_foregoing.snbt,,,발효 스테이션,industrialforegoing:fermentation_station,,명시적 task.title 없이 아이템 hover 사용,
task,4D5DF4BB8245C496,193F91842D2ED7D9,industrial_foregoing.snbt,,,핑크 슬라임 주괴,industrialforegoing:pink_slime_ingot,,명시적 task.title 없이 아이템 hover 사용,
task,2C3E1AF774DC6DEB,193F91842D2ED7D9,industrial_foregoing.snbt,,,세탁 공장,industrialforegoing:washing_factory,,명시적 task.title 없이 아이템 hover 사용,
task,21285C89735F67FC,193F91842D2ED7D9,industrial_foregoing.snbt,,,레이저 드릴,industrialforegoing:laser_drill,,명시적 task.title 없이 아이템 hover 사용,
task,39B89950413E16A6,193F91842D2ED7D9,industrial_foregoing.snbt,,,광물 레이저 베이스,industrialforegoing:ore_laser_base,,명시적 task.title 없이 아이템 hover 사용,
task,6F5B80FDEECCE7BC,193F91842D2ED7D9,industrial_foregoing.snbt,,,유체 레이저 베이스,industrialforegoing:fluid_laser_base,,명시적 task.title 없이 아이템 hover 사용,
task,16AC71DDD21F0323,193F91842D2ED7D9,industrial_foregoing.snbt,,,,industrialforegoing:purple_laser_lens,,명시적 task.title 없이 아이템 hover 사용,
task,5DD28ED08FB23701,193F91842D2ED7D9,industrial_foregoing.snbt,,,에테르 가스 양동이,industrialforegoing:ether_gas_bucket,,명시적 task.title 없이 아이템 hover 사용,
task,6D24AD02DA331FA5,193F91842D2ED7D9,industrial_foregoing.snbt,,,균사 리액터,industrialforegoing:mycelial_reactor,,명시적 task.title 없이 아이템 hover 사용,
task,0DC23FAFFD8954C2,193F91842D2ED7D9,industrial_foregoing.snbt,,,최고급 머신 프레임,industrialforegoing:machine_frame_supreme,,명시적 task.title 없이 아이템 hover 사용,
task,285EB289271FF17A,193F91842D2ED7D9,industrial_foregoing.snbt,,,균사 폭발 발전기,industrialforegoing:mycelial_explosive,,명시적 task.title 없이 아이템 hover 사용,
task,4AF8DF7BC38E419B,193F91842D2ED7D9,industrial_foregoing.snbt,,,균사 점액 발전기,industrialforegoing:mycelial_slimey,,명시적 task.title 없이 아이템 hover 사용,
task,56ACF4EA4F91E75C,193F91842D2ED7D9,industrial_foregoing.snbt,,,균사 범죄 발생기,industrialforegoing:mycelial_crimed,,명시적 task.title 없이 아이템 hover 사용,
task,1E468D6A624E64E2,193F91842D2ED7D9,industrial_foregoing.snbt,,,균사 포션 발전기,industrialforegoing:mycelial_potion,,명시적 task.title 없이 아이템 hover 사용,
task,4F813C90DC8DE4F0,193F91842D2ED7D9,industrial_foregoing.snbt,,,인첸트 공장,industrialforegoing:enchantment_factory,,명시적 task.title 없이 아이템 hover 사용,
task,6F96A800F8BDA3FD,193F91842D2ED7D9,industrial_foregoing.snbt,,,균사 로켓 발전기,industrialforegoing:mycelial_rocket,,명시적 task.title 없이 아이템 hover 사용,
task,74E4102326A71945,193F91842D2ED7D9,industrial_foregoing.snbt,,,인챈트 적용기,industrialforegoing:enchantment_applicator,,명시적 task.title 없이 아이템 hover 사용,
task,18A5C86DE82D9671,193F91842D2ED7D9,industrial_foregoing.snbt,,,인챈트 분류기,industrialforegoing:enchantment_sorter,,명시적 task.title 없이 아이템 hover 사용,
task,45B306381A723562,193F91842D2ED7D9,industrial_foregoing.snbt,,,인챈트 추출기,industrialforegoing:enchantment_extractor,,명시적 task.title 없이 아이템 hover 사용,
task,0D2B10E4838ACFA2,193F91842D2ED7D9,industrial_foregoing.snbt,,,균사 사망 발전기,industrialforegoing:mycelial_death,,명시적 task.title 없이 아이템 hover 사용,
task,43C5F3AECB9F88F1,193F91842D2ED7D9,industrial_foregoing.snbt,,,포션 양조기,industrialforegoing:potion_brewer,,명시적 task.title 없이 아이템 hover 사용,
task,532B0FD90F4D6AF6,193F91842D2ED7D9,industrial_foregoing.snbt,,,몹 복제기,industrialforegoing:mob_duplicator,,명시적 task.title 없이 아이템 hover 사용,
task,185FE487EF5B3069,193F91842D2ED7D9,industrial_foregoing.snbt,,,균사 인첸트 제거 발전기,industrialforegoing:mycelial_disenchantment,,명시적 task.title 없이 아이템 hover 사용,
task,2C993EEE2B11D440,193F91842D2ED7D9,industrial_foregoing.snbt,,,균사 엔더 발전기,industrialforegoing:mycelial_ender,,명시적 task.title 없이 아이템 hover 사용,
task,04F5D3F7B29D441B,193F91842D2ED7D9,industrial_foregoing.snbt,,,균사 마그마 발전기,industrialforegoing:mycelial_magma,,명시적 task.title 없이 아이템 hover 사용,
task,5949367631EAD828,193F91842D2ED7D9,industrial_foregoing.snbt,,,자재 석공 공장,industrialforegoing:material_stonework_factory,,명시적 task.title 없이 아이템 hover 사용,
task,2AE2EF5EFC693F5B,193F91842D2ED7D9,industrial_foregoing.snbt,,,정지 챔버,industrialforegoing:stasis_chamber,,명시적 task.title 없이 아이템 hover 사용,
task,3EFA144FCF33A935,193F91842D2ED7D9,industrial_foregoing.snbt,,,몹 분쇄기,industrialforegoing:mob_crusher,,명시적 task.title 없이 아이템 hover 사용,
task,363855E6A408A2E5,193F91842D2ED7D9,industrial_foregoing.snbt,,,유체 체질기,industrialforegoing:fluid_sieving_machine,,명시적 task.title 없이 아이템 hover 사용,
task,4433BF1BB60F88E5,193F91842D2ED7D9,industrial_foregoing.snbt,,,인피니티 충전기,industrialforegoing:infinity_charger,,명시적 task.title 없이 아이템 hover 사용,
task,6D1A2543E374542A,193F91842D2ED7D9,industrial_foregoing.snbt,,,인피니티 삼지창,industrialforegoing:infinity_trident,,명시적 task.title 없이 아이템 hover 사용,
task,798860AC37F98D4E,193F91842D2ED7D9,industrial_foregoing.snbt,,,인피니티 드릴,industrialforegoing:infinity_drill,,명시적 task.title 없이 아이템 hover 사용,
task,75341FD6B58D8988,193F91842D2ED7D9,industrial_foregoing.snbt,,,인피니티 톱,industrialforegoing:infinity_saw,,명시적 task.title 없이 아이템 hover 사용,
task,291E22AEBC7FBCE2,193F91842D2ED7D9,industrial_foregoing.snbt,,,인피니티 해머,industrialforegoing:infinity_hammer,,명시적 task.title 없이 아이템 hover 사용,
task,1A3351BC0935160A,193F91842D2ED7D9,industrial_foregoing.snbt,,,인피니티 백팩,industrialforegoing:infinity_backpack,,명시적 task.title 없이 아이템 hover 사용,
task,2A17E564B75F2C7C,193F91842D2ED7D9,industrial_foregoing.snbt,,,인피니티 핵,industrialforegoing:infinity_nuke,,명시적 task.title 없이 아이템 hover 사용,
task,42FC1011D077857F,193F91842D2ED7D9,industrial_foregoing.snbt,,,균사 금속공학 발전기,industrialforegoing:mycelial_meatallurgic,,명시적 task.title 없이 아이템 hover 사용,
task,26CFE6CE592741D6,193F91842D2ED7D9,industrial_foregoing.snbt,,,균사 구연산 발생기,industrialforegoing:mycelial_halitosis,,명시적 task.title 없이 아이템 hover 사용,
task,077D65D9C7397844,193F91842D2ED7D9,industrial_foregoing.snbt,,,균사 네더의 별 발전기,industrialforegoing:mycelial_netherstar,,명시적 task.title 없이 아이템 hover 사용,
task,0A0596A9E941F606,193F91842D2ED7D9,industrial_foregoing.snbt,,,위더 건설기,industrialforegoing:wither_builder,,명시적 task.title 없이 아이템 hover 사용,
quest,0FAAE744E156D8EF,193F91842D2ED7D9,industrial_foregoing.snbt,,,균사 리액터,,,설명은 있으나 명시적 quest.title 없음,
quest,3CB7884B7B32CF00,193F91842D2ED7D9,industrial_foregoing.snbt,,,에테르 가스 이해하기,,,설명은 있으나 명시적 quest.title 없음,
quest,2F69010E1FA2787D,193F91842D2ED7D9,industrial_foregoing.snbt,,,AllRightsReserved,,,설명은 있으나 명시적 quest.title 없음,
task,7058D3373DA87B34,193F91842D2ED7D9,industrial_foregoing.snbt,AllRightsReserved,AllRightsReserved,,,,한국어 파일의 영어 task.title,
task,6B17A0D9906E8C90,193F91842D2ED7D9,industrial_foregoing.snbt,AllRightsReserved,AllRightsReserved,,,,한국어 파일의 영어 task.title,
quest,5FE631066CAB7397,193F91842D2ED7D9,industrial_foregoing.snbt,,,몹 포획기,industrialforegoing:mob_imprisonment_tool,,설명은 있으나 명시적 quest.title 없음,
task,1253CC16AA372F04,193F91842D2ED7D9,industrial_foregoing.snbt,,,몹 포획기,industrialforegoing:mob_imprisonment_tool,,명시적 task.title 없이 아이템 hover 사용,
task,112E949FC7F91037,193F91842D2ED7D9,industrial_foregoing.snbt,,,핑크 슬라임,industrialforegoing:pink_slime,,명시적 task.title 없이 아이템 hover 사용,
quest,4DB5DD6E20619B4D,193F91842D2ED7D9,industrial_foregoing.snbt,,,업그레이드,ftbfiltersystem:smart_filter,,설명은 있으나 명시적 quest.title 없음,
task,4E46DFEA15F79AF1,193F91842D2ED7D9,industrial_foregoing.snbt,,,찌꺼기 정제기,industrialforegoing:sludge_refiner,,명시적 task.title 없이 아이템 hover 사용,
task,707D3AE9D7B98CF0,193F91842D2ED7D9,industrial_foregoing.snbt,,,찌꺼기 양동이,industrialforegoing:sludge_bucket,,명시적 task.title 없이 아이템 hover 사용,
task,31BE1171159B7FA0,193F91842D2ED7D9,industrial_foregoing.snbt,,,Hydroponic Simulation Processor,industrialforegoing:hydroponic_simulation_processor,,명시적 task.title 없이 아이템 hover 사용,
task,4FF24F0190153DD5,193F91842D2ED7D9,industrial_foregoing.snbt,,,Simulated Hydroponic Bed,industrialforegoing:simulated_hydroponic_bed,,명시적 task.title 없이 아이템 hover 사용,
task,6CB105B7421A5DC5,193F91842D2ED7D9,industrial_foregoing.snbt,,,,industrialforegoing:blue_laser_lens,,명시적 task.title 없이 아이템 hover 사용,
task,1F9D857338C9731B,193F91842D2ED7D9,industrial_foregoing.snbt,,,Soul Laser Base,industrialforegoingsouls:soul_laser_base,,명시적 task.title 없이 아이템 hover 사용,
task,3053F8371CE0158E,193F91842D2ED7D9,industrial_foregoing.snbt,,,Soul Pipe,industrialforegoingsouls:soul_network_pipe,,명시적 task.title 없이 아이템 hover 사용,
task,127F33E4DD658827,193F91842D2ED7D9,industrial_foregoing.snbt,,,Soul Surge,industrialforegoingsouls:soul_surge,,명시적 task.title 없이 아이템 hover 사용,
task,12A668ED9379E8DC,193F91842D2ED7D9,industrial_foregoing.snbt,,,ME 인터페이스,ae2:interface,ME 인터페이스,명시적 task.title 없이 아이템 hover 사용,ME 인터페이스
task,6E4A9D2048668D03,193F91842D2ED7D9,industrial_foregoing.snbt,,,ME 저장 버스,ae2:storage_bus,ME 저장 버스,명시적 task.title 없이 아이템 hover 사용,ME 저장 버스
task,7683CF8C750FE6DB,193F91842D2ED7D9,industrial_foregoing.snbt,,,1K Soul Storage Part,refinedtypes:1k_soul_storage_part,,명시적 task.title 없이 아이템 hover 사용,
task,7FE0E65F41036C78,193F91842D2ED7D9,industrial_foregoing.snbt,,,고급 패턴 인코더,advanced_ae:adv_pattern_encoder,고급 패턴 인코더,명시적 task.title 없이 아이템 hover 사용,고급 패턴 인코더
task,5BCE4EFD40BF767D,193F91842D2ED7D9,industrial_foregoing.snbt,Wrenches that work with IF Machines,,,ftbfiltersystem:smart_filter,,명시적 task.title 없이 아이템 hover 사용,
task,4126D0DCE63BDB5C,69299302373C4CBC,integrated_dynamics.snbt,,,결정화된 멘릴 덩어리,integrateddynamics:crystalized_menril_chunk,,명시적 task.title 없이 아이템 hover 사용,
task,6B66A1F27CB47748,69299302373C4CBC,integrated_dynamics.snbt,,,논리 케이블,integrateddynamics:cable,,명시적 task.title 없이 아이템 hover 사용,
task,5BEC0340898370FE,69299302373C4CBC,integrated_dynamics.snbt,,,변수 카드,integrateddynamics:variable,,명시적 task.title 없이 아이템 hover 사용,
quest,450EDE68EC992A5A,69299302373C4CBC,integrated_dynamics.snbt,,,인터페이스,ftbfiltersystem:smart_filter,,설명은 있으나 명시적 quest.title 없음,
quest,3BC94B0B922C0708,69299302373C4CBC,integrated_dynamics.snbt,,,입력 변수 변환기,integrateddynamics:variable_transformer_input,,설명은 있으나 명시적 quest.title 없음,
task,609FBA95C685FD1F,69299302373C4CBC,integrated_dynamics.snbt,,,입력 변수 변환기,integrateddynamics:variable_transformer_input,,명시적 task.title 없이 아이템 hover 사용,
task,712E74999429B0C7,69299302373C4CBC,integrated_dynamics.snbt,,,출력 변수 변환기,integrateddynamics:variable_transformer_output,,명시적 task.title 없이 아이템 hover 사용,
quest,73EA326304C01C3B,69299302373C4CBC,integrated_dynamics.snbt,,,투입기,ftbfiltersystem:smart_filter,,설명은 있으나 명시적 quest.title 없음,
quest,33F4A7613764A016,69299302373C4CBC,integrated_dynamics.snbt,,,수출기,ftbfiltersystem:smart_filter,,설명은 있으나 명시적 quest.title 없음,
quest,65FA86357BC60573,69299302373C4CBC,integrated_dynamics.snbt,,,네트워크!,,,설명은 있으나 명시적 quest.title 없음,
quest,4D4152032F0410D2,69299302373C4CBC,integrated_dynamics.snbt,,,논리 프로그래머,integrateddynamics:logic_programmer,,설명은 있으나 명시적 quest.title 없음,
task,0492C88FD6C2C1E6,69299302373C4CBC,integrated_dynamics.snbt,,,논리 프로그래머,integrateddynamics:logic_programmer,,명시적 task.title 없이 아이템 hover 사용,
quest,1568CBFA09827137,69299302373C4CBC,integrated_dynamics.snbt,,,휴대용 논리 프로그래머,integrateddynamics:portable_logic_programmer,,설명은 있으나 명시적 quest.title 없음,
task,1BC958FE85153B09,69299302373C4CBC,integrated_dynamics.snbt,,,휴대용 논리 프로그래머,integrateddynamics:portable_logic_programmer,,명시적 task.title 없이 아이템 hover 사용,
quest,1B5C86AE05678420,69299302373C4CBC,integrated_dynamics.snbt,,,인터페이스 GUI,,,설명은 있으나 명시적 quest.title 없음,
quest,437F4945AFBE0825,69299302373C4CBC,integrated_dynamics.snbt,,,임포터 \\\& 익스포터 GUI,,,설명은 있으나 명시적 quest.title 없음,
quest,65D89991A45BC042,69299302373C4CBC,integrated_dynamics.snbt,,,item,integratedcrafting:part_interface_crafting,,설명은 있으나 명시적 quest.title 없음,
task,0A7BC7D8BD823DB9,69299302373C4CBC,integrated_dynamics.snbt,,,,integratedcrafting:part_interface_crafting,,명시적 task.title 없이 아이템 hover 사용,
quest,60D9F04E91171D16,69299302373C4CBC,integrated_dynamics.snbt,,,변수 저장소,integrateddynamics:variablestore,,설명은 있으나 명시적 quest.title 없음,
task,2CA5519E203FC702,69299302373C4CBC,integrated_dynamics.snbt,,,변수 저장소,integrateddynamics:variablestore,,명시적 task.title 없이 아이템 hover 사용,
quest,56BF647EA84FFF7E,69299302373C4CBC,integrated_dynamics.snbt,,,item,integratedterminals:part_terminal_crafting_job,,설명은 있으나 명시적 quest.title 없음,
task,034B95CEED32EF7A,69299302373C4CBC,integrated_dynamics.snbt,,,,integratedterminals:part_terminal_crafting_job,,명시적 task.title 없이 아이템 hover 사용,
quest,6D75CF34957ECCD9,69299302373C4CBC,integrated_dynamics.snbt,,,에너지 배터리,integrateddynamics:energy_battery,,설명은 있으나 명시적 quest.title 없음,
task,6A96E9CE15682919,69299302373C4CBC,integrated_dynamics.snbt,,,에너지 배터리,integrateddynamics:energy_battery,,명시적 task.title 없이 아이템 hover 사용,
quest,4D62C62B523C69EC,69299302373C4CBC,integrated_dynamics.snbt,,,발전기,integrateddynamics:coal_generator,,설명은 있으나 명시적 quest.title 없음,
task,4F213D9104A40A2F,69299302373C4CBC,integrated_dynamics.snbt,,,발전기,integrateddynamics:coal_generator,,명시적 task.title 없이 아이템 hover 사용,
quest,6ABDBE41880CFDA9,69299302373C4CBC,integrated_dynamics.snbt,,,AllRightsReserved,,,설명은 있으나 명시적 quest.title 없음,
task,267CE316E1F8FA83,69299302373C4CBC,integrated_dynamics.snbt,AllRightsReserved,AllRightsReserved,,,,한국어 파일의 영어 task.title,
task,238B5BA2FAE9785B,69299302373C4CBC,integrated_dynamics.snbt,AllRightsReserved,AllRightsReserved,,,,한국어 파일의 영어 task.title,
quest,232A06C9FF0EE7B2,69299302373C4CBC,integrated_dynamics.snbt,,,item,mysticalagriculture:menril_seeds,,설명은 있으나 명시적 quest.title 없음,
task,578E01FF81FBBCD4,69299302373C4CBC,integrated_dynamics.snbt,,,,mysticalagriculture:menril_seeds,,명시적 task.title 없이 아이템 hover 사용,
quest,6C9191DA4B1039D6,69299302373C4CBC,integrated_dynamics.snbt,,,멘릴 열매,integrateddynamics:menril_berries,,설명은 있으나 명시적 quest.title 없음,
task,4F14D12A09B1DB9A,69299302373C4CBC,integrated_dynamics.snbt,,,멘릴 열매,integrateddynamics:menril_berries,,명시적 task.title 없이 아이템 hover 사용,
quest,3C9539083BCC145C,69299302373C4CBC,integrated_dynamics.snbt,,,Honeycomb,productivebees:configurable_honeycomb,,설명은 있으나 명시적 quest.title 없음,
task,12B13952DDA1AE17,69299302373C4CBC,integrated_dynamics.snbt,,,Honeycomb,productivebees:configurable_honeycomb,,명시적 task.title 없이 아이템 hover 사용,
quest,2F37E284BB83BFF6,69299302373C4CBC,integrated_dynamics.snbt,,,렌치,integrateddynamics:wrench,,설명은 있으나 명시적 quest.title 없음,
task,421C2FD01A943D82,69299302373C4CBC,integrated_dynamics.snbt,,,렌치,integrateddynamics:wrench,,명시적 task.title 없이 아이템 hover 사용,
quest,68498ADEF9765F81,69299302373C4CBC,integrated_dynamics.snbt,,,압착기,integrateddynamics:squeezer,,설명은 있으나 명시적 quest.title 없음,
task,44129D0F27FEC1A2,69299302373C4CBC,integrated_dynamics.snbt,,,압착기,integrateddynamics:squeezer,,명시적 task.title 없이 아이템 hover 사용,
quest,62B4A37CFDECA679,69299302373C4CBC,integrated_dynamics.snbt,,,건조대,integrateddynamics:drying_basin,,설명은 있으나 명시적 quest.title 없음,
task,31BA29F5BF4A2558,69299302373C4CBC,integrated_dynamics.snbt,,,건조대,integrateddynamics:drying_basin,,명시적 task.title 없이 아이템 hover 사용,
quest,44DA091B53473723,69299302373C4CBC,integrated_dynamics.snbt,,,기계식 압착기,integrateddynamics:mechanical_squeezer,,설명은 있으나 명시적 quest.title 없음,
task,3DB5746BB13F45CF,69299302373C4CBC,integrated_dynamics.snbt,,,기계식 압착기,integrateddynamics:mechanical_squeezer,,명시적 task.title 없이 아이템 hover 사용,
quest,7413BB136EF9D6C5,69299302373C4CBC,integrated_dynamics.snbt,,,기계식 건조대,integrateddynamics:mechanical_drying_basin,,설명은 있으나 명시적 quest.title 없음,
task,495BA4D861D10BF9,69299302373C4CBC,integrated_dynamics.snbt,,,기계식 건조대,integrateddynamics:mechanical_drying_basin,,명시적 task.title 없이 아이템 hover 사용,
task,6502D0124314BF25,76DF5FAA7961E5E7,iron_spells_and_spellbooks.snbt,,,,minecraft:paper,,명시적 task.title 없이 아이템 hover 사용,
task,6F0B2D8E0F4A8F27,76DF5FAA7961E5E7,iron_spells_and_spellbooks.snbt,,,고대의 서,irons_spellbooks:netherite_spell_book,,명시적 task.title 없이 아이템 hover 사용,
task,7C13F89FE54C5D8D,76DF5FAA7961E5E7,iron_spells_and_spellbooks.snbt,,,올더모듐 주문서,allthewizardgear:allthemodium_spell_book,,명시적 task.title 없이 아이템 hover 사용,
task,6BA92364768B8CD4,76DF5FAA7961E5E7,iron_spells_and_spellbooks.snbt,,,비브라늄 주문서,allthewizardgear:vibranium_spell_book,,명시적 task.title 없이 아이템 hover 사용,
task,7DDFBD15D58978B9,76DF5FAA7961E5E7,iron_spells_and_spellbooks.snbt,,,언옵테늄 주문서,allthewizardgear:unobtainium_spell_book,,명시적 task.title 없이 아이템 hover 사용,
task,6077B2E430D01066,76DF5FAA7961E5E7,iron_spells_and_spellbooks.snbt,,,약한 일기,irons_spellbooks:copper_spell_book,,명시적 task.title 없이 아이템 hover 사용,
task,34EBDAAB54DEC7D7,76DF5FAA7961E5E7,iron_spells_and_spellbooks.snbt,,,철제 책,irons_spellbooks:iron_spell_book,,명시적 task.title 없이 아이템 hover 사용,
task,4A1F6C4CC2624031,76DF5FAA7961E5E7,iron_spells_and_spellbooks.snbt,,,수습생의 주문서,irons_spellbooks:gold_spell_book,,명시적 task.title 없이 아이템 hover 사용,
task,7040BF1C496C2185,76DF5FAA7961E5E7,iron_spells_and_spellbooks.snbt,,,마법이 부여된 주문서,irons_spellbooks:diamond_spell_book,,명시적 task.title 없이 아이템 hover 사용,
task,463614EE1B9E0590,76DF5FAA7961E5E7,iron_spells_and_spellbooks.snbt,,,썩은 주문서,irons_spellbooks:rotten_spell_book,,명시적 task.title 없이 아이템 hover 사용,
task,2C2307F605F18979,76DF5FAA7961E5E7,iron_spells_and_spellbooks.snbt,,,소환사의 마법서,irons_spellbooks:evoker_spell_book,,명시적 task.title 없이 아이템 hover 사용,
task,63FB8946440CCEDB,76DF5FAA7961E5E7,iron_spells_and_spellbooks.snbt,,,네크로노미콘,irons_spellbooks:necronomicon_spell_book,,명시적 task.title 없이 아이템 hover 사용,
task,093FE39726FF986E,76DF5FAA7961E5E7,iron_spells_and_spellbooks.snbt,,,블레이즈 교본,irons_spellbooks:blaze_spell_book,,명시적 task.title 없이 아이템 hover 사용,
task,5F5991AFE9757950,76DF5FAA7961E5E7,iron_spells_and_spellbooks.snbt,,,마을 주민 성서,irons_spellbooks:villager_spell_book,,명시적 task.title 없이 아이템 hover 사용,
task,11E0DAD46E622968,76DF5FAA7961E5E7,iron_spells_and_spellbooks.snbt,,,드루이드 서,irons_spellbooks:druidic_spell_book,,명시적 task.title 없이 아이템 hover 사용,
task,23A37A934A4C83E5,76DF5FAA7961E5E7,iron_spells_and_spellbooks.snbt,,,드래곤 가죽 주문서,irons_spellbooks:dragonskin_spell_book,,명시적 task.title 없이 아이템 hover 사용,
quest,2A787B99A8B0C767,76DF5FAA7961E5E7,iron_spells_and_spellbooks.snbt,,,각인 테이블,irons_spellbooks:inscription_table,,설명은 있으나 명시적 quest.title 없음,
task,6EAC7D1EB04B2686,76DF5FAA7961E5E7,iron_spells_and_spellbooks.snbt,,,각인 테이블,irons_spellbooks:inscription_table,,명시적 task.title 없이 아이템 hover 사용,
quest,551A4916F032ACCF,76DF5FAA7961E5E7,iron_spells_and_spellbooks.snbt,,,신비한 모루,irons_spellbooks:arcane_anvil,,설명은 있으나 명시적 quest.title 없음,
task,7A0BAF69F0AEE0AE,76DF5FAA7961E5E7,iron_spells_and_spellbooks.snbt,,,신비한 모루,irons_spellbooks:arcane_anvil,,명시적 task.title 없이 아이템 hover 사용,
quest,69838E3F12218D68,76DF5FAA7961E5E7,iron_spells_and_spellbooks.snbt,,,두루마리 대장간,irons_spellbooks:scroll_forge,,설명은 있으나 명시적 quest.title 없음,
task,6FC286A3EC91DE9F,76DF5FAA7961E5E7,iron_spells_and_spellbooks.snbt,,,두루마리 대장간,irons_spellbooks:scroll_forge,,명시적 task.title 없이 아이템 hover 사용,
quest,3E8077AB45C79E6A,76DF5FAA7961E5E7,iron_spells_and_spellbooks.snbt,,,연금술사 가마솥,irons_spellbooks:alchemist_cauldron,,설명은 있으나 명시적 quest.title 없음,
task,7DE683FE83AE2C19,76DF5FAA7961E5E7,iron_spells_and_spellbooks.snbt,,,연금술사 가마솥,irons_spellbooks:alchemist_cauldron,,명시적 task.title 없이 아이템 hover 사용,
task,3508E0BECB5DD919,76DF5FAA7961E5E7,iron_spells_and_spellbooks.snbt,,,일반 잉크,irons_spellbooks:common_ink,,명시적 task.title 없이 아이템 hover 사용,
task,718C6E669D17F0C0,76DF5FAA7961E5E7,iron_spells_and_spellbooks.snbt,,,고급 잉크,irons_spellbooks:uncommon_ink,,명시적 task.title 없이 아이템 hover 사용,
task,38691751D6156791,76DF5FAA7961E5E7,iron_spells_and_spellbooks.snbt,,,희귀 잉크,irons_spellbooks:rare_ink,,명시적 task.title 없이 아이템 hover 사용,
task,1C60DB6E320883DF,76DF5FAA7961E5E7,iron_spells_and_spellbooks.snbt,,,영웅 잉크,irons_spellbooks:epic_ink,,명시적 task.title 없이 아이템 hover 사용,
task,4948A54224513853,76DF5FAA7961E5E7,iron_spells_and_spellbooks.snbt,,,전설 잉크,irons_spellbooks:legendary_ink,,명시적 task.title 없이 아이템 hover 사용,
task,0DCF8CD129263225,76DF5FAA7961E5E7,iron_spells_and_spellbooks.snbt,,,번개의 룬,irons_spellbooks:lightning_rune,,명시적 task.title 없이 아이템 hover 사용,
task,3D0E50F79BBFB8E2,76DF5FAA7961E5E7,iron_spells_and_spellbooks.snbt,,,빈 룬석,irons_spellbooks:blank_rune,,명시적 task.title 없이 아이템 hover 사용,
task,659F1A7D0E67F23E,76DF5FAA7961E5E7,iron_spells_and_spellbooks.snbt,,,번개 강화 구슬,irons_spellbooks:lightning_upgrade_orb,,명시적 task.title 없이 아이템 hover 사용,
task,634698E023224876,76DF5FAA7961E5E7,iron_spells_and_spellbooks.snbt,,,화염의 룬,irons_spellbooks:fire_rune,,명시적 task.title 없이 아이템 hover 사용,
task,54D2968A39335B94,76DF5FAA7961E5E7,iron_spells_and_spellbooks.snbt,,,얼음의 룬,irons_spellbooks:ice_rune,,명시적 task.title 없이 아이템 hover 사용,
task,4C392FED43CE3A79,76DF5FAA7961E5E7,iron_spells_and_spellbooks.snbt,,,엔더의 룬,irons_spellbooks:ender_rune,,명시적 task.title 없이 아이템 hover 사용,
task,76FE9CD7C301AD3B,76DF5FAA7961E5E7,iron_spells_and_spellbooks.snbt,,,신성의 룬,irons_spellbooks:holy_rune,,명시적 task.title 없이 아이템 hover 사용,
task,46FE75ED07A456F7,76DF5FAA7961E5E7,iron_spells_and_spellbooks.snbt,,,피의 룬,irons_spellbooks:blood_rune,,명시적 task.title 없이 아이템 hover 사용,
task,79C97582AC678CBF,76DF5FAA7961E5E7,iron_spells_and_spellbooks.snbt,,,소환의 룬,irons_spellbooks:evocation_rune,,명시적 task.title 없이 아이템 hover 사용,
task,638387342D93E886,76DF5FAA7961E5E7,iron_spells_and_spellbooks.snbt,,,자연의 룬,irons_spellbooks:nature_rune,,명시적 task.title 없이 아이템 hover 사용,
task,17BDD679028814A2,76DF5FAA7961E5E7,iron_spells_and_spellbooks.snbt,,,화염 강화 구슬,irons_spellbooks:fire_upgrade_orb,,명시적 task.title 없이 아이템 hover 사용,
task,1363286BCB4D1B2F,76DF5FAA7961E5E7,iron_spells_and_spellbooks.snbt,,,얼음 강화 구슬,irons_spellbooks:ice_upgrade_orb,,명시적 task.title 없이 아이템 hover 사용,
task,739EFE9E68204C8E,76DF5FAA7961E5E7,iron_spells_and_spellbooks.snbt,,,엔더 강화 구슬,irons_spellbooks:ender_upgrade_orb,,명시적 task.title 없이 아이템 hover 사용,
task,5C06B792E65671B7,76DF5FAA7961E5E7,iron_spells_and_spellbooks.snbt,,,신성 강화 구슬,irons_spellbooks:holy_upgrade_orb,,명시적 task.title 없이 아이템 hover 사용,
task,51A955F8266388C0,76DF5FAA7961E5E7,iron_spells_and_spellbooks.snbt,,,피 강화 구슬,irons_spellbooks:blood_upgrade_orb,,명시적 task.title 없이 아이템 hover 사용,
task,445AFFA43D663E2E,76DF5FAA7961E5E7,iron_spells_and_spellbooks.snbt,,,소환 강화 구슬,irons_spellbooks:evocation_upgrade_orb,,명시적 task.title 없이 아이템 hover 사용,
task,2827F04FDE7E2EFF,76DF5FAA7961E5E7,iron_spells_and_spellbooks.snbt,,,자연 강화 구슬,irons_spellbooks:nature_upgrade_orb,,명시적 task.title 없이 아이템 hover 사용,
task,15A5A3E9B5E7408D,76DF5FAA7961E5E7,iron_spells_and_spellbooks.snbt,,,화염술사의 모자,irons_spellbooks:pyromancer_helmet,,명시적 task.title 없이 아이템 hover 사용,
task,16B174CC92560C1D,76DF5FAA7961E5E7,iron_spells_and_spellbooks.snbt,,,화염술사의 로브,irons_spellbooks:pyromancer_chestplate,,명시적 task.title 없이 아이템 hover 사용,
task,773A7DAC74D1129E,76DF5FAA7961E5E7,iron_spells_and_spellbooks.snbt,,,화염술사의 바지,irons_spellbooks:pyromancer_leggings,,명시적 task.title 없이 아이템 hover 사용,
task,3DD0EAF67B234245,76DF5FAA7961E5E7,iron_spells_and_spellbooks.snbt,,,화염술사의 신발,irons_spellbooks:pyromancer_boots,,명시적 task.title 없이 아이템 hover 사용,
task,074C34798C780717,76DF5FAA7961E5E7,iron_spells_and_spellbooks.snbt,,,냉기술사의 후드,irons_spellbooks:cryomancer_helmet,,명시적 task.title 없이 아이템 hover 사용,
task,16E1EA352F3AE603,76DF5FAA7961E5E7,iron_spells_and_spellbooks.snbt,,,냉기술사의 코트,irons_spellbooks:cryomancer_chestplate,,명시적 task.title 없이 아이템 hover 사용,
task,6902B4D88C5D1D9E,76DF5FAA7961E5E7,iron_spells_and_spellbooks.snbt,,,냉기술사의 바지,irons_spellbooks:cryomancer_leggings,,명시적 task.title 없이 아이템 hover 사용,
task,02A8F765C44A7CD6,76DF5FAA7961E5E7,iron_spells_and_spellbooks.snbt,,,냉기술사의 신발,irons_spellbooks:cryomancer_boots,,명시적 task.title 없이 아이템 hover 사용,
task,648C0C5589A1EBF8,76DF5FAA7961E5E7,iron_spells_and_spellbooks.snbt,,,전기술사의 모자,irons_spellbooks:electromancer_helmet,,명시적 task.title 없이 아이템 hover 사용,
task,64556EDCE8DFDC01,76DF5FAA7961E5E7,iron_spells_and_spellbooks.snbt,,,전기술사의 로브,irons_spellbooks:electromancer_chestplate,,명시적 task.title 없이 아이템 hover 사용,
task,17B2E0E42C9E7FD4,76DF5FAA7961E5E7,iron_spells_and_spellbooks.snbt,,,전기술사의 바지,irons_spellbooks:electromancer_leggings,,명시적 task.title 없이 아이템 hover 사용,
task,5E5E043729B00A2F,76DF5FAA7961E5E7,iron_spells_and_spellbooks.snbt,,,전기술사의 신발,irons_spellbooks:electromancer_boots,,명시적 task.title 없이 아이템 hover 사용,
task,45EA8BAA78E35A59,76DF5FAA7961E5E7,iron_spells_and_spellbooks.snbt,,,그림자 행인의 가면,irons_spellbooks:shadowwalker_helmet,,명시적 task.title 없이 아이템 hover 사용,
task,3390FC17DC27AE44,76DF5FAA7961E5E7,iron_spells_and_spellbooks.snbt,,,그림자 행인의 갑옷,irons_spellbooks:shadowwalker_chestplate,,명시적 task.title 없이 아이템 hover 사용,
task,6F42DE6255FA2EC5,76DF5FAA7961E5E7,iron_spells_and_spellbooks.snbt,,,그림자 행인의 바지,irons_spellbooks:shadowwalker_leggings,,명시적 task.title 없이 아이템 hover 사용,
task,79BA11CC61AFF789,76DF5FAA7961E5E7,iron_spells_and_spellbooks.snbt,,,그림자 행인의 신발,irons_spellbooks:shadowwalker_boots,,명시적 task.title 없이 아이템 hover 사용,
task,180047D663C0E520,76DF5FAA7961E5E7,iron_spells_and_spellbooks.snbt,,,사제의 가면,irons_spellbooks:priest_helmet,,명시적 task.title 없이 아이템 hover 사용,
task,7A7FA15862290EB5,76DF5FAA7961E5E7,iron_spells_and_spellbooks.snbt,,,사제의 로브,irons_spellbooks:priest_chestplate,,명시적 task.title 없이 아이템 hover 사용,
task,4666D04D6F72D4EF,76DF5FAA7961E5E7,iron_spells_and_spellbooks.snbt,,,사제의 바지,irons_spellbooks:priest_leggings,,명시적 task.title 없이 아이템 hover 사용,
task,42915369150F71AC,76DF5FAA7961E5E7,iron_spells_and_spellbooks.snbt,,,사제의 신발,irons_spellbooks:priest_boots,,명시적 task.title 없이 아이템 hover 사용,
task,31E9928D9D8E56B1,76DF5FAA7961E5E7,iron_spells_and_spellbooks.snbt,,,이교도의 후드,irons_spellbooks:cultist_helmet,,명시적 task.title 없이 아이템 hover 사용,
task,3B58AA5A37681F95,76DF5FAA7961E5E7,iron_spells_and_spellbooks.snbt,,,이교도의 갑옷,irons_spellbooks:cultist_chestplate,,명시적 task.title 없이 아이템 hover 사용,
task,0DE64C8F5E57D530,76DF5FAA7961E5E7,iron_spells_and_spellbooks.snbt,,,이교도의 바지,irons_spellbooks:cultist_leggings,,명시적 task.title 없이 아이템 hover 사용,
task,51AF0872134A9438,76DF5FAA7961E5E7,iron_spells_and_spellbooks.snbt,,,이교도의 신발,irons_spellbooks:cultist_boots,,명시적 task.title 없이 아이템 hover 사용,
task,4C54C4B0BEA37C43,76DF5FAA7961E5E7,iron_spells_and_spellbooks.snbt,,,고대 소환사의 모자,irons_spellbooks:archevoker_helmet,,명시적 task.title 없이 아이템 hover 사용,
task,103B9A33981DA57E,76DF5FAA7961E5E7,iron_spells_and_spellbooks.snbt,,,고대 소환사의 코트,irons_spellbooks:archevoker_chestplate,,명시적 task.title 없이 아이템 hover 사용,
task,12462F1FBEF40EC7,76DF5FAA7961E5E7,iron_spells_and_spellbooks.snbt,,,고대 소환사의 바지,irons_spellbooks:archevoker_leggings,,명시적 task.title 없이 아이템 hover 사용,
task,6DD1859E412EDD24,76DF5FAA7961E5E7,iron_spells_and_spellbooks.snbt,,,고대 소환사의 신발,irons_spellbooks:archevoker_boots,,명시적 task.title 없이 아이템 hover 사용,
task,5F3591F891E97AE9,76DF5FAA7961E5E7,iron_spells_and_spellbooks.snbt,,,역병 가면,irons_spellbooks:plagued_helmet,,명시적 task.title 없이 아이템 hover 사용,
task,12A9B2F2883A2B64,76DF5FAA7961E5E7,iron_spells_and_spellbooks.snbt,,,역병 코트,irons_spellbooks:plagued_chestplate,,명시적 task.title 없이 아이템 hover 사용,
task,2E4C5DDFBAF2E7F1,76DF5FAA7961E5E7,iron_spells_and_spellbooks.snbt,,,역병 바지,irons_spellbooks:plagued_leggings,,명시적 task.title 없이 아이템 hover 사용,
task,795A76F0EDCF55DD,76DF5FAA7961E5E7,iron_spells_and_spellbooks.snbt,,,역병 신발,irons_spellbooks:plagued_boots,,명시적 task.title 없이 아이템 hover 사용,
task,4E7FDA9DE2071EE5,76DF5FAA7961E5E7,iron_spells_and_spellbooks.snbt,,,신비한 정수,irons_spellbooks:arcane_essence,,명시적 task.title 없이 아이템 hover 사용,
task,45C1F9BF5C0EAE0A,76DF5FAA7961E5E7,iron_spells_and_spellbooks.snbt,,,고대 지식의 조각,irons_spellbooks:ancient_knowledge_fragment,,명시적 task.title 없이 아이템 hover 사용,
task,3D0B1A6B945A87B5,76DF5FAA7961E5E7,iron_spells_and_spellbooks.snbt,,,엘드리치 필사본,irons_spellbooks:eldritch_manuscript,,명시적 task.title 없이 아이템 hover 사용,
quest,2D84DA544D7A24FA,76DF5FAA7961E5E7,iron_spells_and_spellbooks.snbt,,,AllRightsReserved,,,설명은 있으나 명시적 quest.title 없음,
task,76B722B1AE7B6CF2,76DF5FAA7961E5E7,iron_spells_and_spellbooks.snbt,AllRightsReserved,AllRightsReserved,,,,한국어 파일의 영어 task.title,
task,00C6A5CB44392D7E,76DF5FAA7961E5E7,iron_spells_and_spellbooks.snbt,AllRightsReserved,AllRightsReserved,,,,한국어 파일의 영어 task.title,
task,1DDF029E09A8C61D,76DF5FAA7961E5E7,iron_spells_and_spellbooks.snbt,,,흡혈귀의 주문서,irons_spellbooks:cursed_doll_spell_book,,명시적 task.title 없이 아이템 hover 사용,
task,7A2CCC1FC9D50D02,76DF5FAA7961E5E7,iron_spells_and_spellbooks.snbt,,,서리 시린 주문서,irons_spellbooks:ice_spell_book,,명시적 task.title 없이 아이템 hover 사용,
task,455D90D247951B1E,76DF5FAA7961E5E7,iron_spells_and_spellbooks.snbt,,,서리 송곳니,irons_spellbooks:icy_fang,,명시적 task.title 없이 아이템 hover 사용,
task,7D700EA1731B5495,76DF5FAA7961E5E7,iron_spells_and_spellbooks.snbt,,,오래된 플람베르주,irons_spellbooks:keeper_flamberge,,명시적 task.title 없이 아이템 hover 사용,
task,6E188EA46702D3BD,76DF5FAA7961E5E7,iron_spells_and_spellbooks.snbt,,,낡은 대낫,irons_spellbooks:decrepit_scythe,,명시적 task.title 없이 아이템 hover 사용,
task,2CD7B426F220F1C8,76DF5FAA7961E5E7,iron_spells_and_spellbooks.snbt,,,신성한 영혼 파편,irons_spellbooks:divine_soulshard,,명시적 task.title 없이 아이템 hover 사용,
task,5F7FFB16A12B5DF9,76DF5FAA7961E5E7,iron_spells_and_spellbooks.snbt,,,미스릴 원석,irons_spellbooks:raw_mithril,,명시적 task.title 없이 아이템 hover 사용,
task,6D7A6BD863C60517,76DF5FAA7961E5E7,iron_spells_and_spellbooks.snbt,,,,ftbfiltersystem:smart_filter,,명시적 task.title 없이 아이템 hover 사용,
task,399654165D090F19,76DF5FAA7961E5E7,iron_spells_and_spellbooks.snbt,,,무기 부품,irons_spellbooks:weapon_parts,,명시적 task.title 없이 아이템 hover 사용,
task,16EB28E49718C0A1,76DF5FAA7961E5E7,iron_spells_and_spellbooks.snbt,,,자수정 레이피어,irons_spellbooks:amethyst_rapier,,명시적 task.title 없이 아이템 hover 사용,
task,0E63C59F7B958A55,76DF5FAA7961E5E7,iron_spells_and_spellbooks.snbt,,,주문 파괴자,irons_spellbooks:spellbreaker,,명시적 task.title 없이 아이템 hover 사용,
task,788B7A0F7AAE5F06,76DF5FAA7961E5E7,iron_spells_and_spellbooks.snbt,,,북풍의 칼날,irons_spellbooks:boreal_blade,,명시적 task.title 없이 아이템 hover 사용,
task,279DA565E9ADF7B0,76DF5FAA7961E5E7,iron_spells_and_spellbooks.snbt,,,,minecraft:stick,,명시적 task.title 없이 아이템 hover 사용,
task,5B4A13F7D25DB33F,76DF5FAA7961E5E7,iron_spells_and_spellbooks.snbt,,,피의 지팡이,irons_spellbooks:blood_staff,,명시적 task.title 없이 아이템 hover 사용,
task,285E7A33FE846BC2,76DF5FAA7961E5E7,iron_spells_and_spellbooks.snbt,,,회색 수염의 지팡이,irons_spellbooks:graybeard_staff,,명시적 task.title 없이 아이템 hover 사용,
task,11BBA3F4C3A23BC5,76DF5FAA7961E5E7,iron_spells_and_spellbooks.snbt,,,얼음 지팡이,irons_spellbooks:ice_staff,,명시적 task.title 없이 아이템 hover 사용,
task,1C0D59E0A7B0FBBF,76DF5FAA7961E5E7,iron_spells_and_spellbooks.snbt,,,기술자의 지팡이,irons_spellbooks:artificer_cane,,명시적 task.title 없이 아이템 hover 사용,
task,1877EED520176B3E,76DF5FAA7961E5E7,iron_spells_and_spellbooks.snbt,,,번개의 막대기,irons_spellbooks:lightning_rod,,명시적 task.title 없이 아이템 hover 사용,
task,72E37A2B768844B0,76DF5FAA7961E5E7,iron_spells_and_spellbooks.snbt,,,파이리움 지팡이,irons_spellbooks:pyrium_staff,,명시적 task.title 없이 아이템 hover 사용,
task,345F73D8DEB110E2,76DF5FAA7961E5E7,iron_spells_and_spellbooks.snbt,,,신비한 천,irons_spellbooks:magic_cloth,,명시적 task.title 없이 아이템 hover 사용,
task,46D60EFC3A46B9E5,76DF5FAA7961E5E7,iron_spells_and_spellbooks.snbt,,,,ftbfiltersystem:smart_filter,,명시적 task.title 없이 아이템 hover 사용,
task,3C3C72B067AD5E27,76DF5FAA7961E5E7,iron_spells_and_spellbooks.snbt,,,,ftbfiltersystem:smart_filter,,명시적 task.title 없이 아이템 hover 사용,
task,1991A448185D8EE4,76DF5FAA7961E5E7,iron_spells_and_spellbooks.snbt,,,광휘의 흉갑,irons_spellbooks:paladin_chestplate,,명시적 task.title 없이 아이템 hover 사용,
task,2FC04F357631B1DE,76DF5FAA7961E5E7,iron_spells_and_spellbooks.snbt,,,신속의 신발,irons_spellbooks:speed_boots,,명시적 task.title 없이 아이템 hover 사용,
task,27D8ABC106075E00,76DF5FAA7961E5E7,iron_spells_and_spellbooks.snbt,,,,ftbfiltersystem:smart_filter,,명시적 task.title 없이 아이템 hover 사용,
task,00E87FB117FF8EA3,76DF5FAA7961E5E7,iron_spells_and_spellbooks.snbt,,,마법사 사냥꾼,irons_spellbooks:magehunter,,명시적 task.title 없이 아이템 hover 사용,
task,50F57A00EBFEB80F,76DF5FAA7961E5E7,iron_spells_and_spellbooks.snbt,,,잿빛 영혼 호출기,irons_spellbooks:cinderous_soulcaller,,명시적 task.title 없이 아이템 hover 사용,
task,5ED7B6172E011A4F,76DF5FAA7961E5E7,iron_spells_and_spellbooks.snbt,,,파이리움 주괴,irons_spellbooks:pyrium_ingot,,명시적 task.title 없이 아이템 hover 사용,
quest,05D8C6EF8FCD6250,4EAAE0CEB26378A6,justdirethings.snbt,,,Primogel Goo,justdirethings:gooblock_tier1,,설명은 있으나 명시적 quest.title 없음,
task,651DC9A4DB7DF275,4EAAE0CEB26378A6,justdirethings.snbt,,,Primogel Goo,justdirethings:gooblock_tier1,,명시적 task.title 없이 아이템 hover 사용,
quest,4C54BD57CAB8A54B,4EAAE0CEB26378A6,justdirethings.snbt,,,Blazebloom Goo,justdirethings:gooblock_tier2,,설명은 있으나 명시적 quest.title 없음,
task,4972494ED50F259C,4EAAE0CEB26378A6,justdirethings.snbt,,,Blazebloom Goo,justdirethings:gooblock_tier2,,명시적 task.title 없이 아이템 hover 사용,
quest,5C6709350BEF4050,4EAAE0CEB26378A6,justdirethings.snbt,,,VoidShimmer Goo,justdirethings:gooblock_tier3,,설명은 있으나 명시적 quest.title 없음,
task,545C759FFECAA587,4EAAE0CEB26378A6,justdirethings.snbt,,,VoidShimmer Goo,justdirethings:gooblock_tier3,,명시적 task.title 없이 아이템 hover 사용,
quest,25213DBA6E6CEDD2,4EAAE0CEB26378A6,justdirethings.snbt,,,Shadowpulse Goo,justdirethings:gooblock_tier4,,설명은 있으나 명시적 quest.title 없음,
task,03B24A12B8C848D3,4EAAE0CEB26378A6,justdirethings.snbt,,,Shadowpulse Goo,justdirethings:gooblock_tier4,,명시적 task.title 없이 아이템 hover 사용,
task,704DADF476637280,4EAAE0CEB26378A6,justdirethings.snbt,,,Raw Ferricore,justdirethings:raw_ferricore,,명시적 task.title 없이 아이템 hover 사용,
task,11F39A8486604F20,4EAAE0CEB26378A6,justdirethings.snbt,,,Ferricore Ingot,justdirethings:ferricore_ingot,,명시적 task.title 없이 아이템 hover 사용,
task,6E0EEC330FAB46F2,4EAAE0CEB26378A6,justdirethings.snbt,,,Raw Blazegold,justdirethings:raw_blazegold,,명시적 task.title 없이 아이템 hover 사용,
task,08A3A439DEF7EB05,4EAAE0CEB26378A6,justdirethings.snbt,,,Blazegold Ingot,justdirethings:blazegold_ingot,,명시적 task.title 없이 아이템 hover 사용,
quest,60A4994078500F63,4EAAE0CEB26378A6,justdirethings.snbt,,,Celestigem,justdirethings:celestigem,,설명은 있으나 명시적 quest.title 없음,
task,017ADF2CA5FE2F32,4EAAE0CEB26378A6,justdirethings.snbt,,,Celestigem,justdirethings:celestigem,,명시적 task.title 없이 아이템 hover 사용,
quest,4B3F20E5C7E3BCFB,4EAAE0CEB26378A6,justdirethings.snbt,,,Primal Coal,justdirethings:coal_t1,,설명은 있으나 명시적 quest.title 없음,
task,207AB46875440005,4EAAE0CEB26378A6,justdirethings.snbt,,,Primal Coal,justdirethings:coal_t1,,명시적 task.title 없이 아이템 hover 사용,
quest,079A415488A32076,4EAAE0CEB26378A6,justdirethings.snbt,,,Blaze Ember,justdirethings:coal_t2,,설명은 있으나 명시적 quest.title 없음,
task,4BC6311957C8089B,4EAAE0CEB26378A6,justdirethings.snbt,,,Blaze Ember,justdirethings:coal_t2,,명시적 task.title 없이 아이템 hover 사용,
quest,446A37C7FCDACF84,4EAAE0CEB26378A6,justdirethings.snbt,,,Voidflame Coal,justdirethings:coal_t3,,설명은 있으나 명시적 quest.title 없음,
task,38EFFF2F074D962D,4EAAE0CEB26378A6,justdirethings.snbt,,,Voidflame Coal,justdirethings:coal_t3,,명시적 task.title 없이 아이템 hover 사용,
task,31326A26AF72C0BD,4EAAE0CEB26378A6,justdirethings.snbt,,,Raw Eclipse Alloy,justdirethings:raw_eclipsealloy,,명시적 task.title 없이 아이템 hover 사용,
task,4979B8B65C989193,4EAAE0CEB26378A6,justdirethings.snbt,,,Eclipse Alloy Ingot,justdirethings:eclipsealloy_ingot,,명시적 task.title 없이 아이템 hover 사용,
quest,09D2137B4F42006E,4EAAE0CEB26378A6,justdirethings.snbt,,,Eclipse Ember,justdirethings:coal_t4,,설명은 있으나 명시적 quest.title 없음,
task,7E35D7569C48EA3B,4EAAE0CEB26378A6,justdirethings.snbt,,,Eclipse Ember,justdirethings:coal_t4,,명시적 task.title 없이 아이템 hover 사용,
quest,517F0135926B15EE,4EAAE0CEB26378A6,justdirethings.snbt,,,간단한 기계들,,,설명은 있으나 명시적 quest.title 없음,
quest,7D1D2A4E07E98709,4EAAE0CEB26378A6,justdirethings.snbt,,,Simple Block Breaker,justdirethings:blockbreakert1,,설명은 있으나 명시적 quest.title 없음,
task,3BE53BAACCB084BA,4EAAE0CEB26378A6,justdirethings.snbt,,,Simple Block Breaker,justdirethings:blockbreakert1,,명시적 task.title 없이 아이템 hover 사용,
quest,70C404E5685E4E91,4EAAE0CEB26378A6,justdirethings.snbt,,,Simple Block Placer,justdirethings:blockplacert1,,설명은 있으나 명시적 quest.title 없음,
task,41FA9B5A68A60548,4EAAE0CEB26378A6,justdirethings.snbt,,,Simple Block Placer,justdirethings:blockplacert1,,명시적 task.title 없이 아이템 hover 사용,
quest,6737CB17D562B134,4EAAE0CEB26378A6,justdirethings.snbt,,,Simple Clicker,justdirethings:clickert1,,설명은 있으나 명시적 quest.title 없음,
task,056BB07B0A3FDEE5,4EAAE0CEB26378A6,justdirethings.snbt,,,Simple Clicker,justdirethings:clickert1,,명시적 task.title 없이 아이템 hover 사용,
quest,19E678E6EF9539DC,4EAAE0CEB26378A6,justdirethings.snbt,,,Simple Sensor,justdirethings:sensort1,,설명은 있으나 명시적 quest.title 없음,
task,3D8C334394FC07BB,4EAAE0CEB26378A6,justdirethings.snbt,,,Simple Sensor,justdirethings:sensort1,,명시적 task.title 없이 아이템 hover 사용,
quest,1ECFA72CF2BA4B45,4EAAE0CEB26378A6,justdirethings.snbt,,,Simple Dropper,justdirethings:droppert1,,설명은 있으나 명시적 quest.title 없음,
task,2A2EC6B7F24CACE7,4EAAE0CEB26378A6,justdirethings.snbt,,,Simple Dropper,justdirethings:droppert1,,명시적 task.title 없이 아이템 hover 사용,
quest,433117EEA55B6A54,4EAAE0CEB26378A6,justdirethings.snbt,,,Simple Fluid Placer,justdirethings:fluidplacert1,,설명은 있으나 명시적 quest.title 없음,
task,0D4594C7883E6690,4EAAE0CEB26378A6,justdirethings.snbt,,,Simple Fluid Placer,justdirethings:fluidplacert1,,명시적 task.title 없이 아이템 hover 사용,
quest,1B173E7533E1171F,4EAAE0CEB26378A6,justdirethings.snbt,,,Simple Fluid Collector,justdirethings:fluidcollectort1,,설명은 있으나 명시적 quest.title 없음,
task,597274B5D71262A6,4EAAE0CEB26378A6,justdirethings.snbt,,,Simple Fluid Collector,justdirethings:fluidcollectort1,,명시적 task.title 없이 아이템 hover 사용,
quest,4A5937F6E5D06BE1,4EAAE0CEB26378A6,justdirethings.snbt,,,Simple Fuel Generator,justdirethings:generatorfluidt1,,설명은 있으나 명시적 quest.title 없음,
task,39C444CFCFEFAECE,4EAAE0CEB26378A6,justdirethings.snbt,,,Simple Fuel Generator,justdirethings:generatorfluidt1,,명시적 task.title 없이 아이템 hover 사용,
quest,70AD088336748892,4EAAE0CEB26378A6,justdirethings.snbt,,,Simple Coal Generator,justdirethings:generatort1,,설명은 있으나 명시적 quest.title 없음,
task,17E10FEA3B1CEBCD,4EAAE0CEB26378A6,justdirethings.snbt,,,Simple Coal Generator,justdirethings:generatort1,,명시적 task.title 없이 아이템 hover 사용,
quest,3C8C80345D3F5FE8,4EAAE0CEB26378A6,justdirethings.snbt,,,Item Collector,justdirethings:itemcollector,,설명은 있으나 명시적 quest.title 없음,
task,4E5595088FD3113A,4EAAE0CEB26378A6,justdirethings.snbt,,,Item Collector,justdirethings:itemcollector,,명시적 task.title 없이 아이템 hover 사용,
quest,02B0CCD5607FF3B5,4EAAE0CEB26378A6,justdirethings.snbt,,,Player Accessor,justdirethings:playeraccessor,,설명은 있으나 명시적 quest.title 없음,
task,495BB74811417F3C,4EAAE0CEB26378A6,justdirethings.snbt,,,Player Accessor,justdirethings:playeraccessor,,명시적 task.title 없이 아이템 hover 사용,
quest,0B9BBE2A764631BF,4EAAE0CEB26378A6,justdirethings.snbt,,,Simple Swapper,justdirethings:blockswappert1,,설명은 있으나 명시적 quest.title 없음,
task,3EBAAD15852628A5,4EAAE0CEB26378A6,justdirethings.snbt,,,Simple Swapper,justdirethings:blockswappert1,,명시적 task.title 없이 아이템 hover 사용,
quest,6F709652A2B88C78,4EAAE0CEB26378A6,justdirethings.snbt,,,Energy Transmitter,justdirethings:energytransmitter,,설명은 있으나 명시적 quest.title 없음,
task,6C7B9AB627B7DB95,4EAAE0CEB26378A6,justdirethings.snbt,,,Energy Transmitter,justdirethings:energytransmitter,,명시적 task.title 없이 아이템 hover 사용,
quest,5F5120451BA5B2FE,4EAAE0CEB26378A6,justdirethings.snbt,,,고급 기계들,,,설명은 있으나 명시적 quest.title 없음,
task,2E8D6F39F3A8886B,4EAAE0CEB26378A6,justdirethings.snbt,,,Advanced Block Breaker,justdirethings:blockbreakert2,,명시적 task.title 없이 아이템 hover 사용,
task,36D2F85B87FED943,4EAAE0CEB26378A6,justdirethings.snbt,,,Advanced Block Placer,justdirethings:blockplacert2,,명시적 task.title 없이 아이템 hover 사용,
task,2DC737EFEA809E8D,4EAAE0CEB26378A6,justdirethings.snbt,,,Advanced Clicker,justdirethings:clickert2,,명시적 task.title 없이 아이템 hover 사용,
task,2370DCD7C43FAD7F,4EAAE0CEB26378A6,justdirethings.snbt,,,Advanced Sensor,justdirethings:sensort2,,명시적 task.title 없이 아이템 hover 사용,
task,4B9DD6D9E83388F7,4EAAE0CEB26378A6,justdirethings.snbt,,,Advanced Dropper,justdirethings:droppert2,,명시적 task.title 없이 아이템 hover 사용,
task,43FA05CE6D008844,4EAAE0CEB26378A6,justdirethings.snbt,,,Advanced Fluid Placer,justdirethings:fluidplacert2,,명시적 task.title 없이 아이템 hover 사용,
task,034CE99EA8307EA9,4EAAE0CEB26378A6,justdirethings.snbt,,,Advanced Fluid Collector,justdirethings:fluidcollectort2,,명시적 task.title 없이 아이템 hover 사용,
task,018FD24569552347,4EAAE0CEB26378A6,justdirethings.snbt,,,Advanced Swapper,justdirethings:blockswappert2,,명시적 task.title 없이 아이템 hover 사용,
quest,7AEFF81E7C8CF300,4EAAE0CEB26378A6,justdirethings.snbt,,,도구,,,설명은 있으나 명시적 quest.title 없음,
quest,3971FF7D044D1FE5,4EAAE0CEB26378A6,justdirethings.snbt,,,갑옷,,,설명은 있으나 명시적 quest.title 없음,
quest,46E6B1600AA8A61E,4EAAE0CEB26378A6,justdirethings.snbt,,,Blazegold Sword,justdirethings:blazegold_sword,,설명은 있으나 명시적 quest.title 없음,
task,1D2D3E961EDB5A00,4EAAE0CEB26378A6,justdirethings.snbt,,,Blazegold Sword,justdirethings:blazegold_sword,,명시적 task.title 없이 아이템 hover 사용,
quest,4E03AE15BEF86178,4EAAE0CEB26378A6,justdirethings.snbt,,,Celestigem Sword,justdirethings:celestigem_sword,,설명은 있으나 명시적 quest.title 없음,
task,60507CC14727FFAD,4EAAE0CEB26378A6,justdirethings.snbt,,,Celestigem Sword,justdirethings:celestigem_sword,,명시적 task.title 없이 아이템 hover 사용,
quest,37B903620493A354,4EAAE0CEB26378A6,justdirethings.snbt,,,Eclipse Alloy Sword,justdirethings:eclipsealloy_sword,,설명은 있으나 명시적 quest.title 없음,
task,2844017223191656,4EAAE0CEB26378A6,justdirethings.snbt,,,Eclipse Alloy Sword,justdirethings:eclipsealloy_sword,,명시적 task.title 없이 아이템 hover 사용,
quest,2F86FB9E4D49E4B0,4EAAE0CEB26378A6,justdirethings.snbt,,,Ferricore Sword,justdirethings:ferricore_sword,,설명은 있으나 명시적 quest.title 없음,
task,2609202C712EAF5C,4EAAE0CEB26378A6,justdirethings.snbt,,,Ferricore Sword,justdirethings:ferricore_sword,,명시적 task.title 없이 아이템 hover 사용,
quest,5BBE8B30ED7518B8,4EAAE0CEB26378A6,justdirethings.snbt,,,Ferricore Pickaxe,justdirethings:ferricore_pickaxe,,설명은 있으나 명시적 quest.title 없음,
task,38C752707D4F5884,4EAAE0CEB26378A6,justdirethings.snbt,,,Ferricore Pickaxe,justdirethings:ferricore_pickaxe,,명시적 task.title 없이 아이템 hover 사용,
quest,5054977BD5354561,4EAAE0CEB26378A6,justdirethings.snbt,,,Ferricore Axe,justdirethings:ferricore_axe,,설명은 있으나 명시적 quest.title 없음,
task,423BF84A808DB57E,4EAAE0CEB26378A6,justdirethings.snbt,,,Ferricore Axe,justdirethings:ferricore_axe,,명시적 task.title 없이 아이템 hover 사용,
quest,19E6757F04098A0C,4EAAE0CEB26378A6,justdirethings.snbt,,,Ferricore Shovel,justdirethings:ferricore_shovel,,설명은 있으나 명시적 quest.title 없음,
task,508567F2DBDB30D6,4EAAE0CEB26378A6,justdirethings.snbt,,,Ferricore Shovel,justdirethings:ferricore_shovel,,명시적 task.title 없이 아이템 hover 사용,
quest,4773421DC70009AB,4EAAE0CEB26378A6,justdirethings.snbt,,,Ferricore Hoe,justdirethings:ferricore_hoe,,설명은 있으나 명시적 quest.title 없음,
task,54BA674BC1AFDF65,4EAAE0CEB26378A6,justdirethings.snbt,,,Ferricore Hoe,justdirethings:ferricore_hoe,,명시적 task.title 없이 아이템 hover 사용,
quest,199388A311FAC14C,4EAAE0CEB26378A6,justdirethings.snbt,,,Blazegold Pickaxe,justdirethings:blazegold_pickaxe,,설명은 있으나 명시적 quest.title 없음,
task,789C5418734B6D34,4EAAE0CEB26378A6,justdirethings.snbt,,,Blazegold Pickaxe,justdirethings:blazegold_pickaxe,,명시적 task.title 없이 아이템 hover 사용,
quest,21147C8CBF98AEB4,4EAAE0CEB26378A6,justdirethings.snbt,,,Blazegold Axe,justdirethings:blazegold_axe,,설명은 있으나 명시적 quest.title 없음,
task,3481F6B964E8F923,4EAAE0CEB26378A6,justdirethings.snbt,,,Blazegold Axe,justdirethings:blazegold_axe,,명시적 task.title 없이 아이템 hover 사용,
quest,1DAA5DD81EF96469,4EAAE0CEB26378A6,justdirethings.snbt,,,Blazegold Shovel,justdirethings:blazegold_shovel,,설명은 있으나 명시적 quest.title 없음,
task,29C04D03828EFCA2,4EAAE0CEB26378A6,justdirethings.snbt,,,Blazegold Shovel,justdirethings:blazegold_shovel,,명시적 task.title 없이 아이템 hover 사용,
quest,52EC86E03EB50525,4EAAE0CEB26378A6,justdirethings.snbt,,,Blazegold Hoe,justdirethings:blazegold_hoe,,설명은 있으나 명시적 quest.title 없음,
task,46FB937B671DFB4A,4EAAE0CEB26378A6,justdirethings.snbt,,,Blazegold Hoe,justdirethings:blazegold_hoe,,명시적 task.title 없이 아이템 hover 사용,
quest,6FD4C60B547F4131,4EAAE0CEB26378A6,justdirethings.snbt,,,Celestigem Pickaxe,justdirethings:celestigem_pickaxe,,설명은 있으나 명시적 quest.title 없음,
task,291FA26B809576BF,4EAAE0CEB26378A6,justdirethings.snbt,,,Celestigem Pickaxe,justdirethings:celestigem_pickaxe,,명시적 task.title 없이 아이템 hover 사용,
quest,2B1BAEC5DAAF9DAC,4EAAE0CEB26378A6,justdirethings.snbt,,,Celestigem Axe,justdirethings:celestigem_axe,,설명은 있으나 명시적 quest.title 없음,
task,434E6170F58CA269,4EAAE0CEB26378A6,justdirethings.snbt,,,Celestigem Axe,justdirethings:celestigem_axe,,명시적 task.title 없이 아이템 hover 사용,
quest,0C1D55AA9CC902BD,4EAAE0CEB26378A6,justdirethings.snbt,,,Celestigem Shovel,justdirethings:celestigem_shovel,,설명은 있으나 명시적 quest.title 없음,
task,6D401CF13856ECB8,4EAAE0CEB26378A6,justdirethings.snbt,,,Celestigem Shovel,justdirethings:celestigem_shovel,,명시적 task.title 없이 아이템 hover 사용,
quest,237D11FF5B09BA88,4EAAE0CEB26378A6,justdirethings.snbt,,,Celestigem Hoe,justdirethings:celestigem_hoe,,설명은 있으나 명시적 quest.title 없음,
task,4B52727E5969E7D3,4EAAE0CEB26378A6,justdirethings.snbt,,,Celestigem Hoe,justdirethings:celestigem_hoe,,명시적 task.title 없이 아이템 hover 사용,
quest,0272E58516A0C284,4EAAE0CEB26378A6,justdirethings.snbt,,,Celestigem Paxel,justdirethings:celestigem_paxel,,설명은 있으나 명시적 quest.title 없음,
task,0AB5CDC82DBFEE6C,4EAAE0CEB26378A6,justdirethings.snbt,,,Celestigem Paxel,justdirethings:celestigem_paxel,,명시적 task.title 없이 아이템 hover 사용,
quest,0C9DD8E53A1B92C0,4EAAE0CEB26378A6,justdirethings.snbt,,,Eclipse Alloy Pickaxe,justdirethings:eclipsealloy_pickaxe,,설명은 있으나 명시적 quest.title 없음,
task,290F68BD0DB3E380,4EAAE0CEB26378A6,justdirethings.snbt,,,Eclipse Alloy Pickaxe,justdirethings:eclipsealloy_pickaxe,,명시적 task.title 없이 아이템 hover 사용,
quest,78840993C7832E89,4EAAE0CEB26378A6,justdirethings.snbt,,,Eclipse Alloy Axe,justdirethings:eclipsealloy_axe,,설명은 있으나 명시적 quest.title 없음,
task,540332C1693C6FE9,4EAAE0CEB26378A6,justdirethings.snbt,,,Eclipse Alloy Axe,justdirethings:eclipsealloy_axe,,명시적 task.title 없이 아이템 hover 사용,
quest,703BDCDC88DD813C,4EAAE0CEB26378A6,justdirethings.snbt,,,Eclipse Alloy Shovel,justdirethings:eclipsealloy_shovel,,설명은 있으나 명시적 quest.title 없음,
task,56B2CF2ED885C640,4EAAE0CEB26378A6,justdirethings.snbt,,,Eclipse Alloy Shovel,justdirethings:eclipsealloy_shovel,,명시적 task.title 없이 아이템 hover 사용,
quest,3138B83ABC2930F9,4EAAE0CEB26378A6,justdirethings.snbt,,,Eclipse Alloy Hoe,justdirethings:eclipsealloy_hoe,,설명은 있으나 명시적 quest.title 없음,
task,4437C1068189D3E1,4EAAE0CEB26378A6,justdirethings.snbt,,,Eclipse Alloy Hoe,justdirethings:eclipsealloy_hoe,,명시적 task.title 없이 아이템 hover 사용,
quest,6A4D31194C4CE156,4EAAE0CEB26378A6,justdirethings.snbt,,,Eclipse Alloy Paxel,justdirethings:eclipsealloy_paxel,,설명은 있으나 명시적 quest.title 없음,
task,24892A06DEB320BF,4EAAE0CEB26378A6,justdirethings.snbt,,,Eclipse Alloy Paxel,justdirethings:eclipsealloy_paxel,,명시적 task.title 없이 아이템 hover 사용,
quest,24BA4B4EED0A9DBD,4EAAE0CEB26378A6,justdirethings.snbt,,,Ferricore Helmet,justdirethings:ferricore_helmet,,설명은 있으나 명시적 quest.title 없음,
task,4B25308109FDFFE1,4EAAE0CEB26378A6,justdirethings.snbt,,,Ferricore Helmet,justdirethings:ferricore_helmet,,명시적 task.title 없이 아이템 hover 사용,
quest,7464CA1290B3474B,4EAAE0CEB26378A6,justdirethings.snbt,,,Ferricore Chestplate,justdirethings:ferricore_chestplate,,설명은 있으나 명시적 quest.title 없음,
task,722B1ED84A457A72,4EAAE0CEB26378A6,justdirethings.snbt,,,Ferricore Chestplate,justdirethings:ferricore_chestplate,,명시적 task.title 없이 아이템 hover 사용,
quest,04A1D582003A0D9A,4EAAE0CEB26378A6,justdirethings.snbt,,,Ferricore Leggings,justdirethings:ferricore_leggings,,설명은 있으나 명시적 quest.title 없음,
task,7E6A852421CF3D97,4EAAE0CEB26378A6,justdirethings.snbt,,,Ferricore Leggings,justdirethings:ferricore_leggings,,명시적 task.title 없이 아이템 hover 사용,
quest,454CA1F8CC198D9D,4EAAE0CEB26378A6,justdirethings.snbt,,,Ferricore Boots,justdirethings:ferricore_boots,,설명은 있으나 명시적 quest.title 없음,
task,3A6F72734ABEE573,4EAAE0CEB26378A6,justdirethings.snbt,,,Ferricore Boots,justdirethings:ferricore_boots,,명시적 task.title 없이 아이템 hover 사용,
quest,03ED9B0DFE8B4574,4EAAE0CEB26378A6,justdirethings.snbt,,,Blazegold Helmet,justdirethings:blazegold_helmet,,설명은 있으나 명시적 quest.title 없음,
task,73B27E7B4651522E,4EAAE0CEB26378A6,justdirethings.snbt,,,Blazegold Helmet,justdirethings:blazegold_helmet,,명시적 task.title 없이 아이템 hover 사용,
quest,1CBA0D7DA0558EBC,4EAAE0CEB26378A6,justdirethings.snbt,,,Blazegold Chestplate,justdirethings:blazegold_chestplate,,설명은 있으나 명시적 quest.title 없음,
task,0629FCC591F6D27E,4EAAE0CEB26378A6,justdirethings.snbt,,,Blazegold Chestplate,justdirethings:blazegold_chestplate,,명시적 task.title 없이 아이템 hover 사용,
quest,5A38E9F68570F7F3,4EAAE0CEB26378A6,justdirethings.snbt,,,Blazegold Leggings,justdirethings:blazegold_leggings,,설명은 있으나 명시적 quest.title 없음,
task,14A522669127579D,4EAAE0CEB26378A6,justdirethings.snbt,,,Blazegold Leggings,justdirethings:blazegold_leggings,,명시적 task.title 없이 아이템 hover 사용,
quest,176A1CC43467EF23,4EAAE0CEB26378A6,justdirethings.snbt,,,Blazegold Boots,justdirethings:blazegold_boots,,설명은 있으나 명시적 quest.title 없음,
task,726522BB42D2B401,4EAAE0CEB26378A6,justdirethings.snbt,,,Blazegold Boots,justdirethings:blazegold_boots,,명시적 task.title 없이 아이템 hover 사용,
quest,71441DFA05FD73E5,4EAAE0CEB26378A6,justdirethings.snbt,,,Celestigem Helmet,justdirethings:celestigem_helmet,,설명은 있으나 명시적 quest.title 없음,
task,73A6EF9CD383C6D3,4EAAE0CEB26378A6,justdirethings.snbt,,,Celestigem Helmet,justdirethings:celestigem_helmet,,명시적 task.title 없이 아이템 hover 사용,
quest,4B1E4FC4599DB916,4EAAE0CEB26378A6,justdirethings.snbt,,,Celestigem Chestplate,justdirethings:celestigem_chestplate,,설명은 있으나 명시적 quest.title 없음,
task,6D5D43230DBA078E,4EAAE0CEB26378A6,justdirethings.snbt,,,Celestigem Chestplate,justdirethings:celestigem_chestplate,,명시적 task.title 없이 아이템 hover 사용,
quest,3BF32843DE3CF3C2,4EAAE0CEB26378A6,justdirethings.snbt,,,Celestigem Leggings,justdirethings:celestigem_leggings,,설명은 있으나 명시적 quest.title 없음,
task,2DACFDCE157BC84A,4EAAE0CEB26378A6,justdirethings.snbt,,,Celestigem Leggings,justdirethings:celestigem_leggings,,명시적 task.title 없이 아이템 hover 사용,
quest,1FE7C52491E7499B,4EAAE0CEB26378A6,justdirethings.snbt,,,Celestigem Boots,justdirethings:celestigem_boots,,설명은 있으나 명시적 quest.title 없음,
task,1C7A9EFD88FC36FC,4EAAE0CEB26378A6,justdirethings.snbt,,,Celestigem Boots,justdirethings:celestigem_boots,,명시적 task.title 없이 아이템 hover 사용,
quest,242F74010488F261,4EAAE0CEB26378A6,justdirethings.snbt,,,Fuel Canister,justdirethings:fuel_canister,,설명은 있으나 명시적 quest.title 없음,
task,234769106348E05E,4EAAE0CEB26378A6,justdirethings.snbt,,,Fuel Canister,justdirethings:fuel_canister,,명시적 task.title 없이 아이템 hover 사용,
quest,40C5C355B6DA1893,4EAAE0CEB26378A6,justdirethings.snbt,,,Pocket Generator,justdirethings:pocket_generator,,설명은 있으나 명시적 quest.title 없음,
task,52605219899B1CFD,4EAAE0CEB26378A6,justdirethings.snbt,,,Pocket Generator,justdirethings:pocket_generator,,명시적 task.title 없이 아이템 hover 사용,
quest,200ECDC70E97D254,4EAAE0CEB26378A6,justdirethings.snbt,,,Fluid Canister,justdirethings:fluid_canister,,설명은 있으나 명시적 quest.title 없음,
task,4996B379F8CBC8BD,4EAAE0CEB26378A6,justdirethings.snbt,,,Fluid Canister,justdirethings:fluid_canister,,명시적 task.title 없이 아이템 hover 사용,
quest,5D4E51471F3939E0,4EAAE0CEB26378A6,justdirethings.snbt,,,Blazejet Wand,justdirethings:blazejet_wand,,설명은 있으나 명시적 quest.title 없음,
task,17A8608FC17DC49E,4EAAE0CEB26378A6,justdirethings.snbt,,,Blazejet Wand,justdirethings:blazejet_wand,,명시적 task.title 없이 아이템 hover 사용,
quest,5B910F1389C0B915,4EAAE0CEB26378A6,justdirethings.snbt,,,Voidshift Wand,justdirethings:voidshift_wand,,설명은 있으나 명시적 quest.title 없음,
task,6102EE3FCDFEAD23,4EAAE0CEB26378A6,justdirethings.snbt,,,Voidshift Wand,justdirethings:voidshift_wand,,명시적 task.title 없이 아이템 hover 사용,
quest,5B02719C13B1FFE2,4EAAE0CEB26378A6,justdirethings.snbt,,,Eclipsegate Wand,justdirethings:eclipsegate_wand,,설명은 있으나 명시적 quest.title 없음,
task,74FC0BBA29946736,4EAAE0CEB26378A6,justdirethings.snbt,,,Eclipsegate Wand,justdirethings:eclipsegate_wand,,명시적 task.title 없이 아이템 hover 사용,
quest,16E02F671FBE9148,4EAAE0CEB26378A6,justdirethings.snbt,,,Portal Gun,justdirethings:portalgun,,설명은 있으나 명시적 quest.title 없음,
task,2129154436D91D98,4EAAE0CEB26378A6,justdirethings.snbt,,,Portal Gun,justdirethings:portalgun,,명시적 task.title 없이 아이템 hover 사용,
quest,4F9932477EDDCB8E,4EAAE0CEB26378A6,justdirethings.snbt,,,Advanced Portal Gun,justdirethings:portalgun_v2,,설명은 있으나 명시적 quest.title 없음,
task,2F15CA6BB86E03C6,4EAAE0CEB26378A6,justdirethings.snbt,,,Advanced Portal Gun,justdirethings:portalgun_v2,,명시적 task.title 없이 아이템 hover 사용,
quest,53F9E5CE7EE6F852,4EAAE0CEB26378A6,justdirethings.snbt,,,Creature Catcher,justdirethings:creaturecatcher,,설명은 있으나 명시적 quest.title 없음,
task,4DBB5EA973910BE0,4EAAE0CEB26378A6,justdirethings.snbt,,,Creature Catcher,justdirethings:creaturecatcher,,명시적 task.title 없이 아이템 hover 사용,
quest,0B485DB737A036E9,4EAAE0CEB26378A6,justdirethings.snbt,,,Machine Settings Copier,justdirethings:machinesettingscopier,,설명은 있으나 명시적 quest.title 없음,
task,0EE32EFE0C09814C,4EAAE0CEB26378A6,justdirethings.snbt,,,Machine Settings Copier,justdirethings:machinesettingscopier,,명시적 task.title 없이 아이템 hover 사용,
quest,45A25221F54A1DEC,4EAAE0CEB26378A6,justdirethings.snbt,,,Ferricore Wrench,justdirethings:ferricore_wrench,,설명은 있으나 명시적 quest.title 없음,
task,03F18A031C48A565,4EAAE0CEB26378A6,justdirethings.snbt,,,Ferricore Wrench,justdirethings:ferricore_wrench,,명시적 task.title 없이 아이템 hover 사용,
quest,27FD46A8C958D259,4EAAE0CEB26378A6,justdirethings.snbt,,,Totem of Death Recall,justdirethings:totem_of_death_recall,,설명은 있으나 명시적 quest.title 없음,
task,4044F44EA9E71112,4EAAE0CEB26378A6,justdirethings.snbt,,,Totem of Death Recall,justdirethings:totem_of_death_recall,,명시적 task.title 없이 아이템 hover 사용,
quest,4458F8829800A950,4EAAE0CEB26378A6,justdirethings.snbt,,,Polymorphic Fluid Bucket,justdirethings:polymorphic_fluid_bucket,,설명은 있으나 명시적 quest.title 없음,
task,1502F3E64AC643DB,4EAAE0CEB26378A6,justdirethings.snbt,,,Polymorphic Fluid Bucket,justdirethings:polymorphic_fluid_bucket,,명시적 task.title 없이 아이템 hover 사용,
quest,3D9964CB0440DD5A,4EAAE0CEB26378A6,justdirethings.snbt,,,Blaze Ember Fuel Bucket,justdirethings:refined_t2_fluid_bucket,,설명은 있으나 명시적 quest.title 없음,
task,6E295AB0A4CF6EE2,4EAAE0CEB26378A6,justdirethings.snbt,,,Blaze Ember Fuel Bucket,justdirethings:refined_t2_fluid_bucket,,명시적 task.title 없이 아이템 hover 사용,
quest,70BF85E2D235BAD5,4EAAE0CEB26378A6,justdirethings.snbt,,,Voidflame Fuel Bucket,justdirethings:refined_t3_fluid_bucket,,설명은 있으나 명시적 quest.title 없음,
task,2833B8597A859D15,4EAAE0CEB26378A6,justdirethings.snbt,,,Voidflame Fuel Bucket,justdirethings:refined_t3_fluid_bucket,,명시적 task.title 없이 아이템 hover 사용,
quest,49EF8A4346AEF582,4EAAE0CEB26378A6,justdirethings.snbt,,,Eclipse Ember Fuel Bucket,justdirethings:refined_t4_fluid_bucket,,설명은 있으나 명시적 quest.title 없음,
task,2CC447562204AC9C,4EAAE0CEB26378A6,justdirethings.snbt,,,Eclipse Ember Fuel Bucket,justdirethings:refined_t4_fluid_bucket,,명시적 task.title 없이 아이템 hover 사용,
quest,0FAF274ADA65B26A,4EAAE0CEB26378A6,justdirethings.snbt,,,Portal Fluid Bucket,justdirethings:portal_fluid_bucket,,설명은 있으나 명시적 quest.title 없음,
task,3CA0348B04CE4AD5,4EAAE0CEB26378A6,justdirethings.snbt,,,Portal Fluid Bucket,justdirethings:portal_fluid_bucket,,명시적 task.title 없이 아이템 hover 사용,
quest,5A1AB1AD7DEFDD9A,4EAAE0CEB26378A6,justdirethings.snbt,,,Eclipse Alloy Chestplate,justdirethings:eclipsealloy_chestplate,,설명은 있으나 명시적 quest.title 없음,
task,4C4E0486F453DC53,4EAAE0CEB26378A6,justdirethings.snbt,,,Eclipse Alloy Chestplate,justdirethings:eclipsealloy_chestplate,,명시적 task.title 없이 아이템 hover 사용,
quest,0A02DBE226C3F44E,4EAAE0CEB26378A6,justdirethings.snbt,,,Eclipse Alloy Helmet,justdirethings:eclipsealloy_helmet,,설명은 있으나 명시적 quest.title 없음,
task,4773EC988BE99601,4EAAE0CEB26378A6,justdirethings.snbt,,,Eclipse Alloy Helmet,justdirethings:eclipsealloy_helmet,,명시적 task.title 없이 아이템 hover 사용,
quest,2A919F73CB09CF8B,4EAAE0CEB26378A6,justdirethings.snbt,,,Eclipse Alloy Leggings,justdirethings:eclipsealloy_leggings,,설명은 있으나 명시적 quest.title 없음,
task,2003919AD02BB4A4,4EAAE0CEB26378A6,justdirethings.snbt,,,Eclipse Alloy Leggings,justdirethings:eclipsealloy_leggings,,명시적 task.title 없이 아이템 hover 사용,
quest,1FFA1DA6A5EA4E70,4EAAE0CEB26378A6,justdirethings.snbt,,,Eclipse Alloy Boots,justdirethings:eclipsealloy_boots,,설명은 있으나 명시적 quest.title 없음,
task,5CB9285689A626B3,4EAAE0CEB26378A6,justdirethings.snbt,,,Eclipse Alloy Boots,justdirethings:eclipsealloy_boots,,명시적 task.title 없이 아이템 hover 사용,
quest,7305EE0F7D73C231,4EAAE0CEB26378A6,justdirethings.snbt,,,Upgrade: Blank,justdirethings:upgrade_blank,,설명은 있으나 명시적 quest.title 없음,
task,1D0EE01F4B4DABA1,4EAAE0CEB26378A6,justdirethings.snbt,,,Upgrade: Blank,justdirethings:upgrade_blank,,명시적 task.title 없이 아이템 hover 사용,
quest,17C4F6EC1AFBC3AA,4EAAE0CEB26378A6,justdirethings.snbt,,,Upgrade: Mob Scanner,justdirethings:upgrade_mobscanner,,설명은 있으나 명시적 quest.title 없음,
task,187181F246E07722,4EAAE0CEB26378A6,justdirethings.snbt,,,Upgrade: Mob Scanner,justdirethings:upgrade_mobscanner,,명시적 task.title 없이 아이템 hover 사용,
quest,2A01CE9206DD4F8A,4EAAE0CEB26378A6,justdirethings.snbt,,,Upgrade: Ore Miner,justdirethings:upgrade_oreminer,,설명은 있으나 명시적 quest.title 없음,
task,3EF19C67AF80BD25,4EAAE0CEB26378A6,justdirethings.snbt,,,Upgrade: Ore Miner,justdirethings:upgrade_oreminer,,명시적 task.title 없이 아이템 hover 사용,
quest,07655CA904354E9E,4EAAE0CEB26378A6,justdirethings.snbt,,,Upgrade: Lawnmower,justdirethings:upgrade_lawnmower,,설명은 있으나 명시적 quest.title 없음,
task,00A188C656440F9E,4EAAE0CEB26378A6,justdirethings.snbt,,,Upgrade: Lawnmower,justdirethings:upgrade_lawnmower,,명시적 task.title 없이 아이템 hover 사용,
quest,46EE2F9818F8D1D9,4EAAE0CEB26378A6,justdirethings.snbt,,,Upgrade: Skysweeper,justdirethings:upgrade_skysweeper,,설명은 있으나 명시적 quest.title 없음,
task,40A23819902F30F2,4EAAE0CEB26378A6,justdirethings.snbt,,,Upgrade: Skysweeper,justdirethings:upgrade_skysweeper,,명시적 task.title 없이 아이템 hover 사용,
quest,4D98D2123BD5BFB3,4EAAE0CEB26378A6,justdirethings.snbt,,,Upgrade: Treefeller,justdirethings:upgrade_treefeller,,설명은 있으나 명시적 quest.title 없음,
task,14A4C22C454CCD4F,4EAAE0CEB26378A6,justdirethings.snbt,,,Upgrade: Treefeller,justdirethings:upgrade_treefeller,,명시적 task.title 없이 아이템 hover 사용,
quest,0E3FDD8BB6D17A30,4EAAE0CEB26378A6,justdirethings.snbt,,,Upgrade: Leafbreaker,justdirethings:upgrade_leafbreaker,,설명은 있으나 명시적 quest.title 없음,
task,5B5B9433D1FB24DF,4EAAE0CEB26378A6,justdirethings.snbt,,,Upgrade: Leafbreaker,justdirethings:upgrade_leafbreaker,,명시적 task.title 없이 아이템 hover 사용,
quest,171DB70D0D19A942,4EAAE0CEB26378A6,justdirethings.snbt,,,Upgrade: Smelter,justdirethings:upgrade_smelter,,설명은 있으나 명시적 quest.title 없음,
task,5023EB31D345C678,4EAAE0CEB26378A6,justdirethings.snbt,,,Upgrade: Smelter,justdirethings:upgrade_smelter,,명시적 task.title 없이 아이템 hover 사용,
quest,61213012615619C5,4EAAE0CEB26378A6,justdirethings.snbt,,,Upgrade: Smoker,justdirethings:upgrade_smoker,,설명은 있으나 명시적 quest.title 없음,
task,5FC4BFD6F6FA15DC,4EAAE0CEB26378A6,justdirethings.snbt,,,Upgrade: Smoker,justdirethings:upgrade_smoker,,명시적 task.title 없이 아이템 hover 사용,
quest,6690AEE064DC2A7C,4EAAE0CEB26378A6,justdirethings.snbt,,,Upgrade: Hammer,justdirethings:upgrade_hammer,,설명은 있으나 명시적 quest.title 없음,
task,491863197D4587C5,4EAAE0CEB26378A6,justdirethings.snbt,,,Upgrade: Hammer,justdirethings:upgrade_hammer,,명시적 task.title 없이 아이템 hover 사용,
quest,2875FACD3BFB0A8E,4EAAE0CEB26378A6,justdirethings.snbt,,,Upgrade: Cauterize Wounds,justdirethings:upgrade_cauterizewounds,,설명은 있으나 명시적 quest.title 없음,
task,0DCE35DC9A2B2206,4EAAE0CEB26378A6,justdirethings.snbt,,,Upgrade: Cauterize Wounds,justdirethings:upgrade_cauterizewounds,,명시적 task.title 없이 아이템 hover 사용,
quest,636854555AD75DC3,4EAAE0CEB26378A6,justdirethings.snbt,,,Upgrade: Drops Teleport,justdirethings:upgrade_dropteleport,,설명은 있으나 명시적 quest.title 없음,
task,6F72D0F86E7C70B4,4EAAE0CEB26378A6,justdirethings.snbt,,,Upgrade: Drops Teleport,justdirethings:upgrade_dropteleport,,명시적 task.title 없이 아이템 hover 사용,
quest,18032636A60D0B2C,4EAAE0CEB26378A6,justdirethings.snbt,,,Upgrade: Ore X-Ray,justdirethings:upgrade_orexray,,설명은 있으나 명시적 quest.title 없음,
task,69C95906EDD700CC,4EAAE0CEB26378A6,justdirethings.snbt,,,Upgrade: Ore X-Ray,justdirethings:upgrade_orexray,,명시적 task.title 없이 아이템 hover 사용,
quest,283D7E65F2AD45F2,4EAAE0CEB26378A6,justdirethings.snbt,,,Upgrade: Mob X-Ray,justdirethings:upgrade_glowing,,설명은 있으나 명시적 quest.title 없음,
task,61A0EB645F7DF7A6,4EAAE0CEB26378A6,justdirethings.snbt,,,Upgrade: Mob X-Ray,justdirethings:upgrade_glowing,,명시적 task.title 없이 아이템 hover 사용,
quest,45D683D7F1A32B04,4EAAE0CEB26378A6,justdirethings.snbt,,,Upgrade: Instant Break,justdirethings:upgrade_instabreak,,설명은 있으나 명시적 quest.title 없음,
task,7FAD483E476C88CD,4EAAE0CEB26378A6,justdirethings.snbt,,,Upgrade: Instant Break,justdirethings:upgrade_instabreak,,명시적 task.title 없이 아이템 hover 사용,
quest,3B3E3D81843BB358,4EAAE0CEB26378A6,justdirethings.snbt,,,Upgrade: Run Speed,justdirethings:upgrade_runspeed,,설명은 있으나 명시적 quest.title 없음,
task,4BFC0983D1F1188B,4EAAE0CEB26378A6,justdirethings.snbt,,,Upgrade: Run Speed,justdirethings:upgrade_runspeed,,명시적 task.title 없이 아이템 hover 사용,
quest,132F4671E121C7B8,4EAAE0CEB26378A6,justdirethings.snbt,,,Upgrade: Walk Speed,justdirethings:upgrade_walkspeed,,설명은 있으나 명시적 quest.title 없음,
task,0F15B5036B2E90C8,4EAAE0CEB26378A6,justdirethings.snbt,,,Upgrade: Walk Speed,justdirethings:upgrade_walkspeed,,명시적 task.title 없이 아이템 hover 사용,
quest,17A9D2CA160561D9,4EAAE0CEB26378A6,justdirethings.snbt,,,Upgrade: Step Assist,justdirethings:upgrade_stepheight,,설명은 있으나 명시적 quest.title 없음,
task,6646AD3F527B9282,4EAAE0CEB26378A6,justdirethings.snbt,,,Upgrade: Step Assist,justdirethings:upgrade_stepheight,,명시적 task.title 없이 아이템 hover 사용,
quest,0CBFE2CE53DCACD5,4EAAE0CEB26378A6,justdirethings.snbt,,,Upgrade: Jump Boost,justdirethings:upgrade_jumpboost,,설명은 있으나 명시적 quest.title 없음,
task,5A28616B0C58B9D9,4EAAE0CEB26378A6,justdirethings.snbt,,,Upgrade: Jump Boost,justdirethings:upgrade_jumpboost,,명시적 task.title 없이 아이템 hover 사용,
quest,3CBB78C9B8D3665E,4EAAE0CEB26378A6,justdirethings.snbt,,,Upgrade: Mind Fog,justdirethings:upgrade_mindfog,,설명은 있으나 명시적 quest.title 없음,
task,3282E55CC7B5A2DA,4EAAE0CEB26378A6,justdirethings.snbt,,,Upgrade: Mind Fog,justdirethings:upgrade_mindfog,,명시적 task.title 없이 아이템 hover 사용,
quest,0C2EC56133D3CC6C,4EAAE0CEB26378A6,justdirethings.snbt,,,Upgrade: Invulnerability,justdirethings:upgrade_invulnerability,,설명은 있으나 명시적 quest.title 없음,
task,5F9B05E70F2E18C3,4EAAE0CEB26378A6,justdirethings.snbt,,,Upgrade: Invulnerability,justdirethings:upgrade_invulnerability,,명시적 task.title 없이 아이템 hover 사용,
quest,4ACB72F3A23A5A19,4EAAE0CEB26378A6,justdirethings.snbt,,,Upgrade: Swim Speed,justdirethings:upgrade_swimspeed,,설명은 있으나 명시적 quest.title 없음,
task,39614459A1E395D6,4EAAE0CEB26378A6,justdirethings.snbt,,,Upgrade: Swim Speed,justdirethings:upgrade_swimspeed,,명시적 task.title 없이 아이템 hover 사용,
quest,6889EFC6CC291463,4EAAE0CEB26378A6,justdirethings.snbt,,,Upgrade: Ground Stomp,justdirethings:upgrade_groundstomp,,설명은 있으나 명시적 quest.title 없음,
task,5582F3F1E3F68039,4EAAE0CEB26378A6,justdirethings.snbt,,,Upgrade: Ground Stomp,justdirethings:upgrade_groundstomp,,명시적 task.title 없이 아이템 hover 사용,
quest,3AE1811C32B94A66,4EAAE0CEB26378A6,justdirethings.snbt,,,Upgrade: Extinguish,justdirethings:upgrade_extinguish,,설명은 있으나 명시적 quest.title 없음,
task,367087623047AC2C,4EAAE0CEB26378A6,justdirethings.snbt,,,Upgrade: Extinguish,justdirethings:upgrade_extinguish,,명시적 task.title 없이 아이템 hover 사용,
quest,09485B63483B7A15,4EAAE0CEB26378A6,justdirethings.snbt,,,Upgrade: Stupefy,justdirethings:upgrade_stupefy,,설명은 있으나 명시적 quest.title 없음,
task,55DE52C557011033,4EAAE0CEB26378A6,justdirethings.snbt,,,Upgrade: Stupefy,justdirethings:upgrade_stupefy,,명시적 task.title 없이 아이템 hover 사용,
quest,3A471716A29F5172,4EAAE0CEB26378A6,justdirethings.snbt,,,Upgrade: Elytra,justdirethings:upgrade_elytra,,설명은 있으나 명시적 quest.title 없음,
task,289BA0C8F5F95B7D,4EAAE0CEB26378A6,justdirethings.snbt,,,Upgrade: Elytra,justdirethings:upgrade_elytra,,명시적 task.title 없이 아이템 hover 사용,
quest,02B8F50721F12CFF,4EAAE0CEB26378A6,justdirethings.snbt,,,Upgrade: Negate Fall Damage,justdirethings:upgrade_negatefalldamage,,설명은 있으나 명시적 quest.title 없음,
task,1B6CECE9D8ABE35A,4EAAE0CEB26378A6,justdirethings.snbt,,,Upgrade: Negate Fall Damage,justdirethings:upgrade_negatefalldamage,,명시적 task.title 없이 아이템 hover 사용,
quest,120DCA89A919C7AF,4EAAE0CEB26378A6,justdirethings.snbt,,,Upgrade: Night Vision,justdirethings:upgrade_nightvision,,설명은 있으나 명시적 quest.title 없음,
task,4F9F9D3960F247EE,4EAAE0CEB26378A6,justdirethings.snbt,,,Upgrade: Night Vision,justdirethings:upgrade_nightvision,,명시적 task.title 없이 아이템 hover 사용,
quest,5961C1ED32522BEF,4EAAE0CEB26378A6,justdirethings.snbt,,,Upgrade: Decoy,justdirethings:upgrade_decoy,,설명은 있으나 명시적 quest.title 없음,
task,47B42100C14AB29C,4EAAE0CEB26378A6,justdirethings.snbt,,,Upgrade: Decoy,justdirethings:upgrade_decoy,,명시적 task.title 없이 아이템 hover 사용,
quest,1E0C6409B2573CCA,4EAAE0CEB26378A6,justdirethings.snbt,,,Upgrade: Earthquake,justdirethings:upgrade_earthquake,,설명은 있으나 명시적 quest.title 없음,
task,3985D055F46E1C33,4EAAE0CEB26378A6,justdirethings.snbt,,,Upgrade: Earthquake,justdirethings:upgrade_earthquake,,명시적 task.title 없이 아이템 hover 사용,
quest,7B9486981786AC47,4EAAE0CEB26378A6,justdirethings.snbt,,,Upgrade: Mental Obliteration,justdirethings:upgrade_noai,,설명은 있으나 명시적 quest.title 없음,
task,689F8EACDBE71E9E,4EAAE0CEB26378A6,justdirethings.snbt,,,Upgrade: Mental Obliteration,justdirethings:upgrade_noai,,명시적 task.title 없이 아이템 hover 사용,
quest,515C0527226BA50C,4EAAE0CEB26378A6,justdirethings.snbt,,,Upgrade: Flight,justdirethings:upgrade_flight,,설명은 있으나 명시적 quest.title 없음,
task,572477CB23A12C1C,4EAAE0CEB26378A6,justdirethings.snbt,,,Upgrade: Flight,justdirethings:upgrade_flight,,명시적 task.title 없이 아이템 hover 사용,
quest,6D9CFCD81A23BB3B,4EAAE0CEB26378A6,justdirethings.snbt,,,Upgrade: Lava Immunity,justdirethings:upgrade_lavaimmunity,,설명은 있으나 명시적 quest.title 없음,
task,2E7CCF4A555284D3,4EAAE0CEB26378A6,justdirethings.snbt,,,Upgrade: Lava Immunity,justdirethings:upgrade_lavaimmunity,,명시적 task.title 없이 아이템 hover 사용,
quest,454662617304E299,4EAAE0CEB26378A6,justdirethings.snbt,,,Upgrade: Phase,justdirethings:upgrade_phase,,설명은 있으나 명시적 quest.title 없음,
task,0684650F11E5894D,4EAAE0CEB26378A6,justdirethings.snbt,,,Upgrade: Phase,justdirethings:upgrade_phase,,명시적 task.title 없이 아이템 hover 사용,
quest,79BBCC1BEE90DBBB,4EAAE0CEB26378A6,justdirethings.snbt,,,Upgrade: Death Protection,justdirethings:upgrade_deathprotection,,설명은 있으나 명시적 quest.title 없음,
task,75F6C7DE5E2C3A8C,4EAAE0CEB26378A6,justdirethings.snbt,,,Upgrade: Death Protection,justdirethings:upgrade_deathprotection,,명시적 task.title 없이 아이템 hover 사용,
quest,026C63594F813BCC,4EAAE0CEB26378A6,justdirethings.snbt,,,Upgrade: Debuff Remover,justdirethings:upgrade_debuffremover,,설명은 있으나 명시적 quest.title 없음,
task,7BD429B791025B81,4EAAE0CEB26378A6,justdirethings.snbt,,,Upgrade: Debuff Remover,justdirethings:upgrade_debuffremover,,명시적 task.title 없이 아이템 hover 사용,
quest,49636B3C6E6D0C2A,4EAAE0CEB26378A6,justdirethings.snbt,,,Template: Ferricore,justdirethings:template_ferricore,,설명은 있으나 명시적 quest.title 없음,
task,159EEBB639C7932F,4EAAE0CEB26378A6,justdirethings.snbt,,,Template: Ferricore,justdirethings:template_ferricore,,명시적 task.title 없이 아이템 hover 사용,
quest,2409EAD96CE3BDF7,4EAAE0CEB26378A6,justdirethings.snbt,,,Template: Blazegold,justdirethings:template_blazegold,,설명은 있으나 명시적 quest.title 없음,
task,5B1B2FE68438BEB9,4EAAE0CEB26378A6,justdirethings.snbt,,,Template: Blazegold,justdirethings:template_blazegold,,명시적 task.title 없이 아이템 hover 사용,
quest,25E915AE1FC53254,4EAAE0CEB26378A6,justdirethings.snbt,,,Template: Celestigem,justdirethings:template_celestigem,,설명은 있으나 명시적 quest.title 없음,
task,716BCEC7FAAD9C2F,4EAAE0CEB26378A6,justdirethings.snbt,,,Template: Celestigem,justdirethings:template_celestigem,,명시적 task.title 없이 아이템 hover 사용,
quest,1EA02BA24AF02256,4EAAE0CEB26378A6,justdirethings.snbt,,,Template: Eclipse Alloy,justdirethings:template_eclipsealloy,,설명은 있으나 명시적 quest.title 없음,
task,027EF4A5CD8872BC,4EAAE0CEB26378A6,justdirethings.snbt,,,Template: Eclipse Alloy,justdirethings:template_eclipsealloy,,명시적 task.title 없이 아이템 hover 사용,
quest,5EE7D5DE07A83C7D,4EAAE0CEB26378A6,justdirethings.snbt,,,Upgrade: Ore Scanner,justdirethings:upgrade_orescanner,,설명은 있으나 명시적 quest.title 없음,
task,445FF91A347D3552,4EAAE0CEB26378A6,justdirethings.snbt,,,Upgrade: Ore Scanner,justdirethings:upgrade_orescanner,,명시적 task.title 없이 아이템 hover 사용,
quest,441F37A95AB66E6B,4EAAE0CEB26378A6,justdirethings.snbt,,,AllRightsReserved,,,설명은 있으나 명시적 quest.title 없음,
task,19931057AAC1A03A,4EAAE0CEB26378A6,justdirethings.snbt,AllRightsReserved,AllRightsReserved,,,,한국어 파일의 영어 task.title,
task,03982D782B426ABB,4EAAE0CEB26378A6,justdirethings.snbt,AllRightsReserved,AllRightsReserved,,,,한국어 파일의 영어 task.title,
task,49BF75629F74C10B,4EAAE0CEB26378A6,justdirethings.snbt,,,Time Crystal,justdirethings:time_crystal,,명시적 task.title 없이 아이템 hover 사용,
task,0961FA9C18C59B6C,4EAAE0CEB26378A6,justdirethings.snbt,,,Time Wand,justdirethings:time_wand,,명시적 task.title 없이 아이템 hover 사용,
task,21576FD266357CAF,4EAAE0CEB26378A6,justdirethings.snbt,,,Paradox Machine,justdirethings:paradoxmachine,,명시적 task.title 없이 아이템 hover 사용,
task,0C4A8B7C384A147E,4EAAE0CEB26378A6,justdirethings.snbt,,,Time Fluid Bucket,justdirethings:time_fluid_bucket,,명시적 task.title 없이 아이템 hover 사용,
task,26FD2C04F0582287,4EAAE0CEB26378A6,justdirethings.snbt,,,Upgrade: Time Protection,justdirethings:upgrade_time_protection,,명시적 task.title 없이 아이템 hover 사용,
task,13E21F7A0B43A438,4EAAE0CEB26378A6,justdirethings.snbt,,,Ferricore Bow,justdirethings:bow_ferricore,,명시적 task.title 없이 아이템 hover 사용,
task,738768C6FC0DC099,4EAAE0CEB26378A6,justdirethings.snbt,,,Blazegold Bow,justdirethings:bow_blazegold,,명시적 task.title 없이 아이템 hover 사용,
task,49BFB8275541DCD0,4EAAE0CEB26378A6,justdirethings.snbt,,,Celestigem Bow,justdirethings:bow_celestigem,,명시적 task.title 없이 아이템 hover 사용,
task,3FF2BD8CB76476EE,4EAAE0CEB26378A6,justdirethings.snbt,,,Eclipse Alloy Bow,justdirethings:bow_eclipsealloy,,명시적 task.title 없이 아이템 hover 사용,
task,2CCB999DDF7DFA4B,4EAAE0CEB26378A6,justdirethings.snbt,,,Upgrade: Potion Arrow,justdirethings:upgrade_potionarrow,,명시적 task.title 없이 아이템 hover 사용,
task,48D4B0ECF7A482A4,4EAAE0CEB26378A6,justdirethings.snbt,,,Upgrade: Splash,justdirethings:upgrade_splash,,명시적 task.title 없이 아이템 hover 사용,
task,0FB54FEDCC360975,4EAAE0CEB26378A6,justdirethings.snbt,,,Upgrade: Lingering,justdirethings:upgrade_lingering,,명시적 task.title 없이 아이템 hover 사용,
task,5AC853CE65B5747A,4EAAE0CEB26378A6,justdirethings.snbt,,,Upgrade: Homing Arrow,justdirethings:upgrade_homing,,명시적 task.title 없이 아이템 hover 사용,
task,78848979A37D75ED,4EAAE0CEB26378A6,justdirethings.snbt,,,Upgrade: Yondu Arrow,justdirethings:upgrade_epicarrow,,명시적 task.title 없이 아이템 hover 사용,
task,5BED745AE359BD12,43BB00A7A7E1042C,mahou_tsukai.snbt,,,조율기,mahoutsukai:attuner,,명시적 task.title 없이 아이템 hover 사용,
task,3403F270D9F328B9,43BB00A7A7E1042C,mahou_tsukai.snbt,,,양피지,mahoutsukai:spell_cloth,,명시적 task.title 없이 아이템 hover 사용,
task,16862BF857843EC4,43BB00A7A7E1042C,mahou_tsukai.snbt,,,단검,mahoutsukai:dagger,,명시적 task.title 없이 아이템 hover 사용,
task,2AD6E59C532B0676,43BB00A7A7E1042C,mahou_tsukai.snbt,,,절구,mahoutsukai:mortar_and_pestle,,명시적 task.title 없이 아이템 hover 사용,
task,4A084703BE712433,43BB00A7A7E1042C,mahou_tsukai.snbt,,,빻은 철,mahoutsukai:powdered_iron,,명시적 task.title 없이 아이템 hover 사용,
task,5B766A8E75D11F3A,43BB00A7A7E1042C,mahou_tsukai.snbt,,,빻은 에메랄드,mahoutsukai:powdered_emerald,,명시적 task.title 없이 아이템 hover 사용,
task,72E60474B84AC3C6,43BB00A7A7E1042C,mahou_tsukai.snbt,,,빻은 다이아몬드,mahoutsukai:powdered_diamond,,명시적 task.title 없이 아이템 hover 사용,
task,5AE0B9B99B80AE07,43BB00A7A7E1042C,mahou_tsukai.snbt,,,빻은 에메랄드,mahoutsukai:powdered_emerald,,명시적 task.title 없이 아이템 hover 사용,
task,34EFE899FB9B266E,43BB00A7A7E1042C,mahou_tsukai.snbt,,,빻은 석영,mahoutsukai:powdered_quartz,,명시적 task.title 없이 아이템 hover 사용,
task,17FF908275004895,43BB00A7A7E1042C,mahou_tsukai.snbt,,,빻은 에메랄드,mahoutsukai:powdered_emerald,,명시적 task.title 없이 아이템 hover 사용,
task,586916ED82D2DD2C,43BB00A7A7E1042C,mahou_tsukai.snbt,,,,minecraft:diamond_sword,,명시적 task.title 없이 아이템 hover 사용,
task,2C55B6F6B7DCFA14,43BB00A7A7E1042C,mahou_tsukai.snbt,,,Murky Water,mahoutsukai:murky_bucket,,명시적 task.title 없이 아이템 hover 사용,
task,2214CCA41C2062D5,43BB00A7A7E1042C,mahou_tsukai.snbt,,,빻은 다이아몬드,mahoutsukai:powdered_diamond,,명시적 task.title 없이 아이템 hover 사용,
task,7173DA8F45027624,43BB00A7A7E1042C,mahou_tsukai.snbt,,,빻은 에메랄드,mahoutsukai:powdered_emerald,,명시적 task.title 없이 아이템 hover 사용,
task,0DFE8322F1043E90,43BB00A7A7E1042C,mahou_tsukai.snbt,,,조율된 에메랄드,mahoutsukai:attuned_emerald,,명시적 task.title 없이 아이템 hover 사용,
task,3AFBB5C47474BFB0,43BB00A7A7E1042C,mahou_tsukai.snbt,,,칼리번,mahoutsukai:caliburn,,명시적 task.title 없이 아이템 hover 사용,
task,6DC9B5F714C6FE8C,43BB00A7A7E1042C,mahou_tsukai.snbt,,,,minecraft:nether_star,,명시적 task.title 없이 아이템 hover 사용,
task,6A8295B93E5034B8,43BB00A7A7E1042C,mahou_tsukai.snbt,,,모르간,mahoutsukai:morgan,,명시적 task.title 없이 아이템 hover 사용,
task,21CEAE027D983282,43BB00A7A7E1042C,mahou_tsukai.snbt,,,빻은 다이아몬드,mahoutsukai:powdered_diamond,,명시적 task.title 없이 아이템 hover 사용,
task,1B2952B260D5C432,43BB00A7A7E1042C,mahou_tsukai.snbt,,,빻은 철,mahoutsukai:powdered_iron,,명시적 task.title 없이 아이템 hover 사용,
task,210B395A33A40FE7,43BB00A7A7E1042C,mahou_tsukai.snbt,,,양피지,mahoutsukai:spell_cloth,,명시적 task.title 없이 아이템 hover 사용,
task,049799C40545AB1C,43BB00A7A7E1042C,mahou_tsukai.snbt,,,,minecraft:stick,,명시적 task.title 없이 아이템 hover 사용,
task,4ABE3C758C42EB4E,43BB00A7A7E1042C,mahou_tsukai.snbt,,,엠리스,mahoutsukai:staff_emrys,,명시적 task.title 없이 아이템 hover 사용,
task,2FD63B9DA3F02205,43BB00A7A7E1042C,mahou_tsukai.snbt,,,,minecraft:diamond_sword,,명시적 task.title 없이 아이템 hover 사용,
task,32BDABD1D7BCAA9C,43BB00A7A7E1042C,mahou_tsukai.snbt,,,클라렌트,mahoutsukai:clarent,,명시적 task.title 없이 아이템 hover 사용,
task,1E87CE2F633083A4,43BB00A7A7E1042C,mahou_tsukai.snbt,,,,minecraft:shield,,명시적 task.title 없이 아이템 hover 사용,
task,056F5C51843197C1,43BB00A7A7E1042C,mahou_tsukai.snbt,,,「피해 변환」두루마리,mahoutsukai:scroll_damage_exchange,,명시적 task.title 없이 아이템 hover 사용,
task,303DC4CF00EBF72D,43BB00A7A7E1042C,mahou_tsukai.snbt,,,「사취의 마안」두루마리,mahoutsukai:scroll_death_collection,,명시적 task.title 없이 아이템 hover 사용,
task,4C0F43FF42AE41C8,43BB00A7A7E1042C,mahou_tsukai.snbt,,,「면역 변환」두루마리,mahoutsukai:scroll_immunity_exchange,,명시적 task.title 없이 아이템 hover 사용,
task,09C6B3425E2D28C6,43BB00A7A7E1042C,mahou_tsukai.snbt,,,암야의 복제,mahoutsukai:replica,,명시적 task.title 없이 아이템 hover 사용,
task,04BEDF6241255FB3,43BB00A7A7E1042C,mahou_tsukai.snbt,,,,minecraft:bow,,명시적 task.title 없이 아이템 hover 사용,
task,74EEFA68C5C602FE,43BB00A7A7E1042C,mahou_tsukai.snbt,,,Nobu,mahoutsukai:nobu,,명시적 task.title 없이 아이템 hover 사용,
task,381CBCFB71018C25,43BB00A7A7E1042C,mahou_tsukai.snbt,,,빻은 금,mahoutsukai:powdered_gold,,명시적 task.title 없이 아이템 hover 사용,
task,268FD4E46EA238E7,43BB00A7A7E1042C,mahou_tsukai.snbt,,,빻은 다이아몬드,mahoutsukai:powdered_diamond,,명시적 task.title 없이 아이템 hover 사용,
task,1E1F53A59347E65E,43BB00A7A7E1042C,mahou_tsukai.snbt,,,양피지,mahoutsukai:spell_cloth,,명시적 task.title 없이 아이템 hover 사용,
task,18B0DF3F88158F35,43BB00A7A7E1042C,mahou_tsukai.snbt,,,마력폭발의 지팡이,mahoutsukai:mystic_staff,,명시적 task.title 없이 아이템 hover 사용,
task,18980EBAE4ED777A,43BB00A7A7E1042C,mahou_tsukai.snbt,,,빻은 금,mahoutsukai:powdered_gold,,명시적 task.title 없이 아이템 hover 사용,
task,7FC1E468111BF468,43BB00A7A7E1042C,mahou_tsukai.snbt,,,빻은 진주,mahoutsukai:powdered_ender,,명시적 task.title 없이 아이템 hover 사용,
task,6F027A96876BC5BE,43BB00A7A7E1042C,mahou_tsukai.snbt,,,양피지,mahoutsukai:spell_cloth,,명시적 task.title 없이 아이템 hover 사용,
task,3066CF1FA66F6B40,43BB00A7A7E1042C,mahou_tsukai.snbt,,,공간조작의 지팡이,mahoutsukai:spatial_disorientation_staff,,명시적 task.title 없이 아이템 hover 사용,
task,0754EB6E2BC4CBE4,43BB00A7A7E1042C,mahou_tsukai.snbt,,,빻은 다이아몬드,mahoutsukai:powdered_diamond,,명시적 task.title 없이 아이템 hover 사용,
task,49B29D6704E49828,43BB00A7A7E1042C,mahou_tsukai.snbt,,,빻은 진주,mahoutsukai:powdered_ender,,명시적 task.title 없이 아이템 hover 사용,
task,7997526C86FB2F81,43BB00A7A7E1042C,mahou_tsukai.snbt,,,양피지,mahoutsukai:spell_cloth,,명시적 task.title 없이 아이템 hover 사용,
task,7921DC93B0D4A9D2,43BB00A7A7E1042C,mahou_tsukai.snbt,,,접근사출의 적흑 열쇠,mahoutsukai:proximity_projection_keys,,명시적 task.title 없이 아이템 hover 사용,
task,664ADBD5CACCEC65,43BB00A7A7E1042C,mahou_tsukai.snbt,,,빻은 금,mahoutsukai:powdered_gold,,명시적 task.title 없이 아이템 hover 사용,
task,72625D241B682131,43BB00A7A7E1042C,mahou_tsukai.snbt,,,빻은 다이아몬드,mahoutsukai:powdered_diamond,,명시적 task.title 없이 아이템 hover 사용,
task,3493A768C43A84D2,43BB00A7A7E1042C,mahou_tsukai.snbt,,,양피지,mahoutsukai:spell_cloth,,명시적 task.title 없이 아이템 hover 사용,
task,6068B969875D0516,43BB00A7A7E1042C,mahou_tsukai.snbt,,,무기사출의 활,mahoutsukai:weapon_projectile_bow,,명시적 task.title 없이 아이템 hover 사용,
task,746C44D800F4E4FB,732824E03978A934,mainquestline_part_1.snbt,,,,minecraft:crafting_table,,명시적 task.title 없이 아이템 hover 사용,
task,5CA7453233441165,732824E03978A934,mainquestline_part_1.snbt,,,,minecraft:wooden_pickaxe,,명시적 task.title 없이 아이템 hover 사용,
task,4756A216A6E6860C,732824E03978A934,mainquestline_part_1.snbt,,,%1$s%2$s%3$s,crafting_on_a_stick:crafting_table,,명시적 task.title 없이 아이템 hover 사용,
task,39AD121BCB73453D,732824E03978A934,mainquestline_part_1.snbt,,,,minecraft:furnace,,명시적 task.title 없이 아이템 hover 사용,
task,38BA6B3FF1EC9185,732824E03978A934,mainquestline_part_1.snbt,,,,minecraft:iron_ingot,,명시적 task.title 없이 아이템 hover 사용,
task,2E116AC5F25650BE,732824E03978A934,mainquestline_part_1.snbt,,,,minecraft:copper_ingot,,명시적 task.title 없이 아이템 hover 사용,
task,03005DEF00AB48F3,732824E03978A934,mainquestline_part_1.snbt,,,,minecraft:iron_pickaxe,,명시적 task.title 없이 아이템 hover 사용,
task,73F9C130378195B9,732824E03978A934,mainquestline_part_1.snbt,,,,minecraft:redstone,,명시적 task.title 없이 아이템 hover 사용,
task,17B9A643AFD7EB39,732824E03978A934,mainquestline_part_1.snbt,,,,minecraft:diamond,,명시적 task.title 없이 아이템 hover 사용,
task,6206DC761D4CDDFE,732824E03978A934,mainquestline_part_1.snbt,,,,minecraft:obsidian,,명시적 task.title 없이 아이템 hover 사용,
quest,672134A1A620EEAB,732824E03978A934,mainquestline_part_1.snbt,,,전력 저장소,ftbfiltersystem:smart_filter,,설명은 있으나 명시적 quest.title 없음,
quest,4869C413646CC4CC,732824E03978A934,mainquestline_part_1.snbt,,,전력 케이블,ftbfiltersystem:smart_filter,,설명은 있으나 명시적 quest.title 없음,
task,2BF525CB7074AF2A,732824E03978A934,mainquestline_part_1.snbt,,,,minecraft:ender_eye,,명시적 task.title 없이 아이템 hover 사용,
task,363806ECF99CBE88,732824E03978A934,mainquestline_part_1.snbt,,,,minecraft:netherite_upgrade_smithing_template,,명시적 task.title 없이 아이템 hover 사용,
task,1993EF1788F53759,732824E03978A934,mainquestline_part_1.snbt,,,,minecraft:brush,,명시적 task.title 없이 아이템 hover 사용,
task,4346DAC18183627E,732824E03978A934,mainquestline_part_1.snbt,,,,minecraft:netherite_ingot,,명시적 task.title 없이 아이템 hover 사용,
task,070A5475DB3F6E6C,732824E03978A934,mainquestline_part_1.snbt,,,,minecraft:sniffer_egg,,명시적 task.title 없이 아이템 hover 사용,
task,178C4C3288503A66,732824E03978A934,mainquestline_part_1.snbt,,,,minecraft:wither_skeleton_skull,,명시적 task.title 없이 아이템 hover 사용,
task,14C0350713AC4214,732824E03978A934,mainquestline_part_1.snbt,,,,minecraft:soul_sand,,명시적 task.title 없이 아이템 hover 사용,
task,211A2C594472A9C4,732824E03978A934,mainquestline_part_1.snbt,,,풍력 발전기,mekanismgenerators:wind_generator,,명시적 task.title 없이 아이템 hover 사용,
task,4DB11C6F180743E9,732824E03978A934,mainquestline_part_1.snbt,,,,ftbfiltersystem:smart_filter,,명시적 task.title 없이 아이템 hover 사용,
quest,24C9BA6DC32CFAD9,732824E03978A934,mainquestline_part_1.snbt,,,석탄,ftbfiltersystem:smart_filter,,설명은 있으나 명시적 quest.title 없음,
quest,5792CC9E3AFAB229,732824E03978A934,mainquestline_part_1.snbt,,,Copper Generator,generatorgalore:copper_generator,,설명은 있으나 명시적 quest.title 없음,
task,1329EDCB0F482F3D,732824E03978A934,mainquestline_part_1.snbt,,,Copper Generator,generatorgalore:copper_generator,,명시적 task.title 없이 아이템 hover 사용,
quest,110BF3A2BE85F911,732824E03978A934,mainquestline_part_1.snbt,,,AllRightsReserved,,,설명은 있으나 명시적 quest.title 없음,
task,44CEA28EBD6C0898,732824E03978A934,mainquestline_part_1.snbt,AllRightsReserved,AllRightsReserved,,,,한국어 파일의 영어 task.title,
task,7C6F7EF2B3AC2824,732824E03978A934,mainquestline_part_1.snbt,AllRightsReserved,AllRightsReserved,,,,한국어 파일의 영어 task.title,
quest,162CE44400A63575,23983F4DC524B14B,mekanism.snbt,&9&lMetallurgic Infuser,,금속공학 주입기,mekanism:metallurgic_infuser,,설명은 있으나 명시적 quest.title 없음,
task,28277BA9F319240D,23983F4DC524B14B,mekanism.snbt,,,금속공학 주입기,mekanism:metallurgic_infuser,,명시적 task.title 없이 아이템 hover 사용,
quest,08DDE018A804BFE7,23983F4DC524B14B,mekanism.snbt,&d&lEnrichment Chamber,,농축기,mekanism:enrichment_chamber,,설명은 있으나 명시적 quest.title 없음,
task,1AE233B4CCFE99F7,23983F4DC524B14B,mekanism.snbt,,,농축기,mekanism:enrichment_chamber,,명시적 task.title 없이 아이템 hover 사용,
quest,195729280394ABFB,23983F4DC524B14B,mekanism.snbt,&7&lOsmium Compressor,,오스뮴 압축기,mekanism:osmium_compressor,,설명은 있으나 명시적 quest.title 없음,
task,6934C61AFEB0443D,23983F4DC524B14B,mekanism.snbt,,,오스뮴 압축기,mekanism:osmium_compressor,,명시적 task.title 없이 아이템 hover 사용,
quest,7AE502EDB73BD57A,23983F4DC524B14B,mekanism.snbt,&4&lCrusher,,분쇄기,mekanism:crusher,,설명은 있으나 명시적 quest.title 없음,
task,431D7329CFCAF880,23983F4DC524B14B,mekanism.snbt,,,분쇄기,mekanism:crusher,,명시적 task.title 없이 아이템 hover 사용,
task,71E922FC5BBF154C,23983F4DC524B14B,mekanism.snbt,,,제트팩,mekanism:jetpack,,명시적 task.title 없이 아이템 hover 사용,
quest,7CC49360D07086B8,23983F4DC524B14B,mekanism.snbt,&5Quantum Entangloporters,,양자 전송기,mekanism:quantum_entangloporter,,설명은 있으나 명시적 quest.title 없음,
task,0526878F9506FB48,23983F4DC524B14B,mekanism.snbt,,,양자 전송기,mekanism:quantum_entangloporter,,명시적 task.title 없이 아이템 hover 사용,
task,72CE838EFDDE6479,23983F4DC524B14B,mekanism.snbt,,,주입 합금,mekanism:alloy_infused,,명시적 task.title 없이 아이템 hover 사용,
quest,0498A578D0EC3254,23983F4DC524B14B,mekanism.snbt,,,기본 제어 회로,mekanism:basic_control_circuit,,설명은 있으나 명시적 quest.title 없음,
task,5E51F5B17F77573E,23983F4DC524B14B,mekanism.snbt,,,기본 제어 회로,mekanism:basic_control_circuit,,명시적 task.title 없이 아이템 hover 사용,
task,69CEEFADCFA28675,23983F4DC524B14B,mekanism.snbt,,,정제된 흑요석 주괴,mekanism:ingot_refined_obsidian,,명시적 task.title 없이 아이템 hover 사용,
quest,488DBE69595F38F8,23983F4DC524B14B,mekanism.snbt,&6&lEnergized Smelter,,전동 제련기,mekanism:energized_smelter,,설명은 있으나 명시적 quest.title 없음,
task,5A081977DB9407EA,23983F4DC524B14B,mekanism.snbt,,,전동 제련기,mekanism:energized_smelter,,명시적 task.title 없이 아이템 hover 사용,
task,2C1730C4F7CB8377,23983F4DC524B14B,mekanism.snbt,,,텔레포터 프레임,mekanism:teleporter_frame,,명시적 task.title 없이 아이템 hover 사용,
task,68FE61A81A5C1390,23983F4DC524B14B,mekanism.snbt,,,텔레포터,mekanism:teleporter,,명시적 task.title 없이 아이템 hover 사용,
task,46C5C0922839BDCA,23983F4DC524B14B,mekanism.snbt,,,속도 업그레이드,mekanism:upgrade_speed,,명시적 task.title 없이 아이템 hover 사용,
task,1B5CF4B0B6D3F6F9,23983F4DC524B14B,mekanism.snbt,,,에너지 업그레이드,mekanism:upgrade_energy,,명시적 task.title 없이 아이템 hover 사용,
task,43E4874F23459DB1,23983F4DC524B14B,mekanism.snbt,,,필터 업그레이드,mekanism:upgrade_filter,,명시적 task.title 없이 아이템 hover 사용,
task,126FB3CA8F2CCF11,23983F4DC524B14B,mekanism.snbt,,,방음 업그레이드,mekanism:upgrade_muffling,,명시적 task.title 없이 아이템 hover 사용,
task,70A4BDDF6392DC9D,23983F4DC524B14B,mekanism.snbt,,,Chemical Upgrade,mekanism:upgrade_chemical,,명시적 task.title 없이 아이템 hover 사용,
task,0872B5A950703C8A,23983F4DC524B14B,mekanism.snbt,,,돌 생성 업그레이드,mekanism:upgrade_stone_generator,,명시적 task.title 없이 아이템 hover 사용,
quest,5E116409DC7D30BB,23983F4DC524B14B,mekanism.snbt,&5&lMekanism&r Logistics,,설정 장치,mekanism:configurator,,설명은 있으나 명시적 quest.title 없음,
task,2612CACBDDF9AD1A,23983F4DC524B14B,mekanism.snbt,,,설정 장치,mekanism:configurator,,명시적 task.title 없이 아이템 hover 사용,
quest,74200A48498DD7F8,23983F4DC524B14B,mekanism.snbt,&e&lSolar Generator,,태양광 발전기,mekanismgenerators:solar_generator,,설명은 있으나 명시적 quest.title 없음,
task,22ACFEB806D68385,23983F4DC524B14B,mekanism.snbt,,,태양광 발전기,mekanismgenerators:solar_generator,,명시적 task.title 없이 아이템 hover 사용,
quest,0650996C7818ADB5,23983F4DC524B14B,mekanism.snbt,&6&lHeat Generator,,지열 발전기,mekanismgenerators:heat_generator,,설명은 있으나 명시적 quest.title 없음,
task,7BA12BAB8271E170,23983F4DC524B14B,mekanism.snbt,,,지열 발전기,mekanismgenerators:heat_generator,,명시적 task.title 없이 아이템 hover 사용,
quest,6CD1720B76F47806,23983F4DC524B14B,mekanism.snbt,&2&lBio-Generator,,바이오연료 발전기,mekanismgenerators:bio_generator,,설명은 있으나 명시적 quest.title 없음,
task,36B12984060A90FD,23983F4DC524B14B,mekanism.snbt,,,바이오연료 발전기,mekanismgenerators:bio_generator,,명시적 task.title 없이 아이템 hover 사용,
quest,4EDD96EB60EF5814,23983F4DC524B14B,mekanism.snbt,&l&e&oAdvanced Solar Generator,,고급 태양열 발전기,mekanismgenerators:advanced_solar_generator,,설명은 있으나 명시적 quest.title 없음,
task,4F0B3CA66BE1AEE1,23983F4DC524B14B,mekanism.snbt,,,고급 태양열 발전기,mekanismgenerators:advanced_solar_generator,,명시적 task.title 없이 아이템 hover 사용,
quest,7778937DF377C1B4,23983F4DC524B14B,mekanism.snbt,&b&lWind Generator,,풍력 발전기,mekanismgenerators:wind_generator,,설명은 있으나 명시적 quest.title 없음,
task,50624A39AD15A8A6,23983F4DC524B14B,mekanism.snbt,,,풍력 발전기,mekanismgenerators:wind_generator,,명시적 task.title 없이 아이템 hover 사용,
task,77329B944064E893,23983F4DC524B14B,mekanism.snbt,,,,minecraft:iron_ingot,,명시적 task.title 없이 아이템 hover 사용,
task,52967F83338A3AC3,23983F4DC524B14B,mekanism.snbt,,,오스뮴 주괴,alltheores:osmium_ingot,,명시적 task.title 없이 아이템 hover 사용,
quest,0F326EEEC2EBE4E5,23983F4DC524B14B,mekanism.snbt,&dEnriched Items,,농축된 아이템,ftbfiltersystem:smart_filter,,설명은 있으나 명시적 quest.title 없음,
quest,4A1C8125896F7F1A,23983F4DC524B14B,mekanism.snbt,,,AllRightsReserved,,,설명은 있으나 명시적 quest.title 없음,
task,62F11A588B293CA6,23983F4DC524B14B,mekanism.snbt,AllRightsReserved,AllRightsReserved,,,,한국어 파일의 영어 task.title,
task,770B8B984F85AB73,23983F4DC524B14B,mekanism.snbt,AllRightsReserved,AllRightsReserved,,,,한국어 파일의 영어 task.title,
task,6E9280AEB3B1D973,23983F4DC524B14B,mekanism.snbt,,,강철 주괴,alltheores:steel_ingot,,명시적 task.title 없이 아이템 hover 사용,
task,4F664D5E6C5FDE3B,23983F4DC524B14B,mekanism.snbt,,,강철 케이싱,mekanism:steel_casing,,명시적 task.title 없이 아이템 hover 사용,
task,6EBD377FB5A66ABC,23983F4DC524B14B,mekanism.snbt,,,정밀 제재기,mekanism:precision_sawmill,,명시적 task.title 없이 아이템 hover 사용,
task,3FD63A725A23D407,23983F4DC524B14B,mekanism.snbt,,,에너지 태블릿,mekanism:energy_tablet,,명시적 task.title 없이 아이템 hover 사용,
task,185D97FCA1C83569,23983F4DC524B14B,mekanism.snbt,,,,minecraft:redstone,,명시적 task.title 없이 아이템 hover 사용,
task,676E0375B6D394DE,23983F4DC524B14B,mekanism.snbt,,,기본 제어 회로,mekanism:basic_control_circuit,,명시적 task.title 없이 아이템 hover 사용,
task,3B51C96356777FE6,23983F4DC524B14B,mekanism.snbt,,,주입 합금,mekanism:alloy_infused,,명시적 task.title 없이 아이템 hover 사용,
task,742BD37F93033B43,23983F4DC524B14B,mekanism.snbt,,,고급 제어 회로,mekanism:advanced_control_circuit,,명시적 task.title 없이 아이템 hover 사용,
task,781B2DF9116224AE,23983F4DC524B14B,mekanism.snbt,,,강화 합금,mekanism:alloy_reinforced,,명시적 task.title 없이 아이템 hover 사용,
task,5276C509EAB86E08,23983F4DC524B14B,mekanism.snbt,,,엘리트 제어 회로,mekanism:elite_control_circuit,,명시적 task.title 없이 아이템 hover 사용,
task,7B50CD2512E228C7,23983F4DC524B14B,mekanism.snbt,,,원자 합금,mekanism:alloy_atomic,,명시적 task.title 없이 아이템 hover 사용,
task,51D7F20218979185,23983F4DC524B14B,mekanism.snbt,,,궁극 제어 회로,mekanism:ultimate_control_circuit,,명시적 task.title 없이 아이템 hover 사용,
task,12083A6D1B9E9DD2,23983F4DC524B14B,mekanism.snbt,,,고급 제어 회로,mekanism:advanced_control_circuit,,명시적 task.title 없이 아이템 hover 사용,
task,1EA4F0AB480D485C,23983F4DC524B14B,mekanism.snbt,,,정화기,mekanism:purification_chamber,,명시적 task.title 없이 아이템 hover 사용,
task,3F63638F51621F9B,23983F4DC524B14B,mekanism.snbt,,,엘리트 제어 회로,mekanism:elite_control_circuit,,명시적 task.title 없이 아이템 hover 사용,
task,74B8B9D4235932E9,23983F4DC524B14B,mekanism.snbt,,,화학적 투입 장치,mekanism:chemical_injection_chamber,,명시적 task.title 없이 아이템 hover 사용,
task,053EF49754F230E7,23983F4DC524B14B,mekanism.snbt,,,결합기,mekanism:combiner,,명시적 task.title 없이 아이템 hover 사용,
task,502CE81BE644D7C6,23983F4DC524B14B,mekanism.snbt,,,궁극 제어 회로,mekanism:ultimate_control_circuit,,명시적 task.title 없이 아이템 hover 사용,
task,6E41AFEFE0465C0E,23983F4DC524B14B,mekanism.snbt,,,화학적 세척 장치,mekanism:chemical_washer,,명시적 task.title 없이 아이템 hover 사용,
task,13D3F4ECC92F2E27,23983F4DC524B14B,mekanism.snbt,,,화학적 용해 장치,mekanism:chemical_dissolution_chamber,,명시적 task.title 없이 아이템 hover 사용,
task,5DFC69D1B7401504,23983F4DC524B14B,mekanism.snbt,,,화학적 결정화 장치,mekanism:chemical_crystallizer,,명시적 task.title 없이 아이템 hover 사용,
task,3E038C9465AFD2DF,23983F4DC524B14B,mekanism.snbt,,,전해 분리기,mekanism:electrolytic_separator,,명시적 task.title 없이 아이템 hover 사용,
task,094E011B06F9C4C1,23983F4DC524B14B,mekanism.snbt,,,화학적 산화 장치,mekanism:chemical_oxidizer,,명시적 task.title 없이 아이템 hover 사용,
task,237D7DBBA337FDB6,23983F4DC524B14B,mekanism.snbt,,,화학적 반응 장치,mekanism:chemical_infuser,,명시적 task.title 없이 아이템 hover 사용,
task,308D7BDFD0DE8029,23983F4DC524B14B,mekanism.snbt,,,가압 반응 장치,mekanism:pressurized_reaction_chamber,,명시적 task.title 없이 아이템 hover 사용,
task,37810885CDE26AA0,23983F4DC524B14B,mekanism.snbt,,,회전 콘덴서,mekanism:rotary_condensentrator,,명시적 task.title 없이 아이템 hover 사용,
task,0EEB2867C1D2D227,23983F4DC524B14B,mekanism.snbt,,,Sulfur,alltheores:sulfur,,명시적 task.title 없이 아이템 hover 사용,
task,6877D91D6603E4FD,23983F4DC524B14B,mekanism.snbt,Universal Cables,,,ftbfiltersystem:smart_filter,,명시적 task.title 없이 아이템 hover 사용,
task,03C590DB786810FB,23983F4DC524B14B,mekanism.snbt,Energy Cubes,,,ftbfiltersystem:smart_filter,,명시적 task.title 없이 아이템 hover 사용,
task,4632192573FD8501,23983F4DC524B14B,mekanism.snbt,Mechanial Pipes,,,ftbfiltersystem:smart_filter,,명시적 task.title 없이 아이템 hover 사용,
task,50795B2B2A320D16,23983F4DC524B14B,mekanism.snbt,Pressurized Tubes,,,ftbfiltersystem:smart_filter,,명시적 task.title 없이 아이템 hover 사용,
task,6B24D8667BC856A3,23983F4DC524B14B,mekanism.snbt,Logistical Transporters,,,ftbfiltersystem:smart_filter,,명시적 task.title 없이 아이템 hover 사용,
task,36B9FB74D9BF26E4,23983F4DC524B14B,mekanism.snbt,Thermodynamic Conductors,,,ftbfiltersystem:smart_filter,,명시적 task.title 없이 아이템 hover 사용,
task,09788D3638E59F3B,23983F4DC524B14B,mekanism.snbt,Tier Installers,,,ftbfiltersystem:smart_filter,,명시적 task.title 없이 아이템 hover 사용,
task,16E5E87F1CAC042A,23983F4DC524B14B,mekanism.snbt,Chemical Tanks,,,ftbfiltersystem:smart_filter,,명시적 task.title 없이 아이템 hover 사용,
task,68C11540A9010775,23983F4DC524B14B,mekanism.snbt,Fluid Tanks,,,ftbfiltersystem:smart_filter,,명시적 task.title 없이 아이템 hover 사용,
task,11EF7663818B6CC6,23983F4DC524B14B,mekanism.snbt,Bins,,,ftbfiltersystem:smart_filter,,명시적 task.title 없이 아이템 hover 사용,
task,63F607E14930E02F,23983F4DC524B14B,mekanism.snbt,,,장작 가열기,mekanism:fuelwood_heater,,명시적 task.title 없이 아이템 hover 사용,
task,4AF656625B1F28EC,23983F4DC524B14B,mekanism.snbt,,,전기 저항 가열기,mekanism:resistive_heater,,명시적 task.title 없이 아이템 hover 사용,
task,2C1B1D314E190B80,23983F4DC524B14B,mekanism.snbt,Personal Storage,,,ftbfiltersystem:smart_filter,,명시적 task.title 없이 아이템 hover 사용,
task,2C00975AAF9037A4,23983F4DC524B14B,mekanism.snbt,,,충전 패드,mekanism:chargepad,,명시적 task.title 없이 아이템 hover 사용,
task,4558919345C3BE5D,23983F4DC524B14B,mekanism.snbt,Enrichers,,,ftbfiltersystem:smart_filter,,명시적 task.title 없이 아이템 hover 사용,
task,4B6C5B2099B18AB7,23983F4DC524B14B,mekanism.snbt,Smelters,,,ftbfiltersystem:smart_filter,,명시적 task.title 없이 아이템 hover 사용,
task,4D849193A07D4F83,23983F4DC524B14B,mekanism.snbt,,,전동 펌프,mekanism:electric_pump,,명시적 task.title 없이 아이템 hover 사용,
task,1F65F84DA1EAFB3E,23983F4DC524B14B,mekanism.snbt,,,전해 분리기,mekanism:electrolytic_separator,,명시적 task.title 없이 아이템 hover 사용,
task,564D0E533237E951,23983F4DC524B14B,mekanism.snbt,Purifiers,,,ftbfiltersystem:smart_filter,,명시적 task.title 없이 아이템 hover 사용,
task,35A07C18FFEEB872,23983F4DC524B14B,mekanism.snbt,,,"""Crushers""",ftbfiltersystem:smart_filter,,명시적 task.title 없이 아이템 hover 사용,
task,35A07C18FFEEB872,23983F4DC524B14B,mekanism.snbt,,,"""Crushers""",ftbfiltersystem:smart_filter,,영어 custom_name 또는 literal component,
task,091B97D20403D516,23983F4DC524B14B,mekanism.snbt,,,"""Enrichers""",ftbfiltersystem:smart_filter,,명시적 task.title 없이 아이템 hover 사용,
task,091B97D20403D516,23983F4DC524B14B,mekanism.snbt,,,"""Enrichers""",ftbfiltersystem:smart_filter,,영어 custom_name 또는 literal component,
task,6CB34AE622DF9CC2,23983F4DC524B14B,mekanism.snbt,,,"""Smelters""",ftbfiltersystem:smart_filter,,명시적 task.title 없이 아이템 hover 사용,
task,6CB34AE622DF9CC2,23983F4DC524B14B,mekanism.snbt,,,"""Smelters""",ftbfiltersystem:smart_filter,,영어 custom_name 또는 literal component,
task,035EB822D59843CF,23983F4DC524B14B,mekanism.snbt,,,전동 펌프,mekanism:electric_pump,,명시적 task.title 없이 아이템 hover 사용,
task,16BF380980B2DE0C,23983F4DC524B14B,mekanism.snbt,,,열적 증발 블록,mekanism:thermal_evaporation_block,,명시적 task.title 없이 아이템 hover 사용,
task,588EFECC7652D8D2,23983F4DC524B14B,mekanism.snbt,,,열적 증발 제어기,mekanism:thermal_evaporation_controller,,명시적 task.title 없이 아이템 hover 사용,
task,10105D951F3248A7,23983F4DC524B14B,mekanism.snbt,,,열적 증발 밸브,mekanism:thermal_evaporation_valve,,명시적 task.title 없이 아이템 hover 사용,
task,77FDF195DA1CE7F4,23983F4DC524B14B,mekanism.snbt,,,전해 분리기,mekanism:electrolytic_separator,,명시적 task.title 없이 아이템 hover 사용,
task,32BDF7C590D601B5,23983F4DC524B14B,mekanism.snbt,,,다이나믹 탱크,mekanism:dynamic_tank,,명시적 task.title 없이 아이템 hover 사용,
task,0D1B204C8F7B1FA2,23983F4DC524B14B,mekanism.snbt,,,다이나믹 밸브,mekanism:dynamic_valve,,명시적 task.title 없이 아이템 hover 사용,
task,16C70D3717B4AFA6,23983F4DC524B14B,mekanism.snbt,,,열적 증발 블록,mekanism:thermal_evaporation_block,,명시적 task.title 없이 아이템 hover 사용,
task,32DC3A08F464FE4A,23983F4DC524B14B,mekanism.snbt,,,열적 증발 제어기,mekanism:thermal_evaporation_controller,,명시적 task.title 없이 아이템 hover 사용,
task,6531FEB89CE39D30,23983F4DC524B14B,mekanism.snbt,,,열적 증발 밸브,mekanism:thermal_evaporation_valve,,명시적 task.title 없이 아이템 hover 사용,
task,2501510A452D3752,23983F4DC524B14B,mekanism.snbt,,,전동 펌프,mekanism:electric_pump,,명시적 task.title 없이 아이템 hover 사용,
task,2A16BDCF5D671F6C,23983F4DC524B14B,mekanism.snbt,,,전해 분리기,mekanism:electrolytic_separator,,명시적 task.title 없이 아이템 hover 사용,
task,07541802E7166E15,23983F4DC524B14B,mekanism.snbt,,,화학적 반응 장치,mekanism:chemical_infuser,,명시적 task.title 없이 아이템 hover 사용,
task,0DD1875F204237AF,23983F4DC524B14B,mekanism.snbt,,,화학적 투입 장치,mekanism:chemical_injection_chamber,,명시적 task.title 없이 아이템 hover 사용,
task,4E0A3C347EDD235A,23983F4DC524B14B,mekanism.snbt,,,"""Purifiers""",ftbfiltersystem:smart_filter,,명시적 task.title 없이 아이템 hover 사용,
task,4E0A3C347EDD235A,23983F4DC524B14B,mekanism.snbt,,,"""Purifiers""",ftbfiltersystem:smart_filter,,영어 custom_name 또는 literal component,
task,62E0C347DC32EA77,23983F4DC524B14B,mekanism.snbt,,,"""Crushers""",ftbfiltersystem:smart_filter,,명시적 task.title 없이 아이템 hover 사용,
task,62E0C347DC32EA77,23983F4DC524B14B,mekanism.snbt,,,"""Crushers""",ftbfiltersystem:smart_filter,,영어 custom_name 또는 literal component,
task,2068F53F091BFD5A,23983F4DC524B14B,mekanism.snbt,,,"""Enrichers""",ftbfiltersystem:smart_filter,,명시적 task.title 없이 아이템 hover 사용,
task,2068F53F091BFD5A,23983F4DC524B14B,mekanism.snbt,,,"""Enrichers""",ftbfiltersystem:smart_filter,,영어 custom_name 또는 literal component,
task,17C665008B4C0CD7,23983F4DC524B14B,mekanism.snbt,,,"""Smelters""",ftbfiltersystem:smart_filter,,명시적 task.title 없이 아이템 hover 사용,
task,17C665008B4C0CD7,23983F4DC524B14B,mekanism.snbt,,,"""Smelters""",ftbfiltersystem:smart_filter,,영어 custom_name 또는 literal component,
task,7FCF6E8726BCC769,23983F4DC524B14B,mekanism.snbt,,,Sulfur,alltheores:sulfur,,명시적 task.title 없이 아이템 hover 사용,
task,1B9DB785874C57E9,23983F4DC524B14B,mekanism.snbt,,,화학적 산화 장치,mekanism:chemical_oxidizer,,명시적 task.title 없이 아이템 hover 사용,
task,324B835F4DCD19E1,23983F4DC524B14B,mekanism.snbt,,,전동 펌프,mekanism:electric_pump,,명시적 task.title 없이 아이템 hover 사용,
task,6DACC77807D1F342,23983F4DC524B14B,mekanism.snbt,,,전해 분리기,mekanism:electrolytic_separator,,명시적 task.title 없이 아이템 hover 사용,
task,2D2FB303107792DD,23983F4DC524B14B,mekanism.snbt,,,화학적 반응 장치,mekanism:chemical_infuser,,명시적 task.title 없이 아이템 hover 사용,
task,4BCAB6D0CF43D92D,23983F4DC524B14B,mekanism.snbt,,,회전 콘덴서,mekanism:rotary_condensentrator,,명시적 task.title 없이 아이템 hover 사용,
task,09507CD87D0C63E9,23983F4DC524B14B,mekanism.snbt,,,화학적 반응 장치,mekanism:chemical_infuser,,명시적 task.title 없이 아이템 hover 사용,
task,4C477D72D11841F6,23983F4DC524B14B,mekanism.snbt,,,화학적 용해 장치,mekanism:chemical_dissolution_chamber,,명시적 task.title 없이 아이템 hover 사용,
task,5B2C5388C7248FFE,23983F4DC524B14B,mekanism.snbt,,,화학적 세척 장치,mekanism:chemical_washer,,명시적 task.title 없이 아이템 hover 사용,
task,094DC5B0E5C7BE73,23983F4DC524B14B,mekanism.snbt,,,화학적 결정화 장치,mekanism:chemical_crystallizer,,명시적 task.title 없이 아이템 hover 사용,
task,5C547747E49BA6BB,23983F4DC524B14B,mekanism.snbt,,,전동 펌프,mekanism:electric_pump,,명시적 task.title 없이 아이템 hover 사용,
task,2CC21EF452CFFF59,23983F4DC524B14B,mekanism.snbt,,,열적 증발 블록,mekanism:thermal_evaporation_block,,명시적 task.title 없이 아이템 hover 사용,
task,2E867FB131DEA968,23983F4DC524B14B,mekanism.snbt,,,열적 증발 제어기,mekanism:thermal_evaporation_controller,,명시적 task.title 없이 아이템 hover 사용,
task,41E94425E789750E,23983F4DC524B14B,mekanism.snbt,,,열적 증발 밸브,mekanism:thermal_evaporation_valve,,명시적 task.title 없이 아이템 hover 사용,
task,27BDA44CC3FFCCF1,23983F4DC524B14B,mekanism.snbt,,,전해 분리기,mekanism:electrolytic_separator,,명시적 task.title 없이 아이템 hover 사용,
task,14FC42B5DA7DCF2F,23983F4DC524B14B,mekanism.snbt,,,화학적 반응 장치,mekanism:chemical_infuser,,명시적 task.title 없이 아이템 hover 사용,
task,4D61A21032717E84,23983F4DC524B14B,mekanism.snbt,,,화학적 투입 장치,mekanism:chemical_injection_chamber,,명시적 task.title 없이 아이템 hover 사용,
task,587C27CE66ABA2F0,23983F4DC524B14B,mekanism.snbt,,,전동 펌프,mekanism:electric_pump,,명시적 task.title 없이 아이템 hover 사용,
task,55A840C3871027EA,23983F4DC524B14B,mekanism.snbt,,,전해 분리기,mekanism:electrolytic_separator,,명시적 task.title 없이 아이템 hover 사용,
task,729C1974AE346ECA,23983F4DC524B14B,mekanism.snbt,Purifiers,,"""Purificaters""",ftbfiltersystem:smart_filter,,명시적 task.title 없이 아이템 hover 사용,
task,729C1974AE346ECA,23983F4DC524B14B,mekanism.snbt,,,"""Purificaters""",ftbfiltersystem:smart_filter,,영어 custom_name 또는 literal component,
task,591B93F4B6397821,23983F4DC524B14B,mekanism.snbt,,,"""Crushers""",ftbfiltersystem:smart_filter,,명시적 task.title 없이 아이템 hover 사용,
task,591B93F4B6397821,23983F4DC524B14B,mekanism.snbt,,,"""Crushers""",ftbfiltersystem:smart_filter,,영어 custom_name 또는 literal component,
task,4C0098C62CDF1FF9,23983F4DC524B14B,mekanism.snbt,,,"""Enrichers""",ftbfiltersystem:smart_filter,,명시적 task.title 없이 아이템 hover 사용,
task,4C0098C62CDF1FF9,23983F4DC524B14B,mekanism.snbt,,,"""Enrichers""",ftbfiltersystem:smart_filter,,영어 custom_name 또는 literal component,
task,7EA092725A784CA7,23983F4DC524B14B,mekanism.snbt,,,"""Smelters""",ftbfiltersystem:smart_filter,,명시적 task.title 없이 아이템 hover 사용,
task,7EA092725A784CA7,23983F4DC524B14B,mekanism.snbt,,,"""Smelters""",ftbfiltersystem:smart_filter,,영어 custom_name 또는 literal component,
task,58541E64C0528FCB,23983F4DC524B14B,mekanism.snbt,,,바이오 연료,mekanism:bio_fuel,,명시적 task.title 없이 아이템 hover 사용,
task,70669B704E16F873,23983F4DC524B14B,mekanism.snbt,,,광석 사전,mekanism:dictionary,,명시적 task.title 없이 아이템 hover 사용,
task,1FD1AD6C0B30ABE1,23983F4DC524B14B,mekanism.snbt,,,스포이트,mekanism:gauge_dropper,,명시적 task.title 없이 아이템 hover 사용,
task,31AD5FA0F75FD3A8,23983F4DC524B14B,mekanism.snbt,,,골판지 상자,mekanism:cardboard_box,,명시적 task.title 없이 아이템 hover 사용,
task,040CDB71DC622FC4,23983F4DC524B14B,mekanism.snbt,,,HDPE 알갱이,mekanism:hdpe_pellet,,명시적 task.title 없이 아이템 hover 사용,
task,0B19D86DE8DCF565,23983F4DC524B14B,mekanism.snbt,,,구조용 유리,mekanism:structural_glass,,명시적 task.title 없이 아이템 hover 사용,
task,37FF64DCDB960FBA,23983F4DC524B14B,mekanism.snbt,,,정제된 흑요석 가루,mekanism:dust_refined_obsidian,,명시적 task.title 없이 아이템 hover 사용,
task,5D8B220595482CF8,23983F4DC524B14B,mekanism.snbt,,,휴대용 텔레포터,mekanism:portable_teleporter,,명시적 task.title 없이 아이템 hover 사용,
task,328177CC5FD61DA4,23983F4DC524B14B,mekanism.snbt,,,프리 러너,mekanism:free_runners,,명시적 task.title 없이 아이템 hover 사용,
task,5FF2634A276FF524,23983F4DC524B14B,mekanism.snbt,,,잠수 탱크,mekanism:scuba_tank,,명시적 task.title 없이 아이템 hover 사용,
task,487C0DA7C751B99A,23983F4DC524B14B,mekanism.snbt,,,잠수복 마스크,mekanism:scuba_mask,,명시적 task.title 없이 아이템 hover 사용,
task,69A763528F647332,23983F4DC524B14B,mekanism.snbt,,,화염 방사기,mekanism:flamethrower,,명시적 task.title 없이 아이템 hover 사용,
task,76FACB3C857BF76D,23983F4DC524B14B,mekanism.snbt,,,전동 활,mekanism:electric_bow,,명시적 task.title 없이 아이템 hover 사용,
task,6DCF32EB40B8E9C6,23983F4DC524B14B,mekanism.snbt,Ore Dusts,,,ftbfiltersystem:smart_filter,,명시적 task.title 없이 아이템 hover 사용,
task,1B40B1C298D12D12,23983F4DC524B14B,mekanism.snbt,,,안료 추출기,mekanism:pigment_extractor,,명시적 task.title 없이 아이템 hover 사용,
task,47432A2FAA916A78,23983F4DC524B14B,mekanism.snbt,,,안료 혼합기,mekanism:pigment_mixer,,명시적 task.title 없이 아이템 hover 사용,
task,2F880D83507954E3,23983F4DC524B14B,mekanism.snbt,,,염색기,mekanism:painting_machine,,명시적 task.title 없이 아이템 hover 사용,
task,25FB07BDEC8EE4EF,0A093D8C4429B627,mekanism_reactors.snbt,,,원자로 논리 어댑터,mekanismgenerators:fission_reactor_logic_adapter,,명시적 task.title 없이 아이템 hover 사용,
task,77211E454F98A72B,0A093D8C4429B627,mekanism_reactors.snbt,,,,minecraft:redstone,,명시적 task.title 없이 아이템 hover 사용,
task,514207C426B8725F,0A093D8C4429B627,mekanism_reactors.snbt,,,,minecraft:redstone_torch,,명시적 task.title 없이 아이템 hover 사용,
task,63A070075644110C,0A093D8C4429B627,mekanism_reactors.snbt,,,,minecraft:repeater,,명시적 task.title 없이 아이템 hover 사용,
quest,066F78936C8F943B,0A093D8C4429B627,mekanism_reactors.snbt,,,AllRightsReserved,,,설명은 있으나 명시적 quest.title 없음,
task,59F0226D83026397,0A093D8C4429B627,mekanism_reactors.snbt,AllRightsReserved,AllRightsReserved,,,,한국어 파일의 영어 task.title,
task,363BADA865C39474,0A093D8C4429B627,mekanism_reactors.snbt,AllRightsReserved,AllRightsReserved,,,,한국어 파일의 영어 task.title,
task,10116ABDDEA3FCAC,0A093D8C4429B627,mekanism_reactors.snbt,,,화학적 반응 장치,mekanism:chemical_infuser,,명시적 task.title 없이 아이템 hover 사용,
task,7091063AB75E79FF,0A093D8C4429B627,mekanism_reactors.snbt,,,동위원소 원심분리기,mekanism:isotopic_centrifuge,,명시적 task.title 없이 아이템 hover 사용,
task,103895C9792183DB,0A093D8C4429B627,mekanism_reactors.snbt,,,농축기,mekanism:enrichment_chamber,,명시적 task.title 없이 아이템 hover 사용,
task,06547CA7D18AF8DE,0A093D8C4429B627,mekanism_reactors.snbt,,,우라늄염,mekanism:yellow_cake_uranium,,명시적 task.title 없이 아이템 hover 사용,
task,43CE1470FB6E2812,0A093D8C4429B627,mekanism_reactors.snbt,,,화학적 산화 장치,mekanism:chemical_oxidizer,,명시적 task.title 없이 아이템 hover 사용,
task,6A352964478AE499,0A093D8C4429B627,mekanism_reactors.snbt,,,Sulfur,alltheores:sulfur,,명시적 task.title 없이 아이템 hover 사용,
task,2F99C90ED3E9CD14,0A093D8C4429B627,mekanism_reactors.snbt,,,화학적 산화 장치,mekanism:chemical_oxidizer,,명시적 task.title 없이 아이템 hover 사용,
task,1F7C3D5DE3CE359D,0A093D8C4429B627,mekanism_reactors.snbt,,,전해 분리기,mekanism:electrolytic_separator,,명시적 task.title 없이 아이템 hover 사용,
task,7F9BB8A0E6B662B7,0A093D8C4429B627,mekanism_reactors.snbt,,,화학적 반응 장치,mekanism:chemical_infuser,,명시적 task.title 없이 아이템 hover 사용,
task,09C72A7EF91EA3F0,0A093D8C4429B627,mekanism_reactors.snbt,,,회전 콘덴서,mekanism:rotary_condensentrator,,명시적 task.title 없이 아이템 hover 사용,
task,2329949C49F49896,0A093D8C4429B627,mekanism_reactors.snbt,,,화학적 반응 장치,mekanism:chemical_infuser,,명시적 task.title 없이 아이템 hover 사용,
task,5706A7343CD5C0B2,0A093D8C4429B627,mekanism_reactors.snbt,,,화학적 용해 장치,mekanism:chemical_dissolution_chamber,,명시적 task.title 없이 아이템 hover 사용,
task,41A5F4BEC3477FEF,0A093D8C4429B627,mekanism_reactors.snbt,,,Fluorite,alltheores:fluorite,,명시적 task.title 없이 아이템 hover 사용,
task,515AB12A08EB4C3B,0A093D8C4429B627,mekanism_reactors.snbt,,,핵분열 연료 구성기,mekanismgenerators:fission_fuel_assembly,,명시적 task.title 없이 아이템 hover 사용,
task,38277C87C47B2956,0A093D8C4429B627,mekanism_reactors.snbt,,,제어 축 구성기,mekanismgenerators:control_rod_assembly,,명시적 task.title 없이 아이템 hover 사용,
task,1FFA7054AE0730CC,0A093D8C4429B627,mekanism_reactors.snbt,,,원자로 논리 어댑터,mekanismgenerators:fission_reactor_logic_adapter,,명시적 task.title 없이 아이템 hover 사용,
task,188B99F1119A30C2,0A093D8C4429B627,mekanism_reactors.snbt,,,원자로 포트,mekanismgenerators:fission_reactor_port,,명시적 task.title 없이 아이템 hover 사용,
task,724A504C041AC7D1,0A093D8C4429B627,mekanism_reactors.snbt,,,원자로 케이싱,mekanismgenerators:fission_reactor_casing,,명시적 task.title 없이 아이템 hover 사용,
task,3917421D27C651E4,0A093D8C4429B627,mekanism_reactors.snbt,,,원자로 포트,mekanismgenerators:fission_reactor_port,,명시적 task.title 없이 아이템 hover 사용,
task,485901683F26B1F5,0A093D8C4429B627,mekanism_reactors.snbt,,,원자로 논리 어댑터,mekanismgenerators:fission_reactor_logic_adapter,,명시적 task.title 없이 아이템 hover 사용,
task,09BBD0A994BA77A1,0A093D8C4429B627,mekanism_reactors.snbt,,,핵분열 연료 구성기,mekanismgenerators:fission_fuel_assembly,,명시적 task.title 없이 아이템 hover 사용,
task,308E99340E32A585,0A093D8C4429B627,mekanism_reactors.snbt,,,제어 축 구성기,mekanismgenerators:control_rod_assembly,,명시적 task.title 없이 아이템 hover 사용,
task,1B78002379BEC2D5,0A093D8C4429B627,mekanism_reactors.snbt,,,,minecraft:daylight_detector,,명시적 task.title 없이 아이템 hover 사용,
task,557074D4BFBAB82E,0A093D8C4429B627,mekanism_reactors.snbt,,,,minecraft:redstone,,명시적 task.title 없이 아이템 hover 사용,
task,5E5AC8ECB91FB450,0A093D8C4429B627,mekanism_reactors.snbt,,,싱크대,cookingforblockheads:sink,,명시적 task.title 없이 아이템 hover 사용,
task,0BE623827F600CC7,0A093D8C4429B627,mekanism_reactors.snbt,,,열적 증발 블록,mekanism:thermal_evaporation_block,,명시적 task.title 없이 아이템 hover 사용,
task,313D42E4ACB2CFE0,0A093D8C4429B627,mekanism_reactors.snbt,,,열적 증발 제어기,mekanism:thermal_evaporation_controller,,명시적 task.title 없이 아이템 hover 사용,
task,71F75D90BE8E965E,0A093D8C4429B627,mekanism_reactors.snbt,,,열적 증발 밸브,mekanism:thermal_evaporation_valve,,명시적 task.title 없이 아이템 hover 사용,
task,126B3D11A754B899,0A093D8C4429B627,mekanism_reactors.snbt,,,전해 분리기,mekanism:electrolytic_separator,,명시적 task.title 없이 아이템 hover 사용,
task,067ED94826CF2346,0A093D8C4429B627,mekanism_reactors.snbt,,,방사성 폐기물 통,mekanism:radioactive_waste_barrel,,명시적 task.title 없이 아이템 hover 사용,
task,3563498293CD3BF7,0A093D8C4429B627,mekanism_reactors.snbt,,,기본 화학 탱크,mekanism:basic_chemical_tank,,명시적 task.title 없이 아이템 hover 사용,
task,3B3CDE9FB2B79352,0A093D8C4429B627,mekanism_reactors.snbt,,,,trashcans:ultimate_trash_can,,명시적 task.title 없이 아이템 hover 사용,
task,76E0D8A5EB11FB71,0A093D8C4429B627,mekanism_reactors.snbt,,,동위원소 원심분리기,mekanism:isotopic_centrifuge,,명시적 task.title 없이 아이템 hover 사용,
task,4A89F09182DA11F0,0A093D8C4429B627,mekanism_reactors.snbt,,,플루토늄 알갱이,mekanism:pellet_plutonium,,명시적 task.title 없이 아이템 hover 사용,
task,7BAFAA3EE0F162E3,0A093D8C4429B627,mekanism_reactors.snbt,,,폴로늄 알갱이,mekanism:pellet_polonium,,명시적 task.title 없이 아이템 hover 사용,
task,7A8FCB8C69FECF2F,0A093D8C4429B627,mekanism_reactors.snbt,,,핵융합로 포트,mekanismgenerators:fusion_reactor_port,,명시적 task.title 없이 아이템 hover 사용,
task,6B1CE2F64552C75F,0A093D8C4429B627,mekanism_reactors.snbt,,,QIO 드라이브 저장소,mekanism:qio_drive_array,,명시적 task.title 없이 아이템 hover 사용,
task,11151860F09B78E1,0A093D8C4429B627,mekanism_reactors.snbt,&eQIO Drives,,,ftbfiltersystem:smart_filter,,명시적 task.title 없이 아이템 hover 사용,
task,119A544C4E895CFC,0A093D8C4429B627,mekanism_reactors.snbt,,,QIO 방출기,mekanism:qio_exporter,,명시적 task.title 없이 아이템 hover 사용,
task,0A383B138F6AD6FA,0A093D8C4429B627,mekanism_reactors.snbt,,,QIO 투입기,mekanism:qio_importer,,명시적 task.title 없이 아이템 hover 사용,
task,7DC8D7D5F195BE0F,0A093D8C4429B627,mekanism_reactors.snbt,,,휴대용 QIO 대시보드,mekanism:portable_qio_dashboard,,명시적 task.title 없이 아이템 hover 사용,
task,221507726A43C981,0A093D8C4429B627,mekanism_reactors.snbt,,,모듈 제어기,mekanism:modification_station,,명시적 task.title 없이 아이템 hover 사용,
task,6F22D8840106E3CF,0A093D8C4429B627,mekanism_reactors.snbt,,,메카슈트 투구,mekanism:mekasuit_helmet,,명시적 task.title 없이 아이템 hover 사용,
task,62587F3282ED0BEB,0A093D8C4429B627,mekanism_reactors.snbt,,,메카슈트 흉갑,mekanism:mekasuit_bodyarmor,,명시적 task.title 없이 아이템 hover 사용,
task,6791E5C6FFEBD48D,0A093D8C4429B627,mekanism_reactors.snbt,,,메카슈트 각반,mekanism:mekasuit_pants,,명시적 task.title 없이 아이템 hover 사용,
task,2D08ECF0476A96AC,0A093D8C4429B627,mekanism_reactors.snbt,,,메카슈트 부츠,mekanism:mekasuit_boots,,명시적 task.title 없이 아이템 hover 사용,
task,2CE676AC2AF13098,0A093D8C4429B627,mekanism_reactors.snbt,,,반물질 알갱이,mekanism:pellet_antimatter,,명시적 task.title 없이 아이템 hover 사용,
task,74C1623469AD3952,0A093D8C4429B627,mekanism_reactors.snbt,,,반양성자 핵합성기,mekanism:antiprotonic_nucleosynthesizer,,명시적 task.title 없이 아이템 hover 사용,
task,3DB36E9E622A556B,0A093D8C4429B627,mekanism_reactors.snbt,,,디지털 채굴기,mekanism:digital_miner,,명시적 task.title 없이 아이템 hover 사용,
task,162674215F707F8E,0A093D8C4429B627,mekanism_reactors.snbt,,,원자 분해기,mekanism:atomic_disassembler,,명시적 task.title 없이 아이템 hover 사용,
task,337468CF35CF29DB,0A093D8C4429B627,mekanism_reactors.snbt,,,메카툴,mekanism:meka_tool,,명시적 task.title 없이 아이템 hover 사용,
task,37CB3E85DE5321EA,0A093D8C4429B627,mekanism_reactors.snbt,,,로빗,mekanism:robit,,명시적 task.title 없이 아이템 hover 사용,
task,4BC8C6CD95C13721,0A093D8C4429B627,mekanism_reactors.snbt,,,유도 포트,mekanism:induction_port,,명시적 task.title 없이 아이템 hover 사용,
task,151AF2F49AAEBBDA,0A093D8C4429B627,mekanism_reactors.snbt,&aInduction Cells,,,ftbfiltersystem:smart_filter,,명시적 task.title 없이 아이템 hover 사용,
task,496C4FDD2515EB24,0A093D8C4429B627,mekanism_reactors.snbt,&aInduction Providers,,,ftbfiltersystem:smart_filter,,명시적 task.title 없이 아이템 hover 사용,
task,517FC41DE11BB012,0A093D8C4429B627,mekanism_reactors.snbt,,,유도 케이싱,mekanism:induction_casing,,명시적 task.title 없이 아이템 hover 사용,
task,5CD030B6B8A747B6,0A093D8C4429B627,mekanism_reactors.snbt,,,유도 포트,mekanism:induction_port,,명시적 task.title 없이 아이템 hover 사용,
task,179A7908B0481D37,0A093D8C4429B627,mekanism_reactors.snbt,,,SPS 포트,mekanism:sps_port,,명시적 task.title 없이 아이템 hover 사용,
task,5AC7BCDBEC2CA34A,0A093D8C4429B627,mekanism_reactors.snbt,,,과충전 코일,mekanism:supercharged_coil,,명시적 task.title 없이 아이템 hover 사용,
task,235027FF75455CEB,0A093D8C4429B627,mekanism_reactors.snbt,,,SPS 케이싱,mekanism:sps_casing,,명시적 task.title 없이 아이템 hover 사용,
task,35D437CE90158B46,0A093D8C4429B627,mekanism_reactors.snbt,,,구조용 유리,mekanism:structural_glass,,명시적 task.title 없이 아이템 hover 사용,
task,7A7018026E464DF3,0A093D8C4429B627,mekanism_reactors.snbt,,,구조용 유리,mekanism:structural_glass,,명시적 task.title 없이 아이템 hover 사용,
task,7D8EB15A3DB21BFC,0A093D8C4429B627,mekanism_reactors.snbt,,,SPS 포트,mekanism:sps_port,,명시적 task.title 없이 아이템 hover 사용,
task,21E33C57C5913965,0A093D8C4429B627,mekanism_reactors.snbt,,,과충전 코일,mekanism:supercharged_coil,,명시적 task.title 없이 아이템 hover 사용,
task,4605DCE4DAB1F52A,0A093D8C4429B627,mekanism_reactors.snbt,,,태양열 중성자 활성기,mekanism:solar_neutron_activator,,명시적 task.title 없이 아이템 hover 사용,
task,472CC67DC0A9B198,0A093D8C4429B627,mekanism_reactors.snbt,,,방호복 마스크,mekanism:hazmat_mask,,명시적 task.title 없이 아이템 hover 사용,
task,1ADF38997F6DA60B,0A093D8C4429B627,mekanism_reactors.snbt,,,방호복 가운,mekanism:hazmat_gown,,명시적 task.title 없이 아이템 hover 사용,
task,74BA87D346B753E5,0A093D8C4429B627,mekanism_reactors.snbt,,,방호복 하의,mekanism:hazmat_pants,,명시적 task.title 없이 아이템 hover 사용,
task,39561A9A902D83F0,0A093D8C4429B627,mekanism_reactors.snbt,,,방호복 장화,mekanism:hazmat_boots,,명시적 task.title 없이 아이템 hover 사용,
task,454D07A4AE1D66DD,0A093D8C4429B627,mekanism_reactors.snbt,,,QIO 대시보드,mekanism:qio_dashboard,,명시적 task.title 없이 아이템 hover 사용,
task,2EFE0D22FDE2E62D,0A093D8C4429B627,mekanism_reactors.snbt,,,레이저 초점 매트릭스,mekanismgenerators:laser_focus_matrix,,명시적 task.title 없이 아이템 hover 사용,
task,2B63C860A004A859,0A093D8C4429B627,mekanism_reactors.snbt,,,레이저 증폭기,mekanism:laser_amplifier,,명시적 task.title 없이 아이템 hover 사용,
task,28117DB85E6D7298,0A093D8C4429B627,mekanism_reactors.snbt,,,레이저,mekanism:laser,,명시적 task.title 없이 아이템 hover 사용,
task,533879E84DC7CAEB,0A093D8C4429B627,mekanism_reactors.snbt,,,전동 펌프,mekanism:electric_pump,,명시적 task.title 없이 아이템 hover 사용,
task,724532DF134A4C9D,0A093D8C4429B627,mekanism_reactors.snbt,,,필터 업그레이드,mekanism:upgrade_filter,,명시적 task.title 없이 아이템 hover 사용,
task,43063168AB07D6FC,0A093D8C4429B627,mekanism_reactors.snbt,,,전해 분리기,mekanism:electrolytic_separator,,명시적 task.title 없이 아이템 hover 사용,
task,555D6EE9775EC7FA,0A093D8C4429B627,mekanism_reactors.snbt,,,열적 증발 블록,mekanism:thermal_evaporation_block,,명시적 task.title 없이 아이템 hover 사용,
task,70112973D7C24BD3,0A093D8C4429B627,mekanism_reactors.snbt,,,열적 증발 제어기,mekanism:thermal_evaporation_controller,,명시적 task.title 없이 아이템 hover 사용,
task,025EB7AD11DBB865,0A093D8C4429B627,mekanism_reactors.snbt,,,열적 증발 밸브,mekanism:thermal_evaporation_valve,,명시적 task.title 없이 아이템 hover 사용,
task,44CA11954DBDD9EF,0A093D8C4429B627,mekanism_reactors.snbt,,,회전 콘덴서,mekanism:rotary_condensentrator,,명시적 task.title 없이 아이템 hover 사용,
task,569325A85FB1C540,0A093D8C4429B627,mekanism_reactors.snbt,,,태양열 중성자 활성기,mekanism:solar_neutron_activator,,명시적 task.title 없이 아이템 hover 사용,
task,49FD3E265DCAA577,0A093D8C4429B627,mekanism_reactors.snbt,,,화학적 반응 장치,mekanism:chemical_infuser,,명시적 task.title 없이 아이템 hover 사용,
task,534A2589DF835EDE,0A093D8C4429B627,mekanism_reactors.snbt,,,홀로륨,mekanismgenerators:hohlraum,,명시적 task.title 없이 아이템 hover 사용,
task,3F6D20EC9FF77E13,0A093D8C4429B627,mekanism_reactors.snbt,,,핵융합로 제어기,mekanismgenerators:fusion_reactor_controller,,명시적 task.title 없이 아이템 hover 사용,
task,1B4A8602A625C107,0A093D8C4429B627,mekanism_reactors.snbt,,,레이저 초점 매트릭스,mekanismgenerators:laser_focus_matrix,,명시적 task.title 없이 아이템 hover 사용,
task,4D34D952030AD6BE,0A093D8C4429B627,mekanism_reactors.snbt,,,핵융합로 프레임,mekanismgenerators:fusion_reactor_frame,,명시적 task.title 없이 아이템 hover 사용,
task,3BF0C0B942243F11,0A093D8C4429B627,mekanism_reactors.snbt,,,융합로 유리,mekanismgenerators:reactor_glass,,명시적 task.title 없이 아이템 hover 사용,
task,36956376F56A076A,0A093D8C4429B627,mekanism_reactors.snbt,,,핵융합로 포트,mekanismgenerators:fusion_reactor_port,,명시적 task.title 없이 아이템 hover 사용,
task,4ADBCE26247048B5,0A093D8C4429B627,mekanism_reactors.snbt,,,터빈 밸브,mekanismgenerators:turbine_valve,,명시적 task.title 없이 아이템 hover 사용,
task,61E563C851CEAE9C,0A093D8C4429B627,mekanism_reactors.snbt,,,증기 배출구,mekanismgenerators:turbine_vent,,명시적 task.title 없이 아이템 hover 사용,
task,3C99BB935A826521,0A093D8C4429B627,mekanism_reactors.snbt,,,터빈 로터,mekanismgenerators:turbine_rotor,,명시적 task.title 없이 아이템 hover 사용,
task,095CA8A85AA2C79A,0A093D8C4429B627,mekanism_reactors.snbt,,,터빈 블레이드,mekanismgenerators:turbine_blade,,명시적 task.title 없이 아이템 hover 사용,
task,41C0E546A0619C41,0A093D8C4429B627,mekanism_reactors.snbt,,,회전 기구,mekanismgenerators:rotational_complex,,명시적 task.title 없이 아이템 hover 사용,
task,0E9ED9986642A7FF,0A093D8C4429B627,mekanism_reactors.snbt,,,압력 분산기,mekanism:pressure_disperser,,명시적 task.title 없이 아이템 hover 사용,
task,3F75EBCFA03736AB,0A093D8C4429B627,mekanism_reactors.snbt,,,전자기 코일,mekanismgenerators:electromagnetic_coil,,명시적 task.title 없이 아이템 hover 사용,
task,6EF78719DB78382F,0A093D8C4429B627,mekanism_reactors.snbt,,,포화 응축기,mekanismgenerators:saturating_condenser,,명시적 task.title 없이 아이템 hover 사용,
task,5D8D61F0070CE37F,0A093D8C4429B627,mekanism_reactors.snbt,,,터빈 케이싱,mekanismgenerators:turbine_casing,,명시적 task.title 없이 아이템 hover 사용,
task,3045BF441AC70B19,0A093D8C4429B627,mekanism_reactors.snbt,,,구조용 유리,mekanism:structural_glass,,명시적 task.title 없이 아이템 hover 사용,
task,48BD16ACD9A30857,0A093D8C4429B627,mekanism_reactors.snbt,,,터빈 밸브,mekanismgenerators:turbine_valve,,명시적 task.title 없이 아이템 hover 사용,
task,02D64EA046D00FE0,0A093D8C4429B627,mekanism_reactors.snbt,,,터빈 로터,mekanismgenerators:turbine_rotor,,명시적 task.title 없이 아이템 hover 사용,
task,777FD19911306F57,0A093D8C4429B627,mekanism_reactors.snbt,,,터빈 블레이드,mekanismgenerators:turbine_blade,,명시적 task.title 없이 아이템 hover 사용,
task,5CE4C14ACEC89205,0A093D8C4429B627,mekanism_reactors.snbt,,,회전 기구,mekanismgenerators:rotational_complex,,명시적 task.title 없이 아이템 hover 사용,
task,2C5B75264656AEDE,0A093D8C4429B627,mekanism_reactors.snbt,,,압력 분산기,mekanism:pressure_disperser,,명시적 task.title 없이 아이템 hover 사용,
task,45F7E0EA725200CE,0A093D8C4429B627,mekanism_reactors.snbt,,,전자기 코일,mekanismgenerators:electromagnetic_coil,,명시적 task.title 없이 아이템 hover 사용,
task,1D2026F8EB0D24D2,0A093D8C4429B627,mekanism_reactors.snbt,,,포화 응축기,mekanismgenerators:saturating_condenser,,명시적 task.title 없이 아이템 hover 사용,
task,79CC7DCAAD8B6141,0A093D8C4429B627,mekanism_reactors.snbt,,,증기 배출구,mekanismgenerators:turbine_vent,,명시적 task.title 없이 아이템 hover 사용,
task,569D59AF13AF6B4E,0A093D8C4429B627,mekanism_reactors.snbt,,,보일러 케이싱,mekanism:boiler_casing,,명시적 task.title 없이 아이템 hover 사용,
task,492B866023128B7B,0A093D8C4429B627,mekanism_reactors.snbt,,,구조용 유리,mekanism:structural_glass,,명시적 task.title 없이 아이템 hover 사용,
task,15E1D36E2CE6FA0D,0A093D8C4429B627,mekanism_reactors.snbt,,,보일러 밸브,mekanism:boiler_valve,,명시적 task.title 없이 아이템 hover 사용,
task,4F04ECAF54953E25,0A093D8C4429B627,mekanism_reactors.snbt,,,압력 분산기,mekanism:pressure_disperser,,명시적 task.title 없이 아이템 hover 사용,
task,4BF09136A5C1268A,0A093D8C4429B627,mekanism_reactors.snbt,,,과열기,mekanism:superheating_element,,명시적 task.title 없이 아이템 hover 사용,
task,2D6A5B51E7B9DD9F,0A093D8C4429B627,mekanism_reactors.snbt,,,보일러 밸브,mekanism:boiler_valve,,명시적 task.title 없이 아이템 hover 사용,
task,64B7DC6996AE42E8,0A093D8C4429B627,mekanism_reactors.snbt,,,과열기,mekanism:superheating_element,,명시적 task.title 없이 아이템 hover 사용,
task,18DBF948D3B19634,0A093D8C4429B627,mekanism_reactors.snbt,,,압력 분산기,mekanism:pressure_disperser,,명시적 task.title 없이 아이템 hover 사용,
task,6E5D6EED9C1BA48E,0A093D8C4429B627,mekanism_reactors.snbt,,,,mekanism:module_energy_unit,,명시적 task.title 없이 아이템 hover 사용,
task,2AC3CB8FBD0C0EEA,0A093D8C4429B627,mekanism_reactors.snbt,,,,mekanism:module_color_modulation_unit,,명시적 task.title 없이 아이템 hover 사용,
task,7D10D330834EFBA6,0A093D8C4429B627,mekanism_reactors.snbt,,,,mekanism:module_laser_dissipation_unit,,명시적 task.title 없이 아이템 hover 사용,
task,49238E5958EB7799,0A093D8C4429B627,mekanism_reactors.snbt,,,,mekanism:module_radiation_shielding_unit,,명시적 task.title 없이 아이템 hover 사용,
task,202770E4066D1877,0A093D8C4429B627,mekanism_reactors.snbt,,,,mekanism:module_excavation_escalation_unit,,명시적 task.title 없이 아이템 hover 사용,
task,13C323F3F9C07CCD,0A093D8C4429B627,mekanism_reactors.snbt,,,,mekanism:module_attack_amplification_unit,,명시적 task.title 없이 아이템 hover 사용,
task,42A82E63A6E398C2,0A093D8C4429B627,mekanism_reactors.snbt,,,,mekanism:module_farming_unit,,명시적 task.title 없이 아이템 hover 사용,
task,2A37E5CF3D3AFEEF,0A093D8C4429B627,mekanism_reactors.snbt,,,,mekanism:module_shearing_unit,,명시적 task.title 없이 아이템 hover 사용,
task,795F47DECA8922C5,0A093D8C4429B627,mekanism_reactors.snbt,,,,mekanism:module_silk_touch_unit,,명시적 task.title 없이 아이템 hover 사용,
task,0E96DB67E37EC747,0A093D8C4429B627,mekanism_reactors.snbt,,,,mekanism:module_fortune_unit,,명시적 task.title 없이 아이템 hover 사용,
task,173D44FBA6A06D77,0A093D8C4429B627,mekanism_reactors.snbt,,,,mekanism:module_blasting_unit,,명시적 task.title 없이 아이템 hover 사용,
quest,77B6A7151B3E5980,0A093D8C4429B627,mekanism_reactors.snbt,&aVein Mining &7Unit,,item,mekanism:module_vein_mining_unit,,설명은 있으나 명시적 quest.title 없음,
task,2F6EF6B1BFF34281,0A093D8C4429B627,mekanism_reactors.snbt,,,,mekanism:module_vein_mining_unit,,명시적 task.title 없이 아이템 hover 사용,
task,33369946D240D6A4,0A093D8C4429B627,mekanism_reactors.snbt,,,,mekanism:module_teleportation_unit,,명시적 task.title 없이 아이템 hover 사용,
task,2E6D83EA355A31EB,0A093D8C4429B627,mekanism_reactors.snbt,,,,mekanism:module_electrolytic_breathing_unit,,명시적 task.title 없이 아이템 hover 사용,
task,29E969E807248389,0A093D8C4429B627,mekanism_reactors.snbt,,,,mekanism:module_inhalation_purification_unit,,명시적 task.title 없이 아이템 hover 사용,
task,758EF0FE2AC338F5,0A093D8C4429B627,mekanism_reactors.snbt,,,,mekanism:module_vision_enhancement_unit,,명시적 task.title 없이 아이템 hover 사용,
task,47AFA5227679624A,0A093D8C4429B627,mekanism_reactors.snbt,,,,mekanism:module_nutritional_injection_unit,,명시적 task.title 없이 아이템 hover 사용,
task,76CA2D39545A0B0C,0A093D8C4429B627,mekanism_reactors.snbt,,,,mekanism:module_dosimeter_unit,,명시적 task.title 없이 아이템 hover 사용,
task,28F37629C0BF2486,0A093D8C4429B627,mekanism_reactors.snbt,,,,mekanism:module_geiger_unit,,명시적 task.title 없이 아이템 hover 사용,
task,1A1F9F8B6B60C146,0A093D8C4429B627,mekanism_reactors.snbt,,,,mekanism:module_jetpack_unit,,명시적 task.title 없이 아이템 hover 사용,
task,19739F0047643398,0A093D8C4429B627,mekanism_reactors.snbt,,,,mekanism:module_charge_distribution_unit,,명시적 task.title 없이 아이템 hover 사용,
task,6B60AB2C6C6E2443,0A093D8C4429B627,mekanism_reactors.snbt,,,,mekanism:module_gravitational_modulating_unit,,명시적 task.title 없이 아이템 hover 사용,
task,32271B3777639C8E,0A093D8C4429B627,mekanism_reactors.snbt,,,,mekanism:module_elytra_unit,,명시적 task.title 없이 아이템 hover 사용,
task,6B2BC94876DF24A2,0A093D8C4429B627,mekanism_reactors.snbt,,,,mekanism:module_locomotive_boosting_unit,,명시적 task.title 없이 아이템 hover 사용,
task,04ABBC2F2F45F733,0A093D8C4429B627,mekanism_reactors.snbt,,,,mekanism:module_gyroscopic_stabilization_unit,,명시적 task.title 없이 아이템 hover 사용,
task,2BFA2A05915A6830,0A093D8C4429B627,mekanism_reactors.snbt,,,,mekanism:module_hydrostatic_repulsor_unit,,명시적 task.title 없이 아이템 hover 사용,
task,7A100E37BA2F44C8,0A093D8C4429B627,mekanism_reactors.snbt,,,,mekanism:module_motorized_servo_unit,,명시적 task.title 없이 아이템 hover 사용,
task,71EF0FA8F93693AE,0A093D8C4429B627,mekanism_reactors.snbt,,,,mekanism:module_hydraulic_propulsion_unit,,명시적 task.title 없이 아이템 hover 사용,
task,75FADC42733C3783,0A093D8C4429B627,mekanism_reactors.snbt,,,,mekanism:module_magnetic_attraction_unit,,명시적 task.title 없이 아이템 hover 사용,
task,4E702655D2463226,0A093D8C4429B627,mekanism_reactors.snbt,,,,mekanism:module_frost_walker_unit,,명시적 task.title 없이 아이템 hover 사용,
task,39794336C6C22715,0A093D8C4429B627,mekanism_reactors.snbt,,,,mekanism:module_soul_surfer_unit,,명시적 task.title 없이 아이템 hover 사용,
task,59084167FB5DB9B7,0A093D8C4429B627,mekanism_reactors.snbt,,,,gmut:module_gravitational_modulating_additional_unit,,명시적 task.title 없이 아이템 hover 사용,
task,0290DE7D3ADC6199,0A093D8C4429B627,mekanism_reactors.snbt,,,,mekanismgenerators:module_geothermal_generator_unit,,명시적 task.title 없이 아이템 hover 사용,
task,2637C6A325CFD72D,0A093D8C4429B627,mekanism_reactors.snbt,,,,mekanismgenerators:module_solar_recharging_unit,,명시적 task.title 없이 아이템 hover 사용,
task,690296269D5DAFC2,56B11606F5F4DAB2,mi_digital.snbt,,,디지털 회로,modern_industrialization:digital_circuit,,명시적 task.title 없이 아이템 hover 사용,
task,48BE321D6C3A5300,56B11606F5F4DAB2,mi_digital.snbt,,,칸탈 가루,modern_industrialization:kanthal_dust,,명시적 task.title 없이 아이템 hover 사용,
task,3E42A562BF943DEB,56B11606F5F4DAB2,mi_digital.snbt,,,뜨거운 칸탈 주괴,modern_industrialization:kanthal_hot_ingot,,명시적 task.title 없이 아이템 hover 사용,
task,25BF59B1F216054A,56B11606F5F4DAB2,mi_digital.snbt,,,칸탈 주괴,modern_industrialization:kanthal_ingot,,명시적 task.title 없이 아이템 hover 사용,
task,204730A5C1954ABA,56B11606F5F4DAB2,mi_digital.snbt,,,칸탈 코일,modern_industrialization:kanthal_coil,,명시적 task.title 없이 아이템 hover 사용,
task,49DBF4DA76D1EAE1,56B11606F5F4DAB2,mi_digital.snbt,,,뜨거운 티타늄 주괴,modern_industrialization:titanium_hot_ingot,,명시적 task.title 없이 아이템 hover 사용,
task,0B6657F16E1328F6,56B11606F5F4DAB2,mi_digital.snbt,,,티타늄 주괴,modern_industrialization:titanium_ingot,,명시적 task.title 없이 아이템 hover 사용,
task,0844BC243A9DAAA2,56B11606F5F4DAB2,mi_digital.snbt,,,터보 기계 껍데기,modern_industrialization:turbo_machine_hull,,명시적 task.title 없이 아이템 hover 사용,
task,3298C53B3E5FAF14,56B11606F5F4DAB2,mi_digital.snbt,,,텅스텐 원석,modern_industrialization:raw_tungsten,,명시적 task.title 없이 아이템 hover 사용,
task,441D9275FE21D597,56B11606F5F4DAB2,mi_digital.snbt,,,텅스텐 가루,modern_industrialization:tungsten_dust,,명시적 task.title 없이 아이템 hover 사용,
task,21D9FAB2A6A049FA,56B11606F5F4DAB2,mi_digital.snbt,,,작은 텅스텐 가루,modern_industrialization:tungsten_tiny_dust,,명시적 task.title 없이 아이템 hover 사용,
task,4C24BD8C97F32D55,56B11606F5F4DAB2,mi_digital.snbt,,,텅스텐 조각,modern_industrialization:tungsten_nugget,,명시적 task.title 없이 아이템 hover 사용,
task,39C1CD7F53331934,56B11606F5F4DAB2,mi_digital.snbt,,,텅스텐 주괴,modern_industrialization:tungsten_ingot,,명시적 task.title 없이 아이템 hover 사용,
task,5016FF9040E62573,56B11606F5F4DAB2,mi_digital.snbt,,,폭발내성 혼합 주괴,modern_industrialization:mixed_ingot_blastproof,,명시적 task.title 없이 아이템 hover 사용,
task,6E7681D411987AEF,56B11606F5F4DAB2,mi_digital.snbt,,,폭발내성 합금 판,modern_industrialization:blastproof_alloy_plate,,명시적 task.title 없이 아이템 hover 사용,
task,4C9B3C2408C3F60E,56B11606F5F4DAB2,mi_digital.snbt,,,폭발 압축기,modern_industrialization:implosion_compressor,,명시적 task.title 없이 아이템 hover 사용,
task,648AD3EF2FF501B5,56B11606F5F4DAB2,mi_digital.snbt,,,견고한 티타늄 기계 케이싱,modern_industrialization:solid_titanium_machine_casing,,명시적 task.title 없이 아이템 hover 사용,
task,0EF71682D5BC5767,56B11606F5F4DAB2,mi_digital.snbt,,,폭발내성 케이싱,modern_industrialization:blastproof_casing,,명시적 task.title 없이 아이템 hover 사용,
task,3D7198F62F657760,56B11606F5F4DAB2,mi_digital.snbt,,,"""Item Input""",ftbfiltersystem:smart_filter,,명시적 task.title 없이 아이템 hover 사용,
task,3D7198F62F657760,56B11606F5F4DAB2,mi_digital.snbt,,,"""Item Input""",ftbfiltersystem:smart_filter,,영어 custom_name 또는 literal component,
task,4C6CF87DB75E69E9,56B11606F5F4DAB2,mi_digital.snbt,,,"""Item Output""",ftbfiltersystem:smart_filter,,명시적 task.title 없이 아이템 hover 사용,
task,4C6CF87DB75E69E9,56B11606F5F4DAB2,mi_digital.snbt,,,"""Item Output""",ftbfiltersystem:smart_filter,,영어 custom_name 또는 literal component,
task,45639E074DA550B1,56B11606F5F4DAB2,mi_digital.snbt,,,"""Energy Input""",ftbfiltersystem:smart_filter,,명시적 task.title 없이 아이템 hover 사용,
task,45639E074DA550B1,56B11606F5F4DAB2,mi_digital.snbt,,,"""Energy Input""",ftbfiltersystem:smart_filter,,영어 custom_name 또는 literal component,
task,07529BBEACBF63D2,56B11606F5F4DAB2,mi_digital.snbt,,,발전된 펌프,modern_industrialization:advanced_pump,,명시적 task.title 없이 아이템 hover 사용,
task,44A617B3C74074C6,56B11606F5F4DAB2,mi_digital.snbt,,,발전된 모터,modern_industrialization:advanced_motor,,명시적 task.title 없이 아이템 hover 사용,
task,634304A9FDFEF627,56B11606F5F4DAB2,mi_digital.snbt,,,증류탑,modern_industrialization:distillation_tower,,명시적 task.title 없이 아이템 hover 사용,
task,749267B27C08CF51,56B11606F5F4DAB2,mi_digital.snbt,,,클린 스테인리스 강철 기계 케이싱,modern_industrialization:clean_stainless_steel_machine_casing,,명시적 task.title 없이 아이템 hover 사용,
task,4EBB0BC0A9FCDD2A,56B11606F5F4DAB2,mi_digital.snbt,,,스테인리스강 파이프 기계 케이싱,modern_industrialization:stainless_steel_machine_casing_pipe,,명시적 task.title 없이 아이템 hover 사용,
task,5CD91FEDB1DE65B4,56B11606F5F4DAB2,mi_digital.snbt,,,"""Fluid Input""",ftbfiltersystem:smart_filter,,명시적 task.title 없이 아이템 hover 사용,
task,5CD91FEDB1DE65B4,56B11606F5F4DAB2,mi_digital.snbt,,,"""Fluid Input""",ftbfiltersystem:smart_filter,,영어 custom_name 또는 literal component,
task,622EADF53A5400C2,56B11606F5F4DAB2,mi_digital.snbt,,,"""Energy Input""",ftbfiltersystem:smart_filter,,명시적 task.title 없이 아이템 hover 사용,
task,622EADF53A5400C2,56B11606F5F4DAB2,mi_digital.snbt,,,"""Energy Input""",ftbfiltersystem:smart_filter,,영어 custom_name 또는 literal component,
task,2AA47CF4961E5A3C,56B11606F5F4DAB2,mi_digital.snbt,,,"""Fluid Output""",ftbfiltersystem:smart_filter,,명시적 task.title 없이 아이템 hover 사용,
task,2AA47CF4961E5A3C,56B11606F5F4DAB2,mi_digital.snbt,,,"""Fluid Output""",ftbfiltersystem:smart_filter,,영어 custom_name 또는 literal component,
task,615F7B0E6F97DC11,56B11606F5F4DAB2,mi_digital.snbt,,,Processing Array,extended_industrialization:processing_array,,명시적 task.title 없이 아이템 hover 사용,
task,2FC3B592E4BDCFE4,56B11606F5F4DAB2,mi_digital.snbt,,,클린 스테인리스 강철 기계 케이싱,modern_industrialization:clean_stainless_steel_machine_casing,,명시적 task.title 없이 아이템 hover 사용,
task,2330926A47CD5075,56B11606F5F4DAB2,mi_digital.snbt,,,스테인리스강 파이프 기계 케이싱,modern_industrialization:stainless_steel_machine_casing_pipe,,명시적 task.title 없이 아이템 hover 사용,
task,635A5D2D384E1CCA,56B11606F5F4DAB2,mi_digital.snbt,,,"""Item Input""",ftbfiltersystem:smart_filter,,명시적 task.title 없이 아이템 hover 사용,
task,635A5D2D384E1CCA,56B11606F5F4DAB2,mi_digital.snbt,,,"""Item Input""",ftbfiltersystem:smart_filter,,영어 custom_name 또는 literal component,
task,2966BDC758322F79,56B11606F5F4DAB2,mi_digital.snbt,,,"""Item Output""",ftbfiltersystem:smart_filter,,명시적 task.title 없이 아이템 hover 사용,
task,2966BDC758322F79,56B11606F5F4DAB2,mi_digital.snbt,,,"""Item Output""",ftbfiltersystem:smart_filter,,영어 custom_name 또는 literal component,
task,7D213A1EF770521C,56B11606F5F4DAB2,mi_digital.snbt,,,"""Energy Input""",ftbfiltersystem:smart_filter,,명시적 task.title 없이 아이템 hover 사용,
task,7D213A1EF770521C,56B11606F5F4DAB2,mi_digital.snbt,,,"""Energy Input""",ftbfiltersystem:smart_filter,,영어 custom_name 또는 literal component,
task,396482C3291DED12,56B11606F5F4DAB2,mi_digital.snbt,,,공기 흡입구,modern_industrialization:air_intake,,명시적 task.title 없이 아이템 hover 사용,
task,795BDCDC185451EF,56B11606F5F4DAB2,mi_digital.snbt,,,산소 양동이,modern_industrialization:oxygen_bucket,,명시적 task.title 없이 아이템 hover 사용,
task,0AEEE00D40390340,56B11606F5F4DAB2,mi_digital.snbt,,,아르곤 양동이,modern_industrialization:argon_bucket,,명시적 task.title 없이 아이템 hover 사용,
task,75F355CAB5CC7DF5,56B11606F5F4DAB2,mi_digital.snbt,,,질소 양동이,modern_industrialization:nitrogen_bucket,,명시적 task.title 없이 아이템 hover 사용,
task,23CA6CC06ACB2D06,56B11606F5F4DAB2,mi_digital.snbt,,,스티렌 양동이,modern_industrialization:styrene_bucket,,명시적 task.title 없이 아이템 hover 사용,
task,4473C4CB8E77352F,56B11606F5F4DAB2,mi_digital.snbt,,,부타디엔 양동이,modern_industrialization:butadiene_bucket,,명시적 task.title 없이 아이템 hover 사용,
task,53F732432241C5F3,56B11606F5F4DAB2,mi_digital.snbt,,,스티렌-부타디엔 양동이,modern_industrialization:styrene_butadiene_bucket,,명시적 task.title 없이 아이템 hover 사용,
task,3A6AC889CA3CEBF1,56B11606F5F4DAB2,mi_digital.snbt,,,스티렌-부타디엔 고무 양동이,modern_industrialization:styrene_butadiene_rubber_bucket,,명시적 task.title 없이 아이템 hover 사용,
task,17CE8CE3957A0BFB,56B11606F5F4DAB2,mi_digital.snbt,,,램,modern_industrialization:random_access_memory,,명시적 task.title 없이 아이템 hover 사용,
task,0E9FFB33EB090F1C,56B11606F5F4DAB2,mi_digital.snbt,,,단결정 실리콘,modern_industrialization:monocrystalline_silicon,,명시적 task.title 없이 아이템 hover 사용,
task,4AB287090928B637,56B11606F5F4DAB2,mi_digital.snbt,,,메모리 관리 유닛,modern_industrialization:memory_management_unit,,명시적 task.title 없이 아이템 hover 사용,
task,3E70B0D70B50DE73,56B11606F5F4DAB2,mi_digital.snbt,,,산술 논리 유닛,modern_industrialization:arithmetic_logic_unit,,명시적 task.title 없이 아이템 hover 사용,
task,17B27BC847EC62DC,56B11606F5F4DAB2,mi_digital.snbt,,,터보 업그레이드,modern_industrialization:turbo_upgrade,,명시적 task.title 없이 아이템 hover 사용,
task,27841EC9F798C43E,56B11606F5F4DAB2,mi_digital.snbt,,,증기 분해된 경유 양동이,modern_industrialization:steam_cracked_light_fuel_bucket,,명시적 task.title 없이 아이템 hover 사용,
task,360979C4F981BEC1,56B11606F5F4DAB2,mi_digital.snbt,,,아세틸렌 양동이,modern_industrialization:acetylene_bucket,,명시적 task.title 없이 아이템 hover 사용,
task,52995521E172B347,56B11606F5F4DAB2,mi_digital.snbt,,,염화 비닐 양동이,modern_industrialization:vinyl_chloride_bucket,,명시적 task.title 없이 아이템 hover 사용,
task,70A5B9ED1168FBD4,56B11606F5F4DAB2,mi_digital.snbt,,,폴리염화비닐 양동이,modern_industrialization:polyvinyl_chloride_bucket,,명시적 task.title 없이 아이템 hover 사용,
task,4DBCADC197183BBC,56B11606F5F4DAB2,mi_digital.snbt,,,처리 유닛 판,modern_industrialization:processing_unit_board,,명시적 task.title 없이 아이템 hover 사용,
task,2185574123827977,56B11606F5F4DAB2,mi_digital.snbt,,,처리 유닛,modern_industrialization:processing_unit,,명시적 task.title 없이 아이템 hover 사용,
task,42629B7E4E367FE7,56B11606F5F4DAB2,mi_digital.snbt,,,실리콘 웨이퍼,modern_industrialization:silicon_wafer,,명시적 task.title 없이 아이템 hover 사용,
task,40C7BB72E174B7F6,56B11606F5F4DAB2,mi_digital.snbt,,,대형 발전된 모터,modern_industrialization:large_advanced_motor,,명시적 task.title 없이 아이템 hover 사용,
task,25A205630812A843,56B11606F5F4DAB2,mi_digital.snbt,,,대형 발전된 펌프,modern_industrialization:large_advanced_pump,,명시적 task.title 없이 아이템 hover 사용,
task,279282E2CBC881A1,56B11606F5F4DAB2,mi_digital.snbt,,,고도로 발전된 업그레이드,modern_industrialization:highly_advanced_upgrade,,명시적 task.title 없이 아이템 hover 사용,
task,1F855F4DEB59213D,56B11606F5F4DAB2,mi_digital.snbt,,,열 교환기,modern_industrialization:heat_exchanger,,명시적 task.title 없이 아이템 hover 사용,
task,3B96C8BB060737AA,56B11606F5F4DAB2,mi_digital.snbt,,,스테인리스강 파이프 기계 케이싱,modern_industrialization:stainless_steel_machine_casing_pipe,,명시적 task.title 없이 아이템 hover 사용,
task,1002BE65F40E5667,56B11606F5F4DAB2,mi_digital.snbt,,,내열 기계 케이싱,modern_industrialization:heatproof_machine_casing,,명시적 task.title 없이 아이템 hover 사용,
task,5DD3604FDAC2033A,56B11606F5F4DAB2,mi_digital.snbt,,,내한 기계 케이싱,modern_industrialization:frostproof_machine_casing,,명시적 task.title 없이 아이템 hover 사용,
task,588C0B2A5ECCCBC2,56B11606F5F4DAB2,mi_digital.snbt,,,"""Fluid Input""",ftbfiltersystem:smart_filter,,명시적 task.title 없이 아이템 hover 사용,
task,588C0B2A5ECCCBC2,56B11606F5F4DAB2,mi_digital.snbt,,,"""Fluid Input""",ftbfiltersystem:smart_filter,,영어 custom_name 또는 literal component,
task,1AF81CBBA2232408,56B11606F5F4DAB2,mi_digital.snbt,,,"""Fluid Input""",ftbfiltersystem:smart_filter,,명시적 task.title 없이 아이템 hover 사용,
task,1AF81CBBA2232408,56B11606F5F4DAB2,mi_digital.snbt,,,"""Fluid Input""",ftbfiltersystem:smart_filter,,영어 custom_name 또는 literal component,
task,4A75035A2EF5BC30,56B11606F5F4DAB2,mi_digital.snbt,,,"""Fluid Output""",ftbfiltersystem:smart_filter,,명시적 task.title 없이 아이템 hover 사용,
task,4A75035A2EF5BC30,56B11606F5F4DAB2,mi_digital.snbt,,,"""Fluid Output""",ftbfiltersystem:smart_filter,,영어 custom_name 또는 literal component,
task,7B00BC92BD178506,56B11606F5F4DAB2,mi_digital.snbt,,,원자력 합금 판,modern_industrialization:nuclear_alloy_plate,,명시적 task.title 없이 아이템 hover 사용,
task,5B34146FA2702982,56B11606F5F4DAB2,mi_digital.snbt,,,카드뮴 제어 막대,modern_industrialization:cadmium_control_rod,,명시적 task.title 없이 아이템 hover 사용,
task,1027BC0E4E1E0E9A,56B11606F5F4DAB2,mi_digital.snbt,,,납땜 합금 가루,modern_industrialization:soldering_alloy_dust,,명시적 task.title 없이 아이템 hover 사용,
task,729261799DE57C99,56B11606F5F4DAB2,mi_digital.snbt,,,고도로 발전된 기계 껍데기,modern_industrialization:highly_advanced_machine_hull,,명시적 task.title 없이 아이템 hover 사용,
task,3D33C58E5E4E1BEB,56B11606F5F4DAB2,mi_digital.snbt,,,원자력 발전소,modern_industrialization:nuclear_reactor,,명시적 task.title 없이 아이템 hover 사용,
task,4EF3FF497A0A9772,56B11606F5F4DAB2,mi_digital.snbt,,,원자력 케이싱,modern_industrialization:nuclear_casing,,명시적 task.title 없이 아이템 hover 사용,
task,4E29CAB76F924643,56B11606F5F4DAB2,mi_digital.snbt,,,원자력 케이싱,modern_industrialization:nuclear_casing,,명시적 task.title 없이 아이템 hover 사용,
task,48DC21999E01073F,56B11606F5F4DAB2,mi_digital.snbt,,,원자력 케이싱,modern_industrialization:nuclear_casing,,명시적 task.title 없이 아이템 hover 사용,
task,7A9D09A66BCBE563,56B11606F5F4DAB2,mi_digital.snbt,,,원자력 파이프 케이싱,modern_industrialization:nuclear_alloy_machine_casing_pipe,,명시적 task.title 없이 아이템 hover 사용,
task,06D00D714B88DF87,56B11606F5F4DAB2,mi_digital.snbt,,,원자력 파이프 케이싱,modern_industrialization:nuclear_alloy_machine_casing_pipe,,명시적 task.title 없이 아이템 hover 사용,
task,56D74344FF680E09,56B11606F5F4DAB2,mi_digital.snbt,,,원자력 액체 해치,modern_industrialization:nuclear_fluid_hatch,,명시적 task.title 없이 아이템 hover 사용,
task,5A345C8847E81172,56B11606F5F4DAB2,mi_digital.snbt,,,원자력 아이템 해치,modern_industrialization:nuclear_item_hatch,,명시적 task.title 없이 아이템 hover 사용,
task,64A9FAB9457BC59A,56B11606F5F4DAB2,mi_digital.snbt,,,"""Uranium Rods""",ftbfiltersystem:smart_filter,,명시적 task.title 없이 아이템 hover 사용,
task,64A9FAB9457BC59A,56B11606F5F4DAB2,mi_digital.snbt,,,"""Uranium Rods""",ftbfiltersystem:smart_filter,,영어 custom_name 또는 literal component,
task,32EE222F64360CED,56B11606F5F4DAB2,mi_digital.snbt,,,"""HE Uranium Rods""",ftbfiltersystem:smart_filter,,명시적 task.title 없이 아이템 hover 사용,
task,32EE222F64360CED,56B11606F5F4DAB2,mi_digital.snbt,,,"""HE Uranium Rods""",ftbfiltersystem:smart_filter,,영어 custom_name 또는 literal component,
task,29558C9620AB6C34,56B11606F5F4DAB2,mi_digital.snbt,,,작은 우라늄 238 가루,modern_industrialization:uranium_238_tiny_dust,,명시적 task.title 없이 아이템 hover 사용,
task,69784D04D5B5F8A2,56B11606F5F4DAB2,mi_digital.snbt,,,작은 우라늄 235 가루,modern_industrialization:uranium_235_tiny_dust,,명시적 task.title 없이 아이템 hover 사용,
task,56CCC4C1D5BB3958,56B11606F5F4DAB2,mi_digital.snbt,,,"""LE Uranium Rods""",ftbfiltersystem:smart_filter,,명시적 task.title 없이 아이템 hover 사용,
task,56CCC4C1D5BB3958,56B11606F5F4DAB2,mi_digital.snbt,,,"""LE Uranium Rods""",ftbfiltersystem:smart_filter,,영어 custom_name 또는 literal component,
task,7219DDD36CAB6346,56B11606F5F4DAB2,mi_digital.snbt,,,"""LE Mox Rods""",ftbfiltersystem:smart_filter,,명시적 task.title 없이 아이템 hover 사용,
task,7219DDD36CAB6346,56B11606F5F4DAB2,mi_digital.snbt,,,"""LE Mox Rods""",ftbfiltersystem:smart_filter,,영어 custom_name 또는 literal component,
task,5488F90F43D7480E,56B11606F5F4DAB2,mi_digital.snbt,,,"""HE Mox Rods""",ftbfiltersystem:smart_filter,,명시적 task.title 없이 아이템 hover 사용,
task,5488F90F43D7480E,56B11606F5F4DAB2,mi_digital.snbt,,,"""HE Mox Rods""",ftbfiltersystem:smart_filter,,영어 custom_name 또는 literal component,
task,6CD934BE64C4BFF8,56B11606F5F4DAB2,mi_digital.snbt,,,열화 LE Mox 연료 막대,modern_industrialization:le_mox_fuel_rod_depleted,,명시적 task.title 없이 아이템 hover 사용,
task,02F8EC4F07155D3E,56B11606F5F4DAB2,mi_digital.snbt,,,열화 HE Mox 연료 막대 ,modern_industrialization:he_mox_fuel_rod_depleted,,명시적 task.title 없이 아이템 hover 사용,
task,1D2FF1E9F4CC4C6B,56B11606F5F4DAB2,mi_digital.snbt,,,열화 LE 우라늄 연료 막대,modern_industrialization:le_uranium_fuel_rod_depleted,,명시적 task.title 없이 아이템 hover 사용,
task,4B435FF027BF3667,56B11606F5F4DAB2,mi_digital.snbt,,,열화 HE 우라늄 연료 막대 ,modern_industrialization:he_uranium_fuel_rod_depleted,,명시적 task.title 없이 아이템 hover 사용,
task,36352ABCE3A24C48,56B11606F5F4DAB2,mi_digital.snbt,,,열화 우라늄 연료 막대,modern_industrialization:uranium_fuel_rod_depleted,,명시적 task.title 없이 아이템 hover 사용,
task,33D552EC81068E96,56B11606F5F4DAB2,mi_digital.snbt,,,LE Mox 가루,modern_industrialization:le_mox_dust,,명시적 task.title 없이 아이템 hover 사용,
task,48F54E61A0F453AC,56B11606F5F4DAB2,mi_digital.snbt,,,HE Mox 가루,modern_industrialization:he_mox_dust,,명시적 task.title 없이 아이템 hover 사용,
task,46A0E7A4792FA17B,56B11606F5F4DAB2,mi_digital.snbt,,,LE 우라늄 가루,modern_industrialization:le_uranium_dust,,명시적 task.title 없이 아이템 hover 사용,
task,64CDE5B76F5C9E58,56B11606F5F4DAB2,mi_digital.snbt,,,HE 우라늄 가루,modern_industrialization:he_uranium_dust,,명시적 task.title 없이 아이템 hover 사용,
task,0B42AF76528F9DC4,56B11606F5F4DAB2,mi_digital.snbt,,,작은 플루토늄 가루,modern_industrialization:plutonium_tiny_dust,,명시적 task.title 없이 아이템 hover 사용,
task,21CAA8582A2DE23E,56B11606F5F4DAB2,mi_digital.snbt,,,플루토늄 가루,modern_industrialization:plutonium_dust,,명시적 task.title 없이 아이템 hover 사용,
task,092670482E12C75F,56B11606F5F4DAB2,mi_digital.snbt,,,중수소 양동이,modern_industrialization:deuterium_bucket,,명시적 task.title 없이 아이템 hover 사용,
task,30C5D634EF699AA5,56B11606F5F4DAB2,mi_digital.snbt,,,중수 양동이,modern_industrialization:heavy_water_bucket,,명시적 task.title 없이 아이템 hover 사용,
task,2B00A8FFB16A9514,56B11606F5F4DAB2,mi_digital.snbt,,,삼중수소 양동이,modern_industrialization:tritium_bucket,,명시적 task.title 없이 아이템 hover 사용,
task,2C8F0CC12F50C859,56B11606F5F4DAB2,mi_digital.snbt,,,핵,modern_industrialization:nuke,,명시적 task.title 없이 아이템 hover 사용,
task,015BDFB2191FA64A,56B11606F5F4DAB2,mi_digital.snbt,,,톨루엔 양동이,modern_industrialization:toluene_bucket,,명시적 task.title 없이 아이템 hover 사용,
task,10F735DA3061FB17,56B11606F5F4DAB2,mi_digital.snbt,,,산업용 TNT,modern_industrialization:industrial_tnt,,명시적 task.title 없이 아이템 hover 사용,
task,691AB40D72F751E4,5C4F10E65D86ED0E,mi_electric.snbt,,,배터리 합금 주괴,modern_industrialization:battery_alloy_ingot,,명시적 task.title 없이 아이템 hover 사용,
task,2C568FA54FB70F86,5C4F10E65D86ED0E,mi_electric.snbt,,,기본 기계 껍데기,modern_industrialization:basic_machine_hull,,명시적 task.title 없이 아이템 hover 사용,
task,6D69FF4588534049,5C4F10E65D86ED0E,mi_electric.snbt,,,LV 증기 터빈,modern_industrialization:lv_steam_turbine,,명시적 task.title 없이 아이템 hover 사용,
task,6CDEED2BBC78670E,5C4F10E65D86ED0E,mi_electric.snbt,,,LV 디젤 발전기,modern_industrialization:lv_diesel_generator,,명시적 task.title 없이 아이템 hover 사용,
task,7D439F105B17385F,5C4F10E65D86ED0E,mi_electric.snbt,,,,ftbfiltersystem:smart_filter,,명시적 task.title 없이 아이템 hover 사용,
task,72823EB9E1443164,5C4F10E65D86ED0E,mi_electric.snbt,,,,ftbfiltersystem:smart_filter,,명시적 task.title 없이 아이템 hover 사용,
task,3B953CA0E590DE2F,5C4F10E65D86ED0E,mi_electric.snbt,,,전기 혼합기,modern_industrialization:electric_mixer,,명시적 task.title 없이 아이템 hover 사용,
task,38A1D2042361336B,5C4F10E65D86ED0E,mi_electric.snbt,,,전기 절단기,modern_industrialization:electric_cutting_machine,,명시적 task.title 없이 아이템 hover 사용,
task,63DEA68BC3EADA42,5C4F10E65D86ED0E,mi_electric.snbt,,,전기 압축기,modern_industrialization:electric_compressor,,명시적 task.title 없이 아이템 hover 사용,
task,14F3E75BB82D79BC,5C4F10E65D86ED0E,mi_electric.snbt,,,전기 화로,modern_industrialization:electric_furnace,,명시적 task.title 없이 아이템 hover 사용,
task,65E19B4A1448ECAC,5C4F10E65D86ED0E,mi_electric.snbt,,,전기 포장기,modern_industrialization:electric_packer,,명시적 task.title 없이 아이템 hover 사용,
task,0674D7249B34CD3A,5C4F10E65D86ED0E,mi_electric.snbt,,,전기 개봉기,modern_industrialization:electric_unpacker,,명시적 task.title 없이 아이템 hover 사용,
task,5E6B9828983DC126,5C4F10E65D86ED0E,mi_electric.snbt,,,전기 선재압연기,modern_industrialization:electric_wiremill,,명시적 task.title 없이 아이템 hover 사용,
task,4DF209F3272E40A8,5C4F10E65D86ED0E,mi_electric.snbt,,,원심분리기,modern_industrialization:centrifuge,,명시적 task.title 없이 아이템 hover 사용,
task,25ABB3EB294BFA5B,5C4F10E65D86ED0E,mi_electric.snbt,,,화학 반응로,modern_industrialization:chemical_reactor,,명시적 task.title 없이 아이템 hover 사용,
task,6C849C43EC0F3420,5C4F10E65D86ED0E,mi_electric.snbt,,,증류소,modern_industrialization:distillery,,명시적 task.title 없이 아이템 hover 사용,
task,7EE05C8BD1CCAE6F,5C4F10E65D86ED0E,mi_electric.snbt,,,전해조,modern_industrialization:electrolyzer,,명시적 task.title 없이 아이템 hover 사용,
task,582951F3A719F7A6,5C4F10E65D86ED0E,mi_electric.snbt,,,조합기,modern_industrialization:assembler,,명시적 task.title 없이 아이템 hover 사용,
task,0AD6B3F753DAD0EB,5C4F10E65D86ED0E,mi_electric.snbt,,,전기 용광로,modern_industrialization:electric_blast_furnace,,명시적 task.title 없이 아이템 hover 사용,
task,29E2C4CCEBB17CD1,5C4F10E65D86ED0E,mi_electric.snbt,,,백동 코일,modern_industrialization:cupronickel_coil,,명시적 task.title 없이 아이템 hover 사용,
task,415FEEAE6A4A5B4D,5C4F10E65D86ED0E,mi_electric.snbt,,,내열 기계 케이싱,modern_industrialization:heatproof_machine_casing,,명시적 task.title 없이 아이템 hover 사용,
task,6DB29EED4570EE19,5C4F10E65D86ED0E,mi_electric.snbt,,,"""Item Input""",ftbfiltersystem:smart_filter,,명시적 task.title 없이 아이템 hover 사용,
task,6DB29EED4570EE19,5C4F10E65D86ED0E,mi_electric.snbt,,,"""Item Input""",ftbfiltersystem:smart_filter,,영어 custom_name 또는 literal component,
task,78EE7446E663633D,5C4F10E65D86ED0E,mi_electric.snbt,,,"""Item Output""",ftbfiltersystem:smart_filter,,명시적 task.title 없이 아이템 hover 사용,
task,78EE7446E663633D,5C4F10E65D86ED0E,mi_electric.snbt,,,"""Item Output""",ftbfiltersystem:smart_filter,,영어 custom_name 또는 literal component,
task,44E2B847A30E2B55,5C4F10E65D86ED0E,mi_electric.snbt,,,"""Energy Input""",ftbfiltersystem:smart_filter,,명시적 task.title 없이 아이템 hover 사용,
task,44E2B847A30E2B55,5C4F10E65D86ED0E,mi_electric.snbt,,,"""Energy Input""",ftbfiltersystem:smart_filter,,영어 custom_name 또는 literal component,
task,3FABDD13E889FCF3,5C4F10E65D86ED0E,mi_electric.snbt,,,자화기,modern_industrialization:polarizer,,명시적 task.title 없이 아이템 hover 사용,
task,35667AD416457B46,5C4F10E65D86ED0E,mi_electric.snbt,,,Electric Alloy Smelter,extended_industrialization:electric_alloy_smelter,,명시적 task.title 없이 아이템 hover 사용,
task,3C32B14A4187E462,5C4F10E65D86ED0E,mi_electric.snbt,,,피스톤,modern_industrialization:piston,,명시적 task.title 없이 아이템 hover 사용,
task,5C07264A4F208B2F,5C4F10E65D86ED0E,mi_electric.snbt,,,펌프,modern_industrialization:pump,,명시적 task.title 없이 아이템 hover 사용,
task,64357AC88AC6E2BE,5C4F10E65D86ED0E,mi_electric.snbt,,,모터,modern_industrialization:motor,,명시적 task.title 없이 아이템 hover 사용,
task,068DBFFE08B435F1,5C4F10E65D86ED0E,mi_electric.snbt,,,컨베이어,modern_industrialization:conveyor,,명시적 task.title 없이 아이템 hover 사용,
task,121730BFAD05B861,5C4F10E65D86ED0E,mi_electric.snbt,,,로봇 팔,modern_industrialization:robot_arm,,명시적 task.title 없이 아이템 hover 사용,
task,7367D3B6C3A43CFC,5C4F10E65D86ED0E,mi_electric.snbt,,,대형 펌프,modern_industrialization:large_pump,,명시적 task.title 없이 아이템 hover 사용,
task,3BFD37E63791F445,5C4F10E65D86ED0E,mi_electric.snbt,,,대형 모터,modern_industrialization:large_motor,,명시적 task.title 없이 아이템 hover 사용,
task,07EE5563589D413A,5C4F10E65D86ED0E,mi_electric.snbt,,,다이오드,modern_industrialization:diode,,명시적 task.title 없이 아이템 hover 사용,
task,4142EF8BF30A6790,5C4F10E65D86ED0E,mi_electric.snbt,,,트랜지스터,modern_industrialization:transistor,,명시적 task.title 없이 아이템 hover 사용,
task,4912F724E36A8CE5,5C4F10E65D86ED0E,mi_electric.snbt,,,전자 회로 판,modern_industrialization:electronic_circuit_board,,명시적 task.title 없이 아이템 hover 사용,
task,141099F7BA239673,5C4F10E65D86ED0E,mi_electric.snbt,,,전자 회로,modern_industrialization:electronic_circuit,,명시적 task.title 없이 아이템 hover 사용,
task,7865BF3228CAA87B,5C4F10E65D86ED0E,mi_electric.snbt,,,폴리에틸렌 양동이,modern_industrialization:polyethylene_bucket,,명시적 task.title 없이 아이템 hover 사용,
task,1C2620CE3D045981,5C4F10E65D86ED0E,mi_electric.snbt,,,기본 업그레이드,modern_industrialization:basic_upgrade,,명시적 task.title 없이 아이템 hover 사용,
task,4A47773792B1E0E8,5C4F10E65D86ED0E,mi_electric.snbt,,,오버드라이브 모듈,modern_industrialization:overdrive_module,,명시적 task.title 없이 아이템 hover 사용,
task,0A67549550DBA960,5C4F10E65D86ED0E,mi_electric.snbt,,,황산 경유 양동이,modern_industrialization:sulfuric_light_fuel_bucket,,명시적 task.title 없이 아이템 hover 사용,
task,2D07751905D29B58,5C4F10E65D86ED0E,mi_electric.snbt,,,황산 중유 양동이,modern_industrialization:sulfuric_heavy_fuel_bucket,,명시적 task.title 없이 아이템 hover 사용,
task,41E3E73942572378,5C4F10E65D86ED0E,mi_electric.snbt,,,황산 나프타 양동이,modern_industrialization:sulfuric_naphtha_bucket,,명시적 task.title 없이 아이템 hover 사용,
task,283AF4E0EBA9A72B,5C4F10E65D86ED0E,mi_electric.snbt,,,진공 냉각기,modern_industrialization:vacuum_freezer,,명시적 task.title 없이 아이템 hover 사용,
task,70F211A6F38841BE,5C4F10E65D86ED0E,mi_electric.snbt,,,내한 기계 케이싱,modern_industrialization:frostproof_machine_casing,,명시적 task.title 없이 아이템 hover 사용,
task,6B10A4FF15C36AEA,5C4F10E65D86ED0E,mi_electric.snbt,,,"""Energy Input""",ftbfiltersystem:smart_filter,,명시적 task.title 없이 아이템 hover 사용,
task,6B10A4FF15C36AEA,5C4F10E65D86ED0E,mi_electric.snbt,,,"""Energy Input""",ftbfiltersystem:smart_filter,,영어 custom_name 또는 literal component,
task,09E07C7A9BE00673,5C4F10E65D86ED0E,mi_electric.snbt,,,"""Item Input""",ftbfiltersystem:smart_filter,,명시적 task.title 없이 아이템 hover 사용,
task,09E07C7A9BE00673,5C4F10E65D86ED0E,mi_electric.snbt,,,"""Item Input""",ftbfiltersystem:smart_filter,,영어 custom_name 또는 literal component,
task,38890F614E8CFDF6,5C4F10E65D86ED0E,mi_electric.snbt,,,"""Item Output""",ftbfiltersystem:smart_filter,,명시적 task.title 없이 아이템 hover 사용,
task,38890F614E8CFDF6,5C4F10E65D86ED0E,mi_electric.snbt,,,"""Item Output""",ftbfiltersystem:smart_filter,,영어 custom_name 또는 literal component,
task,00BBEE30A3FDC60A,5C4F10E65D86ED0E,mi_electric.snbt,,,"""Fluid Input""",ftbfiltersystem:smart_filter,,명시적 task.title 없이 아이템 hover 사용,
task,00BBEE30A3FDC60A,5C4F10E65D86ED0E,mi_electric.snbt,,,"""Fluid Input""",ftbfiltersystem:smart_filter,,영어 custom_name 또는 literal component,
task,440F7D598456C842,5C4F10E65D86ED0E,mi_electric.snbt,,,"""Fluid Output""",ftbfiltersystem:smart_filter,,명시적 task.title 없이 아이템 hover 사용,
task,440F7D598456C842,5C4F10E65D86ED0E,mi_electric.snbt,,,"""Fluid Output""",ftbfiltersystem:smart_filter,,영어 custom_name 또는 literal component,
task,3ABD59FA929CDF7D,5C4F10E65D86ED0E,mi_electric.snbt,,,석유 시추기,modern_industrialization:oil_drilling_rig,,명시적 task.title 없이 아이템 hover 사용,
task,7BC14728678BD605,5C4F10E65D86ED0E,mi_electric.snbt,,,강철 기계 케이싱,modern_industrialization:steel_machine_casing,,명시적 task.title 없이 아이템 hover 사용,
task,0F867DF3E927354D,5C4F10E65D86ED0E,mi_electric.snbt,,,"""Fluid Output""",ftbfiltersystem:smart_filter,,명시적 task.title 없이 아이템 hover 사용,
task,0F867DF3E927354D,5C4F10E65D86ED0E,mi_electric.snbt,,,"""Fluid Output""",ftbfiltersystem:smart_filter,,영어 custom_name 또는 literal component,
task,0D0FE7C150C1D1AC,5C4F10E65D86ED0E,mi_electric.snbt,,,"""Energy Input""",ftbfiltersystem:smart_filter,,명시적 task.title 없이 아이템 hover 사용,
task,0D0FE7C150C1D1AC,5C4F10E65D86ED0E,mi_electric.snbt,,,"""Energy Input""",ftbfiltersystem:smart_filter,,영어 custom_name 또는 literal component,
task,12161B084B0E5AFA,5C4F10E65D86ED0E,mi_electric.snbt,,,"""Item Input""",ftbfiltersystem:smart_filter,,명시적 task.title 없이 아이템 hover 사용,
task,12161B084B0E5AFA,5C4F10E65D86ED0E,mi_electric.snbt,,,"""Item Input""",ftbfiltersystem:smart_filter,,영어 custom_name 또는 literal component,
task,4C055FBE12EA59E6,5C4F10E65D86ED0E,mi_electric.snbt,,,황산 양동이,modern_industrialization:sulfuric_acid_bucket,,명시적 task.title 없이 아이템 hover 사용,
task,23680BFD4BCB3E1D,5C4F10E65D86ED0E,mi_electric.snbt,,,염산 양동이,modern_industrialization:hydrochloric_acid_bucket,,명시적 task.title 없이 아이템 hover 사용,
task,4413F9AC0D1D93B0,5C4F10E65D86ED0E,mi_electric.snbt,,,헬륨 양동이,modern_industrialization:helium_bucket,,명시적 task.title 없이 아이템 hover 사용,
task,3A27079146619245,5C4F10E65D86ED0E,mi_electric.snbt,,,황산 원유 양동이,modern_industrialization:sulfuric_crude_oil_bucket,,명시적 task.title 없이 아이템 hover 사용,
task,2FAE3C5241E0A731,5C4F10E65D86ED0E,mi_electric.snbt,,,황산 나프타 양동이,modern_industrialization:sulfuric_naphtha_bucket,,명시적 task.title 없이 아이템 hover 사용,
task,1CD5885FAD297518,5C4F10E65D86ED0E,mi_electric.snbt,,,분쇄된 망간 가루,modern_industrialization:manganese_crushed_dust,,명시적 task.title 없이 아이템 hover 사용,
task,6B83ADDB8B8E35C2,5C4F10E65D86ED0E,mi_electric.snbt,,,분쇄된 크롬 가루,modern_industrialization:chromium_crushed_dust,,명시적 task.title 없이 아이템 hover 사용,
task,533C0DC80A58B067,5C4F10E65D86ED0E,mi_electric.snbt,,,이트륨 가루,modern_industrialization:yttrium_dust,,명시적 task.title 없이 아이템 hover 사용,
task,4BD7EE25CADA4EA3,5C4F10E65D86ED0E,mi_electric.snbt,,,네오디뮴 가루,modern_industrialization:neodymium_dust,,명시적 task.title 없이 아이템 hover 사용,
task,5E6B9B2E063B63FF,5C4F10E65D86ED0E,mi_electric.snbt,,,카드뮴 가루,modern_industrialization:cadmium_dust,,명시적 task.title 없이 아이템 hover 사용,
task,7261A13570567975,5C4F10E65D86ED0E,mi_electric.snbt,,,크롬 가루,modern_industrialization:chromium_dust,,명시적 task.title 없이 아이템 hover 사용,
task,07BA1742108DF0FA,5C4F10E65D86ED0E,mi_electric.snbt,,,망간 가루,modern_industrialization:manganese_dust,,명시적 task.title 없이 아이템 hover 사용,
task,3F5F3C5A7CD445DB,5C4F10E65D86ED0E,mi_electric.snbt,,,스테인리스강 가루,modern_industrialization:stainless_steel_dust,,명시적 task.title 없이 아이템 hover 사용,
task,4B6D136654AE1E35,5C4F10E65D86ED0E,mi_electric.snbt,,,뜨거운 스테인리스강 주괴,modern_industrialization:stainless_steel_hot_ingot,,명시적 task.title 없이 아이템 hover 사용,
task,6022B23B42F6A4C7,5C4F10E65D86ED0E,mi_electric.snbt,,,스테인리스강 주괴,modern_industrialization:stainless_steel_ingot,,명시적 task.title 없이 아이템 hover 사용,
task,7D15FE8048917309,5C4F10E65D86ED0E,mi_electric.snbt,,,발전된 기계 껍데기,modern_industrialization:advanced_machine_hull,,명시적 task.title 없이 아이템 hover 사용,
task,2AA70E56FFE90C76,5C4F10E65D86ED0E,mi_electric.snbt,,,P 도핑 실리콘 판,modern_industrialization:silicon_p_doped_plate,,명시적 task.title 없이 아이템 hover 사용,
task,10CF66C28090A59C,5C4F10E65D86ED0E,mi_electric.snbt,,,N 도핑 실리콘 판,modern_industrialization:silicon_n_doped_plate,,명시적 task.title 없이 아이템 hover 사용,
task,6B527334F91CCB23,5C4F10E65D86ED0E,mi_electric.snbt,,,연산 증폭기,modern_industrialization:op_amp,,명시적 task.title 없이 아이템 hover 사용,
task,3B3D50CBD9D8EAA2,5C4F10E65D86ED0E,mi_electric.snbt,,,AND 게이트,modern_industrialization:and_gate,,명시적 task.title 없이 아이템 hover 사용,
task,7740458518FE75CA,5C4F10E65D86ED0E,mi_electric.snbt,,,OR 게이트,modern_industrialization:or_gate,,명시적 task.title 없이 아이템 hover 사용,
task,21F9349F8C2B33BB,5C4F10E65D86ED0E,mi_electric.snbt,,,NOT 게이트,modern_industrialization:not_gate,,명시적 task.title 없이 아이템 hover 사용,
task,6500A276B274A66B,5C4F10E65D86ED0E,mi_electric.snbt,,,디지털 회로,modern_industrialization:digital_circuit,,명시적 task.title 없이 아이템 hover 사용,
task,2F90746521648FE9,5C4F10E65D86ED0E,mi_electric.snbt,,,발전된 업그레이드,modern_industrialization:advanced_upgrade,,명시적 task.title 없이 아이템 hover 사용,
task,544B2FE17D85B900,25344A9254E02C8E,mi_endgame.snbt,,,큐비트,modern_industrialization:qubit,,명시적 task.title 없이 아이템 hover 사용,
task,1157CD24696CDA47,25344A9254E02C8E,mi_endgame.snbt,,,퀀텀 회로 판,modern_industrialization:quantum_circuit_board,,명시적 task.title 없이 아이템 hover 사용,
task,5B7DD737C6D8ACF4,25344A9254E02C8E,mi_endgame.snbt,,,냉각 셀,modern_industrialization:cooling_cell,,명시적 task.title 없이 아이템 hover 사용,
task,31488FFA14628345,25344A9254E02C8E,mi_endgame.snbt,,,퀀텀 회로,modern_industrialization:quantum_circuit,,명시적 task.title 없이 아이템 hover 사용,
task,75FA023C47EAD77A,25344A9254E02C8E,mi_endgame.snbt,,,초저온 액체 양동이,modern_industrialization:cryofluid_bucket,,명시적 task.title 없이 아이템 hover 사용,
task,06608185479396D7,25344A9254E02C8E,mi_endgame.snbt,,,헬륨 3 양동이,modern_industrialization:helium_3_bucket,,명시적 task.title 없이 아이템 hover 사용,
task,52451673B1B76E89,25344A9254E02C8E,mi_endgame.snbt,,,탄소 판,modern_industrialization:carbon_plate,,명시적 task.title 없이 아이템 hover 사용,
task,5640268CBAA46529,25344A9254E02C8E,mi_endgame.snbt,,,탄소 가루,modern_industrialization:carbon_dust,,명시적 task.title 없이 아이템 hover 사용,
task,3063E6C45406A71E,25344A9254E02C8E,mi_endgame.snbt,,,초전도 주괴,modern_industrialization:superconductor_ingot,,명시적 task.title 없이 아이템 hover 사용,
task,39C17BD3F3010ED3,25344A9254E02C8E,mi_endgame.snbt,,,열처리 구리 주괴,modern_industrialization:annealed_copper_ingot,,명시적 task.title 없이 아이템 hover 사용,
task,792D17F92E68F56B,25344A9254E02C8E,mi_endgame.snbt,,,소형 열교환기,modern_industrialization:small_heat_exchanger,,명시적 task.title 없이 아이템 hover 사용,
task,343081AB25D232B3,25344A9254E02C8E,mi_endgame.snbt,,,플루토늄 배터리,modern_industrialization:plutonium_battery,,명시적 task.title 없이 아이템 hover 사용,
task,522899A9ECB949DB,25344A9254E02C8E,mi_endgame.snbt,,,특이점,modern_industrialization:singularity,,명시적 task.title 없이 아이템 hover 사용,
task,0DB1ED2A07D1C234,25344A9254E02C8E,mi_endgame.snbt,,,초고밀도 금속 공,modern_industrialization:ultradense_metal_ball,,명시적 task.title 없이 아이템 hover 사용,
task,3117D48027C190C7,25344A9254E02C8E,mi_endgame.snbt,,,핵,modern_industrialization:nuke,,명시적 task.title 없이 아이템 hover 사용,
task,73897EDFF6685AA2,25344A9254E02C8E,mi_endgame.snbt,,,초전도 케이블,modern_industrialization:superconductor_cable,,명시적 task.title 없이 아이템 hover 사용,
task,19A26AD461348543,25344A9254E02C8E,mi_endgame.snbt,,,퀀텀 기계 껍데기,modern_industrialization:quantum_machine_hull,,명시적 task.title 없이 아이템 hover 사용,
task,65826DAAA945A208,25344A9254E02C8E,mi_endgame.snbt,,,퀀텀 업그레이드,modern_industrialization:quantum_upgrade,,명시적 task.title 없이 아이템 hover 사용,
task,39DBE073F1AC715D,25344A9254E02C8E,mi_endgame.snbt,,,고도로 발전된 업그레이드,modern_industrialization:highly_advanced_upgrade,,명시적 task.title 없이 아이템 hover 사용,
task,247F06DB4E33713A,25344A9254E02C8E,mi_endgame.snbt,,,퀀텀 검,modern_industrialization:quantum_sword,,명시적 task.title 없이 아이템 hover 사용,
task,1FD3DACE5A5CADE4,25344A9254E02C8E,mi_endgame.snbt,,,퀀텀 투구,modern_industrialization:quantum_helmet,,명시적 task.title 없이 아이템 hover 사용,
task,06D8FD3BC313D1E0,25344A9254E02C8E,mi_endgame.snbt,,,퀀텀 장화,modern_industrialization:quantum_boots,,명시적 task.title 없이 아이템 hover 사용,
task,65F4BE60A6B60111,25344A9254E02C8E,mi_endgame.snbt,,,퀀텀 흉갑,modern_industrialization:quantum_chestplate,,명시적 task.title 없이 아이템 hover 사용,
task,6240E77AEE8C6E4B,25344A9254E02C8E,mi_endgame.snbt,,,퀀텀 레깅스,modern_industrialization:quantum_leggings,,명시적 task.title 없이 아이템 hover 사용,
task,1F44E7BEA2D191E5,0D990A1D1E088701,mi_steam.snbt,,,,minecraft:copper_ingot,,명시적 task.title 없이 아이템 hover 사용,
task,4913DFA8F77207F9,0D990A1D1E088701,mi_steam.snbt,,,포지 해머,modern_industrialization:forge_hammer,,명시적 task.title 없이 아이템 hover 사용,
task,5BD4D6622B8FBB6A,0D990A1D1E088701,mi_steam.snbt,,,,ftbfiltersystem:smart_filter,,명시적 task.title 없이 아이템 hover 사용,
task,7A541C630E16839D,0D990A1D1E088701,mi_steam.snbt,,,증기 채광용 드릴,modern_industrialization:steam_mining_drill,,명시적 task.title 없이 아이템 hover 사용,
task,7F822A21A9F71A4F,0D990A1D1E088701,mi_steam.snbt,,,구리 가루,alltheores:copper_dust,,명시적 task.title 없이 아이템 hover 사용,
task,0F842F82A0D203C1,0D990A1D1E088701,mi_steam.snbt,,,주석 가루,alltheores:tin_dust,,명시적 task.title 없이 아이템 hover 사용,
task,3757D2DF38EEC39F,0D990A1D1E088701,mi_steam.snbt,,,청동 가루,alltheores:bronze_dust,,명시적 task.title 없이 아이템 hover 사용,
task,7CDFA2DF8667BD85,0D990A1D1E088701,mi_steam.snbt,,,청동 보일러,modern_industrialization:bronze_boiler,,명시적 task.title 없이 아이템 hover 사용,
task,0CB084DA0B1B2E48,0D990A1D1E088701,mi_steam.snbt,,,청동 압축기,modern_industrialization:bronze_compressor,,명시적 task.title 없이 아이템 hover 사용,
task,12BEB18A4CA48B36,0D990A1D1E088701,mi_steam.snbt,,,청동 혼합기,modern_industrialization:bronze_mixer,,명시적 task.title 없이 아이템 hover 사용,
task,285046A3D174393D,0D990A1D1E088701,mi_steam.snbt,,,청동 분쇄기,modern_industrialization:bronze_macerator,,명시적 task.title 없이 아이템 hover 사용,
task,33B52D134132DB23,0D990A1D1E088701,mi_steam.snbt,,,청동 화로,modern_industrialization:bronze_furnace,,명시적 task.title 없이 아이템 hover 사용,
task,437D9992275B9E20,0D990A1D1E088701,mi_steam.snbt,,,청동 절단기,modern_industrialization:bronze_cutting_machine,,명시적 task.title 없이 아이템 hover 사용,
task,486E11E2AD353FD0,0D990A1D1E088701,mi_steam.snbt,,,코크스로,modern_industrialization:coke_oven,,명시적 task.title 없이 아이템 hover 사용,
task,3D336BF6B98BCDBD,0D990A1D1E088701,mi_steam.snbt,,,,minecraft:bricks,,명시적 task.title 없이 아이템 hover 사용,
task,0CC101856C2C6399,0D990A1D1E088701,mi_steam.snbt,,,청동 액체 반입 해치,modern_industrialization:bronze_fluid_input_hatch,,명시적 task.title 없이 아이템 hover 사용,
task,3EE95FD706DAD4A3,0D990A1D1E088701,mi_steam.snbt,,,청동 아이템 반입 해치,modern_industrialization:bronze_item_input_hatch,,명시적 task.title 없이 아이템 hover 사용,
task,105F6B42CA309428,0D990A1D1E088701,mi_steam.snbt,,,청동 액체 반출 해치,modern_industrialization:bronze_fluid_output_hatch,,명시적 task.title 없이 아이템 hover 사용,
task,7D0BD51347B59B4F,0D990A1D1E088701,mi_steam.snbt,,,청동 아이템 반출 해치,modern_industrialization:bronze_item_output_hatch,,명시적 task.title 없이 아이템 hover 사용,
task,169FF4EED4E2E34B,0D990A1D1E088701,mi_steam.snbt,,,증기 용광로,modern_industrialization:steam_blast_furnace,,명시적 task.title 없이 아이템 hover 사용,
task,2B7B934A14B803B3,0D990A1D1E088701,mi_steam.snbt,,,내화 점토 벽돌,modern_industrialization:fire_clay_bricks,,명시적 task.title 없이 아이템 hover 사용,
task,44DD7B8E4667FB3A,0D990A1D1E088701,mi_steam.snbt,,,청동 액체 반입 해치,modern_industrialization:bronze_fluid_input_hatch,,명시적 task.title 없이 아이템 hover 사용,
task,7334D68F82919C0D,0D990A1D1E088701,mi_steam.snbt,,,청동 아이템 반입 해치,modern_industrialization:bronze_item_input_hatch,,명시적 task.title 없이 아이템 hover 사용,
task,122031BE006EFAB9,0D990A1D1E088701,mi_steam.snbt,,,청동 액체 반출 해치,modern_industrialization:bronze_fluid_output_hatch,,명시적 task.title 없이 아이템 hover 사용,
task,38D189126455CEAB,0D990A1D1E088701,mi_steam.snbt,,,청동 아이템 반출 해치,modern_industrialization:bronze_item_output_hatch,,명시적 task.title 없이 아이템 hover 사용,
task,41A02B5E032E1A20,0D990A1D1E088701,mi_steam.snbt,,,선철 가루,modern_industrialization:uncooked_steel_dust,,명시적 task.title 없이 아이템 hover 사용,
task,2027616929A4AA39,0D990A1D1E088701,mi_steam.snbt,,,강철 주괴,alltheores:steel_ingot,,명시적 task.title 없이 아이템 hover 사용,
task,512084F430CB5FC4,0D990A1D1E088701,mi_steam.snbt,,,강철 업그레이드,modern_industrialization:steel_upgrade,,명시적 task.title 없이 아이템 hover 사용,
task,32CDFEB60A73F4BA,0D990A1D1E088701,mi_steam.snbt,,,강철 기계 케이싱,modern_industrialization:steel_machine_casing,,명시적 task.title 없이 아이템 hover 사용,
task,28147BDF199A9F16,0D990A1D1E088701,mi_steam.snbt,,,강철 선재압연기,modern_industrialization:steel_wiremill,,명시적 task.title 없이 아이템 hover 사용,
task,5000AFEC5249B03E,0D990A1D1E088701,mi_steam.snbt,,,Steel Alloy Smelter,extended_industrialization:steel_alloy_smelter,,명시적 task.title 없이 아이템 hover 사용,
task,01AB9F57167DAF26,0D990A1D1E088701,mi_steam.snbt,,,강철 포장기,modern_industrialization:steel_packer,,명시적 task.title 없이 아이템 hover 사용,
task,34A7B0BCC713355F,0D990A1D1E088701,mi_steam.snbt,,,강철 개봉기,modern_industrialization:steel_unpacker,,명시적 task.title 없이 아이템 hover 사용,
task,11CF48CE2756F8B8,0D990A1D1E088701,mi_steam.snbt,,,증기 채석기,modern_industrialization:steam_quarry,,명시적 task.title 없이 아이템 hover 사용,
task,25EE6F30DA423797,0D990A1D1E088701,mi_steam.snbt,,,강철 기계 케이싱,modern_industrialization:steel_machine_casing,,명시적 task.title 없이 아이템 hover 사용,
task,67C59F34ACE258CD,0D990A1D1E088701,mi_steam.snbt,,,강철 파이프 기계 케이싱,modern_industrialization:steel_machine_casing_pipe,,명시적 task.title 없이 아이템 hover 사용,
task,0E56A483E60FDAC6,0D990A1D1E088701,mi_steam.snbt,,,강철 아이템 반입 해치,modern_industrialization:steel_item_input_hatch,,명시적 task.title 없이 아이템 hover 사용,
task,6C0D703F6A481F7F,0D990A1D1E088701,mi_steam.snbt,,,강철 액체 반입 해치,modern_industrialization:steel_fluid_input_hatch,,명시적 task.title 없이 아이템 hover 사용,
task,64B77F0C38325F95,0D990A1D1E088701,mi_steam.snbt,,,강철 아이템 반출 해치,modern_industrialization:steel_item_output_hatch,,명시적 task.title 없이 아이템 hover 사용,
task,2F7F83C7B8505EB5,0D990A1D1E088701,mi_steam.snbt,,,구리 선,modern_industrialization:copper_wire,,명시적 task.title 없이 아이템 hover 사용,
task,2079CE6ECA9A972D,0D990A1D1E088701,mi_steam.snbt,,,가는 구리 선,modern_industrialization:copper_fine_wire,,명시적 task.title 없이 아이템 hover 사용,
task,071487AAFBB38D16,0D990A1D1E088701,mi_steam.snbt,,,고무 시트,modern_industrialization:rubber_sheet,,명시적 task.title 없이 아이템 hover 사용,
task,29F80FAAF4D1B86A,0D990A1D1E088701,mi_steam.snbt,,,아날로그 회로 판,modern_industrialization:analog_circuit_board,,명시적 task.title 없이 아이템 hover 사용,
task,366FD0ECE4AE729E,0D990A1D1E088701,mi_steam.snbt,,,저항,modern_industrialization:resistor,,명시적 task.title 없이 아이템 hover 사용,
task,2AE621CDF8970E64,0D990A1D1E088701,mi_steam.snbt,,,커패시터,modern_industrialization:capacitor,,명시적 task.title 없이 아이템 hover 사용,
task,7FCEE038C02EC2AC,0D990A1D1E088701,mi_steam.snbt,,,아날로그 회로,modern_industrialization:analog_circuit,,명시적 task.title 없이 아이템 hover 사용,
task,08D4CEAE1B60A8C4,0AB4F9AED808DE48,modular_router.snbt,,,모듈식 라우터,modularrouters:modular_router,,명시적 task.title 없이 아이템 hover 사용,
task,3B06163129B8276F,0AB4F9AED808DE48,modular_router.snbt,,,빈 모듈,modularrouters:blank_module,,명시적 task.title 없이 아이템 hover 사용,
task,012EA4B7B434EC45,0AB4F9AED808DE48,modular_router.snbt,,,빈 업그레이드,modularrouters:blank_upgrade,,명시적 task.title 없이 아이템 hover 사용,
task,06D427AC0C2C34A2,0AB4F9AED808DE48,modular_router.snbt,,,강화 코어,modularrouters:augment_core,,명시적 task.title 없이 아이템 hover 사용,
quest,20D4568857887D38,0AB4F9AED808DE48,modular_router.snbt,,,방폭 업그레이드,modularrouters:blast_upgrade,,설명은 있으나 명시적 quest.title 없음,
task,23EBEF198A2C8DB6,0AB4F9AED808DE48,modular_router.snbt,,,방폭 업그레이드,modularrouters:blast_upgrade,,명시적 task.title 없이 아이템 hover 사용,
quest,09E25B1CD6CABD5A,0AB4F9AED808DE48,modular_router.snbt,,,위장 업그레이드,modularrouters:camouflage_upgrade,,설명은 있으나 명시적 quest.title 없음,
task,766CBD152FEDF577,0AB4F9AED808DE48,modular_router.snbt,,,위장 업그레이드,modularrouters:camouflage_upgrade,,명시적 task.title 없이 아이템 hover 사용,
quest,1069244EB72F64CA,0AB4F9AED808DE48,modular_router.snbt,,,에너지 업그레이드,modularrouters:energy_upgrade,,설명은 있으나 명시적 quest.title 없음,
task,1D52EFEDE64C4A40,0AB4F9AED808DE48,modular_router.snbt,,,에너지 업그레이드,modularrouters:energy_upgrade,,명시적 task.title 없이 아이템 hover 사용,
quest,4FA5192164E4A427,0AB4F9AED808DE48,modular_router.snbt,,,유체 전송 모듈,modularrouters:fluid_upgrade,,설명은 있으나 명시적 quest.title 없음,
task,30B31BFD457C85FB,0AB4F9AED808DE48,modular_router.snbt,,,유체 전송 모듈,modularrouters:fluid_upgrade,,명시적 task.title 없이 아이템 hover 사용,
quest,2447208F1DC74FFE,0AB4F9AED808DE48,modular_router.snbt,,,소음기 업그레이드,modularrouters:muffler_upgrade,,설명은 있으나 명시적 quest.title 없음,
task,423F8BB90E4EAF61,0AB4F9AED808DE48,modular_router.snbt,,,소음기 업그레이드,modularrouters:muffler_upgrade,,명시적 task.title 없이 아이템 hover 사용,
quest,10672B5991E5FC34,0AB4F9AED808DE48,modular_router.snbt,,,보안 업그레이드,modularrouters:security_upgrade,,설명은 있으나 명시적 quest.title 없음,
task,7A44262F9ADCBF27,0AB4F9AED808DE48,modular_router.snbt,,,보안 업그레이드,modularrouters:security_upgrade,,명시적 task.title 없이 아이템 hover 사용,
quest,309B6B8368E535A0,0AB4F9AED808DE48,modular_router.snbt,,,속도 업그레이드,modularrouters:speed_upgrade,,설명은 있으나 명시적 quest.title 없음,
task,2D6601DF1C229C1F,0AB4F9AED808DE48,modular_router.snbt,,,속도 업그레이드,modularrouters:speed_upgrade,,명시적 task.title 없이 아이템 hover 사용,
quest,4CC963F5AECF285A,0AB4F9AED808DE48,modular_router.snbt,,,스택 업그레이드,modularrouters:stack_upgrade,,설명은 있으나 명시적 quest.title 없음,
task,4D0FC01C8A201175,0AB4F9AED808DE48,modular_router.snbt,,,스택 업그레이드,modularrouters:stack_upgrade,,명시적 task.title 없이 아이템 hover 사용,
quest,553C44F85E508DE3,0AB4F9AED808DE48,modular_router.snbt,,,동기화 업그레이드,modularrouters:sync_upgrade,,설명은 있으나 명시적 quest.title 없음,
task,6AAF612711A3A7AA,0AB4F9AED808DE48,modular_router.snbt,,,동기화 업그레이드,modularrouters:sync_upgrade,,명시적 task.title 없이 아이템 hover 사용,
quest,0CE236731DF15DFF,0AB4F9AED808DE48,modular_router.snbt,,,빠른 수집 강화,modularrouters:fast_pickup_augment,,설명은 있으나 명시적 quest.title 없음,
task,7324614BF105A6CC,0AB4F9AED808DE48,modular_router.snbt,,,빠른 수집 강화,modularrouters:fast_pickup_augment,,명시적 task.title 없이 아이템 hover 사용,
quest,76062D375E4CC8DD,0AB4F9AED808DE48,modular_router.snbt,,,필터 라운드 로빈 강화,modularrouters:filter_round_robin_augment,,설명은 있으나 명시적 quest.title 없음,
task,6E394B94A54824DE,0AB4F9AED808DE48,modular_router.snbt,,,필터 라운드 로빈 강화,modularrouters:filter_round_robin_augment,,명시적 task.title 없이 아이템 hover 사용,
quest,2DD5F0693780B10A,0AB4F9AED808DE48,modular_router.snbt,,,미믹 강화,modularrouters:mimic_augment,,설명은 있으나 명시적 quest.title 없음,
task,5536050510B029C8,0AB4F9AED808DE48,modular_router.snbt,,,미믹 강화,modularrouters:mimic_augment,,명시적 task.title 없이 아이템 hover 사용,
quest,674F28BCA2E4A3C8,0AB4F9AED808DE48,modular_router.snbt,,,조절기 가오하,modularrouters:regulator_augment,,설명은 있으나 명시적 quest.title 없음,
task,2835082179389E8E,0AB4F9AED808DE48,modular_router.snbt,,,조절기 가오하,modularrouters:regulator_augment,,명시적 task.title 없이 아이템 hover 사용,
quest,177396B9C4F9B3E2,0AB4F9AED808DE48,modular_router.snbt,,,주십 딜레이 강화,modularrouters:pickup_delay_augment,,설명은 있으나 명시적 quest.title 없음,
task,6F6DAB4EA217843B,0AB4F9AED808DE48,modular_router.snbt,,,주십 딜레이 강화,modularrouters:pickup_delay_augment,,명시적 task.title 없이 아이템 hover 사용,
quest,5560F303C452E110,0AB4F9AED808DE48,modular_router.snbt,,,밀기 강화,modularrouters:pushing_augment,,설명은 있으나 명시적 quest.title 없음,
task,26F317C784B8EB41,0AB4F9AED808DE48,modular_router.snbt,,,밀기 강화,modularrouters:pushing_augment,,명시적 task.title 없이 아이템 hover 사용,
quest,1A806C1A54B26EB5,0AB4F9AED808DE48,modular_router.snbt,,,범위 감소 강화,modularrouters:range_down_augment,,설명은 있으나 명시적 quest.title 없음,
task,522EAFFE3BB0AEED,0AB4F9AED808DE48,modular_router.snbt,,,범위 감소 강화,modularrouters:range_down_augment,,명시적 task.title 없이 아이템 hover 사용,
quest,4EAFE7B240AF0A4D,0AB4F9AED808DE48,modular_router.snbt,,,범위 증가 강화,modularrouters:range_up_augment,,설명은 있으나 명시적 quest.title 없음,
task,61990DF29765904E,0AB4F9AED808DE48,modular_router.snbt,,,범위 증가 강화,modularrouters:range_up_augment,,명시적 task.title 없이 아이템 hover 사용,
quest,3025081DA6D2B398,0AB4F9AED808DE48,modular_router.snbt,,,레드스톤 강화,modularrouters:redstone_augment,,설명은 있으나 명시적 quest.title 없음,
task,6988516896A11B77,0AB4F9AED808DE48,modular_router.snbt,,,레드스톤 강화,modularrouters:redstone_augment,,명시적 task.title 없이 아이템 hover 사용,
quest,5FB29F3F4DF17765,0AB4F9AED808DE48,modular_router.snbt,,,스택 강화,modularrouters:stack_augment,,설명은 있으나 명시적 quest.title 없음,
task,0F4A2E8C9A3BCEB2,0AB4F9AED808DE48,modular_router.snbt,,,스택 강화,modularrouters:stack_augment,,명시적 task.title 없이 아이템 hover 사용,
quest,6B747129A85AA768,0AB4F9AED808DE48,modular_router.snbt,,,경험치 흡수 모듈,modularrouters:xp_vacuum_augment,,설명은 있으나 명시적 quest.title 없음,
task,69A9229F1A9CC4AA,0AB4F9AED808DE48,modular_router.snbt,,,경험치 흡수 모듈,modularrouters:xp_vacuum_augment,,명시적 task.title 없이 아이템 hover 사용,
quest,71A1FD0772453B51,0AB4F9AED808DE48,modular_router.snbt,,,활성기 모듈,modularrouters:activator_module,,설명은 있으나 명시적 quest.title 없음,
task,08229003D4BAB8B9,0AB4F9AED808DE48,modular_router.snbt,,,활성기 모듈,modularrouters:activator_module,,명시적 task.title 없이 아이템 hover 사용,
quest,53B58FC3958750E7,0AB4F9AED808DE48,modular_router.snbt,,,파괴 모듈,modularrouters:breaker_module,,설명은 있으나 명시적 quest.title 없음,
task,22FF211D541738D9,0AB4F9AED808DE48,modular_router.snbt,,,파괴 모듈,modularrouters:breaker_module,,명시적 task.title 없이 아이템 hover 사용,
quest,01C5D8357D8B0D62,0AB4F9AED808DE48,modular_router.snbt,,,감지기 모듈,modularrouters:detector_module,,설명은 있으나 명시적 quest.title 없음,
task,35176C32CFAE3BB7,0AB4F9AED808DE48,modular_router.snbt,,,감지기 모듈,modularrouters:detector_module,,명시적 task.title 없이 아이템 hover 사용,
quest,326C63F7DC713E71,0AB4F9AED808DE48,modular_router.snbt,,,분배기 모듈,modularrouters:distributor_module,,설명은 있으나 명시적 quest.title 없음,
task,11838D5D25FA3EDD,0AB4F9AED808DE48,modular_router.snbt,,,분배기 모듈,modularrouters:distributor_module,,명시적 task.title 없이 아이템 hover 사용,
quest,7F8DEDD0A54D1E11,0AB4F9AED808DE48,modular_router.snbt,,,공급기 모듈,modularrouters:dropper_module,,설명은 있으나 명시적 quest.title 없음,
task,4E2834A0DF0E3577,0AB4F9AED808DE48,modular_router.snbt,,,공급기 모듈,modularrouters:dropper_module,,명시적 task.title 없이 아이템 hover 사용,
quest,2B60D123123A5E8E,0AB4F9AED808DE48,modular_router.snbt,,,에너지 분배기 모듈,modularrouters:energy_distributor_module,,설명은 있으나 명시적 quest.title 없음,
task,2DB6B64AB076D1E2,0AB4F9AED808DE48,modular_router.snbt,,,에너지 분배기 모듈,modularrouters:energy_distributor_module,,명시적 task.title 없이 아이템 hover 사용,
quest,346B9339E3D66478,0AB4F9AED808DE48,modular_router.snbt,,,에너지 출력 모듈,modularrouters:energy_output_module,,설명은 있으나 명시적 quest.title 없음,
task,12C3BA50791B4CB8,0AB4F9AED808DE48,modular_router.snbt,,,에너지 출력 모듈,modularrouters:energy_output_module,,명시적 task.title 없이 아이템 hover 사용,
quest,40788326E791845D,0AB4F9AED808DE48,modular_router.snbt,,,압출기 모듈 Mk1,modularrouters:extruder_module_1,,설명은 있으나 명시적 quest.title 없음,
task,4EC73A189243D253,0AB4F9AED808DE48,modular_router.snbt,,,압출기 모듈 Mk1,modularrouters:extruder_module_1,,명시적 task.title 없이 아이템 hover 사용,
quest,00E1F1279F97557B,0AB4F9AED808DE48,modular_router.snbt,,,압출기 모듈 Mk2,modularrouters:extruder_module_2,,설명은 있으나 명시적 quest.title 없음,
task,001795B7BF11F948,0AB4F9AED808DE48,modular_router.snbt,,,압출기 모듈 Mk2,modularrouters:extruder_module_2,,명시적 task.title 없이 아이템 hover 사용,
quest,3C54C36CE97A48DC,0AB4F9AED808DE48,modular_router.snbt,,,플링거 모듈,modularrouters:flinger_module,,설명은 있으나 명시적 quest.title 없음,
task,6C0562A6317BB343,0AB4F9AED808DE48,modular_router.snbt,,,플링거 모듈,modularrouters:flinger_module,,명시적 task.title 없이 아이템 hover 사용,
quest,247DAE5B4E1AC7F1,0AB4F9AED808DE48,modular_router.snbt,,,유체 모듈 Mk1,modularrouters:fluid_module,,설명은 있으나 명시적 quest.title 없음,
task,48DE8F4C4D2661A1,0AB4F9AED808DE48,modular_router.snbt,,,유체 모듈 Mk1,modularrouters:fluid_module,,명시적 task.title 없이 아이템 hover 사용,
quest,73D60868024FF907,0AB4F9AED808DE48,modular_router.snbt,,,유체 모듈 Mk2,modularrouters:fluid_module_2,,설명은 있으나 명시적 quest.title 없음,
task,1FF3F8B78EF0DCB2,0AB4F9AED808DE48,modular_router.snbt,,,유체 모듈 Mk2,modularrouters:fluid_module_2,,명시적 task.title 없이 아이템 hover 사용,
quest,36DED7099E80ED51,0AB4F9AED808DE48,modular_router.snbt,,,배치기 모듈,modularrouters:placer_module,,설명은 있으나 명시적 quest.title 없음,
task,76E678E73AEEEC59,0AB4F9AED808DE48,modular_router.snbt,,,배치기 모듈,modularrouters:placer_module,,명시적 task.title 없이 아이템 hover 사용,
quest,0DC8B68CDF945348,0AB4F9AED808DE48,modular_router.snbt,,,플레이어 모듈,modularrouters:player_module,,설명은 있으나 명시적 quest.title 없음,
task,6BD3CA765D912D6B,0AB4F9AED808DE48,modular_router.snbt,,,플레이어 모듈,modularrouters:player_module,,명시적 task.title 없이 아이템 hover 사용,
quest,1AA81C41431FD145,0AB4F9AED808DE48,modular_router.snbt,,,풀러 모듈 Mk1,modularrouters:puller_module_1,,설명은 있으나 명시적 quest.title 없음,
task,419242F445660844,0AB4F9AED808DE48,modular_router.snbt,,,풀러 모듈 Mk1,modularrouters:puller_module_1,,명시적 task.title 없이 아이템 hover 사용,
quest,475E1B94A61B9EB0,0AB4F9AED808DE48,modular_router.snbt,,,풀러 모듈 Mk2,modularrouters:puller_module_2,,설명은 있으나 명시적 quest.title 없음,
task,36A18CBAE804CE6B,0AB4F9AED808DE48,modular_router.snbt,,,풀러 모듈 Mk2,modularrouters:puller_module_2,,명시적 task.title 없이 아이템 hover 사용,
quest,6063F4B7BE4D394C,0AB4F9AED808DE48,modular_router.snbt,,,발신기 모듈 Mk1,modularrouters:sender_module_1,,설명은 있으나 명시적 quest.title 없음,
task,7AD327057658EE62,0AB4F9AED808DE48,modular_router.snbt,,,발신기 모듈 Mk1,modularrouters:sender_module_1,,명시적 task.title 없이 아이템 hover 사용,
quest,38954551309F42A7,0AB4F9AED808DE48,modular_router.snbt,,,발신기 모듈 Mk2,modularrouters:sender_module_2,,설명은 있으나 명시적 quest.title 없음,
task,36B1EBB1CE94001B,0AB4F9AED808DE48,modular_router.snbt,,,발신기 모듈 Mk2,modularrouters:sender_module_2,,명시적 task.title 없이 아이템 hover 사용,
quest,2405663C033CBDF1,0AB4F9AED808DE48,modular_router.snbt,,,발신기 모듈 Mk3,modularrouters:sender_module_3,,설명은 있으나 명시적 quest.title 없음,
task,724A52B910305B55,0AB4F9AED808DE48,modular_router.snbt,,,발신기 모듈 Mk3,modularrouters:sender_module_3,,명시적 task.title 없이 아이템 hover 사용,
quest,417B88FEB1B8F44E,0AB4F9AED808DE48,modular_router.snbt,,,흡수 모듈,modularrouters:vacuum_module,,설명은 있으나 명시적 quest.title 없음,
task,0FFBCEC7273ED2C3,0AB4F9AED808DE48,modular_router.snbt,,,흡수 모듈,modularrouters:vacuum_module,,명시적 task.title 없이 아이템 hover 사용,
quest,185074907753AE77,0AB4F9AED808DE48,modular_router.snbt,,,공허 모듈,modularrouters:void_module,,설명은 있으나 명시적 quest.title 없음,
task,3B2EF593E573C2B8,0AB4F9AED808DE48,modular_router.snbt,,,공허 모듈,modularrouters:void_module,,명시적 task.title 없이 아이템 hover 사용,
quest,71FDF8CD953E46FC,0AB4F9AED808DE48,modular_router.snbt,,,크리에이티브 모듈,,,설명은 있으나 명시적 quest.title 없음,
quest,143AE6889BDA9EF5,0AB4F9AED808DE48,modular_router.snbt,,,대량 아이템 필터,modularrouters:bulk_item_filter,,설명은 있으나 명시적 quest.title 없음,
task,3057A10D6D3A75D2,0AB4F9AED808DE48,modular_router.snbt,,,대량 아이템 필터,modularrouters:bulk_item_filter,,명시적 task.title 없이 아이템 hover 사용,
quest,4A03A671757B2EBF,0AB4F9AED808DE48,modular_router.snbt,,,검사 필터,modularrouters:inspection_filter,,설명은 있으나 명시적 quest.title 없음,
task,107FE3495FC5C0E7,0AB4F9AED808DE48,modular_router.snbt,,,검사 필터,modularrouters:inspection_filter,,명시적 task.title 없이 아이템 hover 사용,
quest,6E5954C257726F86,0AB4F9AED808DE48,modular_router.snbt,,,모드 필터,modularrouters:mod_filter,,설명은 있으나 명시적 quest.title 없음,
task,5BBF911BE5066A17,0AB4F9AED808DE48,modular_router.snbt,,,모드 필터,modularrouters:mod_filter,,명시적 task.title 없이 아이템 hover 사용,
quest,72A71E1D6D8996FD,0AB4F9AED808DE48,modular_router.snbt,,,정규식 필터,modularrouters:regex_filter,,설명은 있으나 명시적 quest.title 없음,
task,6E646B9915327365,0AB4F9AED808DE48,modular_router.snbt,,,정규식 필터,modularrouters:regex_filter,,명시적 task.title 없이 아이템 hover 사용,
quest,37F2BE3C2BAF7C2D,0AB4F9AED808DE48,modular_router.snbt,,,Tag Filter,modularrouters:tag_filter,,설명은 있으나 명시적 quest.title 없음,
task,7264131AC34825C1,0AB4F9AED808DE48,modular_router.snbt,,,Tag Filter,modularrouters:tag_filter,,명시적 task.title 없이 아이템 hover 사용,
task,69CFBD2DF15EBA0D,0AB4F9AED808DE48,modular_router.snbt,,,흡수 모듈,modularrouters:vacuum_module,,명시적 task.title 없이 아이템 hover 사용,
task,4DF12505FADDD7CC,0AB4F9AED808DE48,modular_router.snbt,,,공허 모듈,modularrouters:void_module,,명시적 task.title 없이 아이템 hover 사용,
task,57087F48FE77A610,0AB4F9AED808DE48,modular_router.snbt,,,파괴 모듈,modularrouters:breaker_module,,명시적 task.title 없이 아이템 hover 사용,
task,3EEBE2CA2BFBB571,0AB4F9AED808DE48,modular_router.snbt,,,배치기 모듈,modularrouters:placer_module,,명시적 task.title 없이 아이템 hover 사용,
task,4BC6CEDE3846216D,0AB4F9AED808DE48,modular_router.snbt,,,활성기 모듈,modularrouters:activator_module,,명시적 task.title 없이 아이템 hover 사용,
task,7B42B98FBD1C3654,0AB4F9AED808DE48,modular_router.snbt,,,흡수 모듈,modularrouters:vacuum_module,,명시적 task.title 없이 아이템 hover 사용,
quest,2BB5769119BA2472,0AB4F9AED808DE48,modular_router.snbt,,,AllRightsReserved,,,설명은 있으나 명시적 quest.title 없음,
task,3007461CFCC0A013,0AB4F9AED808DE48,modular_router.snbt,AllRightsReserved,AllRightsReserved,,,,한국어 파일의 영어 task.title,
task,76EEAE9313F68334,0AB4F9AED808DE48,modular_router.snbt,AllRightsReserved,AllRightsReserved,,,,한국어 파일의 영어 task.title,
task,46CB54014AC0447C,7A72E12C3839D165,natures_aura.snbt,,,Gold Leaf,naturesaura:gold_leaf,,명시적 task.title 없이 아이템 hover 사용,
task,531BA7E45499F20D,7A72E12C3839D165,natures_aura.snbt,,,Wooden Stand,naturesaura:wood_stand,,명시적 task.title 없이 아이템 hover 사용,
task,172E24F739EEA426,7A72E12C3839D165,natures_aura.snbt,,,Gold Powder,naturesaura:gold_powder,,명시적 task.title 없이 아이템 hover 사용,
quest,12D3C7FC4B3DAB23,7A72E12C3839D165,natures_aura.snbt,,,Environmental Eye,naturesaura:eye,,설명은 있으나 명시적 quest.title 없음,
task,5C146B5DA9342F90,7A72E12C3839D165,natures_aura.snbt,,,Environmental Eye,naturesaura:eye,,명시적 task.title 없이 아이템 hover 사용,
task,457413B665C31128,7A72E12C3839D165,natures_aura.snbt,,,Ancient Sapling,naturesaura:ancient_sapling,,명시적 task.title 없이 아이템 hover 사용,
task,250CD873FCE7202F,7A72E12C3839D165,natures_aura.snbt,,,Token of Joy,naturesaura:token_joy,,명시적 task.title 없이 아이템 hover 사용,
task,2C08B46593A9B329,7A72E12C3839D165,natures_aura.snbt,,,,naturesaura:aura_bottle,,명시적 task.title 없이 아이템 hover 사용,
task,5FD10BCA425E745A,7A72E12C3839D165,natures_aura.snbt,,,,naturesaura:aura_bottle,,명시적 task.title 없이 아이템 hover 사용,
task,6217C3256485AF70,7A72E12C3839D165,natures_aura.snbt,,,,naturesaura:aura_bottle,,명시적 task.title 없이 아이템 hover 사용,
task,7E80C1A891CB854B,7A72E12C3839D165,natures_aura.snbt,,,Canopy Diminisher,naturesaura:oak_generator,,명시적 task.title 없이 아이템 hover 사용,
task,58E562C058F72AB0,7A72E12C3839D165,natures_aura.snbt,,,Herbivorous Absorber,naturesaura:flower_generator,,명시적 task.title 없이 아이템 hover 사용,
task,1715E8DAFB3D3838,7A72E12C3839D165,natures_aura.snbt,,,Aura Cache,naturesaura:aura_cache,,명시적 task.title 없이 아이템 hover 사용,
task,0785B90A3359EF21,7A72E12C3839D165,natures_aura.snbt,,,Aura Trove,naturesaura:aura_trove,,명시적 task.title 없이 아이템 hover 사용,
task,1C97A13C673C872C,7A72E12C3839D165,natures_aura.snbt,,,Natural Altar,naturesaura:nature_altar,,명시적 task.title 없이 아이템 hover 사용,
task,005FC74EBECBBD39,7A72E12C3839D165,natures_aura.snbt,,,Golden Stone Bricks,naturesaura:gold_brick,,명시적 task.title 없이 아이템 hover 사용,
task,1523CDF0F19A3162,7A72E12C3839D165,natures_aura.snbt,,,,minecraft:chiseled_stone_bricks,,명시적 task.title 없이 아이템 hover 사용,
task,78363A5BFED389F3,7A72E12C3839D165,natures_aura.snbt,,,Eye of the Pillager,naturesaura:outpost_finder,,명시적 task.title 없이 아이템 hover 사용,
task,39F677AFED023C6F,7A72E12C3839D165,natures_aura.snbt,,,Eye of the Blaze,naturesaura:fortress_finder,,명시적 task.title 없이 아이템 hover 사용,
task,55C491B1083C46FB,7A72E12C3839D165,natures_aura.snbt,,,Eye of the Shulker,naturesaura:end_city_finder,,명시적 task.title 없이 아이템 hover 사용,
quest,3C2F5AB815A6C949,7A72E12C3839D165,natures_aura.snbt,,,Infused Iron Ingot,naturesaura:infused_iron,,설명은 있으나 명시적 quest.title 없음,
task,687BAA9990A67C2E,7A72E12C3839D165,natures_aura.snbt,,,Infused Iron Ingot,naturesaura:infused_iron,,명시적 task.title 없이 아이템 hover 사용,
task,076D4BEB697AA55A,7A72E12C3839D165,natures_aura.snbt,,,Tainted Gold Ingot,naturesaura:tainted_gold,,명시적 task.title 없이 아이템 hover 사용,
quest,5C990F7E5D345A6F,7A72E12C3839D165,natures_aura.snbt,,,Offering Table,naturesaura:offering_table,,설명은 있으나 명시적 quest.title 없음,
task,5FCFEA59AF1636DE,7A72E12C3839D165,natures_aura.snbt,,,Offering Table,naturesaura:offering_table,,명시적 task.title 없이 아이템 hover 사용,
task,5CFDF0F9971BE465,7A72E12C3839D165,natures_aura.snbt,,,Spirit of Calling,naturesaura:calling_spirit,,명시적 task.title 없이 아이템 hover 사용,
task,32333C6D1AD96106,7A72E12C3839D165,natures_aura.snbt,,,Ingot of the Skies,naturesaura:sky_ingot,,명시적 task.title 없이 아이템 hover 사용,
task,18E1687150A37F37,7A72E12C3839D165,natures_aura.snbt,,,Token of Euphoria,naturesaura:token_euphoria,,명시적 task.title 없이 아이템 hover 사용,
task,03ED1F9B3A7E3CCD,7A72E12C3839D165,natures_aura.snbt,,,Token of Terror,naturesaura:token_terror,,명시적 task.title 없이 아이템 hover 사용,
task,7CEE6E6829D2BC96,7A72E12C3839D165,natures_aura.snbt,,,Token of Rage,naturesaura:token_rage,,명시적 task.title 없이 아이템 hover 사용,
task,5362B4DA434BDFF2,7A72E12C3839D165,natures_aura.snbt,,,Token of Grief,naturesaura:token_grief,,명시적 task.title 없이 아이템 hover 사용,
task,12FF35B444D5F641,7A72E12C3839D165,natures_aura.snbt,,,Crumbling Catalyst,naturesaura:crushing_catalyst,,명시적 task.title 없이 아이템 hover 사용,
task,67583A940E7BA925,7A72E12C3839D165,natures_aura.snbt,,,Transmutation Catalyst,naturesaura:conversion_catalyst,,명시적 task.title 없이 아이템 hover 사용,
task,14BDAD1D8EF6D754,7A72E12C3839D165,natures_aura.snbt,,,Altar of Birthing,naturesaura:animal_spawner,,명시적 task.title 없이 아이템 hover 사용,
task,48828EAA097984AD,7A72E12C3839D165,natures_aura.snbt,,,Spirit of Birthing,naturesaura:birth_spirit,,명시적 task.title 없이 아이템 hover 사용,
task,06D5CD358CFB4D2D,7A72E12C3839D165,natures_aura.snbt,,,Brilliant Fiber,naturesaura:gold_fiber,,명시적 task.title 없이 아이템 hover 사용,
task,6B46BB7EF0CA76B4,7A72E12C3839D165,natures_aura.snbt,,,Token of Fear,naturesaura:token_fear,,명시적 task.title 없이 아이템 hover 사용,
task,7C59F509A0D8CEB0,7A72E12C3839D165,natures_aura.snbt,,,Token of Anger,naturesaura:token_anger,,명시적 task.title 없이 아이템 hover 사용,
task,72C1E0F2F9F923BD,7A72E12C3839D165,natures_aura.snbt,,,Token of Sorrow,naturesaura:token_sorrow,,명시적 task.title 없이 아이템 hover 사용,
task,55F7A32C63A206B2,7A72E12C3839D165,natures_aura.snbt,,,Ingot of the Depths,naturesaura:depth_ingot,,명시적 task.title 없이 아이템 hover 사용,
quest,34ABEF75AE1E5A0F,7A72E12C3839D165,natures_aura.snbt,,,Staff of Ancient Knowledge,naturesaura:netherite_finder,,설명은 있으나 명시적 quest.title 없음,
task,159513977921D09B,7A72E12C3839D165,natures_aura.snbt,,,Staff of Ancient Knowledge,naturesaura:netherite_finder,,명시적 task.title 없이 아이템 hover 사용,
task,4D6D4F663B472B77,7A72E12C3839D165,natures_aura.snbt,,,Ender Crate,naturesaura:ender_crate,,명시적 task.title 없이 아이템 hover 사용,
task,49E7547CEA050C39,7A72E12C3839D165,natures_aura.snbt,,,Ender Ocular,naturesaura:ender_access,,명시적 task.title 없이 아이템 hover 사용,
task,7610B30E5D604349,7A72E12C3839D165,natures_aura.snbt,,,Staff of Riches,naturesaura:loot_finder,,명시적 task.title 없이 아이템 hover 사용,
quest,5A0EB2ADEBC7EE2B,7A72E12C3839D165,natures_aura.snbt,,,AllRightsReserved,,,설명은 있으나 명시적 quest.title 없음,
task,15698B55CCAD2433,7A72E12C3839D165,natures_aura.snbt,AllRightsReserved,AllRightsReserved,,,,한국어 파일의 영어 task.title,
task,4C6370D2B7EF8685,7A72E12C3839D165,natures_aura.snbt,AllRightsReserved,AllRightsReserved,,,,한국어 파일의 영어 task.title,
task,4B0A4027FACE9108,4C507C004144BFEE,occultism.snbt,,,악령의 꿈 씨앗,occultism:datura_seeds,,명시적 task.title 없이 아이템 hover 사용,
task,15CDE30E1F7EBAD5,4C507C004144BFEE,occultism.snbt,,,,occultism:dictionary_of_spirits,,명시적 task.title 없이 아이템 hover 사용,
task,0008773503CCA262,4C507C004144BFEE,occultism.snbt,,,악령의 꿈 열매,occultism:datura,,명시적 task.title 없이 아이템 hover 사용,
task,1342FA7690E10866,4C507C004144BFEE,occultism.snbt,,,,minecraft:flint_and_steel,,명시적 task.title 없이 아이템 hover 사용,
task,6656AD567687385A,4C507C004144BFEE,occultism.snbt,,,내세석,occultism:otherstone,,명시적 task.title 없이 아이템 hover 사용,
task,2A1C88D9C4546A36,4C507C004144BFEE,occultism.snbt,,,불안정한 내세나무 묘목,occultism:otherworld_sapling_natural,,명시적 task.title 없이 아이템 hover 사용,
task,275C2B11FEFF527D,4C507C004144BFEE,occultism.snbt,,,영혼과 조화된 보석,occultism:spirit_attuned_gem,,명시적 task.title 없이 아이템 hover 사용,
task,769255502E2FEAB4,4C507C004144BFEE,occultism.snbt,,,영혼과 조화된 수정,occultism:spirit_attuned_crystal,,명시적 task.title 없이 아이템 hover 사용,
task,2B674654193E542F,4C507C004144BFEE,occultism.snbt,,,불순한 하얀색 분필,occultism:chalk_white_impure,,명시적 task.title 없이 아이템 hover 사용,
task,370267FD8FDE9D4F,4C507C004144BFEE,occultism.snbt,,,하얀색 분필,occultism:chalk_white,,명시적 task.title 없이 아이템 hover 사용,
task,476F220D083B2C99,4C507C004144BFEE,occultism.snbt,,,분필 붓,occultism:brush,,명시적 task.title 없이 아이템 hover 사용,
task,3A9C5AE548810FA6,4C507C004144BFEE,occultism.snbt,Sacrificial Bowls,,,ftbfiltersystem:smart_filter,,명시적 task.title 없이 아이템 hover 사용,
task,0446B7C6DBB5DDF9,4C507C004144BFEE,occultism.snbt,Golden Ritual Bowls,,,ftbfiltersystem:smart_filter,,명시적 task.title 없이 아이템 hover 사용,
task,1A30B91B185BB2A3,4C507C004144BFEE,occultism.snbt,,,Purified Ink,occultism:purified_ink,,명시적 task.title 없이 아이템 hover 사용,
task,55135B05C01A5939,4C507C004144BFEE,occultism.snbt,,,구속의 책: 폴리오트,occultism:book_of_binding_foliot,,명시적 task.title 없이 아이템 hover 사용,
task,764B41E9502184D6,4C507C004144BFEE,occultism.snbt,,,구속의 책: 폴리오트 (구속),occultism:book_of_binding_bound_foliot,,명시적 task.title 없이 아이템 hover 사용,
task,02C93CCE15B79995,4C507C004144BFEE,occultism.snbt,,,,minecraft:iron_ingot,,명시적 task.title 없이 아이템 hover 사용,
task,202931B62E242E7F,4C507C004144BFEE,occultism.snbt,,,은 주괴,alltheores:silver_ingot,,명시적 task.title 없이 아이템 hover 사용,
task,695C19A116BBBDBB,4C507C004144BFEE,occultism.snbt,,,,minecraft:gold_ingot,,명시적 task.title 없이 아이템 hover 사용,
task,66013401F4FA44FC,4C507C004144BFEE,occultism.snbt,,,,minecraft:copper_ingot,,명시적 task.title 없이 아이템 hover 사용,
task,41B3C10D0B8975EF,4C507C004144BFEE,occultism.snbt,,,Impure Yellow Chalk,occultism:chalk_yellow_impure,,명시적 task.title 없이 아이템 hover 사용,
task,7CF12BB07B603BDF,4C507C004144BFEE,occultism.snbt,,,불순한 보라색 분필,occultism:chalk_purple_impure,,명시적 task.title 없이 아이템 hover 사용,
task,3E04DC4A0E760083,4C507C004144BFEE,occultism.snbt,,,Impure Light Gray Chalk,occultism:chalk_light_gray_impure,,명시적 task.title 없이 아이템 hover 사용,
task,429FA6C2EA459597,4C507C004144BFEE,occultism.snbt,,,Afrit Essence,occultism:afrit_essence,,명시적 task.title 없이 아이템 hover 사용,
task,35F02CE88E956349,4C507C004144BFEE,occultism.snbt,,,불순한 빨간색 분필,occultism:chalk_red_impure,,명시적 task.title 없이 아이템 hover 사용,
task,1E44A3F521ED5DFC,4C507C004144BFEE,occultism.snbt,,,Soul Gem,occultism:soul_gem,,명시적 task.title 없이 아이템 hover 사용,
task,1ED2F7B4B900BDD1,4C507C004144BFEE,occultism.snbt,,,Otherworld Goggles,occultism:otherworld_goggles,,명시적 task.title 없이 아이템 hover 사용,
task,1E8BCF5AD19584F7,4C507C004144BFEE,occultism.snbt,,,,ftbfiltersystem:smart_filter,,명시적 task.title 없이 아이템 hover 사용,
task,7FC0ED5732DFDCF2,4C507C004144BFEE,occultism.snbt,,,Iesnium Pickaxe,occultism:iesnium_pickaxe,,명시적 task.title 없이 아이템 hover 사용,
task,58CEC5830F3C7F46,4C507C004144BFEE,occultism.snbt,,,차원 수갱,occultism:dimensional_mineshaft,,명시적 task.title 없이 아이템 hover 사용,
task,1BBB313192F51FA8,4C507C004144BFEE,occultism.snbt,,,저장소 작동기 기반,occultism:storage_controller_base,,명시적 task.title 없이 아이템 hover 사용,
task,4EDB733716D494CE,4C507C004144BFEE,occultism.snbt,,,차원 저장소 작동기,occultism:storage_controller,,명시적 task.title 없이 아이템 hover 사용,
task,60BC2FA707A9B073,4C507C004144BFEE,occultism.snbt,,,차원 수정 모체,occultism:dimensional_matrix,,명시적 task.title 없이 아이템 hover 사용,
task,51F520BF7DA37873,4C507C004144BFEE,occultism.snbt,,,,ftbfiltersystem:smart_filter,,명시적 task.title 없이 아이템 hover 사용,
task,13EAA435B27EA29D,4C507C004144BFEE,occultism.snbt,,,Divination Rod,occultism:divination_rod,,명시적 task.title 없이 아이템 hover 사용,
task,792FA8ED0719803C,4C507C004144BFEE,occultism.snbt,,,안정한 웜홀,occultism:stable_wormhole,,명시적 task.title 없이 아이템 hover 사용,
task,2ED65EBA5FFE2C2E,4C507C004144BFEE,occultism.snbt,,,저장소 접속기,occultism:storage_remote,,명시적 task.title 없이 아이템 hover 사용,
quest,6CCDEEDA2C99DA66,4C507C004144BFEE,occultism.snbt,,,AllRightsReserved,,,설명은 있으나 명시적 quest.title 없음,
task,1709A45C149125F1,4C507C004144BFEE,occultism.snbt,AllRightsReserved,AllRightsReserved,,,,한국어 파일의 영어 task.title,
task,036759CF4EEFFC7D,4C507C004144BFEE,occultism.snbt,AllRightsReserved,AllRightsReserved,,,,한국어 파일의 영어 task.title,
task,2119DB35CADF61FC,4C507C004144BFEE,occultism.snbt,,,,minecraft:experience_bottle,,명시적 task.title 없이 아이템 hover 사용,
task,630455630821CAB0,4C507C004144BFEE,occultism.snbt,,,도살자 칼,occultism:butcher_knife,,명시적 task.title 없이 아이템 hover 사용,
task,308ADBEA527AF653,4C507C004144BFEE,occultism.snbt,,,Research Fragment Dust,occultism:research_fragment_dust,,명시적 task.title 없이 아이템 hover 사용,
task,0C8EA5B6F92B41B7,4C507C004144BFEE,occultism.snbt,,,Impure Lime Chalk,occultism:chalk_lime_impure,,명시적 task.title 없이 아이템 hover 사용,
task,1286B8BF842021A0,4C507C004144BFEE,occultism.snbt,,,,minecraft:honey_block,,명시적 task.title 없이 아이템 hover 사용,
task,0A765E7423C34F67,4C507C004144BFEE,occultism.snbt,,,,minecraft:honeycomb_block,,명시적 task.title 없이 아이템 hover 사용,
task,7E64536D4E1607F9,4C507C004144BFEE,occultism.snbt,,,,minecraft:honeycomb,,명시적 task.title 없이 아이템 hover 사용,
task,530CC694F2DED650,4C507C004144BFEE,occultism.snbt,,,,minecraft:honey_bottle,,명시적 task.title 없이 아이템 hover 사용,
task,56B5E2D58E61A670,4C507C004144BFEE,occultism.snbt,,,Cursed Honey,occultism:cursed_honey,,명시적 task.title 없이 아이템 hover 사용,
task,7CC5188C1D471B63,4C507C004144BFEE,occultism.snbt,,,Impure Orange Chalk,occultism:chalk_orange_impure,,명시적 task.title 없이 아이템 hover 사용,
task,096A4A3F29F89B7A,4C507C004144BFEE,occultism.snbt,,,이스늄괴,occultism:iesnium_ingot,,명시적 task.title 없이 아이템 hover 사용,
task,71A3B742D8757C89,4C507C004144BFEE,occultism.snbt,,,,minecraft:gunpowder,,명시적 task.title 없이 아이템 hover 사용,
task,07F6D01E644305E7,4C507C004144BFEE,occultism.snbt,,,,minecraft:netherrack,,명시적 task.title 없이 아이템 hover 사용,
task,52B4CBE9BE14AD70,4C507C004144BFEE,occultism.snbt,,,,minecraft:flint_and_steel,,명시적 task.title 없이 아이템 hover 사용,
task,7B49FEA4BFE44D1C,4C507C004144BFEE,occultism.snbt,,,,minecraft:phantom_membrane,,명시적 task.title 없이 아이템 hover 사용,
task,365C31F15DC05036,4C507C004144BFEE,occultism.snbt,,,,minecraft:gunpowder,,명시적 task.title 없이 아이템 hover 사용,
task,070845F0D3E5A7FD,4C507C004144BFEE,occultism.snbt,,,,minecraft:gray_dye,,명시적 task.title 없이 아이템 hover 사용,
task,39FE4ED3B2A83A42,4C507C004144BFEE,occultism.snbt,,,,minecraft:clay_ball,,명시적 task.title 없이 아이템 hover 사용,
task,6BCAF5C014C9B8CD,4C507C004144BFEE,occultism.snbt,,,Gray Paste,occultism:gray_paste,,명시적 task.title 없이 아이템 hover 사용,
task,4A9046ADC251E85F,4C507C004144BFEE,occultism.snbt,,,Impure Gray Chalk,occultism:chalk_gray_impure,,명시적 task.title 없이 아이템 hover 사용,
task,3469624E1932FA86,4C507C004144BFEE,occultism.snbt,,,Nature Paste,occultism:nature_paste,,명시적 task.title 없이 아이템 hover 사용,
task,28577F9A1DE33F02,4C507C004144BFEE,occultism.snbt,,,Impure Green Chalk,occultism:chalk_green_impure,,명시적 task.title 없이 아이템 hover 사용,
task,02718432862B0267,4C507C004144BFEE,occultism.snbt,,,Infused Pickaxe,occultism:infused_pickaxe,,명시적 task.title 없이 아이템 hover 사용,
task,12713B611A3AA745,4C507C004144BFEE,occultism.snbt,,,Apprentice Ritual Satchel,occultism:ritual_satchel_t1,,명시적 task.title 없이 아이템 hover 사용,
task,01ED52CC3C6D512C,4C507C004144BFEE,occultism.snbt,,,,minecraft:wither_rose,,명시적 task.title 없이 아이템 hover 사용,
task,5CAE467165ED08FA,4C507C004144BFEE,occultism.snbt,,,Crushed Blackstone,occultism:crushed_blackstone,,명시적 task.title 없이 아이템 hover 사용,
task,4BE5E28E20F4420A,4C507C004144BFEE,occultism.snbt,,,,minecraft:wither_skeleton_skull,,명시적 task.title 없이 아이템 hover 사용,
task,43AD1E4B8B90C32B,4C507C004144BFEE,occultism.snbt,,,Witherite Dust,occultism:witherite_dust,,명시적 task.title 없이 아이템 hover 사용,
task,7C5A8F34E6CE5B45,4C507C004144BFEE,occultism.snbt,,,Impure Black Chalk,occultism:chalk_black_impure,,명시적 task.title 없이 아이템 hover 사용,
task,002AC613F837D5B5,4C507C004144BFEE,occultism.snbt,,,Artisanal Ritual Satchel,occultism:ritual_satchel_t2,,명시적 task.title 없이 아이템 hover 사용,
task,1BE59D80F690D32A,4C507C004144BFEE,occultism.snbt,,,,minecraft:gilded_blackstone,,명시적 task.title 없이 아이템 hover 사용,
task,606B73596F3EAFE5,4C507C004144BFEE,occultism.snbt,,,,minecraft:quartz,,명시적 task.title 없이 아이템 hover 사용,
task,3BA25C60E34661C7,4C507C004144BFEE,occultism.snbt,,,,minecraft:warped_fungus,,명시적 task.title 없이 아이템 hover 사용,
task,71CC56A5DB6BC6CF,4C507C004144BFEE,occultism.snbt,,,,minecraft:crimson_fungus,,명시적 task.title 없이 아이템 hover 사용,
task,411F787B683CA921,4C507C004144BFEE,occultism.snbt,,,Demonic Meat,occultism:demonic_meat,,명시적 task.title 없이 아이템 hover 사용,
task,714891B19615AC21,4C507C004144BFEE,occultism.snbt,,,Impure Pink Chalk,occultism:chalk_pink_impure,,명시적 task.title 없이 아이템 hover 사용,
task,7A7F8E95E037CD5E,4C507C004144BFEE,occultism.snbt,,,,minecraft:prismarine_crystals,,명시적 task.title 없이 아이템 hover 사용,
task,7E8C9E6DDB982A6D,4C507C004144BFEE,occultism.snbt,,,,minecraft:prismarine_shard,,명시적 task.title 없이 아이템 hover 사용,
task,2BA3F105CD095EC3,4C507C004144BFEE,occultism.snbt,,,,minecraft:ghast_tear,,명시적 task.title 없이 아이템 hover 사용,
task,197964C9AA25C7B1,4C507C004144BFEE,occultism.snbt,,,,minecraft:conduit,,명시적 task.title 없이 아이템 hover 사용,
task,6368ECA9DAB480CB,4C507C004144BFEE,occultism.snbt,,,,minecraft:trident,,명시적 task.title 없이 아이템 hover 사용,
task,7BFF993075EFB7B9,4C507C004144BFEE,occultism.snbt,,,Marid Essence,occultism:marid_essence,,명시적 task.title 없이 아이템 hover 사용,
task,5CE28B53187E9128,4C507C004144BFEE,occultism.snbt,,,Impure Blue Chalk,occultism:chalk_blue_impure,,명시적 task.title 없이 아이템 hover 사용,
task,0A4AA41F06C7DE11,4C507C004144BFEE,occultism.snbt,,,,minecraft:diamond_block,,명시적 task.title 없이 아이템 hover 사용,
task,4517C8E5F35C3414,4C507C004144BFEE,occultism.snbt,,,,minecraft:emerald_block,,명시적 task.title 없이 아이템 hover 사용,
task,78C5784F30116165,4C507C004144BFEE,occultism.snbt,,,이스늄 블록,occultism:iesnium_block,,명시적 task.title 없이 아이템 hover 사용,
task,6CC8BD33A5503DEB,4C507C004144BFEE,occultism.snbt,,,,minecraft:ghast_tear,,명시적 task.title 없이 아이템 hover 사용,
task,0D81CA284D83545D,4C507C004144BFEE,occultism.snbt,,,,minecraft:armadillo_scute,,명시적 task.title 없이 아이템 hover 사용,
task,1F1BB862B01DF36B,4C507C004144BFEE,occultism.snbt,,,,minecraft:rabbit_foot,,명시적 task.title 없이 아이템 hover 사용,
task,2EF2B9AE4AA75FBC,4C507C004144BFEE,occultism.snbt,,,,minecraft:pointed_dripstone,,명시적 task.title 없이 아이템 hover 사용,
task,3CF54D9FD7B66E32,4C507C004144BFEE,occultism.snbt,,,,minecraft:dragon_breath,,명시적 task.title 없이 아이템 hover 사용,
task,2096CB75E157FAE6,4C507C004144BFEE,occultism.snbt,,,Amethyst Dust,occultism:amethyst_dust,,명시적 task.title 없이 아이템 hover 사용,
task,387CD5A2169696CE,4C507C004144BFEE,occultism.snbt,,,부셔진 엔드 돌,occultism:crushed_end_stone,,명시적 task.title 없이 아이템 hover 사용,
task,2C16905913038FD5,4C507C004144BFEE,occultism.snbt,,,,minecraft:end_crystal,,명시적 task.title 없이 아이템 hover 사용,
task,021F29CA7E51BA5F,4C507C004144BFEE,occultism.snbt,,,Crushed Ice,occultism:crushed_ice,,명시적 task.title 없이 아이템 hover 사용,
task,09AF3B0519418345,4C507C004144BFEE,occultism.snbt,,,Crushed Packed Ice,occultism:crushed_packed_ice,,명시적 task.title 없이 아이템 hover 사용,
task,5C2F8463520C2BDF,4C507C004144BFEE,occultism.snbt,,,Crushed Blue Ice,occultism:crushed_blue_ice,,명시적 task.title 없이 아이템 hover 사용,
task,0B04FCA28ECB05DB,4C507C004144BFEE,occultism.snbt,,,Impure Light Blue Chalk,occultism:chalk_light_blue_impure,,명시적 task.title 없이 아이템 hover 사용,
task,0B0C632E633B60C8,4C507C004144BFEE,occultism.snbt,,,Dragonyst Dust,occultism:dragonyst_dust,,명시적 task.title 없이 아이템 hover 사용,
task,2935D5987F62BD6F,4C507C004144BFEE,occultism.snbt,,,Impure Magenta Chalk,occultism:chalk_magenta_impure,,명시적 task.title 없이 아이템 hover 사용,
task,453BB853EA9182B1,4C507C004144BFEE,occultism.snbt,,,Echo Dust,occultism:echo_dust,,명시적 task.title 없이 아이템 hover 사용,
task,674E6AB8F52A57A0,4C507C004144BFEE,occultism.snbt,,,Impure Cyan Chalk,occultism:chalk_cyan_impure,,명시적 task.title 없이 아이템 hover 사용,
task,2BD7510CD96A57ED,4C507C004144BFEE,occultism.snbt,,,Cruelty Essence,occultism:cruelty_essence,,명시적 task.title 없이 아이템 hover 사용,
task,2A59204579B09A8B,4C507C004144BFEE,occultism.snbt,,,Impure Brown Chalk,occultism:chalk_brown_impure,,명시적 task.title 없이 아이템 hover 사용,
task,313C481463E421F7,4C507C004144BFEE,occultism.snbt,,,불순한 하얀색 분필,occultism:chalk_white_impure,,명시적 task.title 없이 아이템 hover 사용,
task,0DD67B59254DDB95,4C507C004144BFEE,occultism.snbt,,,Impure Light Gray Chalk,occultism:chalk_light_gray_impure,,명시적 task.title 없이 아이템 hover 사용,
task,002EA4824248BCD2,4C507C004144BFEE,occultism.snbt,,,Impure Gray Chalk,occultism:chalk_gray_impure,,명시적 task.title 없이 아이템 hover 사용,
task,1F19833D693F324F,4C507C004144BFEE,occultism.snbt,,,Impure Black Chalk,occultism:chalk_black_impure,,명시적 task.title 없이 아이템 hover 사용,
task,0F58A0EAC35E51BB,4C507C004144BFEE,occultism.snbt,,,Impure Brown Chalk,occultism:chalk_brown_impure,,명시적 task.title 없이 아이템 hover 사용,
task,46E0A7B9A053277D,4C507C004144BFEE,occultism.snbt,,,불순한 빨간색 분필,occultism:chalk_red_impure,,명시적 task.title 없이 아이템 hover 사용,
task,0A4A298A7AA69522,4C507C004144BFEE,occultism.snbt,,,Impure Orange Chalk,occultism:chalk_orange_impure,,명시적 task.title 없이 아이템 hover 사용,
task,068263DD30A6961D,4C507C004144BFEE,occultism.snbt,,,Impure Yellow Chalk,occultism:chalk_yellow_impure,,명시적 task.title 없이 아이템 hover 사용,
task,0F0619C13F633AC3,4C507C004144BFEE,occultism.snbt,,,Impure Lime Chalk,occultism:chalk_lime_impure,,명시적 task.title 없이 아이템 hover 사용,
task,279C3E75AA687B08,4C507C004144BFEE,occultism.snbt,,,Impure Green Chalk,occultism:chalk_green_impure,,명시적 task.title 없이 아이템 hover 사용,
task,4CDB7E20D683AD29,4C507C004144BFEE,occultism.snbt,,,Impure Green Chalk,occultism:chalk_green_impure,,명시적 task.title 없이 아이템 hover 사용,
task,6F7BE78E7C2F1AEC,4C507C004144BFEE,occultism.snbt,,,Impure Cyan Chalk,occultism:chalk_cyan_impure,,명시적 task.title 없이 아이템 hover 사용,
task,0A6AE6AC767FFE65,4C507C004144BFEE,occultism.snbt,,,Impure Light Blue Chalk,occultism:chalk_light_blue_impure,,명시적 task.title 없이 아이템 hover 사용,
task,4F9EB45160D4E2A9,4C507C004144BFEE,occultism.snbt,,,Impure Blue Chalk,occultism:chalk_blue_impure,,명시적 task.title 없이 아이템 hover 사용,
task,5D0C4878FBCE6213,4C507C004144BFEE,occultism.snbt,,,불순한 보라색 분필,occultism:chalk_purple_impure,,명시적 task.title 없이 아이템 hover 사용,
task,6D5EAFADDF110214,4C507C004144BFEE,occultism.snbt,,,Impure Magenta Chalk,occultism:chalk_magenta_impure,,명시적 task.title 없이 아이템 hover 사용,
task,232F31CB4D1351E3,4C507C004144BFEE,occultism.snbt,,,Impure Pink Chalk,occultism:chalk_pink_impure,,명시적 task.title 없이 아이템 hover 사용,
task,687E54A17D6F09AB,4C507C004144BFEE,occultism.snbt,,,Rainbow Chalk,occultism:chalk_rainbow,,명시적 task.title 없이 아이템 hover 사용,
quest,54378277B8D28B1D,4C507C004144BFEE,occultism.snbt,,,Void Chalk,occultism:chalk_void,,설명은 있으나 명시적 quest.title 없음,
task,4A935B03FA1DD7C3,4C507C004144BFEE,occultism.snbt,,,Void Chalk,occultism:chalk_void,,명시적 task.title 없이 아이템 hover 사용,
quest,1BDB369FD243D4C6,4C507C004144BFEE,occultism.snbt,,,Iesnium Anvil,occultism:iesnium_anvil,,설명은 있으나 명시적 quest.title 없음,
task,0210448E8118E45C,4C507C004144BFEE,occultism.snbt,,,Iesnium Anvil,occultism:iesnium_anvil,,명시적 task.title 없이 아이템 hover 사용,
quest,6FFFAE334DFAAAAB,4C507C004144BFEE,occultism.snbt,Iesnium Ritual Bowl,,item,ftbfiltersystem:smart_filter,,설명은 있으나 명시적 quest.title 없음,
task,10037D5225C2D20E,4C507C004144BFEE,occultism.snbt,Iesnium Ritual Bowls,,,ftbfiltersystem:smart_filter,,명시적 task.title 없이 아이템 hover 사용,
task,3F319A5CD7E4E884,4C507C004144BFEE,occultism.snbt,,,Trinity Gem,occultism:trinity_gem,,명시적 task.title 없이 아이템 hover 사용,
quest,08697EB269B011FD,4C507C004144BFEE,occultism.snbt,Eldritch Chalice,,item,ftbfiltersystem:smart_filter,,설명은 있으나 명시적 quest.title 없음,
task,05A43D4098C30ED1,4C507C004144BFEE,occultism.snbt,Eldritch Chalices,,,ftbfiltersystem:smart_filter,,명시적 task.title 없이 아이템 hover 사용,
task,64D374ADCCF2E14C,4C507C004144BFEE,occultism.snbt,,,철 가루,alltheores:iron_dust,,명시적 task.title 없이 아이템 hover 사용,
task,4CA909D6EF2BA794,4C507C004144BFEE,occultism.snbt,,,은 가루,alltheores:silver_dust,,명시적 task.title 없이 아이템 hover 사용,
task,792B4AC07BA2D148,4C507C004144BFEE,occultism.snbt,,,금 가루,alltheores:gold_dust,,명시적 task.title 없이 아이템 hover 사용,
task,1C4E971513EF2B15,4C507C004144BFEE,occultism.snbt,,,구리 가루,alltheores:copper_dust,,명시적 task.title 없이 아이템 hover 사용,
task,0302ED7FA7BA437A,4C507C004144BFEE,occultism.snbt,,,Sacrificial Altar,ars_ocultas:altar,,명시적 task.title 없이 아이템 hover 사용,
task,0A25C5F48854A7A9,4C507C004144BFEE,occultism.snbt,,,격리,ars_nouveau:ritual_containment,,명시적 task.title 없이 아이템 hover 사용,
task,1887A99C193C9BBF,4C507C004144BFEE,occultism.snbt,,,의식용 화로,ars_nouveau:ritual_brazier,,명시적 task.title 없이 아이템 hover 사용,
task,0AA7DBDCA30404EC,4C507C004144BFEE,occultism.snbt,,,유리 단지,ars_nouveau:mob_jar,,명시적 task.title 없이 아이템 hover 사용,
task,3824247686C3D875,4EEDECACDE8F5A67,oritech.snbt,,,니켈 주괴,alltheores:nickel_ingot,,명시적 task.title 없이 아이템 hover 사용,
task,0C2A8E26354F19E7,4EEDECACDE8F5A67,oritech.snbt,,,Primitive Machine Core,oritech:machine_core_1,,명시적 task.title 없이 아이템 hover 사용,
task,1649E33D2C16EEEA,4EEDECACDE8F5A67,oritech.snbt,,,Assembler,oritech:assembler_block,,명시적 task.title 없이 아이템 hover 사용,
task,6048DCF7257E5E54,4EEDECACDE8F5A67,oritech.snbt,,,Magnetic Coil,oritech:magnetic_coil,,명시적 task.title 없이 아이템 hover 사용,
task,1223FBE90DF34977,4EEDECACDE8F5A67,oritech.snbt,,,Motor,oritech:motor,,명시적 task.title 없이 아이템 hover 사용,
task,0A8553FC1355C9DF,4EEDECACDE8F5A67,oritech.snbt,,,Centrifuge,oritech:centrifuge_block,,명시적 task.title 없이 아이템 hover 사용,
task,0B2DF9C029068F9E,4EEDECACDE8F5A67,oritech.snbt,,,Foundry,oritech:foundry_block,,명시적 task.title 없이 아이템 hover 사용,
task,7EBB366B3BA77459,4EEDECACDE8F5A67,oritech.snbt,,,Adamant Ingot,oritech:adamant_ingot,,명시적 task.title 없이 아이템 hover 사용,
task,4FB60870492B65F4,4EEDECACDE8F5A67,oritech.snbt,,,Enderic Laser,oritech:laser_arm_block,,명시적 task.title 없이 아이템 hover 사용,
task,7A93D1F49CAABF0F,4EEDECACDE8F5A67,oritech.snbt,,,Target Designator,oritech:target_designator,,명시적 task.title 없이 아이템 hover 사용,
task,13A545DDFDC3D01B,4EEDECACDE8F5A67,oritech.snbt,,,Hunter Addon,oritech:machine_hunter_addon,,명시적 task.title 없이 아이템 hover 사용,
task,103CD887346D3D6C,4EEDECACDE8F5A67,oritech.snbt,,,Fluxite,oritech:fluxite,,명시적 task.title 없이 아이템 hover 사용,
task,7098540146A9649C,4EEDECACDE8F5A67,oritech.snbt,,,Processing Unit,oritech:processing_unit,,명시적 task.title 없이 아이템 hover 사용,
task,3E688A8F21CFAAC7,4EEDECACDE8F5A67,oritech.snbt,,,Flux Gate,oritech:flux_gate,,명시적 task.title 없이 아이템 hover 사용,
task,42CA9172BDF763D8,4EEDECACDE8F5A67,oritech.snbt,,,Enderic Compound,oritech:enderic_compound,,명시적 task.title 없이 아이템 hover 사용,
task,5BB2EA49C605295F,4EEDECACDE8F5A67,oritech.snbt,,,Duratium Ingot,oritech:duratium_ingot,,명시적 task.title 없이 아이템 hover 사용,
task,33CB89F0E05E9E82,4EEDECACDE8F5A67,oritech.snbt,,,Atomic Forge,oritech:atomic_forge_block,,명시적 task.title 없이 아이템 hover 사용,
task,0B06DB83A6814356,4EEDECACDE8F5A67,oritech.snbt,,,Plutonium Pellet,oritech:plutonium_pellet,,명시적 task.title 없이 아이템 hover 사용,
task,70BE0920B36053DD,4EEDECACDE8F5A67,oritech.snbt,,,Silicon Wafer,oritech:silicon_wafer,,명시적 task.title 없이 아이템 hover 사용,
task,71D17D7B86A67883,4EEDECACDE8F5A67,oritech.snbt,,,Advanced Computing Engine,oritech:advanced_computing_engine,,명시적 task.title 없이 아이템 hover 사용,
task,5FDE4FC13AA57195,4EEDECACDE8F5A67,oritech.snbt,,,Super AI Chip,oritech:super_ai_chip,,명시적 task.title 없이 아이템 hover 사용,
task,5B2A15126D3428CC,4EEDECACDE8F5A67,oritech.snbt,,,Heisenberg Compensator,oritech:heisenberg_compensator,,명시적 task.title 없이 아이템 hover 사용,
task,34DEEAC33FF9F789,4EEDECACDE8F5A67,oritech.snbt,,,Manhattan Module,oritech:nuke,,명시적 task.title 없이 아이템 hover 사용,
task,253852CD4B706EFF,4EEDECACDE8F5A67,oritech.snbt,,,Improved Machine Core,oritech:machine_core_3,,명시적 task.title 없이 아이템 hover 사용,
task,508ABB1535506167,4EEDECACDE8F5A67,oritech.snbt,,,Advanced Machine Core,oritech:machine_core_4,,명시적 task.title 없이 아이템 hover 사용,
task,442F4C00B01851D6,4EEDECACDE8F5A67,oritech.snbt,,,Elite Machine Core,oritech:machine_core_5,,명시적 task.title 없이 아이템 hover 사용,
task,186E07C6072A5B9A,4EEDECACDE8F5A67,oritech.snbt,,,Ultra Machine Core,oritech:machine_core_6,,명시적 task.title 없이 아이템 hover 사용,
task,715EE42070D676F9,4EEDECACDE8F5A67,oritech.snbt,,,Pulverizer,oritech:pulverizer_block,,명시적 task.title 없이 아이템 hover 사용,
task,6AEA73B9168B5418,4EEDECACDE8F5A67,oritech.snbt,,,Carbon Fibre Strands,oritech:carbon_fibre_strands,,명시적 task.title 없이 아이템 hover 사용,
task,10CCB4278890C456,4EEDECACDE8F5A67,oritech.snbt,,,Fragment Forge,oritech:fragment_forge_block,,명시적 task.title 없이 아이템 hover 사용,
task,7F9781231C101B36,4EEDECACDE8F5A67,oritech.snbt,,,Fluid Addon,oritech:machine_fluid_addon,,명시적 task.title 없이 아이템 hover 사용,
task,2687A493F6A78164,4EEDECACDE8F5A67,oritech.snbt,Gems,,,ftbfiltersystem:smart_filter,,명시적 task.title 없이 아이템 hover 사용,
task,6CBC44DF8F1CD43F,4EEDECACDE8F5A67,oritech.snbt,,,Plutonium Dust,oritech:plutonium_dust,,명시적 task.title 없이 아이템 hover 사용,
task,5DD83D9863B3F913,4EEDECACDE8F5A67,oritech.snbt,,,Fluid Pipe,oritech:fluid_pipe,,명시적 task.title 없이 아이템 hover 사용,
task,2301E1897CA9A2F0,4EEDECACDE8F5A67,oritech.snbt,,,Framed Fluid Pipe,oritech:framed_fluid_pipe,,명시적 task.title 없이 아이템 hover 사용,
task,0B60CDC3D8179D01,4EEDECACDE8F5A67,oritech.snbt,,,Fluid Pipe Duct,oritech:fluid_pipe_duct_block,,명시적 task.title 없이 아이템 hover 사용,
task,6D77A2D3917BA181,4EEDECACDE8F5A67,oritech.snbt,,,Portable Tank,oritech:small_tank_block,,명시적 task.title 없이 아이템 hover 사용,
task,4060354A6129D860,4EEDECACDE8F5A67,oritech.snbt,,,Opaque Item Pipe,oritech:item_pipe,,명시적 task.title 없이 아이템 hover 사용,
task,6CAE1683AED7EE8E,4EEDECACDE8F5A67,oritech.snbt,,,Transparent Item Pipe,oritech:transparent_item_pipe,,명시적 task.title 없이 아이템 hover 사용,
task,2F9E6878189829D8,4EEDECACDE8F5A67,oritech.snbt,,,Framed Item Pipe,oritech:framed_item_pipe,,명시적 task.title 없이 아이템 hover 사용,
task,14F4DC1379595BFB,4EEDECACDE8F5A67,oritech.snbt,,,Item Pipe Duct,oritech:item_pipe_duct_block,,명시적 task.title 없이 아이템 hover 사용,
task,62737A2866FFA38E,4EEDECACDE8F5A67,oritech.snbt,,,Item Filter,oritech:item_filter_block,,명시적 task.title 없이 아이템 hover 사용,
task,1B24996149004044,4EEDECACDE8F5A67,oritech.snbt,,,Drone Port,oritech:drone_port_block,,명시적 task.title 없이 아이템 hover 사용,
task,1C8EED8F24EA5687,4EEDECACDE8F5A67,oritech.snbt,,,Energy Pipe,oritech:energy_pipe,,명시적 task.title 없이 아이템 hover 사용,
task,544B7591D272DFBA,4EEDECACDE8F5A67,oritech.snbt,,,Framed Energy Pipe,oritech:framed_energy_pipe,,명시적 task.title 없이 아이템 hover 사용,
task,305F7871112B7343,4EEDECACDE8F5A67,oritech.snbt,,,Energy Pipe Duct,oritech:energy_pipe_duct_block,,명시적 task.title 없이 아이템 hover 사용,
task,63A706B7E0157BFD,4EEDECACDE8F5A67,oritech.snbt,,,Portable Energy Storage,oritech:small_storage_block,,명시적 task.title 없이 아이템 hover 사용,
task,01169BBCF825938C,4EEDECACDE8F5A67,oritech.snbt,,,Large Energy Storage,oritech:large_storage_block,,명시적 task.title 없이 아이템 hover 사용,
task,308FA84358A4F95A,4EEDECACDE8F5A67,oritech.snbt,,,Basic Generator,oritech:basic_generator_block,,명시적 task.title 없이 아이템 hover 사용,
task,62345780F7357DBC,4EEDECACDE8F5A67,oritech.snbt,,,Lava Generator,oritech:lava_generator_block,,명시적 task.title 없이 아이템 hover 사용,
task,2881E93EFEBC8D9A,4EEDECACDE8F5A67,oritech.snbt,,,Bio Generator,oritech:bio_generator_block,,명시적 task.title 없이 아이템 hover 사용,
task,6BEFA06E82E6693E,4EEDECACDE8F5A67,oritech.snbt,,,Fuel Generator,oritech:fuel_generator_block,,명시적 task.title 없이 아이템 hover 사용,
task,0C007608A88FD9BA,4EEDECACDE8F5A67,oritech.snbt,,,Speed Addon,oritech:machine_speed_addon,,명시적 task.title 없이 아이템 hover 사용,
task,246E8A4CA7C73532,4EEDECACDE8F5A67,oritech.snbt,,,Auxiliary Processing Chamber Addon,oritech:machine_processing_addon,,명시적 task.title 없이 아이템 hover 사용,
task,1BA40C54DCC57E13,4EEDECACDE8F5A67,oritech.snbt,,,Efficiency Addon,oritech:machine_efficiency_addon,,명시적 task.title 없이 아이템 hover 사용,
task,75F88757B65D961A,4EEDECACDE8F5A67,oritech.snbt,,,Fluid Addon,oritech:machine_fluid_addon,,명시적 task.title 없이 아이템 hover 사용,
task,6CFFEB056A37AB86,4EEDECACDE8F5A67,oritech.snbt,,,Capacitor Addon,oritech:machine_capacitor_addon,,명시적 task.title 없이 아이템 hover 사용,
task,37C428CDD7EF831D,4EEDECACDE8F5A67,oritech.snbt,,,Acceptor Addon,oritech:machine_acceptor_addon,,명시적 task.title 없이 아이템 hover 사용,
task,49D886A1F968B76A,4EEDECACDE8F5A67,oritech.snbt,,,Pipe Booster,oritech:pipe_booster_block,,명시적 task.title 없이 아이템 hover 사용,
task,300FB736A05E5934,4EEDECACDE8F5A67,oritech.snbt,,,Machine Addon Extender,oritech:machine_extender,,명시적 task.title 없이 아이템 hover 사용,
task,6F10EB317EE4DEA9,4EEDECACDE8F5A67,oritech.snbt,,,Refinery,oritech:refinery_block,,명시적 task.title 없이 아이템 hover 사용,
task,2A48DB69DAF5DE76,4EEDECACDE8F5A67,oritech.snbt,,,Refinery Chamber Module,oritech:refinery_module_block,,명시적 task.title 없이 아이템 hover 사용,
task,3CC9C741B461AD4B,4EEDECACDE8F5A67,oritech.snbt,Clumps,,,ftbfiltersystem:smart_filter,,명시적 task.title 없이 아이템 hover 사용,
task,6E85FE06F0AA556A,4EEDECACDE8F5A67,oritech.snbt,Gems,,,ftbfiltersystem:smart_filter,,명시적 task.title 없이 아이템 hover 사용,
task,400E42F53FDE783C,4EEDECACDE8F5A67,oritech.snbt,Ingots,,,ftbfiltersystem:smart_filter,,명시적 task.title 없이 아이템 hover 사용,
task,6A06EB448BDE885D,4EEDECACDE8F5A67,oritech.snbt,,,Nuclear Reactor Controller,oritech:reactor_controller,,명시적 task.title 없이 아이템 hover 사용,
task,034A90108BCE7AB1,4EEDECACDE8F5A67,oritech.snbt,,,Basic Machine Core,oritech:machine_core_2,,명시적 task.title 없이 아이템 hover 사용,
task,577EC349CB79E93E,5E31DF282998B992,pneumaticcraft.snbt,,,Compressed Iron Ingot,pneumaticcraft:ingot_iron_compressed,,명시적 task.title 없이 아이템 hover 사용,
task,052A7C7918C3A0D5,5E31DF282998B992,pneumaticcraft.snbt,,,Reinforced Stone,pneumaticcraft:reinforced_stone,,명시적 task.title 없이 아이템 hover 사용,
task,304A15731EA889F5,5E31DF282998B992,pneumaticcraft.snbt,,,Compressed Iron Helmet,pneumaticcraft:compressed_iron_helmet,,명시적 task.title 없이 아이템 hover 사용,
task,3916C13A250BB5E9,5E31DF282998B992,pneumaticcraft.snbt,,,Compressed Iron Chestplate,pneumaticcraft:compressed_iron_chestplate,,명시적 task.title 없이 아이템 hover 사용,
task,044425D8D6512ED7,5E31DF282998B992,pneumaticcraft.snbt,,,Compressed Iron Leggings,pneumaticcraft:compressed_iron_leggings,,명시적 task.title 없이 아이템 hover 사용,
task,43DC656348DC56EB,5E31DF282998B992,pneumaticcraft.snbt,,,Compressed Iron Boots,pneumaticcraft:compressed_iron_boots,,명시적 task.title 없이 아이템 hover 사용,
quest,6FD65139CD50A8C0,5E31DF282998B992,pneumaticcraft.snbt,,,압축된 철 자동화,ftbfiltersystem:smart_filter,,설명은 있으나 명시적 quest.title 없음,
task,78082DDA22FC7B9B,5E31DF282998B992,pneumaticcraft.snbt,,,Pressure Tube,pneumaticcraft:pressure_tube,,명시적 task.title 없이 아이템 hover 사용,
quest,7B2008977702D0C8,5E31DF282998B992,pneumaticcraft.snbt,,,압력 이해,,,설명은 있으나 명시적 quest.title 없음,
task,50C621641241CF5F,5E31DF282998B992,pneumaticcraft.snbt,,,Pressure Chamber Wall,pneumaticcraft:pressure_chamber_wall,,명시적 task.title 없이 아이템 hover 사용,
task,0ED2199E0628F442,5E31DF282998B992,pneumaticcraft.snbt,,,Pressure Chamber Valve,pneumaticcraft:pressure_chamber_valve,,명시적 task.title 없이 아이템 hover 사용,
task,22F4EC53E46518B1,5E31DF282998B992,pneumaticcraft.snbt,,,Pressure Chamber Interface,pneumaticcraft:pressure_chamber_interface,,명시적 task.title 없이 아이템 hover 사용,
task,6914FD46650A6B01,5E31DF282998B992,pneumaticcraft.snbt,,,Security Upgrade,pneumaticcraft:security_upgrade,,명시적 task.title 없이 아이템 hover 사용,
task,56A35164A8E072BE,5E31DF282998B992,pneumaticcraft.snbt,,,Air Compressor,pneumaticcraft:air_compressor,,명시적 task.title 없이 아이템 hover 사용,
quest,4FCC20D9F8F87B2F,5E31DF282998B992,pneumaticcraft.snbt,,,Pneumatic Wrench,pneumaticcraft:pneumatic_wrench,,설명은 있으나 명시적 quest.title 없음,
task,46E93CA18CA750A4,5E31DF282998B992,pneumaticcraft.snbt,,,Pneumatic Wrench,pneumaticcraft:pneumatic_wrench,,명시적 task.title 없이 아이템 hover 사용,
quest,461C8F1E88AA58D9,5E31DF282998B992,pneumaticcraft.snbt,,,Small Fluid Tank,pneumaticcraft:small_tank,,설명은 있으나 명시적 quest.title 없음,
task,0E4936A2C65706CB,5E31DF282998B992,pneumaticcraft.snbt,,,Small Fluid Tank,pneumaticcraft:small_tank,,명시적 task.title 없이 아이템 hover 사용,
task,66A0A8D0385970E1,5E31DF282998B992,pneumaticcraft.snbt,,,Medium Fluid Tank,pneumaticcraft:medium_tank,,명시적 task.title 없이 아이템 hover 사용,
task,338B9093062C93C3,5E31DF282998B992,pneumaticcraft.snbt,,,Huge Fluid Tank,pneumaticcraft:huge_tank,,명시적 task.title 없이 아이템 hover 사용,
task,4C8F07DD812CFC23,5E31DF282998B992,pneumaticcraft.snbt,,,Large Fluid Tank,pneumaticcraft:large_tank,,명시적 task.title 없이 아이템 hover 사용,
quest,0AEAEA976ED0C470,5E31DF282998B992,pneumaticcraft.snbt,,,Charging Station,pneumaticcraft:charging_station,,설명은 있으나 명시적 quest.title 없음,
task,26885ED4036D69D2,5E31DF282998B992,pneumaticcraft.snbt,,,Charging Station,pneumaticcraft:charging_station,,명시적 task.title 없이 아이템 hover 사용,
quest,74015945716FD10A,5E31DF282998B992,pneumaticcraft.snbt,,,Omnidirectional Hopper,pneumaticcraft:omnidirectional_hopper,,설명은 있으나 명시적 quest.title 없음,
task,1747941B589175D4,5E31DF282998B992,pneumaticcraft.snbt,,,Omnidirectional Hopper,pneumaticcraft:omnidirectional_hopper,,명시적 task.title 없이 아이템 hover 사용,
quest,0FF050EC1EA6EAED,5E31DF282998B992,pneumaticcraft.snbt,,,Liquid Hopper,pneumaticcraft:liquid_hopper,,설명은 있으나 명시적 quest.title 없음,
task,7CE473D2EC94952E,5E31DF282998B992,pneumaticcraft.snbt,,,Liquid Hopper,pneumaticcraft:liquid_hopper,,명시적 task.title 없이 아이템 hover 사용,
quest,187816477B732517,5E31DF282998B992,pneumaticcraft.snbt,,,Transfer Gadget,pneumaticcraft:transfer_gadget,,설명은 있으나 명시적 quest.title 없음,
task,647C1856013C81D6,5E31DF282998B992,pneumaticcraft.snbt,,,Transfer Gadget,pneumaticcraft:transfer_gadget,,명시적 task.title 없이 아이템 hover 사용,
quest,4CA17B0A80020B2F,5E31DF282998B992,pneumaticcraft.snbt,,,Manometer,pneumaticcraft:manometer,,설명은 있으나 명시적 quest.title 없음,
task,772A9A02784FC672,5E31DF282998B992,pneumaticcraft.snbt,,,Manometer,pneumaticcraft:manometer,,명시적 task.title 없이 아이템 hover 사용,
quest,53518D4ED99A242F,5E31DF282998B992,pneumaticcraft.snbt,,,Camouflage Applicator,pneumaticcraft:camo_applicator,,설명은 있으나 명시적 quest.title 없음,
task,2669B32EE3AEDEF8,5E31DF282998B992,pneumaticcraft.snbt,,,Camouflage Applicator,pneumaticcraft:camo_applicator,,명시적 task.title 없이 아이템 hover 사용,
task,6C705DCE141062B0,5E31DF282998B992,pneumaticcraft.snbt,,,Crude Oil Bucket,pneumaticcraft:oil_bucket,,명시적 task.title 없이 아이템 hover 사용,
quest,0A912B2E2BE34920,5E31DF282998B992,pneumaticcraft.snbt,,,Gas Lift,pneumaticcraft:gas_lift,,설명은 있으나 명시적 quest.title 없음,
task,14E8E26455BB6C0F,5E31DF282998B992,pneumaticcraft.snbt,,,Gas Lift,pneumaticcraft:gas_lift,,명시적 task.title 없이 아이템 hover 사용,
task,4DFB6DCDCBFF7A2C,5E31DF282998B992,pneumaticcraft.snbt,,,Drill Pipe,pneumaticcraft:drill_pipe,,명시적 task.title 없이 아이템 hover 사용,
task,7325980352624229,5E31DF282998B992,pneumaticcraft.snbt,,,Seismic Sensor,pneumaticcraft:seismic_sensor,,명시적 task.title 없이 아이템 hover 사용,
task,09F05931EFA39343,5E31DF282998B992,pneumaticcraft.snbt,,,Refinery Controller,pneumaticcraft:refinery,,명시적 task.title 없이 아이템 hover 사용,
task,35E1DCDF9712B702,5E31DF282998B992,pneumaticcraft.snbt,,,Refinery Output,pneumaticcraft:refinery_output,,명시적 task.title 없이 아이템 hover 사용,
task,77B3A5EDBE2053B2,5E31DF282998B992,pneumaticcraft.snbt,,,Thermal Lagging,pneumaticcraft:thermal_lagging,,명시적 task.title 없이 아이템 hover 사용,
quest,456B9DD108CF340F,5E31DF282998B992,pneumaticcraft.snbt,,,Speed Upgrade,pneumaticcraft:speed_upgrade,,설명은 있으나 명시적 quest.title 없음,
task,4B9E4AD4FDA66443,5E31DF282998B992,pneumaticcraft.snbt,,,Speed Upgrade,pneumaticcraft:speed_upgrade,,명시적 task.title 없이 아이템 hover 사용,
task,1E83B5E813F34290,5E31DF282998B992,pneumaticcraft.snbt,,,Vortex Tube,pneumaticcraft:vortex_tube,,명시적 task.title 없이 아이템 hover 사용,
task,2B250211827F00CD,5E31DF282998B992,pneumaticcraft.snbt,,,Heat Sink,pneumaticcraft:heat_sink,,명시적 task.title 없이 아이템 hover 사용,
task,54D71DF75158990B,5E31DF282998B992,pneumaticcraft.snbt,,,Heat Pipe,pneumaticcraft:heat_pipe,,명시적 task.title 없이 아이템 hover 사용,
quest,5C7D9BCDF19B86BD,5E31DF282998B992,pneumaticcraft.snbt,,,Security Upgrade,pneumaticcraft:security_upgrade,,설명은 있으나 명시적 quest.title 없음,
task,4AC56C0C4FF91B28,5E31DF282998B992,pneumaticcraft.snbt,,,Security Upgrade,pneumaticcraft:security_upgrade,,명시적 task.title 없이 아이템 hover 사용,
task,0987C92B24E85529,5E31DF282998B992,pneumaticcraft.snbt,,,Diesel Bucket,pneumaticcraft:diesel_bucket,,명시적 task.title 없이 아이템 hover 사용,
task,3C1F3C86CD5CD7EF,5E31DF282998B992,pneumaticcraft.snbt,,,Kerosene Bucket,pneumaticcraft:kerosene_bucket,,명시적 task.title 없이 아이템 hover 사용,
task,51B8052B00972CAE,5E31DF282998B992,pneumaticcraft.snbt,,,Gasoline Bucket,pneumaticcraft:gasoline_bucket,,명시적 task.title 없이 아이템 hover 사용,
task,67CB1F35E3D8F8E6,5E31DF282998B992,pneumaticcraft.snbt,,,LPG Bucket,pneumaticcraft:lpg_bucket,,명시적 task.title 없이 아이템 hover 사용,
quest,23737103592776C2,5E31DF282998B992,pneumaticcraft.snbt,,,Kerosene Lamp,pneumaticcraft:kerosene_lamp,,설명은 있으나 명시적 quest.title 없음,
task,3DF0C08F91227D92,5E31DF282998B992,pneumaticcraft.snbt,,,Kerosene Lamp,pneumaticcraft:kerosene_lamp,,명시적 task.title 없이 아이템 hover 사용,
task,79AE5C89B41B2E1D,5E31DF282998B992,pneumaticcraft.snbt,,,Thermopneumatic Processing Plant,pneumaticcraft:thermopneumatic_processing_plant,,명시적 task.title 없이 아이템 hover 사용,
task,465E4DA026258598,5E31DF282998B992,pneumaticcraft.snbt,,,Plastic Sheet,pneumaticcraft:plastic,,명시적 task.title 없이 아이템 hover 사용,
quest,230463E830D6FFEB,5E31DF282998B992,pneumaticcraft.snbt,,,Empty PCB,pneumaticcraft:empty_pcb,,설명은 있으나 명시적 quest.title 없음,
task,071DA0091E3B96EA,5E31DF282998B992,pneumaticcraft.snbt,,,Empty PCB,pneumaticcraft:empty_pcb,,명시적 task.title 없이 아이템 hover 사용,
quest,5A9D6672385D3D82,5E31DF282998B992,pneumaticcraft.snbt,,,Upgrade Matrix,pneumaticcraft:upgrade_matrix,,설명은 있으나 명시적 quest.title 없음,
task,517D32E01C12B2AF,5E31DF282998B992,pneumaticcraft.snbt,,,Upgrade Matrix,pneumaticcraft:upgrade_matrix,,명시적 task.title 없이 아이템 hover 사용,
task,513D5A4104275DA8,5E31DF282998B992,pneumaticcraft.snbt,,,Amadron Tablet,pneumaticcraft:amadron_tablet,,명시적 task.title 없이 아이템 hover 사용,
task,33C895A683077073,5E31DF282998B992,pneumaticcraft.snbt,,,PCB Blueprint,pneumaticcraft:pcb_blueprint,,명시적 task.title 없이 아이템 hover 사용,
task,2F86488FC900EE22,5E31DF282998B992,pneumaticcraft.snbt,,,UV Light Box,pneumaticcraft:uv_light_box,,명시적 task.title 없이 아이템 hover 사용,
quest,40924F0D64253A38,5E31DF282998B992,pneumaticcraft.snbt,,,Dispenser Upgrade,pneumaticcraft:dispenser_upgrade,,설명은 있으나 명시적 quest.title 없음,
task,6CD14F28229D0B41,5E31DF282998B992,pneumaticcraft.snbt,,,Dispenser Upgrade,pneumaticcraft:dispenser_upgrade,,명시적 task.title 없이 아이템 hover 사용,
quest,2C5D78630C7AD57F,5E31DF282998B992,pneumaticcraft.snbt,,,Range Upgrade,pneumaticcraft:range_upgrade,,설명은 있으나 명시적 quest.title 없음,
task,18C4E520891D00AF,5E31DF282998B992,pneumaticcraft.snbt,,,Range Upgrade,pneumaticcraft:range_upgrade,,명시적 task.title 없이 아이템 hover 사용,
quest,74AE214747A3DB1A,5E31DF282998B992,pneumaticcraft.snbt,,,Volume Upgrade,pneumaticcraft:volume_upgrade,,설명은 있으나 명시적 quest.title 없음,
task,5929342DFAD049CC,5E31DF282998B992,pneumaticcraft.snbt,,,Volume Upgrade,pneumaticcraft:volume_upgrade,,명시적 task.title 없이 아이템 hover 사용,
task,1DF996B4E387DB41,5E31DF282998B992,pneumaticcraft.snbt,,,,minecraft:lapis_lazuli,,명시적 task.title 없이 아이템 hover 사용,
quest,0D2F5CC96269F9E3,5E31DF282998B992,pneumaticcraft.snbt,,,Etching Tank,pneumaticcraft:etching_tank,,설명은 있으나 명시적 quest.title 없음,
task,642A986106FC39D5,5E31DF282998B992,pneumaticcraft.snbt,,,Etching Tank,pneumaticcraft:etching_tank,,명시적 task.title 없이 아이템 hover 사용,
quest,52D3697F1F5625C7,5E31DF282998B992,pneumaticcraft.snbt,,,Etching Acid Bucket,pneumaticcraft:etching_acid_bucket,,설명은 있으나 명시적 quest.title 없음,
task,4BA3DB05F9E0F440,5E31DF282998B992,pneumaticcraft.snbt,,,Etching Acid Bucket,pneumaticcraft:etching_acid_bucket,,명시적 task.title 없이 아이템 hover 사용,
quest,602C3E88D96F8843,5E31DF282998B992,pneumaticcraft.snbt,,,Unassembled PCB,pneumaticcraft:unassembled_pcb,,설명은 있으나 명시적 quest.title 없음,
task,3D3BD61439134171,5E31DF282998B992,pneumaticcraft.snbt,,,Unassembled PCB,pneumaticcraft:unassembled_pcb,,명시적 task.title 없이 아이템 hover 사용,
task,7E538C87D777B809,5E31DF282998B992,pneumaticcraft.snbt,,,Transistor,pneumaticcraft:transistor,,명시적 task.title 없이 아이템 hover 사용,
task,6F954349AC36A8EE,5E31DF282998B992,pneumaticcraft.snbt,,,Capacitor,pneumaticcraft:capacitor,,명시적 task.title 없이 아이템 hover 사용,
quest,1427B3AB09510D20,5E31DF282998B992,pneumaticcraft.snbt,,,Finished PCB,pneumaticcraft:printed_circuit_board,,설명은 있으나 명시적 quest.title 없음,
task,7227DF9A138EF8A4,5E31DF282998B992,pneumaticcraft.snbt,,,Finished PCB,pneumaticcraft:printed_circuit_board,,명시적 task.title 없이 아이템 hover 사용,
quest,6D124ACF4AE80490,5E31DF282998B992,pneumaticcraft.snbt,,,Micromissiles,pneumaticcraft:micromissiles,,설명은 있으나 명시적 quest.title 없음,
task,25DB01423306BCB0,5E31DF282998B992,pneumaticcraft.snbt,,,Micromissiles,pneumaticcraft:micromissiles,,명시적 task.title 없이 아이템 hover 사용,
quest,3CFE522A4B7CC2EC,5E31DF282998B992,pneumaticcraft.snbt,,,Reinforced Chest,pneumaticcraft:reinforced_chest,,설명은 있으나 명시적 quest.title 없음,
task,418BD4DDE65D5FD7,5E31DF282998B992,pneumaticcraft.snbt,,,Reinforced Chest,pneumaticcraft:reinforced_chest,,명시적 task.title 없이 아이템 hover 사용,
quest,440B1E1D4951F808,5E31DF282998B992,pneumaticcraft.snbt,,,Smart Chest,pneumaticcraft:smart_chest,,설명은 있으나 명시적 quest.title 없음,
task,101850E9F188F7BD,5E31DF282998B992,pneumaticcraft.snbt,,,Smart Chest,pneumaticcraft:smart_chest,,명시적 task.title 없이 아이템 hover 사용,
task,0434C940BC8BF492,5E31DF282998B992,pneumaticcraft.snbt,,,Lubricant Bucket,pneumaticcraft:lubricant_bucket,,명시적 task.title 없이 아이템 hover 사용,
task,5CD3D552F51AEF08,5E31DF282998B992,pneumaticcraft.snbt,,,Vegetable Oil Bucket,pneumaticcraft:vegetable_oil_bucket,,명시적 task.title 없이 아이템 hover 사용,
task,569BF001CEBF7853,5E31DF282998B992,pneumaticcraft.snbt,,,Cod n Chips,pneumaticcraft:cod_n_chips,,명시적 task.title 없이 아이템 hover 사용,
task,0A0F2FE6667668B4,5E31DF282998B992,pneumaticcraft.snbt,,,Yeast Culture Bucket,pneumaticcraft:yeast_culture_bucket,,명시적 task.title 없이 아이템 hover 사용,
task,1975E8C092083491,5E31DF282998B992,pneumaticcraft.snbt,,,Ethanol Bucket,pneumaticcraft:ethanol_bucket,,명시적 task.title 없이 아이템 hover 사용,
task,57F34B947FB6AEE6,5E31DF282998B992,pneumaticcraft.snbt,,,Biodiesel Bucket,pneumaticcraft:biodiesel_bucket,,명시적 task.title 없이 아이템 hover 사용,
quest,5A0860631323B5E3,5E31DF282998B992,pneumaticcraft.snbt,,,Sourdough,pneumaticcraft:sourdough,,설명은 있으나 명시적 quest.title 없음,
task,398EB377CFF84584,5E31DF282998B992,pneumaticcraft.snbt,,,Sourdough,pneumaticcraft:sourdough,,명시적 task.title 없이 아이템 hover 사용,
quest,21624A6500545C42,5E31DF282998B992,pneumaticcraft.snbt,,,Crop Support,pneumaticcraft:crop_support,,설명은 있으나 명시적 quest.title 없음,
task,7E8B07F35C250962,5E31DF282998B992,pneumaticcraft.snbt,,,Crop Support,pneumaticcraft:crop_support,,명시적 task.title 없이 아이템 hover 사용,
quest,482E558BCFEE6B7E,5E31DF282998B992,pneumaticcraft.snbt,,,건설 벽돌™,ftbfiltersystem:smart_filter,,설명은 있으나 명시적 quest.title 없음,
quest,09BA45CBBFB4AE26,5E31DF282998B992,pneumaticcraft.snbt,,,Assembly Controller,pneumaticcraft:assembly_controller,,설명은 있으나 명시적 quest.title 없음,
task,5AABACDDAB9931BD,5E31DF282998B992,pneumaticcraft.snbt,,,Assembly Controller,pneumaticcraft:assembly_controller,,명시적 task.title 없이 아이템 hover 사용,
quest,32C3E14578D48E6C,5E31DF282998B992,pneumaticcraft.snbt,,,Reinforced Pressure Tube,pneumaticcraft:reinforced_pressure_tube,,설명은 있으나 명시적 quest.title 없음,
task,5EE58C7A02CDDEAB,5E31DF282998B992,pneumaticcraft.snbt,,,Reinforced Pressure Tube,pneumaticcraft:reinforced_pressure_tube,,명시적 task.title 없이 아이템 hover 사용,
quest,3D819550074CA376,5E31DF282998B992,pneumaticcraft.snbt,,,Assembly Platform,pneumaticcraft:assembly_platform,,설명은 있으나 명시적 quest.title 없음,
task,6F6E29CA6E7C73CF,5E31DF282998B992,pneumaticcraft.snbt,,,Assembly Platform,pneumaticcraft:assembly_platform,,명시적 task.title 없이 아이템 hover 사용,
quest,0D50BDEFA0319EA1,5E31DF282998B992,pneumaticcraft.snbt,,,Assembly IO Unit (export),pneumaticcraft:assembly_io_unit_export,,설명은 있으나 명시적 quest.title 없음,
task,5D7B8FC80827036D,5E31DF282998B992,pneumaticcraft.snbt,,,Assembly IO Unit (export),pneumaticcraft:assembly_io_unit_export,,명시적 task.title 없이 아이템 hover 사용,
quest,00075A5F9AC120ED,5E31DF282998B992,pneumaticcraft.snbt,,,Assembly IO Unit (import),pneumaticcraft:assembly_io_unit_import,,설명은 있으나 명시적 quest.title 없음,
task,231904B21E2469D7,5E31DF282998B992,pneumaticcraft.snbt,,,Assembly IO Unit (import),pneumaticcraft:assembly_io_unit_import,,명시적 task.title 없이 아이템 hover 사용,
task,61D1591D2196CFBA,5E31DF282998B992,pneumaticcraft.snbt,,,Assembly Laser,pneumaticcraft:assembly_laser,,명시적 task.title 없이 아이템 hover 사용,
task,7BC0D5FBCC775A7A,5E31DF282998B992,pneumaticcraft.snbt,,,Assembly Drill,pneumaticcraft:assembly_drill,,명시적 task.title 없이 아이템 hover 사용,
task,28A1D25CDDBF5163,5E31DF282998B992,pneumaticcraft.snbt,,,,ftbfiltersystem:smart_filter,,명시적 task.title 없이 아이템 hover 사용,
quest,7FB12EC3A5888123,5E31DF282998B992,pneumaticcraft.snbt,,,Tube Junction,pneumaticcraft:tube_junction,,설명은 있으나 명시적 quest.title 없음,
task,7DA329A34A338668,5E31DF282998B992,pneumaticcraft.snbt,,,Tube Junction,pneumaticcraft:tube_junction,,명시적 task.title 없이 아이템 hover 사용,
quest,64E2E05B228EA53E,5E31DF282998B992,pneumaticcraft.snbt,,,Advanced Pressure Tube,pneumaticcraft:advanced_pressure_tube,,설명은 있으나 명시적 quest.title 없음,
task,5109AD27D2D93269,5E31DF282998B992,pneumaticcraft.snbt,,,Advanced Pressure Tube,pneumaticcraft:advanced_pressure_tube,,명시적 task.title 없이 아이템 hover 사용,
task,2A4DD9872881B85C,5E31DF282998B992,pneumaticcraft.snbt,,,Unassembled PCB,pneumaticcraft:unassembled_pcb,,명시적 task.title 없이 아이템 hover 사용,
task,3CE006A2358219BA,5E31DF282998B992,pneumaticcraft.snbt,,,Finished PCB,pneumaticcraft:printed_circuit_board,,명시적 task.title 없이 아이템 hover 사용,
task,2783DD6C66C1080B,5E31DF282998B992,pneumaticcraft.snbt,,,Pneumatic Dynamo,pneumaticcraft:pneumatic_dynamo,,명시적 task.title 없이 아이템 hover 사용,
task,0CC30ECC352D1A6E,5E31DF282998B992,pneumaticcraft.snbt,,,Pneumatic Helmet,pneumaticcraft:pneumatic_helmet,,명시적 task.title 없이 아이템 hover 사용,
task,5A9A57E7C0C2AF31,5E31DF282998B992,pneumaticcraft.snbt,,,Pneumatic Chestplate,pneumaticcraft:pneumatic_chestplate,,명시적 task.title 없이 아이템 hover 사용,
task,0BA590DEFD2EBB20,5E31DF282998B992,pneumaticcraft.snbt,,,Pneumatic Leggings,pneumaticcraft:pneumatic_leggings,,명시적 task.title 없이 아이템 hover 사용,
task,56A00F77D5089120,5E31DF282998B992,pneumaticcraft.snbt,,,Pneumatic Boots,pneumaticcraft:pneumatic_boots,,명시적 task.title 없이 아이템 hover 사용,
task,0FF09F8AE76CDC96,5E31DF282998B992,pneumaticcraft.snbt,,,Flux Compressor,pneumaticcraft:flux_compressor,,명시적 task.title 없이 아이템 hover 사용,
quest,2745297337E13E9E,5E31DF282998B992,pneumaticcraft.snbt,,,Advanced Air Compressor,pneumaticcraft:advanced_air_compressor,,설명은 있으나 명시적 quest.title 없음,
task,31D49013ABE68843,5E31DF282998B992,pneumaticcraft.snbt,,,Advanced Air Compressor,pneumaticcraft:advanced_air_compressor,,명시적 task.title 없이 아이템 hover 사용,
task,38F7BA2B8FC50520,5E31DF282998B992,pneumaticcraft.snbt,,,Solar Compressor,pneumaticcraft:solar_compressor,,명시적 task.title 없이 아이템 hover 사용,
task,7C9F61622A4A5E94,5E31DF282998B992,pneumaticcraft.snbt,,,Liquid Compressor,pneumaticcraft:liquid_compressor,,명시적 task.title 없이 아이템 hover 사용,
task,35756A83B78F3F8A,5E31DF282998B992,pneumaticcraft.snbt,,,Electrostatic Compressor,pneumaticcraft:electrostatic_compressor,,명시적 task.title 없이 아이템 hover 사용,
task,2974FD173EA30320,5E31DF282998B992,pneumaticcraft.snbt,,,Thermal Compressor,pneumaticcraft:thermal_compressor,,명시적 task.title 없이 아이템 hover 사용,
quest,5303509A1C2B1CCD,5E31DF282998B992,pneumaticcraft.snbt,,,Pneumatic Jackhammer,pneumaticcraft:jackhammer,,설명은 있으나 명시적 quest.title 없음,
task,7902D4BF9699E1C0,5E31DF282998B992,pneumaticcraft.snbt,,,Pneumatic Jackhammer,pneumaticcraft:jackhammer,,명시적 task.title 없이 아이템 hover 사용,
task,463F46F227DFCF83,5E31DF282998B992,pneumaticcraft.snbt,,,Programmer,pneumaticcraft:programmer,,명시적 task.title 없이 아이템 hover 사용,
task,57E64A0EFD75DBBC,5E31DF282998B992,pneumaticcraft.snbt,,,Drone,pneumaticcraft:drone,,명시적 task.title 없이 아이템 hover 사용,
quest,657DB994B029F61C,5E31DF282998B992,pneumaticcraft.snbt,,,Heat Frame,pneumaticcraft:heat_frame,,설명은 있으나 명시적 quest.title 없음,
task,19DED55076DD7406,5E31DF282998B992,pneumaticcraft.snbt,,,Heat Frame,pneumaticcraft:heat_frame,,명시적 task.title 없이 아이템 hover 사용,
quest,0CC48C2AA553A314,5E31DF282998B992,pneumaticcraft.snbt,,,Diamond Drill Bit,pneumaticcraft:drill_bit_diamond,,설명은 있으나 명시적 quest.title 없음,
task,5ED9B866B6340170,5E31DF282998B992,pneumaticcraft.snbt,,,Diamond Drill Bit,pneumaticcraft:drill_bit_diamond,,명시적 task.title 없이 아이템 hover 사용,
task,1ADA892FCECCFF47,5E31DF282998B992,pneumaticcraft.snbt,,,Solar Cell,pneumaticcraft:solar_cell,,명시적 task.title 없이 아이템 hover 사용,
quest,30AD7B15682E4D0E,5E31DF282998B992,pneumaticcraft.snbt,,,Aphorism Tile,pneumaticcraft:aphorism_tile,,설명은 있으나 명시적 quest.title 없음,
task,32322B27E49C1FFC,5E31DF282998B992,pneumaticcraft.snbt,,,Aphorism Tile,pneumaticcraft:aphorism_tile,,명시적 task.title 없이 아이템 hover 사용,
task,0667E3E62F944586,5E31DF282998B992,pneumaticcraft.snbt,,,Elevator Base,pneumaticcraft:elevator_base,,명시적 task.title 없이 아이템 hover 사용,
task,046FB06F74C0AC1C,5E31DF282998B992,pneumaticcraft.snbt,,,Elevator Caller,pneumaticcraft:elevator_caller,,명시적 task.title 없이 아이템 hover 사용,
task,4A6BDA0F331D1B4C,5E31DF282998B992,pneumaticcraft.snbt,,,Elevator Frame,pneumaticcraft:elevator_frame,,명시적 task.title 없이 아이템 hover 사용,
quest,2338E5269CA23C91,5E31DF282998B992,pneumaticcraft.snbt,,,Netherite Drill Bit,pneumaticcraft:drill_bit_netherite,,설명은 있으나 명시적 quest.title 없음,
task,69AA17BB9454C502,5E31DF282998B992,pneumaticcraft.snbt,,,Netherite Drill Bit,pneumaticcraft:drill_bit_netherite,,명시적 task.title 없이 아이템 hover 사용,
quest,762B8309E1A31B99,5E31DF282998B992,pneumaticcraft.snbt,,,Armor Upgrade,pneumaticcraft:armor_upgrade,,설명은 있으나 명시적 quest.title 없음,
task,56BDDA593D3B1F80,5E31DF282998B992,pneumaticcraft.snbt,,,Armor Upgrade,pneumaticcraft:armor_upgrade,,명시적 task.title 없이 아이템 hover 사용,
quest,002163B909070CF8,5E31DF282998B992,pneumaticcraft.snbt,,,Block Tracker Upgrade,pneumaticcraft:block_tracker_upgrade,,설명은 있으나 명시적 quest.title 없음,
task,38913385C6596A2C,5E31DF282998B992,pneumaticcraft.snbt,,,Block Tracker Upgrade,pneumaticcraft:block_tracker_upgrade,,명시적 task.title 없이 아이템 hover 사용,
quest,15007DCAF701B361,5E31DF282998B992,pneumaticcraft.snbt,,,Charging Upgrade,pneumaticcraft:charging_upgrade,,설명은 있으나 명시적 quest.title 없음,
task,1928F18246D756C3,5E31DF282998B992,pneumaticcraft.snbt,,,Charging Upgrade,pneumaticcraft:charging_upgrade,,명시적 task.title 없이 아이템 hover 사용,
quest,0D9560C8E247F9E7,5E31DF282998B992,pneumaticcraft.snbt,,,Coordinate Tracker Upgrade,pneumaticcraft:coordinate_tracker_upgrade,,설명은 있으나 명시적 quest.title 없음,
task,6BA9AF2FC89F6318,5E31DF282998B992,pneumaticcraft.snbt,,,Coordinate Tracker Upgrade,pneumaticcraft:coordinate_tracker_upgrade,,명시적 task.title 없이 아이템 hover 사용,
quest,5103C817381181DE,5E31DF282998B992,pneumaticcraft.snbt,,,Elytra Upgrade,pneumaticcraft:elytra_upgrade,,설명은 있으나 명시적 quest.title 없음,
task,25B9C04D15AD877B,5E31DF282998B992,pneumaticcraft.snbt,,,Elytra Upgrade,pneumaticcraft:elytra_upgrade,,명시적 task.title 없이 아이템 hover 사용,
quest,46BE62C20C720D10,5E31DF282998B992,pneumaticcraft.snbt,,,Ender Visor Upgrade,pneumaticcraft:ender_visor_upgrade,,설명은 있으나 명시적 quest.title 없음,
task,4CD22650AF767C94,5E31DF282998B992,pneumaticcraft.snbt,,,Ender Visor Upgrade,pneumaticcraft:ender_visor_upgrade,,명시적 task.title 없이 아이템 hover 사용,
quest,00D7BCC68D971A53,5E31DF282998B992,pneumaticcraft.snbt,,,Entity Tracker Upgrade,pneumaticcraft:entity_tracker_upgrade,,설명은 있으나 명시적 quest.title 없음,
task,1770D13680FE56E5,5E31DF282998B992,pneumaticcraft.snbt,,,Entity Tracker Upgrade,pneumaticcraft:entity_tracker_upgrade,,명시적 task.title 없이 아이템 hover 사용,
quest,7BFC24607189B6D0,5E31DF282998B992,pneumaticcraft.snbt,,,Flippers Upgrade,pneumaticcraft:flippers_upgrade,,설명은 있으나 명시적 quest.title 없음,
task,62759E3F6B218631,5E31DF282998B992,pneumaticcraft.snbt,,,Flippers Upgrade,pneumaticcraft:flippers_upgrade,,명시적 task.title 없이 아이템 hover 사용,
quest,5D71ED16FD4E725A,5E31DF282998B992,pneumaticcraft.snbt,,,Gilded Upgrade,pneumaticcraft:gilded_upgrade,,설명은 있으나 명시적 quest.title 없음,
task,2B5CBF4C29BB8D74,5E31DF282998B992,pneumaticcraft.snbt,,,Gilded Upgrade,pneumaticcraft:gilded_upgrade,,명시적 task.title 없이 아이템 hover 사용,
quest,7953C87C488A2AF7,5E31DF282998B992,pneumaticcraft.snbt,,,Jet Boots Upgrade: Tier I,pneumaticcraft:jet_boots_upgrade_1,,설명은 있으나 명시적 quest.title 없음,
task,29C129CF9FD88E83,5E31DF282998B992,pneumaticcraft.snbt,,,Jet Boots Upgrade: Tier I,pneumaticcraft:jet_boots_upgrade_1,,명시적 task.title 없이 아이템 hover 사용,
quest,312331F6DB0CE5F4,5E31DF282998B992,pneumaticcraft.snbt,,,Jet Boots Upgrade: Tier II,pneumaticcraft:jet_boots_upgrade_2,,설명은 있으나 명시적 quest.title 없음,
task,6245D0F4985FCC51,5E31DF282998B992,pneumaticcraft.snbt,,,Jet Boots Upgrade: Tier II,pneumaticcraft:jet_boots_upgrade_2,,명시적 task.title 없이 아이템 hover 사용,
quest,521656D425E2FDBA,5E31DF282998B992,pneumaticcraft.snbt,,,Jet Boots Upgrade: Tier III,pneumaticcraft:jet_boots_upgrade_3,,설명은 있으나 명시적 quest.title 없음,
task,503D496B7DA06BC3,5E31DF282998B992,pneumaticcraft.snbt,,,Jet Boots Upgrade: Tier III,pneumaticcraft:jet_boots_upgrade_3,,명시적 task.title 없이 아이템 hover 사용,
quest,36D72D759C4E8823,5E31DF282998B992,pneumaticcraft.snbt,,,Jet Boots Upgrade: Tier IV,pneumaticcraft:jet_boots_upgrade_4,,설명은 있으나 명시적 quest.title 없음,
task,231FBEDE107DDE52,5E31DF282998B992,pneumaticcraft.snbt,,,Jet Boots Upgrade: Tier IV,pneumaticcraft:jet_boots_upgrade_4,,명시적 task.title 없이 아이템 hover 사용,
quest,7D6B4AEF806AF62E,5E31DF282998B992,pneumaticcraft.snbt,,,Jet Boots Upgrade: Tier V,pneumaticcraft:jet_boots_upgrade_5,,설명은 있으나 명시적 quest.title 없음,
task,54EEA3A3443CEAF6,5E31DF282998B992,pneumaticcraft.snbt,,,Jet Boots Upgrade: Tier V,pneumaticcraft:jet_boots_upgrade_5,,명시적 task.title 없이 아이템 hover 사용,
quest,6674270897997BF7,5E31DF282998B992,pneumaticcraft.snbt,,,Jumping Upgrade: Tier I,pneumaticcraft:jumping_upgrade_1,,설명은 있으나 명시적 quest.title 없음,
task,0E5C54B2D623F21C,5E31DF282998B992,pneumaticcraft.snbt,,,Jumping Upgrade: Tier I,pneumaticcraft:jumping_upgrade_1,,명시적 task.title 없이 아이템 hover 사용,
quest,61B479079DC1C69C,5E31DF282998B992,pneumaticcraft.snbt,,,Jumping Upgrade: Tier II,pneumaticcraft:jumping_upgrade_2,,설명은 있으나 명시적 quest.title 없음,
task,67CA81F6C904192D,5E31DF282998B992,pneumaticcraft.snbt,,,Jumping Upgrade: Tier II,pneumaticcraft:jumping_upgrade_2,,명시적 task.title 없이 아이템 hover 사용,
quest,5B9F933ECD6B24FD,5E31DF282998B992,pneumaticcraft.snbt,,,Jumping Upgrade: Tier III,pneumaticcraft:jumping_upgrade_3,,설명은 있으나 명시적 quest.title 없음,
task,21C4573B472834B7,5E31DF282998B992,pneumaticcraft.snbt,,,Jumping Upgrade: Tier III,pneumaticcraft:jumping_upgrade_3,,명시적 task.title 없이 아이템 hover 사용,
quest,61BA2932EC86DA2E,5E31DF282998B992,pneumaticcraft.snbt,,,Jumping Upgrade: Tier IV,pneumaticcraft:jumping_upgrade_4,,설명은 있으나 명시적 quest.title 없음,
task,6121D228F525D2CB,5E31DF282998B992,pneumaticcraft.snbt,,,Jumping Upgrade: Tier IV,pneumaticcraft:jumping_upgrade_4,,명시적 task.title 없이 아이템 hover 사용,
quest,718DABA6C9E5982A,5E31DF282998B992,pneumaticcraft.snbt,,,Night Vision Upgrade,pneumaticcraft:night_vision_upgrade,,설명은 있으나 명시적 quest.title 없음,
task,79B7A8E4CF588749,5E31DF282998B992,pneumaticcraft.snbt,,,Night Vision Upgrade,pneumaticcraft:night_vision_upgrade,,명시적 task.title 없이 아이템 hover 사용,
quest,2DE7CC686B56881F,5E31DF282998B992,pneumaticcraft.snbt,,,Radiation Shielding Upgrade,pneumaticcraft:radiation_shielding_upgrade,,설명은 있으나 명시적 quest.title 없음,
task,2221DBEACD67BAA8,5E31DF282998B992,pneumaticcraft.snbt,,,Radiation Shielding Upgrade,pneumaticcraft:radiation_shielding_upgrade,,명시적 task.title 없이 아이템 hover 사용,
quest,4B4F5341D6DBDD19,5E31DF282998B992,pneumaticcraft.snbt,,,SCUBA Upgrade,pneumaticcraft:scuba_upgrade,,설명은 있으나 명시적 quest.title 없음,
task,28F4D0896C1552B8,5E31DF282998B992,pneumaticcraft.snbt,,,SCUBA Upgrade,pneumaticcraft:scuba_upgrade,,명시적 task.title 없이 아이템 hover 사용,
quest,7386A8433698946C,5E31DF282998B992,pneumaticcraft.snbt,,,Item Search Upgrade,pneumaticcraft:search_upgrade,,설명은 있으나 명시적 quest.title 없음,
task,19B70A70A1FD2BFA,5E31DF282998B992,pneumaticcraft.snbt,,,Item Search Upgrade,pneumaticcraft:search_upgrade,,명시적 task.title 없이 아이템 hover 사용,
quest,0F49E9167B5E97C9,5E31DF282998B992,pneumaticcraft.snbt,,,Stomp Upgrade,pneumaticcraft:stomp_upgrade,,설명은 있으나 명시적 quest.title 없음,
task,060F81A9199D170A,5E31DF282998B992,pneumaticcraft.snbt,,,Stomp Upgrade,pneumaticcraft:stomp_upgrade,,명시적 task.title 없이 아이템 hover 사용,
quest,6EB53CDCB80D4B66,5E31DF282998B992,pneumaticcraft.snbt,,,Pneumatic Door,pneumaticcraft:pneumatic_door,,설명은 있으나 명시적 quest.title 없음,
task,3DB7E828FD6AE8AC,5E31DF282998B992,pneumaticcraft.snbt,,,Pneumatic Door,pneumaticcraft:pneumatic_door,,명시적 task.title 없이 아이템 hover 사용,
task,63D65E210CBDE017,5E31DF282998B992,pneumaticcraft.snbt,,,Pneumatic Door Base,pneumaticcraft:pneumatic_door_base,,명시적 task.title 없이 아이템 hover 사용,
quest,64D34A6C3487C5DF,5E31DF282998B992,pneumaticcraft.snbt,,,Aerial Interface,pneumaticcraft:aerial_interface,,설명은 있으나 명시적 quest.title 없음,
task,295BF54A9DAC634C,5E31DF282998B992,pneumaticcraft.snbt,,,Aerial Interface,pneumaticcraft:aerial_interface,,명시적 task.title 없이 아이템 hover 사용,
quest,02643BAD1AE747C6,5E31DF282998B992,pneumaticcraft.snbt,,,Advanced Liquid Compressor,pneumaticcraft:advanced_liquid_compressor,,설명은 있으나 명시적 quest.title 없음,
task,543363DDF4118114,5E31DF282998B992,pneumaticcraft.snbt,,,Advanced Liquid Compressor,pneumaticcraft:advanced_liquid_compressor,,명시적 task.title 없이 아이템 hover 사용,
quest,22572456571C3F8D,5E31DF282998B992,pneumaticcraft.snbt,,,Charging Module,pneumaticcraft:charging_module,,설명은 있으나 명시적 quest.title 없음,
task,2C8686ED04F885AA,5E31DF282998B992,pneumaticcraft.snbt,,,Charging Module,pneumaticcraft:charging_module,,명시적 task.title 없이 아이템 hover 사용,
quest,132DF9ECEFFB3B71,5E31DF282998B992,pneumaticcraft.snbt,,,Module Expansion Card,pneumaticcraft:module_expansion_card,,설명은 있으나 명시적 quest.title 없음,
task,18E6FFF0AC1612F5,5E31DF282998B992,pneumaticcraft.snbt,,,Module Expansion Card,pneumaticcraft:module_expansion_card,,명시적 task.title 없이 아이템 hover 사용,
task,743C664C4E8EE776,5E31DF282998B992,pneumaticcraft.snbt,,,Logistics Core,pneumaticcraft:logistics_core,,명시적 task.title 없이 아이템 hover 사용,
quest,26BEA64C80ECE1A6,5E31DF282998B992,pneumaticcraft.snbt,,,로지스틱 틀,ftbfiltersystem:smart_filter,,설명은 있으나 명시적 quest.title 없음,
quest,6B1C06C753C10E44,5E31DF282998B992,pneumaticcraft.snbt,,,Logistics Configurator,pneumaticcraft:logistics_configurator,,설명은 있으나 명시적 quest.title 없음,
task,02BFA4DBB32C626D,5E31DF282998B992,pneumaticcraft.snbt,,,Logistics Configurator,pneumaticcraft:logistics_configurator,,명시적 task.title 없이 아이템 hover 사용,
quest,0E65BE9460B74000,5E31DF282998B992,pneumaticcraft.snbt,,,Logistics Module,pneumaticcraft:logistics_module,,설명은 있으나 명시적 quest.title 없음,
task,0C01776A1DC7041C,5E31DF282998B992,pneumaticcraft.snbt,,,Logistics Module,pneumaticcraft:logistics_module,,명시적 task.title 없이 아이템 hover 사용,
quest,495DCA49B4E80852,5E31DF282998B992,pneumaticcraft.snbt,,,Minigun,pneumaticcraft:minigun,,설명은 있으나 명시적 quest.title 없음,
task,3C4D170739B83904,5E31DF282998B992,pneumaticcraft.snbt,,,Minigun,pneumaticcraft:minigun,,명시적 task.title 없이 아이템 hover 사용,
quest,142C67218BD16867,5E31DF282998B992,pneumaticcraft.snbt,,,Minigun Ammo,pneumaticcraft:gun_ammo,,설명은 있으나 명시적 quest.title 없음,
task,5C8C95641F72A76F,5E31DF282998B992,pneumaticcraft.snbt,,,Minigun Ammo,pneumaticcraft:gun_ammo,,명시적 task.title 없이 아이템 hover 사용,
quest,61AD2207E770CD7F,5E31DF282998B992,pneumaticcraft.snbt,,,Magnet Upgrade,pneumaticcraft:magnet_upgrade,,설명은 있으나 명시적 quest.title 없음,
task,4D1B9FC3927FAE26,5E31DF282998B992,pneumaticcraft.snbt,,,Magnet Upgrade,pneumaticcraft:magnet_upgrade,,명시적 task.title 없이 아이템 hover 사용,
quest,4C0D00B5305117A1,5E31DF282998B992,pneumaticcraft.snbt,,,Sentry Turret,pneumaticcraft:sentry_turret,,설명은 있으나 명시적 quest.title 없음,
task,02A2904F56A5A71B,5E31DF282998B992,pneumaticcraft.snbt,,,Sentry Turret,pneumaticcraft:sentry_turret,,명시적 task.title 없이 아이템 hover 사용,
quest,325483DEB0C602F8,5E31DF282998B992,pneumaticcraft.snbt,,,AllRightsReserved,,,설명은 있으나 명시적 quest.title 없음,
task,2C268116DA162155,5E31DF282998B992,pneumaticcraft.snbt,AllRightsReserved,AllRightsReserved,,,,한국어 파일의 영어 task.title,
task,13266875BDB5077D,5E31DF282998B992,pneumaticcraft.snbt,AllRightsReserved,AllRightsReserved,,,,한국어 파일의 영어 task.title,
task,3C45AF8C3DC5A45E,2A6EBEEBAB882679,powah.snbt,,,Raw Uraninite,powah:uraninite_raw,,명시적 task.title 없이 아이템 hover 사용,
task,21FC6D010E5D5360,2A6EBEEBAB882679,powah.snbt,,,Dielectric Paste,powah:dielectric_paste,,명시적 task.title 없이 아이템 hover 사용,
task,499AF83C86984D26,2A6EBEEBAB882679,powah.snbt,,,Dielectric Casing,powah:dielectric_casing,,명시적 task.title 없이 아이템 hover 사용,
task,37FB7E3C8FD03825,2A6EBEEBAB882679,powah.snbt,,,Energizing Orb,powah:energizing_orb,,명시적 task.title 없이 아이템 hover 사용,
quest,52E59FCB39D66BCF,2A6EBEEBAB882679,powah.snbt,,,Thermo Generator (Starter),powah:thermo_generator_starter,,설명은 있으나 명시적 quest.title 없음,
task,6D3CE4788C112806,2A6EBEEBAB882679,powah.snbt,,,Thermo Generator (Starter),powah:thermo_generator_starter,,명시적 task.title 없이 아이템 hover 사용,
quest,3D5F87F8E6B89C1B,2A6EBEEBAB882679,powah.snbt,,,Furnator (Starter),powah:furnator_starter,,설명은 있으나 명시적 quest.title 없음,
task,7071C57ACD94C9F5,2A6EBEEBAB882679,powah.snbt,,,Furnator (Starter),powah:furnator_starter,,명시적 task.title 없이 아이템 hover 사용,
quest,7678B5DD1339833E,2A6EBEEBAB882679,powah.snbt,,,Solar Panel (Starter),powah:solar_panel_starter,,설명은 있으나 명시적 quest.title 없음,
task,2B3E7BB9F4D228A7,2A6EBEEBAB882679,powah.snbt,,,Solar Panel (Starter),powah:solar_panel_starter,,명시적 task.title 없이 아이템 hover 사용,
quest,0FD62827710F0AC6,2A6EBEEBAB882679,powah.snbt,,,Magmator (Starter),powah:magmator_starter,,설명은 있으나 명시적 quest.title 없음,
task,58D16A3D3A480A37,2A6EBEEBAB882679,powah.snbt,,,Magmator (Starter),powah:magmator_starter,,명시적 task.title 없이 아이템 hover 사용,
task,576DD3980CD97FBC,2A6EBEEBAB882679,powah.snbt,,,Reactor (Starter),powah:reactor_starter,,명시적 task.title 없이 아이템 hover 사용,
quest,3CB6DC5B09C62CFE,2A6EBEEBAB882679,powah.snbt,,,Ender Gate (Starter),powah:ender_gate_starter,,설명은 있으나 명시적 quest.title 없음,
task,185C323B23AA0983,2A6EBEEBAB882679,powah.snbt,,,Ender Gate (Starter),powah:ender_gate_starter,,명시적 task.title 없이 아이템 hover 사용,
quest,7D52DD751DDADA1B,2A6EBEEBAB882679,powah.snbt,,,Energy Cable (Starter),powah:energy_cable_starter,,설명은 있으나 명시적 quest.title 없음,
task,72A59D5484D75032,2A6EBEEBAB882679,powah.snbt,,,Energy Cable (Starter),powah:energy_cable_starter,,명시적 task.title 없이 아이템 hover 사용,
quest,677365A816994C8B,2A6EBEEBAB882679,powah.snbt,,,Player Transmitter (Starter),powah:player_transmitter_starter,,설명은 있으나 명시적 quest.title 없음,
task,71BD7D345E670234,2A6EBEEBAB882679,powah.snbt,,,Player Transmitter (Starter),powah:player_transmitter_starter,,명시적 task.title 없이 아이템 hover 사용,
quest,5BCA3F716348ECCD,2A6EBEEBAB882679,powah.snbt,,,Energy Hopper (Starter),powah:energy_hopper_starter,,설명은 있으나 명시적 quest.title 없음,
task,3C2CFE54F8372650,2A6EBEEBAB882679,powah.snbt,,,Energy Hopper (Starter),powah:energy_hopper_starter,,명시적 task.title 없이 아이템 hover 사용,
quest,33816AF0E699F19F,2A6EBEEBAB882679,powah.snbt,,,Energy Discharger (Starter),powah:energy_discharger_starter,,설명은 있으나 명시적 quest.title 없음,
task,43B03D8E251B44DD,2A6EBEEBAB882679,powah.snbt,,,Energy Discharger (Starter),powah:energy_discharger_starter,,명시적 task.title 없이 아이템 hover 사용,
quest,78202A1CF5D86B94,2A6EBEEBAB882679,powah.snbt,,,Energy Cell (Starter),powah:energy_cell_starter,,설명은 있으나 명시적 quest.title 없음,
task,096413BFA9FB2C10,2A6EBEEBAB882679,powah.snbt,,,Energy Cell (Starter),powah:energy_cell_starter,,명시적 task.title 없이 아이템 hover 사용,
quest,700F3FF7C23D0C0F,2A6EBEEBAB882679,powah.snbt,,,Ender Cell (Starter),powah:ender_cell_starter,,설명은 있으나 명시적 quest.title 없음,
task,30E35BC580349772,2A6EBEEBAB882679,powah.snbt,,,Ender Cell (Starter),powah:ender_cell_starter,,명시적 task.title 없이 아이템 hover 사용,
task,7D5E27F786265E83,2A6EBEEBAB882679,powah.snbt,,,Energized Steel,powah:steel_energized,,명시적 task.title 없이 아이템 hover 사용,
task,1976C5DCCE8E84BD,2A6EBEEBAB882679,powah.snbt,,,Blazing Crystal,powah:crystal_blazing,,명시적 task.title 없이 아이템 hover 사용,
task,64F9B19C093FEEF6,2A6EBEEBAB882679,powah.snbt,,,Niotic Crystal,powah:crystal_niotic,,명시적 task.title 없이 아이템 hover 사용,
task,216E5B85948E6E87,2A6EBEEBAB882679,powah.snbt,,,Spirited Crystal,powah:crystal_spirited,,명시적 task.title 없이 아이템 hover 사용,
task,2BA798C77C6F3011,2A6EBEEBAB882679,powah.snbt,,,Nitro Crystal,powah:crystal_nitro,,명시적 task.title 없이 아이템 hover 사용,
quest,61A8FAEC4FF18449,2A6EBEEBAB882679,powah.snbt,,,Battery (Starter),powah:battery_starter,,설명은 있으나 명시적 quest.title 없음,
task,1D02EF09FDC433ED,2A6EBEEBAB882679,powah.snbt,,,Battery (Starter),powah:battery_starter,,명시적 task.title 없이 아이템 hover 사용,
task,13A1F6468574ED2A,2A6EBEEBAB882679,powah.snbt,,,Energy Discharger (Basic),powah:energy_discharger_basic,,명시적 task.title 없이 아이템 hover 사용,
task,66DEF2F1E882F41E,2A6EBEEBAB882679,powah.snbt,,,Energy Hopper (Basic),powah:energy_hopper_basic,,명시적 task.title 없이 아이템 hover 사용,
task,5ED7B42C22BCD280,2A6EBEEBAB882679,powah.snbt,,,Player Transmitter (Basic),powah:player_transmitter_basic,,명시적 task.title 없이 아이템 hover 사용,
task,64BF6A3821454638,2A6EBEEBAB882679,powah.snbt,,,Battery (Basic),powah:battery_basic,,명시적 task.title 없이 아이템 hover 사용,
task,08187D03C13CC05A,2A6EBEEBAB882679,powah.snbt,,,Ender Cell (Basic),powah:ender_cell_basic,,명시적 task.title 없이 아이템 hover 사용,
task,166247828A9C16E2,2A6EBEEBAB882679,powah.snbt,,,Energy Cell (Basic),powah:energy_cell_basic,,명시적 task.title 없이 아이템 hover 사용,
task,6FFB4F8A40315B4F,2A6EBEEBAB882679,powah.snbt,,,Energy Cable (Basic),powah:energy_cable_basic,,명시적 task.title 없이 아이템 hover 사용,
task,2519EA38B1E3AA6F,2A6EBEEBAB882679,powah.snbt,,,Ender Gate (Basic),powah:ender_gate_basic,,명시적 task.title 없이 아이템 hover 사용,
task,18DA813AAFFAB349,2A6EBEEBAB882679,powah.snbt,,,Magmator (Basic),powah:magmator_basic,,명시적 task.title 없이 아이템 hover 사용,
task,2920C14299A40CD7,2A6EBEEBAB882679,powah.snbt,,,Furnator (Basic),powah:furnator_basic,,명시적 task.title 없이 아이템 hover 사용,
task,414DD76E288A6CF7,2A6EBEEBAB882679,powah.snbt,,,Thermo Generator (Basic),powah:thermo_generator_basic,,명시적 task.title 없이 아이템 hover 사용,
task,18847CA551A72B03,2A6EBEEBAB882679,powah.snbt,,,Reactor (Basic),powah:reactor_basic,,명시적 task.title 없이 아이템 hover 사용,
task,487DA52CCD1741A3,2A6EBEEBAB882679,powah.snbt,,,Solar Panel (Basic),powah:solar_panel_basic,,명시적 task.title 없이 아이템 hover 사용,
task,040A94FEA0038444,2A6EBEEBAB882679,powah.snbt,,,Energy Discharger (Hardened),powah:energy_discharger_hardened,,명시적 task.title 없이 아이템 hover 사용,
task,5B3DDFB23CA6C703,2A6EBEEBAB882679,powah.snbt,,,Energy Hopper (Hardened),powah:energy_hopper_hardened,,명시적 task.title 없이 아이템 hover 사용,
task,764E430B973B8BD9,2A6EBEEBAB882679,powah.snbt,,,Player Transmitter (Hardened),powah:player_transmitter_hardened,,명시적 task.title 없이 아이템 hover 사용,
task,4FB89D5C29752C55,2A6EBEEBAB882679,powah.snbt,,,Battery (Hardened),powah:battery_hardened,,명시적 task.title 없이 아이템 hover 사용,
task,672A18DBFAA84594,2A6EBEEBAB882679,powah.snbt,,,Energy Cell (Hardened),powah:energy_cell_hardened,,명시적 task.title 없이 아이템 hover 사용,
task,5E8665A0E3D4A148,2A6EBEEBAB882679,powah.snbt,,,Ender Cell (Hardened),powah:ender_cell_hardened,,명시적 task.title 없이 아이템 hover 사용,
task,43621F44015EB06D,2A6EBEEBAB882679,powah.snbt,,,Energy Cable (Hardened),powah:energy_cable_hardened,,명시적 task.title 없이 아이템 hover 사용,
task,5333BF78E072B674,2A6EBEEBAB882679,powah.snbt,,,Ender Gate (Hardened),powah:ender_gate_hardened,,명시적 task.title 없이 아이템 hover 사용,
task,2AA92A1DCA9C3CAF,2A6EBEEBAB882679,powah.snbt,,,Magmator (Hardened),powah:magmator_hardened,,명시적 task.title 없이 아이템 hover 사용,
task,297B24A480069307,2A6EBEEBAB882679,powah.snbt,,,Furnator (Hardened),powah:furnator_hardened,,명시적 task.title 없이 아이템 hover 사용,
task,1FAA953BA925186C,2A6EBEEBAB882679,powah.snbt,,,Thermo Generator (Hardened),powah:thermo_generator_hardened,,명시적 task.title 없이 아이템 hover 사용,
task,60AF685179E1AB4B,2A6EBEEBAB882679,powah.snbt,,,Reactor (Hardened),powah:reactor_hardened,,명시적 task.title 없이 아이템 hover 사용,
task,11F169284433B9B7,2A6EBEEBAB882679,powah.snbt,,,Solar Panel (Hardened),powah:solar_panel_hardened,,명시적 task.title 없이 아이템 hover 사용,
task,022DA80D4ABA1C00,2A6EBEEBAB882679,powah.snbt,,,Battery (Blazing),powah:battery_blazing,,명시적 task.title 없이 아이템 hover 사용,
task,0E9A11E8D18F4183,2A6EBEEBAB882679,powah.snbt,,,Energy Discharger (Blazing),powah:energy_discharger_blazing,,명시적 task.title 없이 아이템 hover 사용,
task,3F987D5B5E9410DF,2A6EBEEBAB882679,powah.snbt,,,Energy Hopper (Blazing),powah:energy_hopper_blazing,,명시적 task.title 없이 아이템 hover 사용,
task,23562B6B16954B2E,2A6EBEEBAB882679,powah.snbt,,,Player Transmitter (Blazing),powah:player_transmitter_blazing,,명시적 task.title 없이 아이템 hover 사용,
task,798970D8B1A023B8,2A6EBEEBAB882679,powah.snbt,,,Ender Cell (Blazing),powah:ender_cell_blazing,,명시적 task.title 없이 아이템 hover 사용,
task,50B61EC144D1832F,2A6EBEEBAB882679,powah.snbt,,,Energy Cell (Blazing),powah:energy_cell_blazing,,명시적 task.title 없이 아이템 hover 사용,
task,2A02CDC7FDC41BD1,2A6EBEEBAB882679,powah.snbt,,,Energy Cable (Blazing),powah:energy_cable_blazing,,명시적 task.title 없이 아이템 hover 사용,
task,1F8C7940E92E8229,2A6EBEEBAB882679,powah.snbt,,,Ender Gate (Blazing),powah:ender_gate_blazing,,명시적 task.title 없이 아이템 hover 사용,
task,3F7EBFC46DB90461,2A6EBEEBAB882679,powah.snbt,,,Magmator (Blazing),powah:magmator_blazing,,명시적 task.title 없이 아이템 hover 사용,
task,2E5070E71CCEDADE,2A6EBEEBAB882679,powah.snbt,,,Furnator (Blazing),powah:furnator_blazing,,명시적 task.title 없이 아이템 hover 사용,
task,33E55040BA517135,2A6EBEEBAB882679,powah.snbt,,,Thermo Generator (Blazing),powah:thermo_generator_blazing,,명시적 task.title 없이 아이템 hover 사용,
task,6CA9B3DA3B774238,2A6EBEEBAB882679,powah.snbt,,,Reactor (Blazing),powah:reactor_blazing,,명시적 task.title 없이 아이템 hover 사용,
task,6F667F3C54316DA3,2A6EBEEBAB882679,powah.snbt,,,Solar Panel (Blazing),powah:solar_panel_blazing,,명시적 task.title 없이 아이템 hover 사용,
task,04410F1240964912,2A6EBEEBAB882679,powah.snbt,,,Energy Discharger (Niotic),powah:energy_discharger_niotic,,명시적 task.title 없이 아이템 hover 사용,
task,5E09C884ABD4A22F,2A6EBEEBAB882679,powah.snbt,,,Energy Hopper (Niotic),powah:energy_hopper_niotic,,명시적 task.title 없이 아이템 hover 사용,
task,7FB09E6585E098BB,2A6EBEEBAB882679,powah.snbt,,,Player Transmitter (Niotic),powah:player_transmitter_niotic,,명시적 task.title 없이 아이템 hover 사용,
task,732BEE5909694731,2A6EBEEBAB882679,powah.snbt,,,Battery (Niotic),powah:battery_niotic,,명시적 task.title 없이 아이템 hover 사용,
task,2FE8500140D5D2E8,2A6EBEEBAB882679,powah.snbt,,,Ender Cell (Niotic),powah:ender_cell_niotic,,명시적 task.title 없이 아이템 hover 사용,
task,6B0A0DA8C0C79568,2A6EBEEBAB882679,powah.snbt,,,Energy Cell (Niotic),powah:energy_cell_niotic,,명시적 task.title 없이 아이템 hover 사용,
task,73D0B49F46505EB0,2A6EBEEBAB882679,powah.snbt,,,Energy Cable (Niotic),powah:energy_cable_niotic,,명시적 task.title 없이 아이템 hover 사용,
task,6947E1FB9DF4719A,2A6EBEEBAB882679,powah.snbt,,,Ender Gate (Niotic),powah:ender_gate_niotic,,명시적 task.title 없이 아이템 hover 사용,
task,0AD625D068474E21,2A6EBEEBAB882679,powah.snbt,,,Magmator (Niotic),powah:magmator_niotic,,명시적 task.title 없이 아이템 hover 사용,
task,436D9B4714379730,2A6EBEEBAB882679,powah.snbt,,,Furnator (Niotic),powah:furnator_niotic,,명시적 task.title 없이 아이템 hover 사용,
task,3507C8B858D39314,2A6EBEEBAB882679,powah.snbt,,,Thermo Generator (Niotic),powah:thermo_generator_niotic,,명시적 task.title 없이 아이템 hover 사용,
task,011563130B58F561,2A6EBEEBAB882679,powah.snbt,,,Reactor (Niotic),powah:reactor_niotic,,명시적 task.title 없이 아이템 hover 사용,
task,56504998BB4B686E,2A6EBEEBAB882679,powah.snbt,,,Solar Panel (Niotic),powah:solar_panel_niotic,,명시적 task.title 없이 아이템 hover 사용,
task,1BAC364D2AF426D3,2A6EBEEBAB882679,powah.snbt,,,Basic Capacitor (Tiny),powah:capacitor_basic_tiny,,명시적 task.title 없이 아이템 hover 사용,
task,3027F7F9B0D0EB88,2A6EBEEBAB882679,powah.snbt,,,Basic Capacitor,powah:capacitor_basic,,명시적 task.title 없이 아이템 hover 사용,
task,064EE05D48DAFC60,2A6EBEEBAB882679,powah.snbt,,,Battery (Spirited),powah:battery_spirited,,명시적 task.title 없이 아이템 hover 사용,
task,5409500542236E1A,2A6EBEEBAB882679,powah.snbt,,,Player Transmitter (Spirited),powah:player_transmitter_spirited,,명시적 task.title 없이 아이템 hover 사용,
task,0BB591BF32031D66,2A6EBEEBAB882679,powah.snbt,,,Energy Hopper (Spirited),powah:energy_hopper_spirited,,명시적 task.title 없이 아이템 hover 사용,
task,26D5E58095BD9A31,2A6EBEEBAB882679,powah.snbt,,,Energy Discharger (Spirited),powah:energy_discharger_spirited,,명시적 task.title 없이 아이템 hover 사용,
task,60A94CD9FA76AF4B,2A6EBEEBAB882679,powah.snbt,,,Ender Cell (Spirited),powah:ender_cell_spirited,,명시적 task.title 없이 아이템 hover 사용,
task,355DD6351F004027,2A6EBEEBAB882679,powah.snbt,,,Energy Cell (Spirited),powah:energy_cell_spirited,,명시적 task.title 없이 아이템 hover 사용,
task,112F14F2CFAAE9B7,2A6EBEEBAB882679,powah.snbt,,,Energy Cable (Spirited),powah:energy_cable_spirited,,명시적 task.title 없이 아이템 hover 사용,
task,5AA3BDCABBC5E9C1,2A6EBEEBAB882679,powah.snbt,,,Ender Gate (Spirited),powah:ender_gate_spirited,,명시적 task.title 없이 아이템 hover 사용,
task,2E611F9024AF2142,2A6EBEEBAB882679,powah.snbt,,,Magmator (Spirited),powah:magmator_spirited,,명시적 task.title 없이 아이템 hover 사용,
task,69E6F047C9CE65D5,2A6EBEEBAB882679,powah.snbt,,,Furnator (Spirited),powah:furnator_spirited,,명시적 task.title 없이 아이템 hover 사용,
task,32F356FA79D13349,2A6EBEEBAB882679,powah.snbt,,,Thermo Generator (Spirited),powah:thermo_generator_spirited,,명시적 task.title 없이 아이템 hover 사용,
task,31C9199965D38CAB,2A6EBEEBAB882679,powah.snbt,,,Reactor (Spirited),powah:reactor_spirited,,명시적 task.title 없이 아이템 hover 사용,
task,6A76F943F5E6E2E7,2A6EBEEBAB882679,powah.snbt,,,Solar Panel (Spirited),powah:solar_panel_spirited,,명시적 task.title 없이 아이템 hover 사용,
task,3FE9AB0CAE241A22,2A6EBEEBAB882679,powah.snbt,,,Player Transmitter (Nitro),powah:player_transmitter_nitro,,명시적 task.title 없이 아이템 hover 사용,
task,5526935A94E25966,2A6EBEEBAB882679,powah.snbt,,,Energy Discharger (Nitro),powah:energy_discharger_nitro,,명시적 task.title 없이 아이템 hover 사용,
task,01ABA3DA3EFD0C2A,2A6EBEEBAB882679,powah.snbt,,,Energy Hopper (Nitro),powah:energy_hopper_nitro,,명시적 task.title 없이 아이템 hover 사용,
task,053841A23C52379F,2A6EBEEBAB882679,powah.snbt,,,Battery (Nitro),powah:battery_nitro,,명시적 task.title 없이 아이템 hover 사용,
task,4FBBE996E440514A,2A6EBEEBAB882679,powah.snbt,,,Ender Cell (Nitro),powah:ender_cell_nitro,,명시적 task.title 없이 아이템 hover 사용,
task,6B9FC8EDB5ED952E,2A6EBEEBAB882679,powah.snbt,,,Energy Cell (Nitro),powah:energy_cell_nitro,,명시적 task.title 없이 아이템 hover 사용,
task,25DA30BFB0E2C71B,2A6EBEEBAB882679,powah.snbt,,,Energy Cable (Nitro),powah:energy_cable_nitro,,명시적 task.title 없이 아이템 hover 사용,
task,09770035C196D36D,2A6EBEEBAB882679,powah.snbt,,,Ender Gate (Nitro),powah:ender_gate_nitro,,명시적 task.title 없이 아이템 hover 사용,
task,36A675359DAB88CA,2A6EBEEBAB882679,powah.snbt,,,Magmator (Nitro),powah:magmator_nitro,,명시적 task.title 없이 아이템 hover 사용,
task,4030018C42DCB948,2A6EBEEBAB882679,powah.snbt,,,Furnator (Nitro),powah:furnator_nitro,,명시적 task.title 없이 아이템 hover 사용,
task,7E8AFD4455E17266,2A6EBEEBAB882679,powah.snbt,,,Thermo Generator (Nitro),powah:thermo_generator_nitro,,명시적 task.title 없이 아이템 hover 사용,
task,3EA18C3E289956AE,2A6EBEEBAB882679,powah.snbt,,,Reactor (Nitro),powah:reactor_nitro,,명시적 task.title 없이 아이템 hover 사용,
task,0E6B0D7B3BAC9760,2A6EBEEBAB882679,powah.snbt,,,Solar Panel (Nitro),powah:solar_panel_nitro,,명시적 task.title 없이 아이템 hover 사용,
quest,1C273D9E046FD18A,2A6EBEEBAB882679,powah.snbt,,,Energizing Rod (Starter),powah:energizing_rod_starter,,설명은 있으나 명시적 quest.title 없음,
task,2E74430108DE6170,2A6EBEEBAB882679,powah.snbt,,,Energizing Rod (Starter),powah:energizing_rod_starter,,명시적 task.title 없이 아이템 hover 사용,
task,1B8D93C482A9186D,2A6EBEEBAB882679,powah.snbt,,,Energizing Rod (Basic),powah:energizing_rod_basic,,명시적 task.title 없이 아이템 hover 사용,
task,11BF64326BEABFF4,2A6EBEEBAB882679,powah.snbt,,,Energizing Rod (Hardened),powah:energizing_rod_hardened,,명시적 task.title 없이 아이템 hover 사용,
task,4FF7B35FC042EDA3,2A6EBEEBAB882679,powah.snbt,,,Energizing Rod (Blazing),powah:energizing_rod_blazing,,명시적 task.title 없이 아이템 hover 사용,
task,4779D480ED4EB6E9,2A6EBEEBAB882679,powah.snbt,,,Energizing Rod (Niotic),powah:energizing_rod_niotic,,명시적 task.title 없이 아이템 hover 사용,
task,11FD956A8B254218,2A6EBEEBAB882679,powah.snbt,,,Energizing Rod (Spirited),powah:energizing_rod_spirited,,명시적 task.title 없이 아이템 hover 사용,
task,4AC121B4951DE6E9,2A6EBEEBAB882679,powah.snbt,,,Energizing Rod (Nitro),powah:energizing_rod_nitro,,명시적 task.title 없이 아이템 hover 사용,
quest,08245411AFDB63DB,2A6EBEEBAB882679,powah.snbt,,,AllRightsReserved,,,설명은 있으나 명시적 quest.title 없음,
task,09C7E50E7E13C53C,2A6EBEEBAB882679,powah.snbt,AllRightsReserved,AllRightsReserved,,,,한국어 파일의 영어 task.title,
task,3282910297C28795,2A6EBEEBAB882679,powah.snbt,AllRightsReserved,AllRightsReserved,,,,한국어 파일의 영어 task.title,
task,54CAFE539297E507,26E6ED94168A05C4,productive_bees.snbt,,,,minecraft:honeycomb,,명시적 task.title 없이 아이템 hover 사용,
task,3440EB31A4FA230D,26E6ED94168A05C4,productive_bees.snbt,,,,minecraft:honey_bottle,,명시적 task.title 없이 아이템 hover 사용,
task,33E5A303B907306B,26E6ED94168A05C4,productive_bees.snbt,,,,minecraft:beehive,,명시적 task.title 없이 아이템 hover 사용,
task,2B86DC6F7E579E0B,26E6ED94168A05C4,productive_bees.snbt,,,Bee Cage,productivebees:bee_cage,,명시적 task.title 없이 아이템 hover 사용,
task,1F2A2E5E1319BBAA,26E6ED94168A05C4,productive_bees.snbt,,,Oak Nest,productivebees:oak_wood_nest,,명시적 task.title 없이 아이템 hover 사용,
task,05B1A9B5E710DC24,26E6ED94168A05C4,productive_bees.snbt,,,Dark Oak Nest,productivebees:dark_oak_wood_nest,,명시적 task.title 없이 아이템 hover 사용,
task,3F43AC1C5F87ACA3,26E6ED94168A05C4,productive_bees.snbt,,,Jungle Nest,productivebees:jungle_wood_nest,,명시적 task.title 없이 아이템 hover 사용,
task,06DB37B0D01CE868,26E6ED94168A05C4,productive_bees.snbt,,,Spruce Nest,productivebees:spruce_wood_nest,,명시적 task.title 없이 아이템 hover 사용,
task,406D976F0C6B5CB8,26E6ED94168A05C4,productive_bees.snbt,,,Birch Nest,productivebees:birch_wood_nest,,명시적 task.title 없이 아이템 hover 사용,
task,3328BB57F3B6FDDA,26E6ED94168A05C4,productive_bees.snbt,,,Acacia Nest,productivebees:acacia_wood_nest,,명시적 task.title 없이 아이템 hover 사용,
task,4FD70C36F826C6BC,26E6ED94168A05C4,productive_bees.snbt,,,Cherry Nest,productivebees:cherry_wood_nest,,명시적 task.title 없이 아이템 hover 사용,
task,3BF14A39B47C5F30,26E6ED94168A05C4,productive_bees.snbt,,,Mangrove Nest,productivebees:mangrove_wood_nest,,명시적 task.title 없이 아이템 hover 사용,
task,1BAAF6971C603E1D,26E6ED94168A05C4,productive_bees.snbt,,,Bamboo Nest,productivebees:bamboo_hive,,명시적 task.title 없이 아이템 hover 사용,
quest,369D3AF332181DA8,26E6ED94168A05C4,productive_bees.snbt,,,Stone Nest,productivebees:stone_nest,,설명은 있으나 명시적 quest.title 없음,
task,03A3CD871B01984F,26E6ED94168A05C4,productive_bees.snbt,,,Stone Nest,productivebees:stone_nest,,명시적 task.title 없이 아이템 hover 사용,
quest,73C70B15582958A5,26E6ED94168A05C4,productive_bees.snbt,,,Dirt Nest,productivebees:coarse_dirt_nest,,설명은 있으나 명시적 quest.title 없음,
task,75AC4440283F2FD2,26E6ED94168A05C4,productive_bees.snbt,,,Dirt Nest,productivebees:coarse_dirt_nest,,명시적 task.title 없이 아이템 hover 사용,
quest,06044B4452A6B720,26E6ED94168A05C4,productive_bees.snbt,,,Sand Nest,productivebees:sand_nest,,설명은 있으나 명시적 quest.title 없음,
task,583141D1F71510B3,26E6ED94168A05C4,productive_bees.snbt,,,Sand Nest,productivebees:sand_nest,,명시적 task.title 없이 아이템 hover 사용,
quest,264BFB8C5F79616F,26E6ED94168A05C4,productive_bees.snbt,,,Snow Nest,productivebees:snow_nest,,설명은 있으나 명시적 quest.title 없음,
task,01C9E075D831E1AD,26E6ED94168A05C4,productive_bees.snbt,,,Snow Nest,productivebees:snow_nest,,명시적 task.title 없이 아이템 hover 사용,
quest,09FD3D0B9BCAEB5A,26E6ED94168A05C4,productive_bees.snbt,,,Gravel Nest,productivebees:gravel_nest,,설명은 있으나 명시적 quest.title 없음,
task,3091212589824103,26E6ED94168A05C4,productive_bees.snbt,,,Gravel Nest,productivebees:gravel_nest,,명시적 task.title 없이 아이템 hover 사용,
quest,5CC9CB0911954215,26E6ED94168A05C4,productive_bees.snbt,,,Reed Nest,productivebees:sugar_cane_nest,,설명은 있으나 명시적 quest.title 없음,
task,3BE7523330044E2F,26E6ED94168A05C4,productive_bees.snbt,,,Reed Nest,productivebees:sugar_cane_nest,,명시적 task.title 없이 아이템 hover 사용,
quest,79D6A251FE3761B3,26E6ED94168A05C4,productive_bees.snbt,,,Slimy Nest,productivebees:slimy_nest,,설명은 있으나 명시적 quest.title 없음,
task,255B5D268D66C748,26E6ED94168A05C4,productive_bees.snbt,,,Slimy Nest,productivebees:slimy_nest,,명시적 task.title 없이 아이템 hover 사용,
quest,41CF7CAEE4F60CCD,26E6ED94168A05C4,productive_bees.snbt,,,Glowstone Nest,productivebees:glowstone_nest,,설명은 있으나 명시적 quest.title 없음,
task,09F5BBEBACBA280D,26E6ED94168A05C4,productive_bees.snbt,,,Glowstone Nest,productivebees:glowstone_nest,,명시적 task.title 없이 아이템 hover 사용,
task,432B3806B0D8F356,26E6ED94168A05C4,productive_bees.snbt,,,Soul Sand Nest,productivebees:soul_sand_nest,,명시적 task.title 없이 아이템 hover 사용,
quest,6D484150536536B9,26E6ED94168A05C4,productive_bees.snbt,,,Quartz Nest,productivebees:nether_quartz_nest,,설명은 있으나 명시적 quest.title 없음,
task,4356F84A57C41F62,26E6ED94168A05C4,productive_bees.snbt,,,Quartz Nest,productivebees:nether_quartz_nest,,명시적 task.title 없이 아이템 hover 사용,
quest,349D19F2FCC34B84,26E6ED94168A05C4,productive_bees.snbt,,,Nether Brick Nest,productivebees:nether_brick_nest,,설명은 있으나 명시적 quest.title 없음,
task,3722A83F8591AC9F,26E6ED94168A05C4,productive_bees.snbt,,,Nether Brick Nest,productivebees:nether_brick_nest,,명시적 task.title 없이 아이템 hover 사용,
quest,1E9BD4B74DAEA9FC,26E6ED94168A05C4,productive_bees.snbt,,,End Stone Nest,productivebees:end_stone_nest,,설명은 있으나 명시적 quest.title 없음,
task,23A45F19E1E556BB,26E6ED94168A05C4,productive_bees.snbt,,,End Stone Nest,productivebees:end_stone_nest,,명시적 task.title 없이 아이템 hover 사용,
quest,3155E4212045BC8E,26E6ED94168A05C4,productive_bees.snbt,,,Obsidian Nest,productivebees:obsidian_nest,,설명은 있으나 명시적 quest.title 없음,
task,727AAC7516CF8B5B,26E6ED94168A05C4,productive_bees.snbt,,,Obsidian Nest,productivebees:obsidian_nest,,명시적 task.title 없이 아이템 hover 사용,
task,6D4F62833424ADC0,26E6ED94168A05C4,productive_bees.snbt,Iron Comb,,Honeycomb,productivebees:configurable_honeycomb,,명시적 task.title 없이 아이템 hover 사용,
quest,37367101B3DAA70F,26E6ED94168A05C4,productive_bees.snbt,,,애시 채굴 벌,,,설명은 있으나 명시적 quest.title 없음,
task,36B877E6A5FD8C90,26E6ED94168A05C4,productive_bees.snbt,,,Honeycomb,productivebees:configurable_honeycomb,,명시적 task.title 없이 아이템 hover 사용,
task,263F0E416A8E1110,26E6ED94168A05C4,productive_bees.snbt,Copper Comb,,Honeycomb,productivebees:configurable_honeycomb,,명시적 task.title 없이 아이템 hover 사용,
task,17C7DC04BC22C0D7,26E6ED94168A05C4,productive_bees.snbt,Tin Comb,,Honeycomb,productivebees:configurable_honeycomb,,명시적 task.title 없이 아이템 hover 사용,
task,00D07DFC9652079E,26E6ED94168A05C4,productive_bees.snbt,,,Honeycomb,productivebees:configurable_honeycomb,,명시적 task.title 없이 아이템 hover 사용,
task,599E5DE4CA93A7B6,26E6ED94168A05C4,productive_bees.snbt,,,Honeycomb,productivebees:configurable_honeycomb,,명시적 task.title 없이 아이템 hover 사용,
quest,131EC039435B8878,26E6ED94168A05C4,productive_bees.snbt,,,Honey Treat,productivebees:honey_treat,,설명은 있으나 명시적 quest.title 없음,
task,1C677CD515E8862B,26E6ED94168A05C4,productive_bees.snbt,,,Honey Treat,productivebees:honey_treat,,명시적 task.title 없이 아이템 hover 사용,
task,10D83EFF8DF8830B,26E6ED94168A05C4,productive_bees.snbt,,,Nest Locator,productivebees:nest_locator,,명시적 task.title 없이 아이템 hover 사용,
quest,66324D7D0C51AEAC,26E6ED94168A05C4,productive_bees.snbt,,,item,productivelib:upgrade_base,,설명은 있으나 명시적 quest.title 없음,
task,62583501BD2D3736,26E6ED94168A05C4,productive_bees.snbt,,,,productivelib:upgrade_base,,명시적 task.title 없이 아이템 hover 사용,
task,4E4CF3303EF32A51,26E6ED94168A05C4,productive_bees.snbt,,,,productivelib:upgrade_productivity,,명시적 task.title 없이 아이템 hover 사용,
quest,500BEAD94C97DF96,26E6ED94168A05C4,productive_bees.snbt,,,item,productivelib:upgrade_time,,설명은 있으나 명시적 quest.title 없음,
task,688059411B0B5AD3,26E6ED94168A05C4,productive_bees.snbt,,,,productivelib:upgrade_time,,명시적 task.title 없이 아이템 hover 사용,
quest,2182492BCC1B33D8,26E6ED94168A05C4,productive_bees.snbt,,,item,productivelib:upgrade_child,,설명은 있으나 명시적 quest.title 없음,
task,7F657CB10470C0A8,26E6ED94168A05C4,productive_bees.snbt,,,,productivelib:upgrade_child,,명시적 task.title 없이 아이템 hover 사용,
quest,397E2D14BDE7DED0,26E6ED94168A05C4,productive_bees.snbt,,,item,productivelib:upgrade_block,,설명은 있으나 명시적 quest.title 없음,
task,40738A193E02B31F,26E6ED94168A05C4,productive_bees.snbt,,,,productivelib:upgrade_block,,명시적 task.title 없이 아이템 hover 사용,
quest,198EDBAC1D6E2339,26E6ED94168A05C4,productive_bees.snbt,,,item,productivelib:upgrade_anti_teleport,,설명은 있으나 명시적 quest.title 없음,
task,67DD56316034C118,26E6ED94168A05C4,productive_bees.snbt,,,,productivelib:upgrade_anti_teleport,,명시적 task.title 없이 아이템 hover 사용,
quest,14623D25561BA61B,26E6ED94168A05C4,productive_bees.snbt,,,item,productivelib:upgrade_range,,설명은 있으나 명시적 quest.title 없음,
task,0E00664D21D5F455,26E6ED94168A05C4,productive_bees.snbt,,,,productivelib:upgrade_range,,명시적 task.title 없이 아이템 hover 사용,
task,1FC189168CBA602A,26E6ED94168A05C4,productive_bees.snbt,,,,productivelib:upgrade_entity_filter,,명시적 task.title 없이 아이템 hover 사용,
task,17300E02ADB4EFD4,26E6ED94168A05C4,productive_bees.snbt,,,,productivelib:upgrade_gene_sampler,,명시적 task.title 없이 아이템 hover 사용,
quest,33A0E06FE5CFD8F3,26E6ED94168A05C4,productive_bees.snbt,,,원심분리기,ftbfiltersystem:smart_filter,,설명은 있으나 명시적 quest.title 없음,
task,4EF5B261BAD2AC7D,26E6ED94168A05C4,productive_bees.snbt,Diamond Comb,,Honeycomb,productivebees:configurable_honeycomb,,명시적 task.title 없이 아이템 hover 사용,
task,429FA8057B666565,26E6ED94168A05C4,productive_bees.snbt,Lapis Comb,,Honeycomb,productivebees:configurable_honeycomb,,명시적 task.title 없이 아이템 hover 사용,
task,345245C32DB7B4D4,26E6ED94168A05C4,productive_bees.snbt,Redstone Comb,,Honeycomb,productivebees:configurable_honeycomb,,명시적 task.title 없이 아이템 hover 사용,
task,5D77A872C811C243,26E6ED94168A05C4,productive_bees.snbt,,,Honeycomb,productivebees:configurable_honeycomb,,명시적 task.title 없이 아이템 hover 사용,
task,17B0E19125FCFA1A,26E6ED94168A05C4,productive_bees.snbt,Glowing Comb,,Honeycomb,productivebees:configurable_honeycomb,,명시적 task.title 없이 아이템 hover 사용,
task,7B7C1C5BFEC92058,26E6ED94168A05C4,productive_bees.snbt,Emerald Comb,,Honeycomb,productivebees:configurable_honeycomb,,명시적 task.title 없이 아이템 hover 사용,
task,5E017E6B7E3F56B7,26E6ED94168A05C4,productive_bees.snbt,Slimy Comb,,Honeycomb,productivebees:configurable_honeycomb,,명시적 task.title 없이 아이템 hover 사용,
task,065E5450AC87F1D5,26E6ED94168A05C4,productive_bees.snbt,Ancient Comb,,Honeycomb,productivebees:configurable_honeycomb,,명시적 task.title 없이 아이템 hover 사용,
task,5BFAA4BB6651F71A,26E6ED94168A05C4,productive_bees.snbt,Withered Comb,,Honeycomb,productivebees:configurable_honeycomb,,명시적 task.title 없이 아이템 hover 사용,
task,5117B9DD87AEC38C,26E6ED94168A05C4,productive_bees.snbt,,,Honeycomb,productivebees:configurable_honeycomb,,명시적 task.title 없이 아이템 hover 사용,
task,4203F7ED807F3D30,26E6ED94168A05C4,productive_bees.snbt,Skeletal Comb,,Honeycomb,productivebees:configurable_honeycomb,,명시적 task.title 없이 아이템 hover 사용,
task,2CC38211F4C54ED8,26E6ED94168A05C4,productive_bees.snbt,Draconic Comb,,Honeycomb,productivebees:configurable_honeycomb,,명시적 task.title 없이 아이템 hover 사용,
task,32B3BE9341FE10F1,26E6ED94168A05C4,productive_bees.snbt,,,Honeycomb,productivebees:configurable_honeycomb,,명시적 task.title 없이 아이템 hover 사용,
task,02C1FEBCFBB7784A,26E6ED94168A05C4,productive_bees.snbt,,,Honeycomb,productivebees:configurable_honeycomb,,명시적 task.title 없이 아이템 hover 사용,
task,181135E3A83C5B9E,26E6ED94168A05C4,productive_bees.snbt,Zinc Comb,,Honeycomb,productivebees:configurable_honeycomb,,명시적 task.title 없이 아이템 hover 사용,
task,299DE26FF7293F34,26E6ED94168A05C4,productive_bees.snbt,Electrum Comb,,Honeycomb,productivebees:configurable_honeycomb,,명시적 task.title 없이 아이템 hover 사용,
task,705512BF42553462,26E6ED94168A05C4,productive_bees.snbt,,,Honeycomb,productivebees:configurable_honeycomb,,명시적 task.title 없이 아이템 hover 사용,
task,77FD937E789C8028,26E6ED94168A05C4,productive_bees.snbt,,,Honeycomb,productivebees:configurable_honeycomb,,명시적 task.title 없이 아이템 hover 사용,
task,32D38975C72D55CC,26E6ED94168A05C4,productive_bees.snbt,,,Honeycomb,productivebees:configurable_honeycomb,,명시적 task.title 없이 아이템 hover 사용,
task,79AEDC66EB312BCA,26E6ED94168A05C4,productive_bees.snbt,Brass Comb,,Honeycomb,productivebees:configurable_honeycomb,,명시적 task.title 없이 아이템 hover 사용,
quest,6786B08C30D26037,26E6ED94168A05C4,productive_bees.snbt,,,노마드 벌,,,설명은 있으나 명시적 quest.title 없음,
task,49F452C12DF14873,26E6ED94168A05C4,productive_bees.snbt,,,Sugarbag Honeycomb,productivebees:sugarbag_honeycomb,,명시적 task.title 없이 아이템 hover 사용,
task,52CC71A679432ABF,26E6ED94168A05C4,productive_bees.snbt,,,Honeycomb,productivebees:configurable_honeycomb,,명시적 task.title 없이 아이템 hover 사용,
task,55F718D796CEB1B1,26E6ED94168A05C4,productive_bees.snbt,Bronze Comb,,Honeycomb,productivebees:configurable_honeycomb,,명시적 task.title 없이 아이템 hover 사용,
task,5CDE248B0C86A6A8,26E6ED94168A05C4,productive_bees.snbt,,,Honeycomb,productivebees:configurable_honeycomb,,명시적 task.title 없이 아이템 hover 사용,
task,4FCEB24FC83D22A9,26E6ED94168A05C4,productive_bees.snbt,Constantan Comb,,Honeycomb,productivebees:configurable_honeycomb,,명시적 task.title 없이 아이템 hover 사용,
quest,2E51F09F6D9E5EF8,26E6ED94168A05C4,productive_bees.snbt,,,큐비,,,설명은 있으나 명시적 quest.title 없음,
task,5806849FE5F7E615,26E6ED94168A05C4,productive_bees.snbt,,,Honeycomb,productivebees:configurable_honeycomb,,명시적 task.title 없이 아이템 hover 사용,
task,7C03568830DB2B1B,26E6ED94168A05C4,productive_bees.snbt,,,Honeycomb,productivebees:configurable_honeycomb,,명시적 task.title 없이 아이템 hover 사용,
task,33DFBD084487873A,26E6ED94168A05C4,productive_bees.snbt,,,Honeycomb,productivebees:configurable_honeycomb,,명시적 task.title 없이 아이템 hover 사용,
task,4DA6445DB5F3B85E,26E6ED94168A05C4,productive_bees.snbt,Lumium Comb,,Honeycomb,productivebees:configurable_honeycomb,,명시적 task.title 없이 아이템 hover 사용,
task,2127300009B87B98,26E6ED94168A05C4,productive_bees.snbt,,,Honeycomb,productivebees:configurable_honeycomb,,명시적 task.title 없이 아이템 hover 사용,
task,1E37FD73461EFA29,26E6ED94168A05C4,productive_bees.snbt,,,Honeycomb,productivebees:configurable_honeycomb,,명시적 task.title 없이 아이템 hover 사용,
task,50823C029014781A,26E6ED94168A05C4,productive_bees.snbt,Obsidian Comb,,Honeycomb,productivebees:configurable_honeycomb,,명시적 task.title 없이 아이템 hover 사용,
task,4471A530B55D4140,26E6ED94168A05C4,productive_bees.snbt,Osmium Comb,,Honeycomb,productivebees:configurable_honeycomb,,명시적 task.title 없이 아이템 hover 사용,
task,5C358DFF9CD0D1D9,26E6ED94168A05C4,productive_bees.snbt,Radioactive Comb,,Honeycomb,productivebees:configurable_honeycomb,,명시적 task.title 없이 아이템 hover 사용,
task,56E50AF4DB0B9F30,26E6ED94168A05C4,productive_bees.snbt,,,Milky Comb,productivebees:honeycomb_milky,,명시적 task.title 없이 아이템 hover 사용,
task,5B5DBA0A7644A551,26E6ED94168A05C4,productive_bees.snbt,Signalum Comb,,Honeycomb,productivebees:configurable_honeycomb,,명시적 task.title 없이 아이템 hover 사용,
task,231F36016794152D,26E6ED94168A05C4,productive_bees.snbt,,,Honeycomb,productivebees:configurable_honeycomb,,명시적 task.title 없이 아이템 hover 사용,
task,47BAD4AA76F9CF82,26E6ED94168A05C4,productive_bees.snbt,Silver Comb,,Honeycomb,productivebees:configurable_honeycomb,,명시적 task.title 없이 아이템 hover 사용,
task,7D93AC3BCF2C0BBA,26E6ED94168A05C4,productive_bees.snbt,,,Honeycomb,productivebees:configurable_honeycomb,,명시적 task.title 없이 아이템 hover 사용,
task,281AD60CC0AB054F,26E6ED94168A05C4,productive_bees.snbt,,,Ghostly Comb,productivebees:honeycomb_ghostly,,명시적 task.title 없이 아이템 hover 사용,
task,5DF426CE218104D9,26E6ED94168A05C4,productive_bees.snbt,,,Honeycomb,productivebees:configurable_honeycomb,,명시적 task.title 없이 아이템 hover 사용,
task,4ADD8F6F75D38DE6,26E6ED94168A05C4,productive_bees.snbt,,,Treat on a Stick,productivebees:treat_on_a_stick,,명시적 task.title 없이 아이템 hover 사용,
task,31D0730D68948E3B,26E6ED94168A05C4,productive_bees.snbt,,,,minecraft:saddle,,명시적 task.title 없이 아이템 hover 사용,
task,0F2BCC279B5731AB,26E6ED94168A05C4,productive_bees.snbt,Amethyst Comb,,Honeycomb,productivebees:configurable_honeycomb,,명시적 task.title 없이 아이템 hover 사용,
task,300C19B265208FC7,26E6ED94168A05C4,productive_bees.snbt,,,Honeycomb,productivebees:configurable_honeycomb,,명시적 task.title 없이 아이템 hover 사용,
task,620BF9687558DE44,26E6ED94168A05C4,productive_bees.snbt,,,,minecraft:hopper,,명시적 task.title 없이 아이템 hover 사용,
task,4E787C04DB76613F,26E6ED94168A05C4,productive_bees.snbt,,,Powdery Comb,productivebees:honeycomb_powdery,,명시적 task.title 없이 아이템 hover 사용,
task,3B35F86B42989063,26E6ED94168A05C4,productive_bees.snbt,Crimson Shroombee Comb,,Honeycomb,productivebees:configurable_honeycomb,,명시적 task.title 없이 아이템 hover 사용,
task,61136A10D8F7D8C8,26E6ED94168A05C4,productive_bees.snbt,,,Honeycomb,productivebees:configurable_honeycomb,,명시적 task.title 없이 아이템 hover 사용,
task,2621BC76378ECB14,26E6ED94168A05C4,productive_bees.snbt,,,Honeycomb,productivebees:configurable_honeycomb,,명시적 task.title 없이 아이템 hover 사용,
task,35A3A62D353F599D,26E6ED94168A05C4,productive_bees.snbt,,,,minecraft:shulker_shell,,명시적 task.title 없이 아이템 hover 사용,
task,4D9AA95B45196C7B,26E6ED94168A05C4,productive_bees.snbt,,,Honeycomb,productivebees:configurable_honeycomb,,명시적 task.title 없이 아이템 hover 사용,
task,5CFB7A3119C24CF3,26E6ED94168A05C4,productive_bees.snbt,,,Honeycomb,productivebees:configurable_honeycomb,,명시적 task.title 없이 아이템 hover 사용,
task,0AF5A24F621B3951,26E6ED94168A05C4,productive_bees.snbt,,,Honeycomb,productivebees:configurable_honeycomb,,명시적 task.title 없이 아이템 hover 사용,
task,2EA19C4E46380CDA,26E6ED94168A05C4,productive_bees.snbt,RuBee Comb,,Honeycomb,productivebees:configurable_honeycomb,,명시적 task.title 없이 아이템 hover 사용,
task,46C7D666D3A4A3D9,26E6ED94168A05C4,productive_bees.snbt,Sapphire Comb,,Honeycomb,productivebees:configurable_honeycomb,,명시적 task.title 없이 아이템 hover 사용,
task,05B2096DAF6C608E,26E6ED94168A05C4,productive_bees.snbt,,,Honeycomb,productivebees:configurable_honeycomb,,명시적 task.title 없이 아이템 hover 사용,
task,0670FAD3200A2A5A,26E6ED94168A05C4,productive_bees.snbt,,,Honeycomb,productivebees:configurable_honeycomb,,명시적 task.title 없이 아이템 hover 사용,
quest,17419401147B5C02,26E6ED94168A05C4,productive_bees.snbt,,,벌 번식 및 변환,,,설명은 있으나 명시적 quest.title 없음,
quest,120BDCB70AD352AC,26E6ED94168A05C4,productive_bees.snbt,,,벌집 생성,,,설명은 있으나 명시적 quest.title 없음,
quest,4C0302FF4F63B52E,26E6ED94168A05C4,productive_bees.snbt,,,올더모듐 진행,,,설명은 있으나 명시적 quest.title 없음,
quest,419DD6FE84B91749,26E6ED94168A05C4,productive_bees.snbt,,,Gene Indexer,productivebees:gene_indexer,,설명은 있으나 명시적 quest.title 없음,
task,2E829A75260DFF75,26E6ED94168A05C4,productive_bees.snbt,,,Gene Indexer,productivebees:gene_indexer,,명시적 task.title 없이 아이템 hover 사용,
quest,6F978C4D561F35EC,26E6ED94168A05C4,productive_bees.snbt,,,Bottler,productivebees:bottler,,설명은 있으나 명시적 quest.title 없음,
task,531FB6E56B95C1CA,26E6ED94168A05C4,productive_bees.snbt,,,Bottler,productivebees:bottler,,명시적 task.title 없이 아이템 hover 사용,
quest,7B5A0BFD47D96BDE,26E6ED94168A05C4,productive_bees.snbt,,,Catcher,productivebees:catcher,,설명은 있으나 명시적 quest.title 없음,
task,4FCB8A72367ADF6E,26E6ED94168A05C4,productive_bees.snbt,,,Catcher,productivebees:catcher,,명시적 task.title 없이 아이템 hover 사용,
quest,3E301F3EEC8C763A,26E6ED94168A05C4,productive_bees.snbt,,,BaBee Incubator,productivebees:incubator,,설명은 있으나 명시적 quest.title 없음,
task,3D89286F2B7BF9FB,26E6ED94168A05C4,productive_bees.snbt,,,BaBee Incubator,productivebees:incubator,,명시적 task.title 없이 아이템 hover 사용,
quest,32FDC5FFA000DAF8,26E6ED94168A05C4,productive_bees.snbt,,,Bee Jar,productivebees:jar_oak,,설명은 있으나 명시적 quest.title 없음,
task,4DA861A4D91D15D5,26E6ED94168A05C4,productive_bees.snbt,,,Bee Jar,productivebees:jar_oak,,명시적 task.title 없이 아이템 hover 사용,
quest,160BD0185954C891,26E6ED94168A05C4,productive_bees.snbt,,,Nether Gold Nest,productivebees:nether_gold_nest,,설명은 있으나 명시적 quest.title 없음,
task,4EE84594A8A996AF,26E6ED94168A05C4,productive_bees.snbt,,,Nether Gold Nest,productivebees:nether_gold_nest,,명시적 task.title 없이 아이템 hover 사용,
task,010E8A1E406597DE,26E6ED94168A05C4,productive_bees.snbt,,,,productivelib:upgrade_productivity_2,,명시적 task.title 없이 아이템 hover 사용,
task,120FB58EF0566E5E,26E6ED94168A05C4,productive_bees.snbt,,,,productivelib:upgrade_productivity_3,,명시적 task.title 없이 아이템 hover 사용,
task,5B3655FBF392248E,26E6ED94168A05C4,productive_bees.snbt,,,,productivelib:upgrade_productivity_4,,명시적 task.title 없이 아이템 hover 사용,
quest,0A11725B41AB45F6,26E6ED94168A05C4,productive_bees.snbt,,,AllRightsReserved,,,설명은 있으나 명시적 quest.title 없음,
task,11931CBFE67ADBBB,26E6ED94168A05C4,productive_bees.snbt,AllRightsReserved,AllRightsReserved,,,,한국어 파일의 영어 task.title,
task,508BC2CB4F4BC7EF,26E6ED94168A05C4,productive_bees.snbt,AllRightsReserved,AllRightsReserved,,,,한국어 파일의 영어 task.title,
task,77A431DFC6ED0C3C,26E6ED94168A05C4,productive_bees.snbt,,,,productivelib:upgrade_simulator,,명시적 task.title 없이 아이템 hover 사용,
quest,532F3E6868A29037,26E6ED94168A05C4,productive_bees.snbt,,,item,productivelib:upgrade_time_2,,설명은 있으나 명시적 quest.title 없음,
task,0317862838157CF6,26E6ED94168A05C4,productive_bees.snbt,,,,productivelib:upgrade_time_2,,명시적 task.title 없이 아이템 hover 사용,
task,2A0E7CD4B59FFE67,26E6ED94168A05C4,productive_bees.snbt,,,,minecraft:sponge,,명시적 task.title 없이 아이템 hover 사용,
quest,196E55B64667AE35,26E6ED94168A05C4,productive_bees.snbt,,,Feeding Slab,productivebees:feeder,,설명은 있으나 명시적 quest.title 없음,
task,45328A46A34ABDC2,26E6ED94168A05C4,productive_bees.snbt,,,Feeding Slab,productivebees:feeder,,명시적 task.title 없이 아이템 hover 사용,
task,12599B994EC77977,26E6ED94168A05C4,productive_bees.snbt,,,Honeycomb,productivebees:configurable_honeycomb,,명시적 task.title 없이 아이템 hover 사용,
task,3D63406D53E1BA67,26E6ED94168A05C4,productive_bees.snbt,,,,ftbfiltersystem:smart_filter,,명시적 task.title 없이 아이템 hover 사용,
task,48A2F90949FB7EC9,26E6ED94168A05C4,productive_bees.snbt,,,Honeycomb,productivebees:configurable_honeycomb,,명시적 task.title 없이 아이템 hover 사용,
task,41351D7240292847,26E6ED94168A05C4,productive_bees.snbt,,,Honeycomb,productivebees:configurable_honeycomb,,명시적 task.title 없이 아이템 hover 사용,
task,0E325B0ADF203F38,26E6ED94168A05C4,productive_bees.snbt,,,Honeycomb,productivebees:configurable_honeycomb,,명시적 task.title 없이 아이템 hover 사용,
task,49D76998A43273C1,26E6ED94168A05C4,productive_bees.snbt,,,Honeycomb,productivebees:configurable_honeycomb,,명시적 task.title 없이 아이템 hover 사용,
task,3BADC91DCAA52853,26E6ED94168A05C4,productive_bees.snbt,,,Honeycomb,productivebees:configurable_honeycomb,,명시적 task.title 없이 아이템 hover 사용,
task,2487C037A5AADC19,26E6ED94168A05C4,productive_bees.snbt,,,Honeycomb,productivebees:configurable_honeycomb,,명시적 task.title 없이 아이템 hover 사용,
task,1D30DF8E4FE2516B,26E6ED94168A05C4,productive_bees.snbt,,,Honeycomb,productivebees:configurable_honeycomb,,명시적 task.title 없이 아이템 hover 사용,
task,38450A89EE1B9591,26E6ED94168A05C4,productive_bees.snbt,,,Honeycomb,productivebees:configurable_honeycomb,,명시적 task.title 없이 아이템 hover 사용,
task,6B592E07B3F0D879,26E6ED94168A05C4,productive_bees.snbt,,,Honeycomb,productivebees:configurable_honeycomb,,명시적 task.title 없이 아이템 hover 사용,
task,1237E333E9A8B717,26E6ED94168A05C4,productive_bees.snbt,,,Honeycomb,productivebees:configurable_honeycomb,,명시적 task.title 없이 아이템 hover 사용,
task,544C1B8DFB239CCA,26E6ED94168A05C4,productive_bees.snbt,,,Honeycomb,productivebees:configurable_honeycomb,,명시적 task.title 없이 아이템 hover 사용,
task,6D7CE2D54977D44B,26E6ED94168A05C4,productive_bees.snbt,,,Honeycomb,productivebees:configurable_honeycomb,,명시적 task.title 없이 아이템 hover 사용,
task,5FA942A9356D08CB,26E6ED94168A05C4,productive_bees.snbt,,,Honeycomb,productivebees:configurable_honeycomb,,명시적 task.title 없이 아이템 hover 사용,
task,1F1B3799948F0CCE,26E6ED94168A05C4,productive_bees.snbt,,,Honeycomb,productivebees:configurable_honeycomb,,명시적 task.title 없이 아이템 hover 사용,
task,733ED19C9DA65FA9,26E6ED94168A05C4,productive_bees.snbt,,,Honeycomb,productivebees:configurable_honeycomb,,명시적 task.title 없이 아이템 hover 사용,
task,504CD35693E1D00D,26E6ED94168A05C4,productive_bees.snbt,,,Honeycomb,productivebees:configurable_honeycomb,,명시적 task.title 없이 아이템 hover 사용,
task,768328EACCBF6754,26E6ED94168A05C4,productive_bees.snbt,,,Honeycomb,productivebees:configurable_honeycomb,,명시적 task.title 없이 아이템 hover 사용,
task,4F2AC1AFF77A052A,26E6ED94168A05C4,productive_bees.snbt,,,Honeycomb,productivebees:configurable_honeycomb,,명시적 task.title 없이 아이템 hover 사용,
task,5ECB6A6341889839,26E6ED94168A05C4,productive_bees.snbt,,,Honeycomb,productivebees:configurable_honeycomb,,명시적 task.title 없이 아이템 hover 사용,
task,4814F40AAEFE50B4,26E6ED94168A05C4,productive_bees.snbt,,,Honeycomb,productivebees:configurable_honeycomb,,명시적 task.title 없이 아이템 hover 사용,
task,343F5CE5124C58E4,26E6ED94168A05C4,productive_bees.snbt,,,Honeycomb,productivebees:configurable_honeycomb,,명시적 task.title 없이 아이템 hover 사용,
task,12C532235F31D1E0,26E6ED94168A05C4,productive_bees.snbt,,,Honeycomb,productivebees:configurable_honeycomb,,명시적 task.title 없이 아이템 hover 사용,
task,06BE87B101BE8F8A,26E6ED94168A05C4,productive_bees.snbt,,,Honeycomb,productivebees:configurable_honeycomb,,명시적 task.title 없이 아이템 hover 사용,
task,6E847E67C6408FD8,26E6ED94168A05C4,productive_bees.snbt,,,Honeycomb,productivebees:configurable_honeycomb,,명시적 task.title 없이 아이템 hover 사용,
task,270C7058C51FE6CE,26E6ED94168A05C4,productive_bees.snbt,,,Honeycomb,productivebees:configurable_honeycomb,,명시적 task.title 없이 아이템 hover 사용,
task,187A3F4ED46B2D6D,26E6ED94168A05C4,productive_bees.snbt,,,Honeycomb,productivebees:configurable_honeycomb,,명시적 task.title 없이 아이템 hover 사용,
task,45D4C7CD808F5038,26E6ED94168A05C4,productive_bees.snbt,,,Honeycomb,productivebees:configurable_honeycomb,,명시적 task.title 없이 아이템 hover 사용,
task,27264B705D5F75DB,26E6ED94168A05C4,productive_bees.snbt,,,Honeycomb,productivebees:configurable_honeycomb,,명시적 task.title 없이 아이템 hover 사용,
task,127651D10332E2CB,26E6ED94168A05C4,productive_bees.snbt,,,Honeycomb,productivebees:configurable_honeycomb,,명시적 task.title 없이 아이템 hover 사용,
task,6074407A169BBC27,26E6ED94168A05C4,productive_bees.snbt,,,Honeycomb,productivebees:configurable_honeycomb,,명시적 task.title 없이 아이템 hover 사용,
task,5130318378870692,26E6ED94168A05C4,productive_bees.snbt,,,Honeycomb,productivebees:configurable_honeycomb,,명시적 task.title 없이 아이템 hover 사용,
task,6B03F43CA0B09C58,26E6ED94168A05C4,productive_bees.snbt,,,Honeycomb,productivebees:configurable_honeycomb,,명시적 task.title 없이 아이템 hover 사용,
task,1E4EDAB9526D9CC3,26E6ED94168A05C4,productive_bees.snbt,,,Honeycomb,productivebees:configurable_honeycomb,,명시적 task.title 없이 아이템 hover 사용,
task,646A4E41C3DC3065,26E6ED94168A05C4,productive_bees.snbt,,,Honeycomb,productivebees:configurable_honeycomb,,명시적 task.title 없이 아이템 hover 사용,
task,5F805C40CF18FAEF,26E6ED94168A05C4,productive_bees.snbt,,,Honeycomb,productivebees:configurable_honeycomb,,명시적 task.title 없이 아이템 hover 사용,
task,43F015DD4F9901B1,26E6ED94168A05C4,productive_bees.snbt,,,Honeycomb,productivebees:configurable_honeycomb,,명시적 task.title 없이 아이템 hover 사용,
task,3C1968E833D31EFA,26E6ED94168A05C4,productive_bees.snbt,,,Honeycomb,productivebees:configurable_honeycomb,,명시적 task.title 없이 아이템 hover 사용,
task,043209D260360C6B,26E6ED94168A05C4,productive_bees.snbt,,,Honeycomb,productivebees:configurable_honeycomb,,명시적 task.title 없이 아이템 hover 사용,
task,60D7E15CD22A5776,26E6ED94168A05C4,productive_bees.snbt,,,Honeycomb,productivebees:configurable_honeycomb,,명시적 task.title 없이 아이템 hover 사용,
task,051334CB867AB795,26E6ED94168A05C4,productive_bees.snbt,,,Honeycomb,productivebees:configurable_honeycomb,,명시적 task.title 없이 아이템 hover 사용,
task,038816EB13D85540,26E6ED94168A05C4,productive_bees.snbt,,,Honeycomb,productivebees:configurable_honeycomb,,명시적 task.title 없이 아이템 hover 사용,
task,583B01396DBBAECA,26E6ED94168A05C4,productive_bees.snbt,,,Honeycomb,productivebees:configurable_honeycomb,,명시적 task.title 없이 아이템 hover 사용,
task,00ED4CA6F2A559FA,26E6ED94168A05C4,productive_bees.snbt,,,Honeycomb,productivebees:configurable_honeycomb,,명시적 task.title 없이 아이템 hover 사용,
task,5FC817E1EAC1E8DA,26E6ED94168A05C4,productive_bees.snbt,,,Honeycomb,productivebees:configurable_honeycomb,,명시적 task.title 없이 아이템 hover 사용,
task,557E3C9E965DAAB2,26E6ED94168A05C4,productive_bees.snbt,,,Honeycomb,productivebees:configurable_honeycomb,,명시적 task.title 없이 아이템 hover 사용,
task,44659B4B22DDB519,26E6ED94168A05C4,productive_bees.snbt,,,Honeycomb,productivebees:configurable_honeycomb,,명시적 task.title 없이 아이템 hover 사용,
task,4D6ED5F13C898C79,26E6ED94168A05C4,productive_bees.snbt,,,Honeycomb,productivebees:configurable_honeycomb,,명시적 task.title 없이 아이템 hover 사용,
task,1A62D744CFE59EEA,26E6ED94168A05C4,productive_bees.snbt,,,Honeycomb,productivebees:configurable_honeycomb,,명시적 task.title 없이 아이템 hover 사용,
task,59A6D914642D32B3,26E6ED94168A05C4,productive_bees.snbt,,,Honeycomb,productivebees:configurable_honeycomb,,명시적 task.title 없이 아이템 hover 사용,
task,47BAB34821C8DA2E,26E6ED94168A05C4,productive_bees.snbt,,,Honeycomb,productivebees:configurable_honeycomb,,명시적 task.title 없이 아이템 hover 사용,
task,3943B4B5DE8F0DD1,26E6ED94168A05C4,productive_bees.snbt,,,Honeycomb,productivebees:configurable_honeycomb,,명시적 task.title 없이 아이템 hover 사용,
task,655B8EE92E304C2D,26E6ED94168A05C4,productive_bees.snbt,,,Honeycomb,productivebees:configurable_honeycomb,,명시적 task.title 없이 아이템 hover 사용,
task,54C932E82A676099,26E6ED94168A05C4,productive_bees.snbt,,,Honeycomb,productivebees:configurable_honeycomb,,명시적 task.title 없이 아이템 hover 사용,
task,32182E312A238B4C,26E6ED94168A05C4,productive_bees.snbt,,,Honeycomb,productivebees:configurable_honeycomb,,명시적 task.title 없이 아이템 hover 사용,
task,7B86DEFAFADF2867,26E6ED94168A05C4,productive_bees.snbt,,,Honeycomb,productivebees:configurable_honeycomb,,명시적 task.title 없이 아이템 hover 사용,
task,40825247F787611F,26E6ED94168A05C4,productive_bees.snbt,,,Honeycomb,productivebees:configurable_honeycomb,,명시적 task.title 없이 아이템 hover 사용,
task,65D734C52D618E50,26E6ED94168A05C4,productive_bees.snbt,,,Honeycomb,productivebees:configurable_honeycomb,,명시적 task.title 없이 아이템 hover 사용,
task,1D3D7E4EB0115D8B,26E6ED94168A05C4,productive_bees.snbt,,,Honeycomb,productivebees:configurable_honeycomb,,명시적 task.title 없이 아이템 hover 사용,
task,31962FC969C944A2,26E6ED94168A05C4,productive_bees.snbt,,,Honeycomb,productivebees:configurable_honeycomb,,명시적 task.title 없이 아이템 hover 사용,
task,0CAAB8353944D6D0,26E6ED94168A05C4,productive_bees.snbt,,,Honeycomb,productivebees:configurable_honeycomb,,명시적 task.title 없이 아이템 hover 사용,
task,070926B416ED07FF,26E6ED94168A05C4,productive_bees.snbt,,,Honeycomb,productivebees:configurable_honeycomb,,명시적 task.title 없이 아이템 hover 사용,
task,29095E2123F8A1BF,26E6ED94168A05C4,productive_bees.snbt,,,Honeycomb,productivebees:configurable_honeycomb,,명시적 task.title 없이 아이템 hover 사용,
task,23B7842BA790C6E3,26E6ED94168A05C4,productive_bees.snbt,,,Honeycomb,productivebees:configurable_honeycomb,,명시적 task.title 없이 아이템 hover 사용,
task,4199972914998BB4,26E6ED94168A05C4,productive_bees.snbt,,,Honeycomb,productivebees:configurable_honeycomb,,명시적 task.title 없이 아이템 hover 사용,
task,075AE7405B546B33,26E6ED94168A05C4,productive_bees.snbt,,,Honeycomb,productivebees:configurable_honeycomb,,명시적 task.title 없이 아이템 hover 사용,
task,246F829AEDCD224C,26E6ED94168A05C4,productive_bees.snbt,,,Honeycomb,productivebees:configurable_honeycomb,,명시적 task.title 없이 아이템 hover 사용,
task,441C3200B68E54B0,26E6ED94168A05C4,productive_bees.snbt,,,Honeycomb,productivebees:configurable_honeycomb,,명시적 task.title 없이 아이템 hover 사용,
task,20A7F62EEC3C6027,26E6ED94168A05C4,productive_bees.snbt,,,Honeycomb,productivebees:configurable_honeycomb,,명시적 task.title 없이 아이템 hover 사용,
task,056002F20E08F091,26E6ED94168A05C4,productive_bees.snbt,,,Honeycomb,productivebees:configurable_honeycomb,,명시적 task.title 없이 아이템 hover 사용,
task,5771733193B8182E,26E6ED94168A05C4,productive_bees.snbt,,,Honeycomb,productivebees:configurable_honeycomb,,명시적 task.title 없이 아이템 hover 사용,
task,205D3555947105A9,26E6ED94168A05C4,productive_bees.snbt,,,Honeycomb,productivebees:configurable_honeycomb,,명시적 task.title 없이 아이템 hover 사용,
task,53B34960A7D288A2,26E6ED94168A05C4,productive_bees.snbt,,,Honeycomb,productivebees:configurable_honeycomb,,명시적 task.title 없이 아이템 hover 사용,
task,39C71739102E4DA3,26E6ED94168A05C4,productive_bees.snbt,,,Honeycomb,productivebees:configurable_honeycomb,,명시적 task.title 없이 아이템 hover 사용,
task,21F42FED104DAAD4,26E6ED94168A05C4,productive_bees.snbt,,,Honeycomb,productivebees:configurable_honeycomb,,명시적 task.title 없이 아이템 hover 사용,
task,77E4F9C6DB9F7164,26E6ED94168A05C4,productive_bees.snbt,,,Honeycomb,productivebees:configurable_honeycomb,,명시적 task.title 없이 아이템 hover 사용,
task,5EF73DBB90394861,26E6ED94168A05C4,productive_bees.snbt,,,Honeycomb,productivebees:configurable_honeycomb,,명시적 task.title 없이 아이템 hover 사용,
task,6146BFBBAB79D46B,26E6ED94168A05C4,productive_bees.snbt,,,Honeycomb,productivebees:configurable_honeycomb,,명시적 task.title 없이 아이템 hover 사용,
task,1A4FA075F64B4B36,26E6ED94168A05C4,productive_bees.snbt,,,Honeycomb,productivebees:configurable_honeycomb,,명시적 task.title 없이 아이템 hover 사용,
task,17D6DDC91314D567,26E6ED94168A05C4,productive_bees.snbt,,,Honeycomb,productivebees:configurable_honeycomb,,명시적 task.title 없이 아이템 hover 사용,
task,23990980C3CC2B9E,26E6ED94168A05C4,productive_bees.snbt,,,Honeycomb,productivebees:configurable_honeycomb,,명시적 task.title 없이 아이템 hover 사용,
task,175934F1753DCA3D,26E6ED94168A05C4,productive_bees.snbt,,,Honeycomb,productivebees:configurable_honeycomb,,명시적 task.title 없이 아이템 hover 사용,
task,7EA1558DA5C148BD,26E6ED94168A05C4,productive_bees.snbt,,,Honeycomb,productivebees:configurable_honeycomb,,명시적 task.title 없이 아이템 hover 사용,
task,4465AFD9F6A30EFD,26E6ED94168A05C4,productive_bees.snbt,,,Honeycomb,productivebees:configurable_honeycomb,,명시적 task.title 없이 아이템 hover 사용,
task,285F60B54ADB5273,26E6ED94168A05C4,productive_bees.snbt,,,Honeycomb,productivebees:configurable_honeycomb,,명시적 task.title 없이 아이템 hover 사용,
task,52213CAAC7B43162,26E6ED94168A05C4,productive_bees.snbt,,,Honeycomb,productivebees:configurable_honeycomb,,명시적 task.title 없이 아이템 hover 사용,
task,1900643544CEF8F3,26E6ED94168A05C4,productive_bees.snbt,,,Honeycomb,productivebees:configurable_honeycomb,,명시적 task.title 없이 아이템 hover 사용,
task,0707EB9CA86A52AC,26E6ED94168A05C4,productive_bees.snbt,,,Honeycomb,productivebees:configurable_honeycomb,,명시적 task.title 없이 아이템 hover 사용,
task,40C0F6F01D2D2346,26E6ED94168A05C4,productive_bees.snbt,,,Honeycomb,productivebees:configurable_honeycomb,,명시적 task.title 없이 아이템 hover 사용,
task,49F034204B75FF3D,26E6ED94168A05C4,productive_bees.snbt,,,Honeycomb,productivebees:configurable_honeycomb,,명시적 task.title 없이 아이템 hover 사용,
task,79B59DEBAF9B75C6,26E6ED94168A05C4,productive_bees.snbt,,,Honeycomb,productivebees:configurable_honeycomb,,명시적 task.title 없이 아이템 hover 사용,
task,721F87434ECF59E2,26E6ED94168A05C4,productive_bees.snbt,,,Honeycomb,productivebees:configurable_honeycomb,,명시적 task.title 없이 아이템 hover 사용,
task,591B132D28D8D75D,26E6ED94168A05C4,productive_bees.snbt,,,Honeycomb,productivebees:configurable_honeycomb,,명시적 task.title 없이 아이템 hover 사용,
task,172C9DA04257D5BB,26E6ED94168A05C4,productive_bees.snbt,,,Honeycomb,productivebees:configurable_honeycomb,,명시적 task.title 없이 아이템 hover 사용,
task,23553673B9AC2E61,26E6ED94168A05C4,productive_bees.snbt,,,,ftbfiltersystem:smart_filter,,명시적 task.title 없이 아이템 hover 사용,
task,68A3F9A74575FFAA,26E6ED94168A05C4,productive_bees.snbt,,,Honeycomb,productivebees:configurable_honeycomb,,명시적 task.title 없이 아이템 hover 사용,
task,6A1032C05E7555A8,26E6ED94168A05C4,productive_bees.snbt,,,Honeycomb,productivebees:configurable_honeycomb,,명시적 task.title 없이 아이템 hover 사용,
task,22F147E40C3A7A7D,26E6ED94168A05C4,productive_bees.snbt,,,Honeycomb,productivebees:configurable_honeycomb,,명시적 task.title 없이 아이템 hover 사용,
task,395BD3CD6324B733,26E6ED94168A05C4,productive_bees.snbt,,,Honeycomb,productivebees:configurable_honeycomb,,명시적 task.title 없이 아이템 hover 사용,
task,4078067ED75C506E,26E6ED94168A05C4,productive_bees.snbt,,,Honeycomb,productivebees:configurable_honeycomb,,명시적 task.title 없이 아이템 hover 사용,
task,56CD62A93F21828E,26E6ED94168A05C4,productive_bees.snbt,,,Honeycomb,productivebees:configurable_honeycomb,,명시적 task.title 없이 아이템 hover 사용,
task,388AE1A7CEA324DC,26E6ED94168A05C4,productive_bees.snbt,,,Honeycomb,productivebees:configurable_honeycomb,,명시적 task.title 없이 아이템 hover 사용,
task,197C43E679F30D5A,26E6ED94168A05C4,productive_bees.snbt,,,Honeycomb,productivebees:configurable_honeycomb,,명시적 task.title 없이 아이템 hover 사용,
task,70C7078E8E2FDFED,26E6ED94168A05C4,productive_bees.snbt,,,Honeycomb,productivebees:configurable_honeycomb,,명시적 task.title 없이 아이템 hover 사용,
task,58A7E4DD511FF23A,26E6ED94168A05C4,productive_bees.snbt,,,Honeycomb,productivebees:configurable_honeycomb,,명시적 task.title 없이 아이템 hover 사용,
task,74EC41D4632076FD,26E6ED94168A05C4,productive_bees.snbt,,,Honeycomb,productivebees:configurable_honeycomb,,명시적 task.title 없이 아이템 hover 사용,
task,166CF1C4C89BA227,26E6ED94168A05C4,productive_bees.snbt,,,Honeycomb,productivebees:configurable_honeycomb,,명시적 task.title 없이 아이템 hover 사용,
task,4F8210935F06822A,26E6ED94168A05C4,productive_bees.snbt,,,Honeycomb,productivebees:configurable_honeycomb,,명시적 task.title 없이 아이템 hover 사용,
task,6674F55EF313BFFF,26E6ED94168A05C4,productive_bees.snbt,,,Honeycomb,productivebees:configurable_honeycomb,,명시적 task.title 없이 아이템 hover 사용,
task,008C03517817C239,26E6ED94168A05C4,productive_bees.snbt,,,Honeycomb,productivebees:configurable_honeycomb,,명시적 task.title 없이 아이템 hover 사용,
task,5C2FCAD6A5889DCC,26E6ED94168A05C4,productive_bees.snbt,,,Honeycomb,productivebees:configurable_honeycomb,,명시적 task.title 없이 아이템 hover 사용,
task,150FE2E917C5B19E,26E6ED94168A05C4,productive_bees.snbt,,,Honeycomb,productivebees:configurable_honeycomb,,명시적 task.title 없이 아이템 hover 사용,
task,2DD3804E11DF22A0,26E6ED94168A05C4,productive_bees.snbt,,,Honeycomb,productivebees:configurable_honeycomb,,명시적 task.title 없이 아이템 hover 사용,
task,26436DD0B7A192ED,26E6ED94168A05C4,productive_bees.snbt,,,Honeycomb,productivebees:configurable_honeycomb,,명시적 task.title 없이 아이템 hover 사용,
task,5B39148378EC5DA0,26E6ED94168A05C4,productive_bees.snbt,,,Honeycomb,productivebees:configurable_honeycomb,,명시적 task.title 없이 아이템 hover 사용,
task,22F6A2BBA4241A4F,26E6ED94168A05C4,productive_bees.snbt,,,Honeycomb,productivebees:configurable_honeycomb,,명시적 task.title 없이 아이템 hover 사용,
task,5372B80545F267E9,26E6ED94168A05C4,productive_bees.snbt,,,Honeycomb,productivebees:configurable_honeycomb,,명시적 task.title 없이 아이템 hover 사용,
task,516F03D522304143,26E6ED94168A05C4,productive_bees.snbt,,,Honeycomb,productivebees:configurable_honeycomb,,명시적 task.title 없이 아이템 hover 사용,
task,3ABFFD6FFEB2E8F4,26E6ED94168A05C4,productive_bees.snbt,Gene Samples,,,ftbfiltersystem:smart_filter,,명시적 task.title 없이 아이템 hover 사용,
task,696A828CBDAE7EE3,26E6ED94168A05C4,productive_bees.snbt,Productivity Genes,,,ftbfiltersystem:smart_filter,,명시적 task.title 없이 아이템 hover 사용,
task,1817E18CF4034F52,26E6ED94168A05C4,productive_bees.snbt,Weather Tolerance Genes,,,ftbfiltersystem:smart_filter,,명시적 task.title 없이 아이템 hover 사용,
task,5455E38685EE7187,26E6ED94168A05C4,productive_bees.snbt,Behavior Genes,,,ftbfiltersystem:smart_filter,,명시적 task.title 없이 아이템 hover 사용,
task,30B72EDF37727F5E,26E6ED94168A05C4,productive_bees.snbt,Endurance Genes,,,ftbfiltersystem:smart_filter,,명시적 task.title 없이 아이템 hover 사용,
task,4324462D1A98B672,26E6ED94168A05C4,productive_bees.snbt,Temper Genes,,,ftbfiltersystem:smart_filter,,명시적 task.title 없이 아이템 hover 사용,
task,278FF7AC00EB8BAA,26E6ED94168A05C4,productive_bees.snbt,,,Breeding Chamber,productivebees:breeding_chamber,,명시적 task.title 없이 아이템 hover 사용,
task,417428B25B11FB43,1FAAEF0B9FD05CB9,productive_trees.snbt,,,Beech Sapling,productivetrees:beech_sapling,,명시적 task.title 없이 아이템 hover 사용,
task,5CBF04AB9933B3F8,1FAAEF0B9FD05CB9,productive_trees.snbt,,,Alder Sapling,productivetrees:alder_sapling,,명시적 task.title 없이 아이템 hover 사용,
task,18B09C72B4EA3DC3,1FAAEF0B9FD05CB9,productive_trees.snbt,,,Aspen Sapling,productivetrees:aspen_sapling,,명시적 task.title 없이 아이템 hover 사용,
task,6CE5339E54F4AB6B,1FAAEF0B9FD05CB9,productive_trees.snbt,,,Elderberry Sapling,productivetrees:elderberry_sapling,,명시적 task.title 없이 아이템 hover 사용,
task,09509A780AA7B8D5,1FAAEF0B9FD05CB9,productive_trees.snbt,,,Hazel Sapling,productivetrees:hazel_sapling,,명시적 task.title 없이 아이템 hover 사용,
task,69F31F87854CCCBE,1FAAEF0B9FD05CB9,productive_trees.snbt,,,Rowan Sapling,productivetrees:rowan_sapling,,명시적 task.title 없이 아이템 hover 사용,
task,41B2853FDA18166D,1FAAEF0B9FD05CB9,productive_trees.snbt,,,Hawthorn Sapling,productivetrees:hawthorn_sapling,,명시적 task.title 없이 아이템 hover 사용,
task,3553DDFE68858F16,1FAAEF0B9FD05CB9,productive_trees.snbt,,,Holly Sapling,productivetrees:holly_sapling,,명시적 task.title 없이 아이템 hover 사용,
task,4F583EB775C229C2,1FAAEF0B9FD05CB9,productive_trees.snbt,,,Boxwood Sapling,productivetrees:boxwood_sapling,,명시적 task.title 없이 아이템 hover 사용,
task,07D58995072D4168,1FAAEF0B9FD05CB9,productive_trees.snbt,,,Pecan Sapling,productivetrees:pecan_sapling,,명시적 task.title 없이 아이템 hover 사용,
task,3356029BA0C55CDD,1FAAEF0B9FD05CB9,productive_trees.snbt,,,Cacao Sapling,productivetrees:cacao_sapling,,명시적 task.title 없이 아이템 hover 사용,
task,0203CD92FFA200C7,1FAAEF0B9FD05CB9,productive_trees.snbt,,,Brazil Nut Sapling,productivetrees:brazil_nut_sapling,,명시적 task.title 없이 아이템 hover 사용,
task,6AC8C0A52933CC95,1FAAEF0B9FD05CB9,productive_trees.snbt,,,Teak Sapling,productivetrees:teak_sapling,,명시적 task.title 없이 아이템 hover 사용,
task,687AB23F71448D3A,1FAAEF0B9FD05CB9,productive_trees.snbt,,,Balsa Sapling,productivetrees:balsa_sapling,,명시적 task.title 없이 아이템 hover 사용,
task,7AE0CF993A1D80BA,1FAAEF0B9FD05CB9,productive_trees.snbt,,,Blue Mahoe Sapling,productivetrees:blue_mahoe_sapling,,명시적 task.title 없이 아이템 hover 사용,
task,259B1588B7B5880A,1FAAEF0B9FD05CB9,productive_trees.snbt,,,Cashew Sapling,productivetrees:cashew_sapling,,명시적 task.title 없이 아이템 hover 사용,
task,6EEE7CA38D494E1D,1FAAEF0B9FD05CB9,productive_trees.snbt,,,Ipe Sapling,productivetrees:ipe_sapling,,명시적 task.title 없이 아이템 hover 사용,
task,09440FE4B847BF70,1FAAEF0B9FD05CB9,productive_trees.snbt,,,Kapok Sapling,productivetrees:kapok_sapling,,명시적 task.title 없이 아이템 hover 사용,
task,0191D7AC75FE3A67,1FAAEF0B9FD05CB9,productive_trees.snbt,,,Aquilaria Sapling,productivetrees:aquilaria_sapling,,명시적 task.title 없이 아이템 hover 사용,
task,0B1DE8BCC3A5C44E,1FAAEF0B9FD05CB9,productive_trees.snbt,,,White Ipe Sapling,productivetrees:white_ipe_sapling,,명시적 task.title 없이 아이템 hover 사용,
task,34E6649E3BE1FC61,1FAAEF0B9FD05CB9,productive_trees.snbt,,,Pink Ipe Sapling,productivetrees:pink_ipe_sapling,,명시적 task.title 없이 아이템 hover 사용,
task,1CD4419DBC6DFE0A,1FAAEF0B9FD05CB9,productive_trees.snbt,,,Purple Ipe Sapling,productivetrees:purple_ipe_sapling,,명시적 task.title 없이 아이템 hover 사용,
task,29D1151900469630,1FAAEF0B9FD05CB9,productive_trees.snbt,,,Silver Lime Sapling,productivetrees:silver_lime_sapling,,명시적 task.title 없이 아이템 hover 사용,
task,3ACE7CEE6920D8C7,1FAAEF0B9FD05CB9,productive_trees.snbt,,,Wild Cherry Sapling,productivetrees:wild_cherry_sapling,,명시적 task.title 없이 아이템 hover 사용,
task,07EED2A68D5ED909,1FAAEF0B9FD05CB9,productive_trees.snbt,,,Sugar Apple Sapling,productivetrees:sugar_apple_sapling,,명시적 task.title 없이 아이템 hover 사용,
task,2E75F1876DB16620,1FAAEF0B9FD05CB9,productive_trees.snbt,,,Olive Sapling,productivetrees:olive_sapling,,명시적 task.title 없이 아이템 hover 사용,
task,5FADA16D4055231E,1FAAEF0B9FD05CB9,productive_trees.snbt,,,Papaya Sapling,productivetrees:papaya_sapling,,명시적 task.title 없이 아이템 hover 사용,
task,62E220D3878625CD,1FAAEF0B9FD05CB9,productive_trees.snbt,,,Date Palm Sapling,productivetrees:date_palm_sapling,,명시적 task.title 없이 아이템 hover 사용,
task,6DC3BBB8684838CF,1FAAEF0B9FD05CB9,productive_trees.snbt,,,Dogwood Sapling,productivetrees:dogwood_sapling,,명시적 task.title 없이 아이템 hover 사용,
task,71E08C2CC534D674,1FAAEF0B9FD05CB9,productive_trees.snbt,,,Walnut Sapling,productivetrees:walnut_sapling,,명시적 task.title 없이 아이템 hover 사용,
task,5AEBEC8C9DA1BB87,1FAAEF0B9FD05CB9,productive_trees.snbt,,,White Willow Sapling,productivetrees:white_willow_sapling,,명시적 task.title 없이 아이템 hover 사용,
task,6FFAE66C08972E63,1FAAEF0B9FD05CB9,productive_trees.snbt,,,White Poplar Sapling,productivetrees:white_poplar_sapling,,명시적 task.title 없이 아이템 hover 사용,
task,1A382CD5F630AAAF,1FAAEF0B9FD05CB9,productive_trees.snbt,,,Ash Sapling,productivetrees:ash_sapling,,명시적 task.title 없이 아이템 hover 사용,
task,5687CA43259A66B9,1FAAEF0B9FD05CB9,productive_trees.snbt,,,Banana Sapling,productivetrees:banana_sapling,,명시적 task.title 없이 아이템 hover 사용,
task,7AD7B0C49A763E34,1FAAEF0B9FD05CB9,productive_trees.snbt,,,Butternut Sapling,productivetrees:butternut_sapling,,명시적 task.title 없이 아이템 hover 사용,
task,7189A0F697FB0CAF,1FAAEF0B9FD05CB9,productive_trees.snbt,,,Cocobolo Sapling,productivetrees:cocobolo_sapling,,명시적 task.title 없이 아이템 hover 사용,
task,5CBD13A621EDB3D9,1FAAEF0B9FD05CB9,productive_trees.snbt,,,European Larch Sapling,productivetrees:european_larch_sapling,,명시적 task.title 없이 아이템 hover 사용,
task,06816DC413353689,1FAAEF0B9FD05CB9,productive_trees.snbt,,,Bull Pine Sapling,productivetrees:bull_pine_sapling,,명시적 task.title 없이 아이템 hover 사용,
task,2E4CA9EFD36BA921,1FAAEF0B9FD05CB9,productive_trees.snbt,,,Sour Cherry Sapling,productivetrees:sour_cherry_sapling,,명시적 task.title 없이 아이템 hover 사용,
task,17B965AF58E165BF,1FAAEF0B9FD05CB9,productive_trees.snbt,,,Sugar Maple Sapling,productivetrees:sugar_maple_sapling,,명시적 task.title 없이 아이템 hover 사용,
task,73F1FAC8ACEBD6C7,1FAAEF0B9FD05CB9,productive_trees.snbt,,,Sweet Chestnut Sapling,productivetrees:sweet_chestnut_sapling,,명시적 task.title 없이 아이템 hover 사용,
task,3E9AEBA3AFE542CC,1FAAEF0B9FD05CB9,productive_trees.snbt,,,Sweetgum Sapling,productivetrees:sweetgum_sapling,,명시적 task.title 없이 아이템 hover 사용,
task,285AE97FC60ABC45,1FAAEF0B9FD05CB9,productive_trees.snbt,,,Wenge Sapling,productivetrees:wenge_sapling,,명시적 task.title 없이 아이템 hover 사용,
task,4E26F5C8CFF05E06,1FAAEF0B9FD05CB9,productive_trees.snbt,,,Sequoia Sapling,productivetrees:sequoia_sapling,,명시적 task.title 없이 아이템 hover 사용,
task,625E8F12DCB93B4F,1FAAEF0B9FD05CB9,productive_trees.snbt,,,Balsam Fir Sapling,productivetrees:balsam_fir_sapling,,명시적 task.title 없이 아이템 hover 사용,
task,045BE85A87484FCA,1FAAEF0B9FD05CB9,productive_trees.snbt,,,Avocado Sapling,productivetrees:avocado_sapling,,명시적 task.title 없이 아이템 hover 사용,
task,0855C3A8FF782357,1FAAEF0B9FD05CB9,productive_trees.snbt,,,Silver Fir Sapling,productivetrees:silver_fir_sapling,,명시적 task.title 없이 아이템 hover 사용,
task,118BED0D52DDEE79,1FAAEF0B9FD05CB9,productive_trees.snbt,,,Black Locust Sapling,productivetrees:black_locust_sapling,,명시적 task.title 없이 아이템 hover 사용,
task,4B6B58172429AD09,1FAAEF0B9FD05CB9,productive_trees.snbt,,,Cedar Sapling,productivetrees:cedar_sapling,,명시적 task.title 없이 아이템 hover 사용,
task,6EC029DACE333087,1FAAEF0B9FD05CB9,productive_trees.snbt,,,Ceylon Ebony Sapling,productivetrees:ceylon_ebony_sapling,,명시적 task.title 없이 아이템 hover 사용,
task,3029FF5D0E46E5CE,1FAAEF0B9FD05CB9,productive_trees.snbt,,,Citron Sapling,productivetrees:citron_sapling,,명시적 task.title 없이 아이템 hover 사용,
task,52DBE30471155C4C,1FAAEF0B9FD05CB9,productive_trees.snbt,,,Coconut Sapling,productivetrees:coconut_sapling,,명시적 task.title 없이 아이템 hover 사용,
task,73B217D7CCF8F4B5,1FAAEF0B9FD05CB9,productive_trees.snbt,,,Grandidiers Baobab Sapling,productivetrees:grandidiers_baobab_sapling,,명시적 task.title 없이 아이템 hover 사용,
task,1827307F4535A415,1FAAEF0B9FD05CB9,productive_trees.snbt,,,Great Sallow Sapling,productivetrees:great_sallow_sapling,,명시적 task.title 없이 아이템 hover 사용,
task,635FF9AFB239291F,1FAAEF0B9FD05CB9,productive_trees.snbt,,,Hornbeam Sapling,productivetrees:hornbeam_sapling,,명시적 task.title 없이 아이템 hover 사용,
task,675CEC4F0A0BF1F1,1FAAEF0B9FD05CB9,productive_trees.snbt,,,Iroko Sapling,productivetrees:iroko_sapling,,명시적 task.title 없이 아이템 hover 사용,
task,579EF3A6ED4246D3,1FAAEF0B9FD05CB9,productive_trees.snbt,,,Key Lime Sapling,productivetrees:key_lime_sapling,,명시적 task.title 없이 아이템 hover 사용,
task,19AC4C272F96B015,1FAAEF0B9FD05CB9,productive_trees.snbt,,,Lawson Cypress Sapling,productivetrees:lawson_cypress_sapling,,명시적 task.title 없이 아이템 hover 사용,
task,128A14F3E1CF0587,1FAAEF0B9FD05CB9,productive_trees.snbt,,,Loblolly Pine Sapling,productivetrees:loblolly_pine_sapling,,명시적 task.title 없이 아이템 hover 사용,
task,1B1FDF760B4F79DD,1FAAEF0B9FD05CB9,productive_trees.snbt,,,Western Hemlock Sapling,productivetrees:western_hemlock_sapling,,명시적 task.title 없이 아이템 hover 사용,
task,4417038378FAF27B,1FAAEF0B9FD05CB9,productive_trees.snbt,,,Monkey Puzzle Sapling,productivetrees:monkey_puzzle_sapling,,명시적 task.title 없이 아이템 hover 사용,
task,48B3D8E6F56A99CC,1FAAEF0B9FD05CB9,productive_trees.snbt,,,Cork Oak Sapling,productivetrees:cork_oak_sapling,,명시적 task.title 없이 아이템 hover 사용,
task,4C21958305FBD389,1FAAEF0B9FD05CB9,productive_trees.snbt,,,Socotra Dragon Sapling,productivetrees:socotra_dragon_sapling,,명시적 task.title 없이 아이템 hover 사용,
task,5D4924241771BCC9,1FAAEF0B9FD05CB9,productive_trees.snbt,,,Yew Sapling,productivetrees:yew_sapling,,명시적 task.title 없이 아이템 hover 사용,
task,17BC74D9567C3D16,1FAAEF0B9FD05CB9,productive_trees.snbt,,,Yellow Meranti Sapling,productivetrees:yellow_meranti_sapling,,명시적 task.title 없이 아이템 hover 사용,
task,62633891FFED5968,1FAAEF0B9FD05CB9,productive_trees.snbt,,,Zebrano Sapling,productivetrees:zebrano_sapling,,명시적 task.title 없이 아이템 hover 사용,
task,30428722CC64DDD8,1FAAEF0B9FD05CB9,productive_trees.snbt,,,Whitebeam Sapling,productivetrees:whitebeam_sapling,,명시적 task.title 없이 아이템 hover 사용,
task,2BA9605C24AB4B1B,1FAAEF0B9FD05CB9,productive_trees.snbt,,,Sycamore Fig Sapling,productivetrees:sycamore_fig_sapling,,명시적 task.title 없이 아이템 hover 사용,
task,137BAA55888F984B,1FAAEF0B9FD05CB9,productive_trees.snbt,,,Rose Gum Sapling,productivetrees:rose_gum_sapling,,명시적 task.title 없이 아이템 hover 사용,
task,7C01BEF0E7C73313,1FAAEF0B9FD05CB9,productive_trees.snbt,,,Mahogany Sapling,productivetrees:mahogany_sapling,,명시적 task.title 없이 아이템 hover 사용,
task,7F9BEB394F68B72F,1FAAEF0B9FD05CB9,productive_trees.snbt,,,Red Delicious Apple Sapling,productivetrees:red_delicious_apple_sapling,,명시적 task.title 없이 아이템 hover 사용,
task,3B44484E263D4271,1FAAEF0B9FD05CB9,productive_trees.snbt,,,Prairie Crabapple Sapling,productivetrees:prairie_crabapple_sapling,,명시적 task.title 없이 아이템 hover 사용,
task,22830BE837D23206,1FAAEF0B9FD05CB9,productive_trees.snbt,,,Pomelo Sapling,productivetrees:pomelo_sapling,,명시적 task.title 없이 아이템 hover 사용,
task,0580E5B27302BBC5,1FAAEF0B9FD05CB9,productive_trees.snbt,,,Plum Sapling,productivetrees:plum_sapling,,명시적 task.title 없이 아이템 hover 사용,
task,6A09A5AF3B84FE69,1FAAEF0B9FD05CB9,productive_trees.snbt,,,Peach Sapling,productivetrees:peach_sapling,,명시적 task.title 없이 아이템 hover 사용,
task,27BBAFA7657D439C,1FAAEF0B9FD05CB9,productive_trees.snbt,,,Rosewood Sapling,productivetrees:rosewood_sapling,,명시적 task.title 없이 아이템 hover 사용,
task,4FCED6BA1C1C846E,1FAAEF0B9FD05CB9,productive_trees.snbt,,,Rubber Tree Sapling,productivetrees:rubber_tree_sapling,,명시적 task.title 없이 아이템 hover 사용,
task,75EA78B40903ECF6,1FAAEF0B9FD05CB9,productive_trees.snbt,,,Red Maple Sapling,productivetrees:red_maple_sapling,,명시적 task.title 없이 아이템 hover 사용,
task,5255AA39714FF359,1FAAEF0B9FD05CB9,productive_trees.snbt,,,Sand Pear Sapling,productivetrees:sand_pear_sapling,,명시적 task.title 없이 아이템 hover 사용,
task,487DBE1846246ACD,1FAAEF0B9FD05CB9,productive_trees.snbt,,,Cultivated Pear Sapling,productivetrees:cultivated_pear_sapling,,명시적 task.title 없이 아이템 hover 사용,
task,09B712C4B1121A14,1FAAEF0B9FD05CB9,productive_trees.snbt,,,Ginkgo Sapling,productivetrees:ginkgo_sapling,,명시적 task.title 없이 아이템 hover 사용,
task,62F3FBBC0E3912AC,1FAAEF0B9FD05CB9,productive_trees.snbt,,,Candlenut Sapling,productivetrees:candlenut_sapling,,명시적 task.title 없이 아이템 hover 사용,
task,1D42BDFE6A29E6FE,1FAAEF0B9FD05CB9,productive_trees.snbt,,,Breadfruit Sapling,productivetrees:breadfruit_sapling,,명시적 task.title 없이 아이템 hover 사용,
task,5A8578695FAF27C6,1FAAEF0B9FD05CB9,productive_trees.snbt,,,Brazilwood Sapling,productivetrees:brazilwood_sapling,,명시적 task.title 없이 아이템 hover 사용,
task,787CA715CFDC192A,1FAAEF0B9FD05CB9,productive_trees.snbt,,,Cempedak Sapling,productivetrees:cempedak_sapling,,명시적 task.title 없이 아이템 hover 사용,
task,0F17694AF26788AE,1FAAEF0B9FD05CB9,productive_trees.snbt,,,Cherry Plum Sapling,productivetrees:cherry_plum_sapling,,명시적 task.title 없이 아이템 hover 사용,
task,552955EBBEAAEB4F,1FAAEF0B9FD05CB9,productive_trees.snbt,,,Cinnamon Sapling,productivetrees:cinnamon_sapling,,명시적 task.title 없이 아이템 hover 사용,
task,281BD7690DEE85A7,1FAAEF0B9FD05CB9,productive_trees.snbt,,,Copoazu Sapling,productivetrees:copoazu_sapling,,명시적 task.title 없이 아이템 hover 사용,
task,73215EC5BBF922EF,1FAAEF0B9FD05CB9,productive_trees.snbt,,,Carob Sapling,productivetrees:carob_sapling,,명시적 task.title 없이 아이템 hover 사용,
task,0D619D5B2870D57C,1FAAEF0B9FD05CB9,productive_trees.snbt,,,Douglas Fir Sapling,productivetrees:douglas_fir_sapling,,명시적 task.title 없이 아이템 hover 사용,
task,3236207041D5ACAB,1FAAEF0B9FD05CB9,productive_trees.snbt,,,Elm Sapling,productivetrees:elm_sapling,,명시적 task.title 없이 아이템 hover 사용,
task,77148B8A8DF4A0F7,1FAAEF0B9FD05CB9,productive_trees.snbt,,,Finger Lime Sapling,productivetrees:finger_lime_sapling,,명시적 task.title 없이 아이템 hover 사용,
task,6BA88DD1B98F7CC9,1FAAEF0B9FD05CB9,productive_trees.snbt,,,Sweet Crabapple Sapling,productivetrees:sweet_crabapple_sapling,,명시적 task.title 없이 아이템 hover 사용,
task,5DD95FCC7889C374,1FAAEF0B9FD05CB9,productive_trees.snbt,,,Flowering Crabapple Sapling,productivetrees:flowering_crabapple_sapling,,명시적 task.title 없이 아이템 hover 사용,
task,4FBF45B83C8E465A,1FAAEF0B9FD05CB9,productive_trees.snbt,,,Black Cherry Sapling,productivetrees:black_cherry_sapling,,명시적 task.title 없이 아이템 hover 사용,
task,0D6405D74991993A,1FAAEF0B9FD05CB9,productive_trees.snbt,,,Blackthorn Sapling,productivetrees:blackthorn_sapling,,명시적 task.title 없이 아이템 hover 사용,
task,6B49044D78145FBB,1FAAEF0B9FD05CB9,productive_trees.snbt,,,Asai Palm Sapling,productivetrees:asai_palm_sapling,,명시적 task.title 없이 아이템 hover 사용,
task,287D207C4999817B,1FAAEF0B9FD05CB9,productive_trees.snbt,,,Apricot Sapling,productivetrees:apricot_sapling,,명시적 task.title 없이 아이템 hover 사용,
task,4518C07100A94FE5,1FAAEF0B9FD05CB9,productive_trees.snbt,,,Plantain Sapling,productivetrees:plantain_sapling,,명시적 task.title 없이 아이템 hover 사용,
task,3CC70B9C2499480A,1FAAEF0B9FD05CB9,productive_trees.snbt,,,Pink Ivory Sapling,productivetrees:pink_ivory_sapling,,명시적 task.title 없이 아이템 hover 사용,
task,2798AEA8D8CF666F,1FAAEF0B9FD05CB9,productive_trees.snbt,,,Old Fustic Sapling,productivetrees:old_fustic_sapling,,명시적 task.title 없이 아이템 hover 사용,
task,65B168B00C7EA982,1FAAEF0B9FD05CB9,productive_trees.snbt,,,Nectarine Sapling,productivetrees:nectarine_sapling,,명시적 task.title 없이 아이템 hover 사용,
task,0007A506C51BEFC0,1FAAEF0B9FD05CB9,productive_trees.snbt,,,Persimmon Sapling,productivetrees:persimmon_sapling,,명시적 task.title 없이 아이템 hover 사용,
task,32ECA0413A9465F2,1FAAEF0B9FD05CB9,productive_trees.snbt,,,Purple Crepe Myrtle Sapling,productivetrees:purple_crepe_myrtle_sapling,,명시적 task.title 없이 아이템 hover 사용,
task,167B46DCD3FF7A34,1FAAEF0B9FD05CB9,productive_trees.snbt,,,Myrtle Ebony Sapling,productivetrees:myrtle_ebony_sapling,,명시적 task.title 없이 아이템 hover 사용,
task,54A4A373235685E6,1FAAEF0B9FD05CB9,productive_trees.snbt,,,Red Crepe Myrtle Sapling,productivetrees:red_crepe_myrtle_sapling,,명시적 task.title 없이 아이템 hover 사용,
task,48A1360874BA29F4,1FAAEF0B9FD05CB9,productive_trees.snbt,,,Tuscarora Crepe Myrtle Sapling,productivetrees:tuscarora_crepe_myrtle_sapling,,명시적 task.title 없이 아이템 hover 사용,
task,6A0EBC1DFA170C53,1FAAEF0B9FD05CB9,productive_trees.snbt,,,Moonlight Magic Crepe Myrtle Sapling,productivetrees:moonlight_magic_crepe_myrtle_sapling,,명시적 task.title 없이 아이템 hover 사용,
task,55F90C0B9EA41DCC,1FAAEF0B9FD05CB9,productive_trees.snbt,,,Lemon Sapling,productivetrees:lemon_sapling,,명시적 task.title 없이 아이템 hover 사용,
task,0D88B6EF3611F705,1FAAEF0B9FD05CB9,productive_trees.snbt,,,Lime Sapling,productivetrees:lime_sapling,,명시적 task.title 없이 아이템 hover 사용,
task,1EB473408B7516CA,1FAAEF0B9FD05CB9,productive_trees.snbt,,,Juniper Sapling,productivetrees:juniper_sapling,,명시적 task.title 없이 아이템 hover 사용,
task,78875797E8805EF3,1FAAEF0B9FD05CB9,productive_trees.snbt,,,Jackfruit Sapling,productivetrees:jackfruit_sapling,,명시적 task.title 없이 아이템 hover 사용,
task,6D10ED5118D4FCC2,1FAAEF0B9FD05CB9,productive_trees.snbt,,,Greenheart Sapling,productivetrees:greenheart_sapling,,명시적 task.title 없이 아이템 hover 사용,
task,2E52B477B9254C1F,1FAAEF0B9FD05CB9,productive_trees.snbt,,,Granny Smith Apple Sapling,productivetrees:granny_smith_apple_sapling,,명시적 task.title 없이 아이템 hover 사용,
task,234C16423B378D35,1FAAEF0B9FD05CB9,productive_trees.snbt,,,Golden Delicious Apple Sapling,productivetrees:golden_delicious_apple_sapling,,명시적 task.title 없이 아이템 hover 사용,
task,2B85A38C7A8AB9EA,1FAAEF0B9FD05CB9,productive_trees.snbt,,,Coffea Sapling,productivetrees:coffea_sapling,,명시적 task.title 없이 아이템 hover 사용,
task,5FFCD3A761948440,1FAAEF0B9FD05CB9,productive_trees.snbt,,,Clove Sapling,productivetrees:clove_sapling,,명시적 task.title 없이 아이템 hover 사용,
task,744D2E404C25A9BF,1FAAEF0B9FD05CB9,productive_trees.snbt,,,Allspice Sapling,productivetrees:allspice_sapling,,명시적 task.title 없이 아이템 hover 사용,
task,28B383CB80AC2EC1,1FAAEF0B9FD05CB9,productive_trees.snbt,,,Mandarin Sapling,productivetrees:mandarin_sapling,,명시적 task.title 없이 아이템 hover 사용,
task,01753DEA1C6C4E6F,1FAAEF0B9FD05CB9,productive_trees.snbt,,,Buddhas Hand Sapling,productivetrees:buddhas_hand_sapling,,명시적 task.title 없이 아이템 hover 사용,
task,6607D01230F77BAF,1FAAEF0B9FD05CB9,productive_trees.snbt,,,Beliy Naliv Apple Sapling,productivetrees:beliy_naliv_apple_sapling,,명시적 task.title 없이 아이템 hover 사용,
task,2A92E0DB070077AC,1FAAEF0B9FD05CB9,productive_trees.snbt,,,Orange Sapling,productivetrees:orange_sapling,,명시적 task.title 없이 아이템 hover 사용,
task,607A58F88809FFB3,1FAAEF0B9FD05CB9,productive_trees.snbt,,,Nutmeg Sapling,productivetrees:nutmeg_sapling,,명시적 task.title 없이 아이템 hover 사용,
task,5B37696B7E255D7F,1FAAEF0B9FD05CB9,productive_trees.snbt,,,Logwood Sapling,productivetrees:logwood_sapling,,명시적 task.title 없이 아이템 hover 사용,
task,77CA74A69F56E9B7,1FAAEF0B9FD05CB9,productive_trees.snbt,,,Kumquat Sapling,productivetrees:kumquat_sapling,,명시적 task.title 없이 아이템 hover 사용,
task,06C89923A97DDE96,1FAAEF0B9FD05CB9,productive_trees.snbt,,,Mango Sapling,productivetrees:mango_sapling,,명시적 task.title 없이 아이템 hover 사용,
task,6DA87E1219B6EEEB,1FAAEF0B9FD05CB9,productive_trees.snbt,,,Osage Orange Sapling,productivetrees:osage_orange_sapling,,명시적 task.title 없이 아이템 hover 사용,
task,182B6A5BE87CBE6C,1FAAEF0B9FD05CB9,productive_trees.snbt,,,Grapefruit Sapling,productivetrees:grapefruit_sapling,,명시적 task.title 없이 아이템 hover 사용,
task,4B85E478FDAEB0BE,1FAAEF0B9FD05CB9,productive_trees.snbt,,,Pomegranate Sapling,productivetrees:pomegranate_sapling,,명시적 task.title 없이 아이템 hover 사용,
task,35C2277A7BEAC37F,1FAAEF0B9FD05CB9,productive_trees.snbt,,,Purpleheart Sapling,productivetrees:purpleheart_sapling,,명시적 task.title 없이 아이템 hover 사용,
task,2EF0D52468F0E9F2,1FAAEF0B9FD05CB9,productive_trees.snbt,,,Satsuma Sapling,productivetrees:satsuma_sapling,,명시적 task.title 없이 아이템 hover 사용,
task,27516ADF76A3D41E,1FAAEF0B9FD05CB9,productive_trees.snbt,,,Sandalwood Sapling,productivetrees:sandalwood_sapling,,명시적 task.title 없이 아이템 hover 사용,
task,559304A328C89E08,1FAAEF0B9FD05CB9,productive_trees.snbt,,,Star Anise Sapling,productivetrees:star_anise_sapling,,명시적 task.title 없이 아이템 hover 사용,
task,5AE6615A81E801B8,1FAAEF0B9FD05CB9,productive_trees.snbt,,,Star Fruit Sapling,productivetrees:star_fruit_sapling,,명시적 task.title 없이 아이템 hover 사용,
task,1C992286099FAD6E,1FAAEF0B9FD05CB9,productive_trees.snbt,,,Swamp Gum Sapling,productivetrees:swamp_gum_sapling,,명시적 task.title 없이 아이템 hover 사용,
task,6FE463D6E396893C,1FAAEF0B9FD05CB9,productive_trees.snbt,,,Almond Sapling,productivetrees:almond_sapling,,명시적 task.title 없이 아이템 hover 사용,
task,2FA7AFE7BE796C3D,1FAAEF0B9FD05CB9,productive_trees.snbt,,,Pistachio Sapling,productivetrees:pistachio_sapling,,명시적 task.title 없이 아이템 hover 사용,
task,102F139E84546996,1FAAEF0B9FD05CB9,productive_trees.snbt,,,Pandanus Sapling,productivetrees:pandanus_sapling,,명시적 task.title 없이 아이템 hover 사용,
task,44E083A46C9D8ED2,1FAAEF0B9FD05CB9,productive_trees.snbt,,,Salak Sapling,productivetrees:salak_sapling,,명시적 task.title 없이 아이템 hover 사용,
task,04AB4CE794CCC02D,1FAAEF0B9FD05CB9,productive_trees.snbt,,,Tangerine Sapling,productivetrees:tangerine_sapling,,명시적 task.title 없이 아이템 hover 사용,
task,43E3D51CC36F5D35,1FAAEF0B9FD05CB9,productive_trees.snbt,,,Soursop Sapling,productivetrees:soursop_sapling,,명시적 task.title 없이 아이템 hover 사용,
task,0EE4E7AC38B0639D,1FAAEF0B9FD05CB9,productive_trees.snbt,,,Red Banana Sapling,productivetrees:red_banana_sapling,,명시적 task.title 없이 아이템 hover 사용,
task,3E6BF16CE93A98FC,1FAAEF0B9FD05CB9,productive_trees.snbt,,,Padauk Sapling,productivetrees:padauk_sapling,,명시적 task.title 없이 아이템 hover 사용,
task,7209B38C8BD83CE9,1FAAEF0B9FD05CB9,productive_trees.snbt,,,Copper Beech Sapling,productivetrees:copper_beech_sapling,,명시적 task.title 없이 아이템 hover 사용,
task,1BDCBDD339D8D687,1FAAEF0B9FD05CB9,productive_trees.snbt,,,Purple Blackthorn Sapling,productivetrees:purple_blackthorn_sapling,,명시적 task.title 없이 아이템 hover 사용,
task,7EDA20C0B16A9DDC,1FAAEF0B9FD05CB9,productive_trees.snbt,,,Water Wonder Sapling,productivetrees:water_wonder_sapling,,명시적 task.title 없이 아이템 hover 사용,
quest,22151D56616559CB,1FAAEF0B9FD05CB9,productive_trees.snbt,,,Blue Yonder Sapling,productivetrees:blue_yonder_sapling,,설명은 있으나 명시적 quest.title 없음,
task,6BD95DE2DB508F9A,1FAAEF0B9FD05CB9,productive_trees.snbt,,,Blue Yonder Sapling,productivetrees:blue_yonder_sapling,,명시적 task.title 없이 아이템 hover 사용,
quest,4281BCDCE233F65B,1FAAEF0B9FD05CB9,productive_trees.snbt,,,Firecracker Sapling,productivetrees:firecracker_sapling,,설명은 있으나 명시적 quest.title 없음,
task,12B818631FE44C1E,1FAAEF0B9FD05CB9,productive_trees.snbt,,,Firecracker Sapling,productivetrees:firecracker_sapling,,명시적 task.title 없이 아이템 hover 사용,
quest,18A2F6BA778D96B1,1FAAEF0B9FD05CB9,productive_trees.snbt,,,Black Ember Sapling,productivetrees:black_ember_sapling,,설명은 있으나 명시적 quest.title 없음,
task,47A93E5DB4B4D188,1FAAEF0B9FD05CB9,productive_trees.snbt,,,Black Ember Sapling,productivetrees:black_ember_sapling,,명시적 task.title 없이 아이템 hover 사용,
quest,4C3B7BAEA653587B,1FAAEF0B9FD05CB9,productive_trees.snbt,,,Flickering Sun Sapling,productivetrees:flickering_sun_sapling,,설명은 있으나 명시적 quest.title 없음,
task,221DB11F38706D5E,1FAAEF0B9FD05CB9,productive_trees.snbt,,,Flickering Sun Sapling,productivetrees:flickering_sun_sapling,,명시적 task.title 없이 아이템 hover 사용,
quest,289B30DAC960BFF2,1FAAEF0B9FD05CB9,productive_trees.snbt,,,Soul Tree Sapling,productivetrees:soul_tree_sapling,,설명은 있으나 명시적 quest.title 없음,
task,30A722AE1F6EBA8D,1FAAEF0B9FD05CB9,productive_trees.snbt,,,Soul Tree Sapling,productivetrees:soul_tree_sapling,,명시적 task.title 없이 아이템 hover 사용,
quest,768C07D1B5EB1FEB,1FAAEF0B9FD05CB9,productive_trees.snbt,,,Brown Amber Sapling,productivetrees:brown_amber_sapling,,설명은 있으나 명시적 quest.title 없음,
task,2255CDB846EB03CB,1FAAEF0B9FD05CB9,productive_trees.snbt,,,Brown Amber Sapling,productivetrees:brown_amber_sapling,,명시적 task.title 없이 아이템 hover 사용,
task,1FA61A2EDFE0B4AE,1FAAEF0B9FD05CB9,productive_trees.snbt,,,Cave Dweller Sapling,productivetrees:cave_dweller_sapling,,명시적 task.title 없이 아이템 hover 사용,
task,42C5F47D73F98564,1FAAEF0B9FD05CB9,productive_trees.snbt,,,Foggy Blast Sapling,productivetrees:foggy_blast_sapling,,명시적 task.title 없이 아이템 hover 사용,
task,6A2C314849DCD191,1FAAEF0B9FD05CB9,productive_trees.snbt,,,Purple Spiral Sapling,productivetrees:purple_spiral_sapling,,명시적 task.title 없이 아이템 hover 사용,
task,13AFFF175319BD76,1FAAEF0B9FD05CB9,productive_trees.snbt,,,Rippling Willow Sapling,productivetrees:rippling_willow_sapling,,명시적 task.title 없이 아이템 hover 사용,
task,58DD2DFEF599B4B9,1FAAEF0B9FD05CB9,productive_trees.snbt,,,Slimy Delight Sapling,productivetrees:slimy_delight_sapling,,명시적 task.title 없이 아이템 hover 사용,
task,29DFCBE93BC07E51,1FAAEF0B9FD05CB9,productive_trees.snbt,,,Sparkle Cherry Sapling,productivetrees:sparkle_cherry_sapling,,명시적 task.title 없이 아이템 hover 사용,
task,5A93676ECFA4E0C2,1FAAEF0B9FD05CB9,productive_trees.snbt,,,Thunder Bolt Sapling,productivetrees:thunder_bolt_sapling,,명시적 task.title 없이 아이템 hover 사용,
task,20220F6CD2A740CD,1FAAEF0B9FD05CB9,productive_trees.snbt,,,Time Traveller Sapling,productivetrees:time_traveller_sapling,,명시적 task.title 없이 아이템 hover 사용,
task,104FAB7AD34F6257,1FAAEF0B9FD05CB9,productive_trees.snbt,,,Night Fuchsia Sapling,productivetrees:night_fuchsia_sapling,,명시적 task.title 없이 아이템 hover 사용,
quest,25D8BE0280B6E7F1,1FAAEF0B9FD05CB9,productive_trees.snbt,,,AllRightsReserved,,,설명은 있으나 명시적 quest.title 없음,
task,3D3F0DB8237E5856,1FAAEF0B9FD05CB9,productive_trees.snbt,AllRightsReserved,AllRightsReserved,,,,한국어 파일의 영어 task.title,
task,0E7EAD7D7DF5E7C3,1FAAEF0B9FD05CB9,productive_trees.snbt,AllRightsReserved,AllRightsReserved,,,,한국어 파일의 영어 task.title,
task,16391CD1A55DEA7C,1FAAEF0B9FD05CB9,productive_trees.snbt,,,Stripper,productivetrees:stripper,,명시적 task.title 없이 아이템 hover 사용,
task,01E6A96EBEF754EB,1FAAEF0B9FD05CB9,productive_trees.snbt,,,Sawmill,productivetrees:sawmill,,명시적 task.title 없이 아이템 hover 사용,
quest,0661E9669E639621,1FAAEF0B9FD05CB9,productive_trees.snbt,,,자가 수분,,,설명은 있으나 명시적 quest.title 없음,
task,2193A637936B1FCD,1FAAEF0B9FD05CB9,productive_trees.snbt,,,Rainbow Gum Sapling,productivetrees:rainbow_gum_sapling,,명시적 task.title 없이 아이템 hover 사용,
task,576428EF1CDDEF96,5712300EF4E5E846,pylons.snbt,,,,minecraft:polished_blackstone,,명시적 task.title 없이 아이템 hover 사용,
quest,32E52AD6EF194A60,5712300EF4E5E846,pylons.snbt,,,Expulsion Pylon,pylons:expulsion_pylon,,설명은 있으나 명시적 quest.title 없음,
task,3644DD329B1CF04B,5712300EF4E5E846,pylons.snbt,,,Expulsion Pylon,pylons:expulsion_pylon,,명시적 task.title 없이 아이템 hover 사용,
quest,5B5FC539BD1F4A73,5712300EF4E5E846,pylons.snbt,,,Interdiction Pylon,pylons:interdiction_pylon,,설명은 있으나 명시적 quest.title 없음,
task,525BAD815438BF4C,5712300EF4E5E846,pylons.snbt,,,Interdiction Pylon,pylons:interdiction_pylon,,명시적 task.title 없이 아이템 hover 사용,
quest,12ED1EE85E146A4B,5712300EF4E5E846,pylons.snbt,,,Harvester Pylon,pylons:harvester_pylon,,설명은 있으나 명시적 quest.title 없음,
task,2F7ABC9758AAC23E,5712300EF4E5E846,pylons.snbt,,,Harvester Pylon,pylons:harvester_pylon,,명시적 task.title 없이 아이템 hover 사용,
quest,18246A48C20B29D8,5712300EF4E5E846,pylons.snbt,,,Infusion Pylon,pylons:infusion_pylon,,설명은 있으나 명시적 quest.title 없음,
task,6C593196779DD911,5712300EF4E5E846,pylons.snbt,,,Infusion Pylon,pylons:infusion_pylon,,명시적 task.title 없이 아이템 hover 사용,
quest,403F76908A8A5661,5712300EF4E5E846,pylons.snbt,,,Player Filter,pylons:player_filter,,설명은 있으나 명시적 quest.title 없음,
task,13CE484A5B1A097A,5712300EF4E5E846,pylons.snbt,,,Player Filter,pylons:player_filter,,명시적 task.title 없이 아이템 hover 사용,
quest,011F787E620DE9E8,5712300EF4E5E846,pylons.snbt,,,Mob Filter,pylons:mob_filter,,설명은 있으나 명시적 quest.title 없음,
task,5A8DC1B4A3A8A7FC,5712300EF4E5E846,pylons.snbt,,,Mob Filter,pylons:mob_filter,,명시적 task.title 없이 아이템 hover 사용,
quest,09D18512037386C1,5712300EF4E5E846,pylons.snbt,,,Potion Filter,pylons:potion_filter,,설명은 있으나 명시적 quest.title 없음,
task,420D062D40DDE5CB,5712300EF4E5E846,pylons.snbt,,,Potion Filter,pylons:potion_filter,,명시적 task.title 없이 아이템 hover 사용,
quest,034A9FBCA6D79BB6,5712300EF4E5E846,pylons.snbt,,,괭이,ftbfiltersystem:smart_filter,,설명은 있으나 명시적 quest.title 없음,
quest,5E02AE661945306C,5712300EF4E5E846,pylons.snbt,,,AllRightsReserved,,,설명은 있으나 명시적 quest.title 없음,
task,59DD89698DBAA215,5712300EF4E5E846,pylons.snbt,AllRightsReserved,AllRightsReserved,,,,한국어 파일의 영어 task.title,
task,35320BB07FB39D05,5712300EF4E5E846,pylons.snbt,AllRightsReserved,AllRightsReserved,,,,한국어 파일의 영어 task.title,
quest,5C2C29ECA67F9B49,5712300EF4E5E846,pylons.snbt,,,Lifeless Filter,pylons:lifeless_filter,,설명은 있으나 명시적 quest.title 없음,
task,5E3CBC6340E0D0AE,5712300EF4E5E846,pylons.snbt,,,Lifeless Filter,pylons:lifeless_filter,,명시적 task.title 없이 아이템 hover 사용,
task,37AF49F3A7074892,2FB24A5A597459FC,railcraft.snbt,,,,minecraft:rail,,명시적 task.title 없이 아이템 hover 사용,
quest,31094CC16E710040,2FB24A5A597459FC,railcraft.snbt,,,쇠지렛대,ftbfiltersystem:smart_filter,,설명은 있으나 명시적 quest.title 없음,
task,780E541F1FDDCADC,2FB24A5A597459FC,railcraft.snbt,,,Track Parts,railcraft:track_parts,,명시적 task.title 없이 아이템 hover 사용,
task,6CED23AD56010036,2FB24A5A597459FC,railcraft.snbt,,,Steam Locomotive,railcraft:steam_locomotive,,명시적 task.title 없이 아이템 hover 사용,
task,1598A523323F0BAB,2FB24A5A597459FC,railcraft.snbt,,,,minecraft:minecart,,명시적 task.title 없이 아이템 hover 사용,
quest,6E7C4228CD2B6BB9,2FB24A5A597459FC,railcraft.snbt,,,Seasons Crowbar,railcraft:seasons_crowbar,,설명은 있으나 명시적 quest.title 없음,
task,569ABDEA0337CA53,2FB24A5A597459FC,railcraft.snbt,,,Seasons Crowbar,railcraft:seasons_crowbar,,명시적 task.title 없이 아이템 hover 사용,
task,2ECD516444206494,2FB24A5A597459FC,railcraft.snbt,,,Reinforced Track,railcraft:reinforced_track,,명시적 task.title 없이 아이템 hover 사용,
task,5DFB2079DC0E1669,2FB24A5A597459FC,railcraft.snbt,,,High Speed Track,railcraft:high_speed_track,,명시적 task.title 없이 아이템 hover 사용,
task,51419C2F98E2F021,2FB24A5A597459FC,railcraft.snbt,,,Electric Track,railcraft:electric_track,,명시적 task.title 없이 아이템 hover 사용,
task,027264CA5EC1248C,2FB24A5A597459FC,railcraft.snbt,,,High Speed Electric Track,railcraft:high_speed_electric_track,,명시적 task.title 없이 아이템 hover 사용,
task,058E8C9D76CB23FB,2FB24A5A597459FC,railcraft.snbt,,,Strap Iron Track,railcraft:strap_iron_track,,명시적 task.title 없이 아이템 hover 사용,
task,0F1E723FD636388F,2FB24A5A597459FC,railcraft.snbt,,,Abandoned Track,railcraft:abandoned_track,,명시적 task.title 없이 아이템 hover 사용,
task,7A097BD39D7D64B7,2FB24A5A597459FC,railcraft.snbt,,,Frame,railcraft:frame,,명시적 task.title 없이 아이템 hover 사용,
task,4E067D0ECE1D5ACB,2FB24A5A597459FC,railcraft.snbt,,,Electric Locomotive,railcraft:electric_locomotive,,명시적 task.title 없이 아이템 hover 사용,
task,00D7C36072456E75,2FB24A5A597459FC,railcraft.snbt,,,Tunnel Bore,railcraft:tunnel_bore,,명시적 task.title 없이 아이템 hover 사용,
task,2F82FFEF84105940,2FB24A5A597459FC,railcraft.snbt,,,Item Loader,railcraft:item_loader,,명시적 task.title 없이 아이템 hover 사용,
task,3CC776700462BD41,2FB24A5A597459FC,railcraft.snbt,,,Item Unloader,railcraft:item_unloader,,명시적 task.title 없이 아이템 hover 사용,
task,4108B5EDBF82261A,2FB24A5A597459FC,railcraft.snbt,,,Fluid Loader,railcraft:fluid_loader,,명시적 task.title 없이 아이템 hover 사용,
task,6398A1D0F1D17016,2FB24A5A597459FC,railcraft.snbt,,,Cart Dispenser,railcraft:cart_dispenser,,명시적 task.title 없이 아이템 hover 사용,
task,5E1516768436C2FD,2FB24A5A597459FC,railcraft.snbt,,,Train Dispenser,railcraft:train_dispenser,,명시적 task.title 없이 아이템 hover 사용,
task,4D8F946CDFC03CB0,2FB24A5A597459FC,railcraft.snbt,,,Fluid Unloader,railcraft:fluid_unloader,,명시적 task.title 없이 아이템 hover 사용,
task,169FA3C67F65DCA2,2FB24A5A597459FC,railcraft.snbt,,,Advanced Item Unloader,railcraft:advanced_item_unloader,,명시적 task.title 없이 아이템 hover 사용,
task,6F2AF77CE8241FDC,2FB24A5A597459FC,railcraft.snbt,,,Advanced Item Loader,railcraft:advanced_item_loader,,명시적 task.title 없이 아이템 hover 사용,
quest,541D270451DA4320,2FB24A5A597459FC,railcraft.snbt,,,Switch Track Lever,railcraft:switch_track_lever,,설명은 있으나 명시적 quest.title 없음,
task,11F33753791E7693,2FB24A5A597459FC,railcraft.snbt,,,Switch Track Lever,railcraft:switch_track_lever,,명시적 task.title 없이 아이템 hover 사용,
task,7CCFCAE31BE4E898,2FB24A5A597459FC,railcraft.snbt,,,Coupler Track Kit,railcraft:coupler_track_kit,,명시적 task.title 없이 아이템 hover 사용,
task,0A6770D7249A5126,2FB24A5A597459FC,railcraft.snbt,,,One-Way Track Kit,railcraft:one_way_track_kit,,명시적 task.title 없이 아이템 hover 사용,
task,25006B4FCB647FDC,2FB24A5A597459FC,railcraft.snbt,,,Whistle Track Kit,railcraft:whistle_track_kit,,명시적 task.title 없이 아이템 hover 사용,
task,68FBEA8602970A3C,2FB24A5A597459FC,railcraft.snbt,,,Routing Track Kit,railcraft:routing_track_kit,,명시적 task.title 없이 아이템 hover 사용,
task,7448F49F4C7F8DBB,2FB24A5A597459FC,railcraft.snbt,,,Coke Oven Bricks,railcraft:coke_oven_bricks,,명시적 task.title 없이 아이템 hover 사용,
task,1671149B2E170E87,2FB24A5A597459FC,railcraft.snbt,,,Blast Furnace Bricks,railcraft:blast_furnace_bricks,,명시적 task.title 없이 아이템 hover 사용,
task,297D80507C3A56E1,2FB24A5A597459FC,railcraft.snbt,,,,minecraft:iron_ingot,,명시적 task.title 없이 아이템 hover 사용,
task,3274B1F3B0D06465,2FB24A5A597459FC,railcraft.snbt,,,Water Tank Siding,railcraft:water_tank_siding,,명시적 task.title 없이 아이템 hover 사용,
task,2D242F2D86F2DADE,2FB24A5A597459FC,railcraft.snbt,,,Crusher,railcraft:crusher,,명시적 task.title 없이 아이템 hover 사용,
quest,7D40B80DBBC4E160,2FB24A5A597459FC,railcraft.snbt,,,Manual Rolling Machine,railcraft:manual_rolling_machine,,설명은 있으나 명시적 quest.title 없음,
task,032FC6ACCA3DE6CD,2FB24A5A597459FC,railcraft.snbt,,,Manual Rolling Machine,railcraft:manual_rolling_machine,,명시적 task.title 없이 아이템 hover 사용,
quest,78D8F40AA9568511,2FB24A5A597459FC,railcraft.snbt,,,Powered Rolling Machine,railcraft:powered_rolling_machine,,설명은 있으나 명시적 quest.title 없음,
task,5F947E94FE904606,2FB24A5A597459FC,railcraft.snbt,,,Powered Rolling Machine,railcraft:powered_rolling_machine,,명시적 task.title 없이 아이템 hover 사용,
task,40011EE5E5C96FE3,2FB24A5A597459FC,railcraft.snbt,,,Steam Oven,railcraft:steam_oven,,명시적 task.title 없이 아이템 hover 사용,
task,1962F3D4A0B4F465,2FB24A5A597459FC,railcraft.snbt,,,Turbine Rotor,railcraft:turbine_rotor,,명시적 task.title 없이 아이템 hover 사용,
quest,5F458D79D43D8842,2FB24A5A597459FC,railcraft.snbt,,,AllRightsReserved,,,설명은 있으나 명시적 quest.title 없음,
task,11741300813AF742,2FB24A5A597459FC,railcraft.snbt,AllRightsReserved,AllRightsReserved,,,,한국어 파일의 영어 task.title,
task,7BB13793B38DFC2C,2FB24A5A597459FC,railcraft.snbt,AllRightsReserved,AllRightsReserved,,,,한국어 파일의 영어 task.title,
task,196B8B6D59ABFC74,15AAF17B6665223D,refined_storage.snbt,,,Controller,refinedstorage:controller,,명시적 task.title 없이 아이템 hover 사용,
task,1121780C6403D660,15AAF17B6665223D,refined_storage.snbt,,,1k Storage Part,refinedstorage:1k_storage_part,,명시적 task.title 없이 아이템 hover 사용,
task,1420D2099CBB6833,15AAF17B6665223D,refined_storage.snbt,,,4k Storage Part,refinedstorage:4k_storage_part,,명시적 task.title 없이 아이템 hover 사용,
task,0346A00E2F8F7532,15AAF17B6665223D,refined_storage.snbt,,,16k Storage Part,refinedstorage:16k_storage_part,,명시적 task.title 없이 아이템 hover 사용,
task,02A8CBA1DAC84DAE,15AAF17B6665223D,refined_storage.snbt,,,64k Storage Part,refinedstorage:64k_storage_part,,명시적 task.title 없이 아이템 hover 사용,
task,7E7B3341B5C8D8CA,15AAF17B6665223D,refined_storage.snbt,,,65536k 저장 파트,extradisks:65536k_item_storage_part,,명시적 task.title 없이 아이템 hover 사용,
task,49A0604E735FA244,15AAF17B6665223D,refined_storage.snbt,,,256k 저장 파트,extradisks:256k_item_storage_part,,명시적 task.title 없이 아이템 hover 사용,
task,15F9ABA22EFEF7E6,15AAF17B6665223D,refined_storage.snbt,,,1024k 저장 파트,extradisks:1024k_item_storage_part,,명시적 task.title 없이 아이템 hover 사용,
task,71E4327C2E1FBB04,15AAF17B6665223D,refined_storage.snbt,,,4096k 저장 파트,extradisks:4096k_item_storage_part,,명시적 task.title 없이 아이템 hover 사용,
task,6C599CC5ADBA425B,15AAF17B6665223D,refined_storage.snbt,,,16384k 저장 파트,extradisks:16384k_item_storage_part,,명시적 task.title 없이 아이템 hover 사용,
task,3C2952EABDCBF187,15AAF17B6665223D,refined_storage.snbt,,,262m 저장 파트,extradisks:262144k_item_storage_part,,명시적 task.title 없이 아이템 hover 사용,
task,4E565846EED470F5,15AAF17B6665223D,refined_storage.snbt,,,1048m 저장 파트,extradisks:1048576k_item_storage_part,,명시적 task.title 없이 아이템 hover 사용,
task,099B55FD3A94FE91,15AAF17B6665223D,refined_storage.snbt,,,고급 저장공간 하우징,extradisks:advanced_storage_housing,,명시적 task.title 없이 아이템 hover 사용,
task,67DD297C9649EFAB,15AAF17B6665223D,refined_storage.snbt,,,Autocrafter,refinedstorage:autocrafter,,명시적 task.title 없이 아이템 hover 사용,
task,703C91E80B5B104A,15AAF17B6665223D,refined_storage.snbt,,,Elite Autocrafter,cabletiers:elite_autocrafter,,명시적 task.title 없이 아이템 hover 사용,
task,7BE2D309F279362E,15AAF17B6665223D,refined_storage.snbt,,,Ultra Autocrafter,cabletiers:ultra_autocrafter,,명시적 task.title 없이 아이템 hover 사용,
task,0038CAB6672BE975,15AAF17B6665223D,refined_storage.snbt,,,Mega Autocrafter,cabletiers:mega_autocrafter,,명시적 task.title 없이 아이템 hover 사용,
task,1A2C2B95FDA9D2DA,15AAF17B6665223D,refined_storage.snbt,,,Cable,refinedstorage:cable,,명시적 task.title 없이 아이템 hover 사용,
task,0E57EE9B975D05C3,15AAF17B6665223D,refined_storage.snbt,,,Importer,refinedstorage:importer,,명시적 task.title 없이 아이템 hover 사용,
task,5762E9CE9A7D3FCA,15AAF17B6665223D,refined_storage.snbt,,,Destructor,refinedstorage:destructor,,명시적 task.title 없이 아이템 hover 사용,
task,2BB33FEBA2B071DF,15AAF17B6665223D,refined_storage.snbt,,,Constructor,refinedstorage:constructor,,명시적 task.title 없이 아이템 hover 사용,
task,528F054C15BB7191,15AAF17B6665223D,refined_storage.snbt,,,Exporter,refinedstorage:exporter,,명시적 task.title 없이 아이템 hover 사용,
task,6947092EB1DF6DCE,15AAF17B6665223D,refined_storage.snbt,,,Elite Importer,cabletiers:elite_importer,,명시적 task.title 없이 아이템 hover 사용,
task,60057B7F36565B42,15AAF17B6665223D,refined_storage.snbt,,,Ultra Importer,cabletiers:ultra_importer,,명시적 task.title 없이 아이템 hover 사용,
task,6AD21D58B8EE01A3,15AAF17B6665223D,refined_storage.snbt,,,Elite Destructor,cabletiers:elite_destructor,,명시적 task.title 없이 아이템 hover 사용,
task,1AC9A19F8B27A12C,15AAF17B6665223D,refined_storage.snbt,,,Ultra Destructor,cabletiers:ultra_destructor,,명시적 task.title 없이 아이템 hover 사용,
task,32C8173865CAFD14,15AAF17B6665223D,refined_storage.snbt,,,Elite Constructor,cabletiers:elite_constructor,,명시적 task.title 없이 아이템 hover 사용,
task,140A523F7D4EFC3E,15AAF17B6665223D,refined_storage.snbt,,,Ultra Constructor,cabletiers:ultra_constructor,,명시적 task.title 없이 아이템 hover 사용,
task,4E291FDCE1763291,15AAF17B6665223D,refined_storage.snbt,,,Elite Exporter,cabletiers:elite_exporter,,명시적 task.title 없이 아이템 hover 사용,
task,515DEAD74B07300C,15AAF17B6665223D,refined_storage.snbt,,,Ultra Exporter,cabletiers:ultra_exporter,,명시적 task.title 없이 아이템 hover 사용,
task,6410853BCEFF3894,15AAF17B6665223D,refined_storage.snbt,,,64B Fluid Storage Part,refinedstorage:64b_fluid_storage_part,,명시적 task.title 없이 아이템 hover 사용,
task,440737C224526B0B,15AAF17B6665223D,refined_storage.snbt,,,256B Fluid Storage Part,refinedstorage:256b_fluid_storage_part,,명시적 task.title 없이 아이템 hover 사용,
task,40AEA1CE52FAFCAB,15AAF17B6665223D,refined_storage.snbt,,,1024B Fluid Storage Part,refinedstorage:1024b_fluid_storage_part,,명시적 task.title 없이 아이템 hover 사용,
task,2B57DE504688FC8D,15AAF17B6665223D,refined_storage.snbt,,,4096B Fluid Storage Part,refinedstorage:4096b_fluid_storage_part,,명시적 task.title 없이 아이템 hover 사용,
task,62F1F92687582BAF,15AAF17B6665223D,refined_storage.snbt,,,16384B 액체 저장 파트,extradisks:16384b_fluid_storage_part,,명시적 task.title 없이 아이템 hover 사용,
task,3D29353D5475642D,15AAF17B6665223D,refined_storage.snbt,,,65536B 액체 저장 파트,extradisks:65536b_fluid_storage_part,,명시적 task.title 없이 아이템 hover 사용,
task,5DDDBCF17E30A7C4,15AAF17B6665223D,refined_storage.snbt,,,262kB 액체 저장 파트,extradisks:262144b_fluid_storage_part,,명시적 task.title 없이 아이템 hover 사용,
task,0EE5758F4584DD05,15AAF17B6665223D,refined_storage.snbt,,,1048kB 액체 저장 파트,extradisks:1048576b_fluid_storage_part,,명시적 task.title 없이 아이템 hover 사용,
task,4D9E7CCF420BDE8C,15AAF17B6665223D,refined_storage.snbt,,,External Storage,refinedstorage:external_storage,,명시적 task.title 없이 아이템 hover 사용,
task,20F3020C07C9D22B,15AAF17B6665223D,refined_storage.snbt,,,Security Manager,refinedstorage:security_manager,,명시적 task.title 없이 아이템 hover 사용,
task,68A80F00CAFF427D,15AAF17B6665223D,refined_storage.snbt,,,Grid,refinedstorage:grid,,명시적 task.title 없이 아이템 hover 사용,
task,5B74E6CB7AB75F92,15AAF17B6665223D,refined_storage.snbt,,,Crafting Grid,refinedstorage:crafting_grid,,명시적 task.title 없이 아이템 hover 사용,
task,79E70744DBC24777,15AAF17B6665223D,refined_storage.snbt,,,Pattern Grid,refinedstorage:pattern_grid,,명시적 task.title 없이 아이템 hover 사용,
task,1488D961F51ED182,15AAF17B6665223D,refined_storage.snbt,,,Wireless Grid,refinedstorage:wireless_grid,,명시적 task.title 없이 아이템 hover 사용,
task,03F3863C67EE04DF,15AAF17B6665223D,refined_storage.snbt,,,Wireless Autocrafting Monitor,refinedstorage:wireless_autocrafting_monitor,,명시적 task.title 없이 아이템 hover 사용,
task,67472642471E64AF,15AAF17B6665223D,refined_storage.snbt,,,Wireless Crafting Grid,refinedstorage_quartz_arsenal:wireless_crafting_grid,,명시적 task.title 없이 아이템 hover 사용,
task,301E0669A3CD84EF,15AAF17B6665223D,refined_storage.snbt,,,Portable Grid,refinedstorage:portable_grid,,명시적 task.title 없이 아이템 hover 사용,
task,3724447C3E0F9942,15AAF17B6665223D,refined_storage.snbt,,,Disk Drive,refinedstorage:disk_drive,,명시적 task.title 없이 아이템 hover 사용,
task,45359CC3EC90B74B,15AAF17B6665223D,refined_storage.snbt,,,Pattern,refinedstorage:pattern,,명시적 task.title 없이 아이템 hover 사용,
task,59E1432B592B686C,15AAF17B6665223D,refined_storage.snbt,,,Storage Monitor,refinedstorage:storage_monitor,,명시적 task.title 없이 아이템 hover 사용,
task,48935A6041672A29,15AAF17B6665223D,refined_storage.snbt,,,Wireless Transmitter,refinedstorage:wireless_transmitter,,명시적 task.title 없이 아이템 hover 사용,
task,546B04909ABE8383,15AAF17B6665223D,refined_storage.snbt,,,Storage Housing,refinedstorage:storage_housing,,명시적 task.title 없이 아이템 hover 사용,
task,2E028480454ECBB5,15AAF17B6665223D,refined_storage.snbt,,,Network Transmitter,refinedstorage:network_transmitter,,명시적 task.title 없이 아이템 hover 사용,
task,1CB0AFE99559C1B5,15AAF17B6665223D,refined_storage.snbt,,,Network Receiver,refinedstorage:network_receiver,,명시적 task.title 없이 아이템 hover 사용,
task,416E0011066156D2,15AAF17B6665223D,refined_storage.snbt,,,Silk Touch Upgrade,refinedstorage:silk_touch_upgrade,,명시적 task.title 없이 아이템 hover 사용,
task,086992D773D34C15,15AAF17B6665223D,refined_storage.snbt,Fortune Upgrades,,,ftbfiltersystem:smart_filter,,명시적 task.title 없이 아이템 hover 사용,
task,0B3AB478E6493DBC,15AAF17B6665223D,refined_storage.snbt,,,Speed Upgrade,refinedstorage:speed_upgrade,,명시적 task.title 없이 아이템 hover 사용,
task,2B39C12AEFA55C59,15AAF17B6665223D,refined_storage.snbt,,,Stack Upgrade,refinedstorage:stack_upgrade,,명시적 task.title 없이 아이템 hover 사용,
task,7AB53C2469B768E0,15AAF17B6665223D,refined_storage.snbt,,,Range Upgrade,refinedstorage:range_upgrade,,명시적 task.title 없이 아이템 hover 사용,
task,33CE02A9C852D835,15AAF17B6665223D,refined_storage.snbt,,,Regulator Upgrade,refinedstorage:regulator_upgrade,,명시적 task.title 없이 아이템 hover 사용,
task,37BB3E6C1BF5560C,15AAF17B6665223D,refined_storage.snbt,,,Autocrafting Upgrade,refinedstorage:autocrafting_upgrade,,명시적 task.title 없이 아이템 hover 사용,
task,413B151826D14E2C,15AAF17B6665223D,refined_storage.snbt,,,Autocrafting Monitor,refinedstorage:autocrafting_monitor,,명시적 task.title 없이 아이템 hover 사용,
task,5EF5F78F14C5BEC0,15AAF17B6665223D,refined_storage.snbt,,,Wrench,refinedstorage:wrench,,명시적 task.title 없이 아이템 hover 사용,
task,20360EB78ADCBA8A,15AAF17B6665223D,refined_storage.snbt,,,Autocrafter Manager,refinedstorage:autocrafter_manager,,명시적 task.title 없이 아이템 hover 사용,
task,0BACC2DCE9DA46DD,15AAF17B6665223D,refined_storage.snbt,,,Mega Constructor,cabletiers:mega_constructor,,명시적 task.title 없이 아이템 hover 사용,
task,4C2DE331ACAFA365,15AAF17B6665223D,refined_storage.snbt,,,Mega Destructor,cabletiers:mega_destructor,,명시적 task.title 없이 아이템 hover 사용,
task,0DF09FC49719FA3E,15AAF17B6665223D,refined_storage.snbt,,,Mega Importer,cabletiers:mega_importer,,명시적 task.title 없이 아이템 hover 사용,
task,05E2BBB546CC3F88,15AAF17B6665223D,refined_storage.snbt,,,Mega Exporter,cabletiers:mega_exporter,,명시적 task.title 없이 아이템 hover 사용,
task,7E6B1E4FE67A4C44,15AAF17B6665223D,refined_storage.snbt,,,Interdimensional Wireless Transmitter,interdimensionalwirelesstransmitter:interdimensional_wireless_transmitter,,명시적 task.title 없이 아이템 hover 사용,
task,6332948AD1CA175D,15AAF17B6665223D,refined_storage.snbt,,,64B Chemical Storage Part,refinedstorage_mekanism_integration:64b_chemical_storage_part,,명시적 task.title 없이 아이템 hover 사용,
task,00DE11D8FD4EF4AA,15AAF17B6665223D,refined_storage.snbt,,,64K Energy Storage Part,refinedtypes:64k_energy_storage_part,,명시적 task.title 없이 아이템 hover 사용,
task,0265D844832FCB74,15AAF17B6665223D,refined_storage.snbt,,,64B Source Storage Part,refinedtypes:64b_source_storage_part,,명시적 task.title 없이 아이템 hover 사용,
task,40105CC998905DE9,15AAF17B6665223D,refined_storage.snbt,,,1K Soul Storage Part,refinedtypes:1k_soul_storage_part,,명시적 task.title 없이 아이템 hover 사용,
task,7B296158A46369E9,15AAF17B6665223D,refined_storage.snbt,,,Wireless Universal Grid,universalgrid:wireless_universal_grid,,명시적 task.title 없이 아이템 hover 사용,
task,7CC838D8B0402514,15AAF17B6665223D,refined_storage.snbt,,,Disk Interface,refinedstorage:disk_interface,,명시적 task.title 없이 아이템 hover 사용,
task,6D5C59299AAA553D,15AAF17B6665223D,refined_storage.snbt,,,Elite Disk Interface,cabletiers:elite_disk_interface,,명시적 task.title 없이 아이템 hover 사용,
task,3251C4F02EB50CA9,15AAF17B6665223D,refined_storage.snbt,,,Ultra Disk Interface,cabletiers:ultra_disk_interface,,명시적 task.title 없이 아이템 hover 사용,
task,544D96005F2144FC,15AAF17B6665223D,refined_storage.snbt,,,Mega Disk Interface,cabletiers:mega_disk_interface,,명시적 task.title 없이 아이템 hover 사용,
task,71E030C34CAAE9B6,11919EBB416B2BD0,relics.snbt,,,Sphere of Self-Sacrifice,relics:sphere_of_self_sacrifice,,명시적 task.title 없이 아이템 hover 사용,
task,0CFCC6207B0EB70F,11919EBB416B2BD0,relics.snbt,,,Piglin Mask,relics:piglin_mask,,명시적 task.title 없이 아이템 hover 사용,
task,0A935B1F1BAB379E,11919EBB416B2BD0,relics.snbt,,,Roller Skate,relics:roller_skate,,명시적 task.title 없이 아이템 hover 사용,
task,0045D90350F06441,11919EBB416B2BD0,relics.snbt,,,Jellyfish Necklace,relics:jellyfish_necklace,,명시적 task.title 없이 아이템 hover 사용,
task,25DB66CF433EA60F,11919EBB416B2BD0,relics.snbt,,,Hunting Belt,relics:hunting_belt,,명시적 task.title 없이 아이템 hover 사용,
task,0436F96069375D4B,11919EBB416B2BD0,relics.snbt,,,Reflective Necklace,relics:reflective_necklace,,명시적 task.title 없이 아이템 hover 사용,
task,3B5C71C7F3798A0E,11919EBB416B2BD0,relics.snbt,,,Chorus Staff,relics:chorus_staff,,명시적 task.title 없이 아이템 hover 사용,
task,6B6BA467225122A8,11919EBB416B2BD0,relics.snbt,,,Clot of Time,relics:clot_of_time,,명시적 task.title 없이 아이템 hover 사용,
quest,18DB8C875F2331B2,11919EBB416B2BD0,relics.snbt,&dKinetic Belt&r,,Kinetic Belt,relics:kinetic_belt,,설명은 있으나 명시적 quest.title 없음,
task,39902B0053BD0A97,11919EBB416B2BD0,relics.snbt,,,Kinetic Belt,relics:kinetic_belt,,명시적 task.title 없이 아이템 hover 사용,
task,11655B2807FF11CA,11919EBB416B2BD0,relics.snbt,,,Cut Glass Boot,relics:cut_glass_boot,,명시적 task.title 없이 아이템 hover 사용,
task,565C55FF7E131F17,11919EBB416B2BD0,relics.snbt,,,Chef's Hat,relics:chef_hat,,명시적 task.title 없이 아이템 hover 사용,
task,51439DB4FA76AC48,11919EBB416B2BD0,relics.snbt,,,Ring of the Seven Deadly Sins,relics:ring_of_the_seven_deadly_sins,,명시적 task.title 없이 아이템 hover 사용,
task,2A6F0D976724CBF3,11919EBB416B2BD0,relics.snbt,,,Midnight Mantle,relics:midnight_mantle,,명시적 task.title 없이 아이템 hover 사용,
task,5DFC2DA62718174A,11919EBB416B2BD0,relics.snbt,,,Leafy Mantle,relics:leafy_mantle,,명시적 task.title 없이 아이템 hover 사용,
task,244B401B38A179AF,11919EBB416B2BD0,relics.snbt,,,Springy Boot,relics:springy_boot,,명시적 task.title 없이 아이템 hover 사용,
task,4178C3EBAD9F0670,11919EBB416B2BD0,relics.snbt,,,Rider Flute,relics:rider_flute,,명시적 task.title 없이 아이템 hover 사용,
quest,3E99F4CD379DE9D7,11919EBB416B2BD0,relics.snbt,,,AllRightsReserved,,,설명은 있으나 명시적 quest.title 없음,
task,5E90B977ACB0C900,11919EBB416B2BD0,relics.snbt,AllRightsReserved,AllRightsReserved,,,,한국어 파일의 영어 task.title,
task,23C7F92BD9D39E14,11919EBB416B2BD0,relics.snbt,AllRightsReserved,AllRightsReserved,,,,한국어 파일의 영어 task.title,
task,12326EDDE280D1E6,11919EBB416B2BD0,relics.snbt,,,Golden Tooth,relics:golden_tooth,,명시적 task.title 없이 아이템 hover 사용,
quest,0DF4B01CC5B49E4E,1D42B373285DEF81,silent_gear.snbt,,,Sword Cast,sgearmetalworks:sword_cast,,설명은 있으나 명시적 quest.title 없음,
task,214E842228B92451,1D42B373285DEF81,silent_gear.snbt,,,Sword Cast,sgearmetalworks:sword_cast,,명시적 task.title 없이 아이템 hover 사용,
quest,3722B43822F80470,1D42B373285DEF81,silent_gear.snbt,,,Katana Cast,sgearmetalworks:katana_cast,,설명은 있으나 명시적 quest.title 없음,
task,141D23C7486C3DED,1D42B373285DEF81,silent_gear.snbt,,,Katana Cast,sgearmetalworks:katana_cast,,명시적 task.title 없이 아이템 hover 사용,
quest,39B85DB54B1037FE,1D42B373285DEF81,silent_gear.snbt,,,Machete Cast,sgearmetalworks:machete_cast,,설명은 있으나 명시적 quest.title 없음,
task,797C7D46BF6EAAED,1D42B373285DEF81,silent_gear.snbt,,,Machete Cast,sgearmetalworks:machete_cast,,명시적 task.title 없이 아이템 hover 사용,
quest,405DCD3E36232EEA,1D42B373285DEF81,silent_gear.snbt,,,Spear Cast,sgearmetalworks:spear_cast,,설명은 있으나 명시적 quest.title 없음,
task,25BFFA9D5B941F6E,1D42B373285DEF81,silent_gear.snbt,,,Spear Cast,sgearmetalworks:spear_cast,,명시적 task.title 없이 아이템 hover 사용,
quest,0D26E5EF6CFCFDBF,1D42B373285DEF81,silent_gear.snbt,,,Knife Cast,sgearmetalworks:knife_cast,,설명은 있으나 명시적 quest.title 없음,
task,5105355C0A3DDFCB,1D42B373285DEF81,silent_gear.snbt,,,Knife Cast,sgearmetalworks:knife_cast,,명시적 task.title 없이 아이템 hover 사용,
quest,3D2C6FF462B17205,1D42B373285DEF81,silent_gear.snbt,,,Dagger Cast,sgearmetalworks:dagger_cast,,설명은 있으나 명시적 quest.title 없음,
task,31F73EADD67581D9,1D42B373285DEF81,silent_gear.snbt,,,Dagger Cast,sgearmetalworks:dagger_cast,,명시적 task.title 없이 아이템 hover 사용,
task,7FEBECADC4F4C06D,1D42B373285DEF81,silent_gear.snbt,,,Pickaxe Cast,sgearmetalworks:pickaxe_cast,,명시적 task.title 없이 아이템 hover 사용,
task,6DD0F4E357CA200E,1D42B373285DEF81,silent_gear.snbt,,,Shovel Cast,sgearmetalworks:shovel_cast,,명시적 task.title 없이 아이템 hover 사용,
task,2A4DED302297201C,1D42B373285DEF81,silent_gear.snbt,,,Axe Cast,sgearmetalworks:axe_cast,,명시적 task.title 없이 아이템 hover 사용,
task,503226F2D4DE2203,1D42B373285DEF81,silent_gear.snbt,,,Paxel Cast,sgearmetalworks:paxel_cast,,명시적 task.title 없이 아이템 hover 사용,
task,3A57090D0931BED2,1D42B373285DEF81,silent_gear.snbt,,,Hammer Cast,sgearmetalworks:hammer_cast,,명시적 task.title 없이 아이템 hover 사용,
task,4D22BA58FC70F979,1D42B373285DEF81,silent_gear.snbt,,,Excavator Cast,sgearmetalworks:excavator_cast,,명시적 task.title 없이 아이템 hover 사용,
task,437EBF0C5D254A95,1D42B373285DEF81,silent_gear.snbt,,,Mattock Cast,sgearmetalworks:mattock_cast,,명시적 task.title 없이 아이템 hover 사용,
task,336CCE17043B1557,1D42B373285DEF81,silent_gear.snbt,,,Sickle Cast,sgearmetalworks:sickle_cast,,명시적 task.title 없이 아이템 hover 사용,
task,4D38EA223158B158,1D42B373285DEF81,silent_gear.snbt,,,Shears Cast,sgearmetalworks:shears_cast,,명시적 task.title 없이 아이템 hover 사용,
task,42180031E7F1884E,1D42B373285DEF81,silent_gear.snbt,,,Fishing Rod Cast,sgearmetalworks:fishing_rod_cast,,명시적 task.title 없이 아이템 hover 사용,
task,3E0646B07C2ABE9A,1D42B373285DEF81,silent_gear.snbt,,,Bow Cast,sgearmetalworks:bow_cast,,명시적 task.title 없이 아이템 hover 사용,
task,401F3488126992E0,1D42B373285DEF81,silent_gear.snbt,,,Crossbow Cast,sgearmetalworks:crossbow_cast,,명시적 task.title 없이 아이템 hover 사용,
task,576543B5D12AC558,1D42B373285DEF81,silent_gear.snbt,,,Slingshot Cast,sgearmetalworks:slingshot_cast,,명시적 task.title 없이 아이템 hover 사용,
task,5F59091DE998DD0A,1D42B373285DEF81,silent_gear.snbt,,,Shield Cast,sgearmetalworks:shield_cast,,명시적 task.title 없이 아이템 hover 사용,
task,0710D5257ABF0485,1D42B373285DEF81,silent_gear.snbt,,,Helmet Cast,sgearmetalworks:helmet_cast,,명시적 task.title 없이 아이템 hover 사용,
task,6A8B94C259107409,1D42B373285DEF81,silent_gear.snbt,,,Chestplate Cast,sgearmetalworks:chestplate_cast,,명시적 task.title 없이 아이템 hover 사용,
task,12ECE4B0FC189BCF,1D42B373285DEF81,silent_gear.snbt,,,Leggings Cast,sgearmetalworks:leggings_cast,,명시적 task.title 없이 아이템 hover 사용,
task,6FC7A374F3D25DA2,1D42B373285DEF81,silent_gear.snbt,,,Boots Cast,sgearmetalworks:boots_cast,,명시적 task.title 없이 아이템 hover 사용,
task,761B3590C99B461E,1D42B373285DEF81,silent_gear.snbt,,,,silentgear:elytra_blueprint,,명시적 task.title 없이 아이템 hover 사용,
task,17E925D3D6AFEDA0,1D42B373285DEF81,silent_gear.snbt,,,Arrow Cast,sgearmetalworks:arrow_cast,,명시적 task.title 없이 아이템 hover 사용,
task,7EAE798334D28684,1D42B373285DEF81,silent_gear.snbt,,,Ring Cast,sgearmetalworks:ring_cast,,명시적 task.title 없이 아이템 hover 사용,
task,66D1FC8B23AD6776,1D42B373285DEF81,silent_gear.snbt,,,Bracelet Cast,sgearmetalworks:bracelet_cast,,명시적 task.title 없이 아이템 hover 사용,
task,0A289918540442AE,1D42B373285DEF81,silent_gear.snbt,,,회수기,silentgear:salvager,,명시적 task.title 없이 아이템 hover 사용,
quest,6A393C7A24899E3E,1D42B373285DEF81,silent_gear.snbt,,,재료 등급기,silentgear:material_grader,,설명은 있으나 명시적 quest.title 없음,
task,202BA9A48D4D4B79,1D42B373285DEF81,silent_gear.snbt,,,재료 등급기,silentgear:material_grader,,명시적 task.title 없이 아이템 hover 사용,
task,53E64C8F26258C07,1D42B373285DEF81,silent_gear.snbt,,,빛나는 가루,silentgear:glowing_dust,,명시적 task.title 없이 아이템 hover 사용,
task,425E8DACC9DD35E7,1D42B373285DEF81,silent_gear.snbt,,,블레이징 가루,silentgear:blazing_dust,,명시적 task.title 없이 아이템 hover 사용,
task,699AAD43DA73386D,1D42B373285DEF81,silent_gear.snbt,,,반짝이는 가루,silentgear:glittery_dust,,명시적 task.title 없이 아이템 hover 사용,
task,03C944C082828C47,1D42B373285DEF81,silent_gear.snbt,,,별빛 충전기,silentgear:starlight_charger,,명시적 task.title 없이 아이템 hover 사용,
quest,158B24939A269D83,1D42B373285DEF81,silent_gear.snbt,,,Tip Cast,sgearmetalworks:tip_cast,,설명은 있으나 명시적 quest.title 없음,
task,016B571F2F9B901F,1D42B373285DEF81,silent_gear.snbt,,,Tip Cast,sgearmetalworks:tip_cast,,명시적 task.title 없이 아이템 hover 사용,
quest,0947B4ED95B0267E,1D42B373285DEF81,silent_gear.snbt,,,item,silentgear:coating_blueprint,,설명은 있으나 명시적 quest.title 없음,
task,3179733D8ACBDA86,1D42B373285DEF81,silent_gear.snbt,,,,silentgear:coating_blueprint,,명시적 task.title 없이 아이템 hover 사용,
task,14B8204814A42B33,1D42B373285DEF81,silent_gear.snbt,,,,silentgear:grip_blueprint,,명시적 task.title 없이 아이템 hover 사용,
task,551DBAFE45DC4804,1D42B373285DEF81,silent_gear.snbt,,,,silentgear:binding_blueprint,,명시적 task.title 없이 아이템 hover 사용,
task,3CB5441C8E4480CC,1D42B373285DEF81,silent_gear.snbt,,,,silentgear:lining_blueprint,,명시적 task.title 없이 아이템 hover 사용,
task,58407186583371FA,1D42B373285DEF81,silent_gear.snbt,,,,silentgear:fletching_blueprint,,명시적 task.title 없이 아이템 hover 사용,
task,02F87E9CE55D3E1C,1D42B373285DEF81,silent_gear.snbt,,,Tool Rod Cast,sgearmetalworks:tool_rod_cast,,명시적 task.title 없이 아이템 hover 사용,
quest,3930404D5C8B44EB,1D42B373285DEF81,silent_gear.snbt,,,Alloy Forge,silentgear:alloy_forge,,설명은 있으나 명시적 quest.title 없음,
task,7F18323AEA5BF486,1D42B373285DEF81,silent_gear.snbt,,,Alloy Forge,silentgear:alloy_forge,,명시적 task.title 없이 아이템 hover 사용,
task,29FFC1A3BFF17BBC,1D42B373285DEF81,silent_gear.snbt,,,진홍빛 강철 블록,silentgear:crimson_steel_block,,명시적 task.title 없이 아이템 hover 사용,
task,5EB5C4ECB49D1A4B,1D42B373285DEF81,silent_gear.snbt,,,하늘빛 호박금 블록,silentgear:azure_electrum_block,,명시적 task.title 없이 아이템 hover 사용,
task,68EF78DC95598D3B,1D42B373285DEF81,silent_gear.snbt,,,티리안 강철 블록,silentgear:tyrian_steel_block,,명시적 task.title 없이 아이템 hover 사용,
task,2276AE38B913787C,1D42B373285DEF81,silent_gear.snbt,,,블레이즈 금 가루,silentgear:blaze_gold_dust,,명시적 task.title 없이 아이템 hover 사용,
task,0948B07BD000E2A2,1D42B373285DEF81,silent_gear.snbt,,,하늘빛 은 가루,silentgear:azure_silver_dust,,명시적 task.title 없이 아이템 hover 사용,
task,4B244AC889982750,1D42B373285DEF81,silent_gear.snbt,,,스타메탈 가루,silentgear:starmetal_dust,,명시적 task.title 없이 아이템 hover 사용,
quest,11B0B93D725ABE43,1D42B373285DEF81,silent_gear.snbt,,,item,ftbfiltersystem:smart_filter,,설명은 있으나 명시적 quest.title 없음,
task,0EF203AF0BA514F7,1D42B373285DEF81,silent_gear.snbt,,,,ftbfiltersystem:smart_filter,,명시적 task.title 없이 아이템 hover 사용,
quest,769D5DE66D13B256,1D42B373285DEF81,silent_gear.snbt,,,AllRightsReserved,,,설명은 있으나 명시적 quest.title 없음,
task,6D9DBD885FE4C94C,1D42B373285DEF81,silent_gear.snbt,AllRightsReserved,AllRightsReserved,,,,한국어 파일의 영어 task.title,
task,55E0635973A828B0,1D42B373285DEF81,silent_gear.snbt,AllRightsReserved,AllRightsReserved,,,,한국어 파일의 영어 task.title,
task,64786A5EC10D86F3,1D42B373285DEF81,silent_gear.snbt,,,Necklace Cast,sgearmetalworks:necklace_cast,,명시적 task.title 없이 아이템 hover 사용,
task,3A2EC2F592D97BD3,1D42B373285DEF81,silent_gear.snbt,,,Trident Cast,sgearmetalworks:trident_cast,,명시적 task.title 없이 아이템 hover 사용,
quest,3AC03D1FA5C341A7,1D42B373285DEF81,silent_gear.snbt,,,재결정기,silentgear:recrystallizer,,설명은 있으나 명시적 quest.title 없음,
task,09B42553C6DF48E5,1D42B373285DEF81,silent_gear.snbt,,,재결정기,silentgear:recrystallizer,,명시적 task.title 없이 아이템 hover 사용,
task,43D3130D29D092F0,1D42B373285DEF81,silent_gear.snbt,,,Fire Clay,productivemetalworks:fire_clay,,명시적 task.title 없이 아이템 hover 사용,
task,7D9F2C8E7C65B654,1D42B373285DEF81,silent_gear.snbt,,,Black Foundry Controller,productivemetalworks:black_foundry_controller,,명시적 task.title 없이 아이템 hover 사용,
task,54EF988F476C9208,1D42B373285DEF81,silent_gear.snbt,,,Black Foundry Drain,productivemetalworks:black_foundry_drain,,명시적 task.title 없이 아이템 hover 사용,
task,155D4ED18738E127,1D42B373285DEF81,silent_gear.snbt,,,Black Foundry Tank,productivemetalworks:black_foundry_tank,,명시적 task.title 없이 아이템 hover 사용,
task,7EA926887C3C4DF1,1D42B373285DEF81,silent_gear.snbt,,,Liquid Heating Coil,productivemetalworks:liquid_heating_coil,,명시적 task.title 없이 아이템 hover 사용,
task,2AE89914A34BF3AD,1D42B373285DEF81,silent_gear.snbt,Fire Bricks or Foundry Windows,,,ftbfiltersystem:smart_filter,,명시적 task.title 없이 아이템 hover 사용,
task,1298FA0C01851C12,1D42B373285DEF81,silent_gear.snbt,,,Casting Table,productivemetalworks:casting_table,,명시적 task.title 없이 아이템 hover 사용,
task,795DA8AF99CBCA50,1D42B373285DEF81,silent_gear.snbt,,,Casting Basin,productivemetalworks:casting_basin,,명시적 task.title 없이 아이템 hover 사용,
task,6987EEE62166C628,1D42B373285DEF81,silent_gear.snbt,,,Foundry Tap,productivemetalworks:foundry_tap,,명시적 task.title 없이 아이템 hover 사용,
task,2A07AF6A43DCEA8C,1D42B373285DEF81,silent_gear.snbt,,,,minecraft:iron_ingot,,명시적 task.title 없이 아이템 hover 사용,
task,704D0B6CBDB29691,1D42B373285DEF81,silent_gear.snbt,,,,minecraft:coal,,명시적 task.title 없이 아이템 hover 사용,
task,07BB99888347C53D,1D42B373285DEF81,silent_gear.snbt,,,,silentgear:mace_blueprint,,명시적 task.title 없이 아이템 hover 사용,
task,7C9C82BDC24D84DE,1D42B373285DEF81,silent_gear.snbt,,,Ingot Cast,productivemetalworks:ingot_cast,,명시적 task.title 없이 아이템 hover 사용,
task,0B1433A7B1F7E628,1D42B373285DEF81,silent_gear.snbt,,,Gem Cast,productivemetalworks:gem_cast,,명시적 task.title 없이 아이템 hover 사용,
task,21EFE9B24CC0D22F,1D42B373285DEF81,silent_gear.snbt,,,Nugget Cast,productivemetalworks:nugget_cast,,명시적 task.title 없이 아이템 hover 사용,
task,40523D55CCF2C157,1D42B373285DEF81,silent_gear.snbt,,,Gear Cast,productivemetalworks:gear_cast,,명시적 task.title 없이 아이템 hover 사용,
task,0BDE8901C110D816,1D42B373285DEF81,silent_gear.snbt,,,Rod Cast,productivemetalworks:rod_cast,,명시적 task.title 없이 아이템 hover 사용,
task,0819D97B7A7D33E7,1D42B373285DEF81,silent_gear.snbt,,,Plate Cast,productivemetalworks:plate_cast,,명시적 task.title 없이 아이템 hover 사용,
task,5872944CA8EF685A,1D42B373285DEF81,silent_gear.snbt,,,Prospector Hammer Cast,sgearmetalworks:prospector_hammer_cast,,명시적 task.title 없이 아이템 hover 사용,
task,76E296A2AD3EFE92,1D42B373285DEF81,silent_gear.snbt,Any #productivemetalworks:foundry_controllers,,,ftbfiltersystem:smart_filter,,명시적 task.title 없이 아이템 hover 사용,
task,511ECEA2E9BD1F71,1D42B373285DEF81,silent_gear.snbt,Any #productivemetalworks:foundry_drains,,,ftbfiltersystem:smart_filter,,명시적 task.title 없이 아이템 hover 사용,
task,51297F6E0D9BB58C,1D42B373285DEF81,silent_gear.snbt,Any #productivemetalworks:foundry_tanks,,,ftbfiltersystem:smart_filter,,명시적 task.title 없이 아이템 hover 사용,
task,3B23E744D3B72AE8,1D42B373285DEF81,silent_gear.snbt,Fire Bricks or Foundry Windows,,,ftbfiltersystem:smart_filter,,명시적 task.title 없이 아이템 hover 사용,
quest,2746575C929B6C50,1DB294A8F8686321,storage.snbt,,,서랍,ftbfiltersystem:smart_filter,,설명은 있으나 명시적 quest.title 없음,
quest,2B422B7E0CE3590D,1DB294A8F8686321,storage.snbt,,,압축 서랍,functionalstorage:compacting_drawer,,설명은 있으나 명시적 quest.title 없음,
task,50F7345EB02272D7,1DB294A8F8686321,storage.snbt,,,압축 서랍,functionalstorage:compacting_drawer,,명시적 task.title 없이 아이템 hover 사용,
quest,6FBAE89EE782DABA,1DB294A8F8686321,storage.snbt,,,저장소 컨트롤러,functionalstorage:storage_controller,,설명은 있으나 명시적 quest.title 없음,
task,076B143EFEBF8BB7,1DB294A8F8686321,storage.snbt,,,저장소 컨트롤러,functionalstorage:storage_controller,,명시적 task.title 없이 아이템 hover 사용,
task,4A10EADC3914EA38,1DB294A8F8686321,storage.snbt,,,,trashcans:item_trash_can,,명시적 task.title 없이 아이템 hover 사용,
task,1DF458EC07D359A4,1DB294A8F8686321,storage.snbt,,,,trashcans:liquid_trash_can,,명시적 task.title 없이 아이템 hover 사용,
task,5BF5BF3F0D321A54,1DB294A8F8686321,storage.snbt,,,,trashcans:energy_trash_can,,명시적 task.title 없이 아이템 hover 사용,
task,44C764E9E235DA2E,1DB294A8F8686321,storage.snbt,,,차원 상자,dimstorage:dimensional_chest,,명시적 task.title 없이 아이템 hover 사용,
task,200CAEB425AE9FC4,1DB294A8F8686321,storage.snbt,,,차원 탱크,dimstorage:dimensional_tank,,명시적 task.title 없이 아이템 hover 사용,
quest,1A4B1CA7EC15348E,1DB294A8F8686321,storage.snbt,,,엔더 서랍,functionalstorage:ender_drawer,,설명은 있으나 명시적 quest.title 없음,
task,42BE4FF12AD5FFB5,1DB294A8F8686321,storage.snbt,,,엔더 서랍,functionalstorage:ender_drawer,,명시적 task.title 없이 아이템 hover 사용,
task,7EDA9BD14A177D8D,1DB294A8F8686321,storage.snbt,,,,minecraft:chest,,명시적 task.title 없이 아이템 hover 사용,
task,660D1C03E49919EB,1DB294A8F8686321,storage.snbt,,,배낭,sophisticatedbackpacks:backpack,배낭,명시적 task.title 없이 아이템 hover 사용,배낭
task,256F1CCC79CEB2D5,1DB294A8F8686321,storage.snbt,,,구리 배낭,sophisticatedbackpacks:copper_backpack,구리 배낭,명시적 task.title 없이 아이템 hover 사용,구리 배낭
quest,1FE052F643401232,1DB294A8F8686321,storage.snbt,,,업그레이드 기반,sophisticatedbackpacks:upgrade_base,업그레이드 기반,설명은 있으나 명시적 quest.title 없음,업그레이드 기반
task,7C48234066589145,1DB294A8F8686321,storage.snbt,,,업그레이드 기반,sophisticatedbackpacks:upgrade_base,업그레이드 기반,명시적 task.title 없이 아이템 hover 사용,업그레이드 기반
quest,0E0CAA31480EC0A1,1DB294A8F8686321,storage.snbt,,,줍기 업그레이드,sophisticatedbackpacks:pickup_upgrade,줍기 업그레이드,설명은 있으나 명시적 quest.title 없음,줍기 업그레이드
task,0789D160EF625FF5,1DB294A8F8686321,storage.snbt,,,줍기 업그레이드,sophisticatedbackpacks:pickup_upgrade,줍기 업그레이드,명시적 task.title 없이 아이템 hover 사용,줍기 업그레이드
task,666C188829301BE0,1DB294A8F8686321,storage.snbt,,,고급 줍기 업그레이드,sophisticatedbackpacks:advanced_pickup_upgrade,고급 줍기 업그레이드,명시적 task.title 없이 아이템 hover 사용,고급 줍기 업그레이드
quest,156FF8B7B724DC38,1DB294A8F8686321,storage.snbt,,,필터 업그레이드,sophisticatedbackpacks:filter_upgrade,필터 업그레이드,설명은 있으나 명시적 quest.title 없음,필터 업그레이드
task,4DFC097C1EF485B3,1DB294A8F8686321,storage.snbt,,,필터 업그레이드,sophisticatedbackpacks:filter_upgrade,필터 업그레이드,명시적 task.title 없이 아이템 hover 사용,필터 업그레이드
task,6530A152D9337A4C,1DB294A8F8686321,storage.snbt,,,고급 필터 업그레이드,sophisticatedbackpacks:advanced_filter_upgrade,고급 필터 업그레이드,명시적 task.title 없이 아이템 hover 사용,고급 필터 업그레이드
quest,110D27EA86CDA62B,1DB294A8F8686321,storage.snbt,,,자석 업그레이드,sophisticatedbackpacks:magnet_upgrade,자석 업그레이드,설명은 있으나 명시적 quest.title 없음,자석 업그레이드
task,696764AB781624BD,1DB294A8F8686321,storage.snbt,,,자석 업그레이드,sophisticatedbackpacks:magnet_upgrade,자석 업그레이드,명시적 task.title 없이 아이템 hover 사용,자석 업그레이드
task,14A8CEB60805E90A,1DB294A8F8686321,storage.snbt,,,고급 자석 업그레이드,sophisticatedbackpacks:advanced_magnet_upgrade,고급 자석 업그레이드,명시적 task.title 없이 아이템 hover 사용,고급 자석 업그레이드
quest,5FA9BC0D8476D322,1DB294A8F8686321,storage.snbt,,,식사 업그레이드,sophisticatedbackpacks:feeding_upgrade,식사 업그레이드,설명은 있으나 명시적 quest.title 없음,식사 업그레이드
task,5D185C4E74A8717D,1DB294A8F8686321,storage.snbt,,,식사 업그레이드,sophisticatedbackpacks:feeding_upgrade,식사 업그레이드,명시적 task.title 없이 아이템 hover 사용,식사 업그레이드
task,41C87FC409006F13,1DB294A8F8686321,storage.snbt,,,고급 식사 업그레이드,sophisticatedbackpacks:advanced_feeding_upgrade,고급 식사 업그레이드,명시적 task.title 없이 아이템 hover 사용,고급 식사 업그레이드
quest,1CD2C6AFD788C35E,1DB294A8F8686321,storage.snbt,,,압축 업그레이드,sophisticatedbackpacks:compacting_upgrade,압축 업그레이드,설명은 있으나 명시적 quest.title 없음,압축 업그레이드
task,0F54AF81A481180B,1DB294A8F8686321,storage.snbt,,,압축 업그레이드,sophisticatedbackpacks:compacting_upgrade,압축 업그레이드,명시적 task.title 없이 아이템 hover 사용,압축 업그레이드
task,7CA41563003856B2,1DB294A8F8686321,storage.snbt,,,고급 압축 업그레이드,sophisticatedbackpacks:advanced_compacting_upgrade,고급 압축 업그레이드,명시적 task.title 없이 아이템 hover 사용,고급 압축 업그레이드
quest,7EFBFF5D0DA018E7,1DB294A8F8686321,storage.snbt,,,제거 업그레이드,sophisticatedbackpacks:void_upgrade,제거 업그레이드,설명은 있으나 명시적 quest.title 없음,제거 업그레이드
task,04491E89A571B16F,1DB294A8F8686321,storage.snbt,,,제거 업그레이드,sophisticatedbackpacks:void_upgrade,제거 업그레이드,명시적 task.title 없이 아이템 hover 사용,제거 업그레이드
task,3A29FF1C2AD59B06,1DB294A8F8686321,storage.snbt,,,고급 제거 업그레이드,sophisticatedbackpacks:advanced_void_upgrade,고급 제거 업그레이드,명시적 task.title 없이 아이템 hover 사용,고급 제거 업그레이드
quest,4B62AF0405F68041,1DB294A8F8686321,storage.snbt,,,재입고 업그레이드,sophisticatedbackpacks:restock_upgrade,재입고 업그레이드,설명은 있으나 명시적 quest.title 없음,재입고 업그레이드
task,2F5D0ABEF5F4EDEF,1DB294A8F8686321,storage.snbt,,,재입고 업그레이드,sophisticatedbackpacks:restock_upgrade,재입고 업그레이드,명시적 task.title 없이 아이템 hover 사용,재입고 업그레이드
task,45492321B5D5A2D6,1DB294A8F8686321,storage.snbt,,,고급 재입고 업그레이드,sophisticatedbackpacks:advanced_restock_upgrade,고급 재입고 업그레이드,명시적 task.title 없이 아이템 hover 사용,고급 재입고 업그레이드
quest,00DB5495C3A44999,1DB294A8F8686321,storage.snbt,,,보관 업그레이드,sophisticatedbackpacks:deposit_upgrade,보관 업그레이드,설명은 있으나 명시적 quest.title 없음,보관 업그레이드
task,68CED4583435FE43,1DB294A8F8686321,storage.snbt,,,보관 업그레이드,sophisticatedbackpacks:deposit_upgrade,보관 업그레이드,명시적 task.title 없이 아이템 hover 사용,보관 업그레이드
task,3D7F2E1489EB84AA,1DB294A8F8686321,storage.snbt,,,고급 보관 업그레이드,sophisticatedbackpacks:advanced_deposit_upgrade,고급 보관 업그레이드,명시적 task.title 없이 아이템 hover 사용,고급 보관 업그레이드
quest,33882172DA8021F6,1DB294A8F8686321,storage.snbt,,,보충 업그레이드,sophisticatedbackpacks:refill_upgrade,보충 업그레이드,설명은 있으나 명시적 quest.title 없음,보충 업그레이드
task,5F6536142CDA403C,1DB294A8F8686321,storage.snbt,,,보충 업그레이드,sophisticatedbackpacks:refill_upgrade,보충 업그레이드,명시적 task.title 없이 아이템 hover 사용,보충 업그레이드
quest,7C07D6A33F7ADB02,1DB294A8F8686321,storage.snbt,,,배낭 중첩 업그레이드,sophisticatedbackpacks:inception_upgrade,배낭 중첩 업그레이드,설명은 있으나 명시적 quest.title 없음,배낭 중첩 업그레이드
task,6CED93CCFF659F19,1DB294A8F8686321,storage.snbt,,,배낭 중첩 업그레이드,sophisticatedbackpacks:inception_upgrade,배낭 중첩 업그레이드,명시적 task.title 없이 아이템 hover 사용,배낭 중첩 업그레이드
quest,037415D5B965E214,1DB294A8F8686321,storage.snbt,,,영구 보존 업그레이드,sophisticatedbackpacks:everlasting_upgrade,영구 보존 업그레이드,설명은 있으나 명시적 quest.title 없음,영구 보존 업그레이드
task,50348CD6A080A1D1,1DB294A8F8686321,storage.snbt,,,영구 보존 업그레이드,sophisticatedbackpacks:everlasting_upgrade,영구 보존 업그레이드,명시적 task.title 없이 아이템 hover 사용,영구 보존 업그레이드
quest,668C313FF46B6005,1DB294A8F8686321,storage.snbt,,,화로 업그레이드,sophisticatedbackpacks:smelting_upgrade,화로 업그레이드,설명은 있으나 명시적 quest.title 없음,화로 업그레이드
task,10C7C3214FFC012D,1DB294A8F8686321,storage.snbt,,,화로 업그레이드,sophisticatedbackpacks:smelting_upgrade,화로 업그레이드,명시적 task.title 없이 아이템 hover 사용,화로 업그레이드
task,4F90A434D3719DCB,1DB294A8F8686321,storage.snbt,,,자동 화로 업그레이드,sophisticatedbackpacks:auto_smelting_upgrade,자동 화로 업그레이드,명시적 task.title 없이 아이템 hover 사용,자동 화로 업그레이드
quest,26A9F402DAE15EA2,1DB294A8F8686321,storage.snbt,,,훈연기 업그레이드,sophisticatedbackpacks:smoking_upgrade,훈연기 업그레이드,설명은 있으나 명시적 quest.title 없음,훈연기 업그레이드
task,1ABC352A4A4313E5,1DB294A8F8686321,storage.snbt,,,훈연기 업그레이드,sophisticatedbackpacks:smoking_upgrade,훈연기 업그레이드,명시적 task.title 없이 아이템 hover 사용,훈연기 업그레이드
task,4D0ACCBF77CC0846,1DB294A8F8686321,storage.snbt,,,자동 훈연기 업그레이드,sophisticatedbackpacks:auto_smoking_upgrade,자동 훈연기 업그레이드,명시적 task.title 없이 아이템 hover 사용,자동 훈연기 업그레이드
quest,1E499F94A2A193E1,1DB294A8F8686321,storage.snbt,,,용광로 업그레이드,sophisticatedbackpacks:blasting_upgrade,용광로 업그레이드,설명은 있으나 명시적 quest.title 없음,용광로 업그레이드
task,677DA84F4B304778,1DB294A8F8686321,storage.snbt,,,용광로 업그레이드,sophisticatedbackpacks:blasting_upgrade,용광로 업그레이드,명시적 task.title 없이 아이템 hover 사용,용광로 업그레이드
task,62BCE2BB281304DC,1DB294A8F8686321,storage.snbt,,,자동 용광로 업그레이드,sophisticatedbackpacks:auto_blasting_upgrade,자동 용광로 업그레이드,명시적 task.title 없이 아이템 hover 사용,자동 용광로 업그레이드
quest,4A854CD5EC70733E,1DB294A8F8686321,storage.snbt,,,제작대 업그레이드,sophisticatedbackpacks:crafting_upgrade,제작대 업그레이드,설명은 있으나 명시적 quest.title 없음,제작대 업그레이드
task,47BADC501A4E2AD7,1DB294A8F8686321,storage.snbt,,,제작대 업그레이드,sophisticatedbackpacks:crafting_upgrade,제작대 업그레이드,명시적 task.title 없이 아이템 hover 사용,제작대 업그레이드
quest,52672B7FFFD51D16,1DB294A8F8686321,storage.snbt,,,석재 절단기 업그레이드,sophisticatedbackpacks:stonecutter_upgrade,석재 절단기 업그레이드,설명은 있으나 명시적 quest.title 없음,석재 절단기 업그레이드
task,3BA31C5CD5C35ED5,1DB294A8F8686321,storage.snbt,,,석재 절단기 업그레이드,sophisticatedbackpacks:stonecutter_upgrade,석재 절단기 업그레이드,명시적 task.title 없이 아이템 hover 사용,석재 절단기 업그레이드
task,7E22C7FB2F953E70,1DB294A8F8686321,storage.snbt,,,1단계 스택 업그레이드,sophisticatedbackpacks:stack_upgrade_tier_1,1단계 스택 업그레이드,명시적 task.title 없이 아이템 hover 사용,1단계 스택 업그레이드
task,15A92DA8E1A9106F,1DB294A8F8686321,storage.snbt,,,2단계 스택 업그레이드,sophisticatedbackpacks:stack_upgrade_tier_2,2단계 스택 업그레이드,명시적 task.title 없이 아이템 hover 사용,2단계 스택 업그레이드
task,161AF6650325FA0A,1DB294A8F8686321,storage.snbt,,,3단계 스택 업그레이드,sophisticatedbackpacks:stack_upgrade_tier_3,3단계 스택 업그레이드,명시적 task.title 없이 아이템 hover 사용,3단계 스택 업그레이드
task,36BEE5EDBA6FAF76,1DB294A8F8686321,storage.snbt,,,4단계 스택 업그레이드,sophisticatedbackpacks:stack_upgrade_tier_4,4단계 스택 업그레이드,명시적 task.title 없이 아이템 hover 사용,4단계 스택 업그레이드
quest,53F861876B991C36,1DB294A8F8686321,storage.snbt,,,주크박스 업그레이드,sophisticatedbackpacks:jukebox_upgrade,주크박스 업그레이드,설명은 있으나 명시적 quest.title 없음,주크박스 업그레이드
task,18F8BF7CC5B3126D,1DB294A8F8686321,storage.snbt,,,주크박스 업그레이드,sophisticatedbackpacks:jukebox_upgrade,주크박스 업그레이드,명시적 task.title 없이 아이템 hover 사용,주크박스 업그레이드
quest,615B9062FE8CCD36,1DB294A8F8686321,storage.snbt,,,도구 교체 업그레이드,sophisticatedbackpacks:tool_swapper_upgrade,도구 교체 업그레이드,설명은 있으나 명시적 quest.title 없음,도구 교체 업그레이드
task,24165D460DCC2212,1DB294A8F8686321,storage.snbt,,,도구 교체 업그레이드,sophisticatedbackpacks:tool_swapper_upgrade,도구 교체 업그레이드,명시적 task.title 없이 아이템 hover 사용,도구 교체 업그레이드
task,700D630FE0FB8B9D,1DB294A8F8686321,storage.snbt,,,고급 도구 교체 업그레이드,sophisticatedbackpacks:advanced_tool_swapper_upgrade,고급 도구 교체 업그레이드,명시적 task.title 없이 아이템 hover 사용,고급 도구 교체 업그레이드
quest,0D4C64DD58567758,1DB294A8F8686321,storage.snbt,,,탱크 업그레이드,sophisticatedbackpacks:tank_upgrade,탱크 업그레이드,설명은 있으나 명시적 quest.title 없음,탱크 업그레이드
task,01F2B9E541480115,1DB294A8F8686321,storage.snbt,,,탱크 업그레이드,sophisticatedbackpacks:tank_upgrade,탱크 업그레이드,명시적 task.title 없이 아이템 hover 사용,탱크 업그레이드
quest,4C2A60FC1F1E0328,1DB294A8F8686321,storage.snbt,,,배터리 업그레이드,sophisticatedbackpacks:battery_upgrade,배터리 업그레이드,설명은 있으나 명시적 quest.title 없음,배터리 업그레이드
task,056ECFB6B80F6A37,1DB294A8F8686321,storage.snbt,,,배터리 업그레이드,sophisticatedbackpacks:battery_upgrade,배터리 업그레이드,명시적 task.title 없이 아이템 hover 사용,배터리 업그레이드
quest,6E9041744C592573,1DB294A8F8686321,storage.snbt,,,펌프 업그레이드,sophisticatedbackpacks:pump_upgrade,펌프 업그레이드,설명은 있으나 명시적 quest.title 없음,펌프 업그레이드
task,0B9FAD684B03985A,1DB294A8F8686321,storage.snbt,,,펌프 업그레이드,sophisticatedbackpacks:pump_upgrade,펌프 업그레이드,명시적 task.title 없이 아이템 hover 사용,펌프 업그레이드
task,5B7A8E1F725C2815,1DB294A8F8686321,storage.snbt,,,고급 펌프 업그레이드,sophisticatedbackpacks:advanced_pump_upgrade,고급 펌프 업그레이드,명시적 task.title 없이 아이템 hover 사용,고급 펌프 업그레이드
task,3B52B2670A826CE4,1DB294A8F8686321,storage.snbt,,,경험치 펌프 업그레이드,sophisticatedbackpacks:xp_pump_upgrade,경험치 펌프 업그레이드,명시적 task.title 없이 아이템 hover 사용,경험치 펌프 업그레이드
task,372BA5CFA23D5417,1DB294A8F8686321,storage.snbt,,,철 배낭,sophisticatedbackpacks:iron_backpack,철 배낭,명시적 task.title 없이 아이템 hover 사용,철 배낭
task,040F32155AD31A4C,1DB294A8F8686321,storage.snbt,,,금 배낭,sophisticatedbackpacks:gold_backpack,금 배낭,명시적 task.title 없이 아이템 hover 사용,금 배낭
task,46FCA49022A41007,1DB294A8F8686321,storage.snbt,,,다이아몬드 배낭,sophisticatedbackpacks:diamond_backpack,다이아몬드 배낭,명시적 task.title 없이 아이템 hover 사용,다이아몬드 배낭
quest,072FBEB0F6F1BC48,1DB294A8F8686321,storage.snbt,,,연결 도구,functionalstorage:linking_tool,,설명은 있으나 명시적 quest.title 없음,
task,62C6F14FE6A82305,1DB294A8F8686321,storage.snbt,,,연결 도구,functionalstorage:linking_tool,,명시적 task.title 없이 아이템 hover 사용,
task,0FFBB888FD6684A7,1DB294A8F8686321,storage.snbt,,,구리 업그레이드,functionalstorage:copper_upgrade,,명시적 task.title 없이 아이템 hover 사용,
task,4568F621A313CFA4,1DB294A8F8686321,storage.snbt,,,금 업그레이드,functionalstorage:gold_upgrade,,명시적 task.title 없이 아이템 hover 사용,
task,5F8923D392E224BB,1DB294A8F8686321,storage.snbt,,,다이아몬드 업그레이드,functionalstorage:diamond_upgrade,,명시적 task.title 없이 아이템 hover 사용,
task,1E992354ECC75B6D,1DB294A8F8686321,storage.snbt,,,네더라이트 업그레이드,functionalstorage:netherite_upgrade,,명시적 task.title 없이 아이템 hover 사용,
quest,4007DFA7CC3A5FF2,1DB294A8F8686321,storage.snbt,,,업그레이드 기반,sophisticatedstorage:upgrade_base,업그레이드 기반,설명은 있으나 명시적 quest.title 없음,업그레이드 기반
task,3B4EC4A48DB9512A,1DB294A8F8686321,storage.snbt,,,업그레이드 기반,sophisticatedstorage:upgrade_base,업그레이드 기반,명시적 task.title 없이 아이템 hover 사용,업그레이드 기반
quest,508A8366219175FE,1DB294A8F8686321,storage.snbt,,,구성 도구,functionalstorage:configuration_tool,,설명은 있으나 명시적 quest.title 없음,
task,2F275302DA90D4E4,1DB294A8F8686321,storage.snbt,,,구성 도구,functionalstorage:configuration_tool,,명시적 task.title 없이 아이템 hover 사용,
quest,7EF57BBEAA4B6B08,1DB294A8F8686321,storage.snbt,,,NBT와 당신!,,,설명은 있으나 명시적 quest.title 없음,
quest,61A22707DBC83818,1DB294A8F8686321,storage.snbt,,,컨트롤러 접속 포인트,functionalstorage:controller_extension,,설명은 있으나 명시적 quest.title 없음,
task,60FAD6DC55BFA409,1DB294A8F8686321,storage.snbt,,,컨트롤러 접속 포인트,functionalstorage:controller_extension,,명시적 task.title 없이 아이템 hover 사용,
quest,4E4C8BCD45766F03,1DB294A8F8686321,storage.snbt,,,간이 압축 서랍,functionalstorage:simple_compacting_drawer,,설명은 있으나 명시적 quest.title 없음,
task,069F02636E152BA0,1DB294A8F8686321,storage.snbt,,,간이 압축 서랍,functionalstorage:simple_compacting_drawer,,명시적 task.title 없이 아이템 hover 사용,
quest,122FBF5110E4CFF2,1DB294A8F8686321,storage.snbt,,,철 다운그레이드,functionalstorage:iron_downgrade,,설명은 있으나 명시적 quest.title 없음,
task,234CA1589FD40C1F,1DB294A8F8686321,storage.snbt,,,철 다운그레이드,functionalstorage:iron_downgrade,,명시적 task.title 없이 아이템 hover 사용,
quest,11D4EEAC61C7E530,1DB294A8F8686321,storage.snbt,,,수집기 업그레이드,functionalstorage:collector_upgrade,,설명은 있으나 명시적 quest.title 없음,
task,33A616AC54DC23E7,1DB294A8F8686321,storage.snbt,,,수집기 업그레이드,functionalstorage:collector_upgrade,,명시적 task.title 없이 아이템 hover 사용,
quest,7649D648A3688D4A,1DB294A8F8686321,storage.snbt,,,꺼내기 업그레이드,functionalstorage:puller_upgrade,,설명은 있으나 명시적 quest.title 없음,
task,361C5BAD8E696654,1DB294A8F8686321,storage.snbt,,,꺼내기 업그레이드,functionalstorage:puller_upgrade,,명시적 task.title 없이 아이템 hover 사용,
quest,19DFAEB6D88F3580,1DB294A8F8686321,storage.snbt,,,넣기 업그레이드,functionalstorage:pusher_upgrade,,설명은 있으나 명시적 quest.title 없음,
task,7CE83107BC866C4F,1DB294A8F8686321,storage.snbt,,,넣기 업그레이드,functionalstorage:pusher_upgrade,,명시적 task.title 없이 아이템 hover 사용,
quest,1CACE201C6AA0913,1DB294A8F8686321,storage.snbt,,,공허 업그레이드,functionalstorage:void_upgrade,,설명은 있으나 명시적 quest.title 없음,
task,322B685A58D540CC,1DB294A8F8686321,storage.snbt,,,공허 업그레이드,functionalstorage:void_upgrade,,명시적 task.title 없이 아이템 hover 사용,
quest,70902EF96F060672,1DB294A8F8686321,storage.snbt,,,레드스톤 업그레이드,functionalstorage:redstone_upgrade,,설명은 있으나 명시적 quest.title 없음,
task,4960C5A7D9ADEE56,1DB294A8F8686321,storage.snbt,,,레드스톤 업그레이드,functionalstorage:redstone_upgrade,,명시적 task.title 없이 아이템 hover 사용,
quest,1FE17B1C7C639F88,1DB294A8F8686321,storage.snbt,,,저장소 제어기,sophisticatedstorage:controller,저장소 제어기,설명은 있으나 명시적 quest.title 없음,저장소 제어기
task,61EF128F344DD6D1,1DB294A8F8686321,storage.snbt,,,저장소 제어기,sophisticatedstorage:controller,저장소 제어기,명시적 task.title 없이 아이템 hover 사용,저장소 제어기
quest,0108F3EFDFD6DFD0,1DB294A8F8686321,storage.snbt,,,저장소 연결기,sophisticatedstorage:storage_link,저장소 연결기,설명은 있으나 명시적 quest.title 없음,저장소 연결기
task,0AC5957D87360986,1DB294A8F8686321,storage.snbt,,,저장소 연결기,sophisticatedstorage:storage_link,저장소 연결기,명시적 task.title 없이 아이템 hover 사용,저장소 연결기
quest,78E51D22C16C4686,1DB294A8F8686321,storage.snbt,,,저장소 도구,sophisticatedstorage:storage_tool,저장소 도구,설명은 있으나 명시적 quest.title 없음,저장소 도구
task,7151F5BC9673A655,1DB294A8F8686321,storage.snbt,,,저장소 도구,sophisticatedstorage:storage_tool,저장소 도구,명시적 task.title 없이 아이템 hover 사용,저장소 도구
quest,1310C1E14C259807,1DB294A8F8686321,storage.snbt,,,틀이 있는 서랍들,ftbfiltersystem:smart_filter,,설명은 있으나 명시적 quest.title 없음,
quest,38F9E9A830D3EA0C,1DB294A8F8686321,storage.snbt,,,액체 서랍,ftbfiltersystem:smart_filter,,설명은 있으나 명시적 quest.title 없음,
task,53378C165A5E39A5,1DB294A8F8686321,storage.snbt,,,네더라이트 배낭,sophisticatedbackpacks:netherite_backpack,네더라이트 배낭,명시적 task.title 없이 아이템 hover 사용,네더라이트 배낭
quest,7F990FBC1A691020,1DB294A8F8686321,storage.snbt,,,item,minecraft:trapped_chest,,설명은 있으나 명시적 quest.title 없음,
task,34909E6C5CB47A43,1DB294A8F8686321,storage.snbt,,,,minecraft:trapped_chest,,명시적 task.title 없이 아이템 hover 사용,
quest,1659A59303C15CC9,1DB294A8F8686321,storage.snbt,,,item,minecraft:barrel,,설명은 있으나 명시적 quest.title 없음,
task,5E8A262AF1E9DB0B,1DB294A8F8686321,storage.snbt,,,,minecraft:barrel,,명시적 task.title 없이 아이템 hover 사용,
quest,25AFD10D008DF30B,1DB294A8F8686321,storage.snbt,,,item,minecraft:ender_chest,,설명은 있으나 명시적 quest.title 없음,
task,63F391DE2563954A,1DB294A8F8686321,storage.snbt,,,,minecraft:ender_chest,,명시적 task.title 없이 아이템 hover 사용,
quest,33AADC1B97E9F7A9,1DB294A8F8686321,storage.snbt,,,item,minecraft:chest_minecart,,설명은 있으나 명시적 quest.title 없음,
task,34F6C74C0D167C8B,1DB294A8F8686321,storage.snbt,,,,minecraft:chest_minecart,,명시적 task.title 없이 아이템 hover 사용,
quest,544791880F315D5A,1DB294A8F8686321,storage.snbt,,,상자가 실린 보트,ftbfiltersystem:smart_filter,,설명은 있으나 명시적 quest.title 없음,
task,4E985BC0D755D70B,1DB294A8F8686321,storage.snbt,,,고급 보충 업그레이드,sophisticatedbackpacks:advanced_refill_upgrade,고급 보충 업그레이드,명시적 task.title 없이 아이템 hover 사용,고급 보충 업그레이드
quest,696E063016CAD1B9,1DB294A8F8686321,storage.snbt,,,금 간 업그레이드,ftbfiltersystem:smart_filter,,설명은 있으나 명시적 quest.title 없음,
quest,209DC1E9AD4C5A84,1DB294A8F8686321,storage.snbt,,,AllRightsReserved,,,설명은 있으나 명시적 quest.title 없음,
task,1809DDEA104A9CE8,1DB294A8F8686321,storage.snbt,AllRightsReserved,AllRightsReserved,,,,한국어 파일의 영어 task.title,
task,5DEBE38C614EFBB4,1DB294A8F8686321,storage.snbt,AllRightsReserved,AllRightsReserved,,,,한국어 파일의 영어 task.title,
task,2BC2C407C46E8F62,007B547630FF0478,theurgy.snbt,,,Calcination Oven,theurgy:calcination_oven,,명시적 task.title 없이 아이템 hover 사용,
task,5FA078DDD229500E,007B547630FF0478,theurgy.snbt,,,Alchemical Salt %s,theurgy:alchemical_salt_strata,,명시적 task.title 없이 아이템 hover 사용,
task,5716B33F6FC83094,007B547630FF0478,theurgy.snbt,,,Alchemical Salt %s,theurgy:alchemical_salt_mineral,,명시적 task.title 없이 아이템 hover 사용,
task,0836C787FDF7899A,007B547630FF0478,theurgy.snbt,,,Alchemical Salt %s,theurgy:alchemical_salt_plant,,명시적 task.title 없이 아이템 hover 사용,
task,2E2BC1EA3F25F479,007B547630FF0478,theurgy.snbt,,,Alchemical Salt %s,theurgy:alchemical_salt_creature,,명시적 task.title 없이 아이템 hover 사용,
task,7B04A7294C4A52CB,007B547630FF0478,theurgy.snbt,,,Sal Ammoniac Accumulator,theurgy:sal_ammoniac_accumulator,,명시적 task.title 없이 아이템 hover 사용,
task,5D2C2ABDDE9F77AF,007B547630FF0478,theurgy.snbt,,,Sal Ammoniac Tank,theurgy:sal_ammoniac_tank,,명시적 task.title 없이 아이템 hover 사용,
task,1476F390A6789572,007B547630FF0478,theurgy.snbt,,,Sal Ammoniac Crystal,theurgy:sal_ammoniac_crystal,,명시적 task.title 없이 아이템 hover 사용,
task,0A2949304DBB3D75,007B547630FF0478,theurgy.snbt,,,,minecraft:water_bucket,,명시적 task.title 없이 아이템 hover 사용,
task,5237BBFCDD3B7777,007B547630FF0478,theurgy.snbt,,,Liquefaction Cauldron,theurgy:liquefaction_cauldron,,명시적 task.title 없이 아이템 hover 사용,
task,6B5FBCE040473F6D,007B547630FF0478,theurgy.snbt,,,Pyromantic Brazier,theurgy:pyromantic_brazier,,명시적 task.title 없이 아이템 hover 사용,
task,527A1DEF45B98C1A,007B547630FF0478,theurgy.snbt,,,Caloric Flux Emitter,theurgy:caloric_flux_emitter,,명시적 task.title 없이 아이템 hover 사용,
task,5EEBA7D3E0509495,007B547630FF0478,theurgy.snbt,,,Mercury Distiller,theurgy:distiller,,명시적 task.title 없이 아이템 hover 사용,
task,7F9D6D178F0C221B,007B547630FF0478,theurgy.snbt,,,Mercury Shard,theurgy:mercury_shard,,명시적 task.title 없이 아이템 hover 사용,
task,3ABECD22D09DEEFB,007B547630FF0478,theurgy.snbt,,,,minecraft:stick,,명시적 task.title 없이 아이템 hover 사용,
task,7CB9C080F0597A4D,007B547630FF0478,theurgy.snbt,,,,minecraft:copper_ingot,,명시적 task.title 없이 아이템 hover 사용,
quest,2B29E9AB9447E1C6,007B547630FF0478,theurgy.snbt,,,Incubator,theurgy:incubator,,설명은 있으나 명시적 quest.title 없음,
task,0EE1803A83EC23CD,007B547630FF0478,theurgy.snbt,,,Incubator,theurgy:incubator,,명시적 task.title 없이 아이템 hover 사용,
task,47EE33AC7DAB2A33,007B547630FF0478,theurgy.snbt,,,Incubator Mercury Vessel,theurgy:incubator_mercury_vessel,,명시적 task.title 없이 아이템 hover 사용,
task,78E140B5E31E3E7F,007B547630FF0478,theurgy.snbt,,,Incubator Salt Vessel,theurgy:incubator_salt_vessel,,명시적 task.title 없이 아이템 hover 사용,
task,5CA4B1BF5C882EDC,007B547630FF0478,theurgy.snbt,,,Incubator Sulfur Vessel,theurgy:incubator_sulfur_vessel,,명시적 task.title 없이 아이템 hover 사용,
task,69FBC5FC544D1709,007B547630FF0478,theurgy.snbt,,,Reformation Source Pedestal,theurgy:reformation_source_pedestal,,명시적 task.title 없이 아이템 hover 사용,
task,22BF9CA8F02A551B,007B547630FF0478,theurgy.snbt,,,Reformation Target Pedestal,theurgy:reformation_target_pedestal,,명시적 task.title 없이 아이템 hover 사용,
task,27D247D6BE453057,007B547630FF0478,theurgy.snbt,,,Reformation Result Pedestal,theurgy:reformation_result_pedestal,,명시적 task.title 없이 아이템 hover 사용,
task,5D83CDBA9378D861,007B547630FF0478,theurgy.snbt,,,Sulfuric Flux Emitter,theurgy:sulfuric_flux_emitter,,명시적 task.title 없이 아이템 hover 사용,
quest,3C5734448FEC128B,007B547630FF0478,theurgy.snbt,,,Glass Divination Rod,theurgy:divination_rod_t1,,설명은 있으나 명시적 quest.title 없음,
task,253334249156C3DC,007B547630FF0478,theurgy.snbt,,,Glass Divination Rod,theurgy:divination_rod_t1,,명시적 task.title 없이 아이템 hover 사용,
quest,6C6F4EB5CBE2FBC2,007B547630FF0478,theurgy.snbt,,,Iron Divination Rod,theurgy:divination_rod_t2,,설명은 있으나 명시적 quest.title 없음,
task,5887A64B41485E2C,007B547630FF0478,theurgy.snbt,,,Iron Divination Rod,theurgy:divination_rod_t2,,명시적 task.title 없이 아이템 hover 사용,
quest,457CAE66B0FA4CCF,007B547630FF0478,theurgy.snbt,,,Diamond Divination Rod,theurgy:divination_rod_t3,,설명은 있으나 명시적 quest.title 없음,
task,79FE6D0CBF733979,007B547630FF0478,theurgy.snbt,,,Diamond Divination Rod,theurgy:divination_rod_t3,,명시적 task.title 없이 아이템 hover 사용,
quest,4EE482B9D61B5933,007B547630FF0478,theurgy.snbt,,,Netherite Divination Rod,theurgy:divination_rod_t4,,설명은 있으나 명시적 quest.title 없음,
task,0BD988BF5DDD1F1B,007B547630FF0478,theurgy.snbt,,,Netherite Divination Rod,theurgy:divination_rod_t4,,명시적 task.title 없이 아이템 hover 사용,
task,39AED32FAFECA15C,007B547630FF0478,theurgy.snbt,,,Mercury Catalyst,theurgy:mercury_catalyst,,명시적 task.title 없이 아이템 hover 사용,
task,4AF4960FB868A622,007B547630FF0478,theurgy.snbt,,,Fermentation Vat,theurgy:fermentation_vat,,명시적 task.title 없이 아이템 hover 사용,
task,589B1CE20E12F4F4,007B547630FF0478,theurgy.snbt,,,Digestion Vat,theurgy:digestion_vat,,명시적 task.title 없이 아이템 hover 사용,
task,0A7473CC9CC267D4,007B547630FF0478,theurgy.snbt,,,Mercurial Copper Wire,theurgy:copper_wire,,명시적 task.title 없이 아이템 hover 사용,
task,7F0A96FDE6F1B7BF,007B547630FF0478,theurgy.snbt,,,Mercurial Item Inserter,theurgy:logistics_item_inserter,,명시적 task.title 없이 아이템 hover 사용,
task,51F480E9E04FB66D,007B547630FF0478,theurgy.snbt,,,Mercurial Item Extractor,theurgy:logistics_item_extractor,,명시적 task.title 없이 아이템 hover 사용,
task,05EDAFAD74D3049D,007B547630FF0478,theurgy.snbt,,,Mercurial Fluid Inserter,theurgy:logistics_fluid_inserter,,명시적 task.title 없이 아이템 hover 사용,
task,03833E74C0A40105,007B547630FF0478,theurgy.snbt,,,Mercurial Fluid Extractor,theurgy:logistics_fluid_extractor,,명시적 task.title 없이 아이템 hover 사용,
task,50B0B7E05A78A13C,007B547630FF0478,theurgy.snbt,,,Mercurial Connection Node,theurgy:logistics_connector_node,,명시적 task.title 없이 아이템 hover 사용,
quest,54F0C5C48CFC94D0,007B547630FF0478,theurgy.snbt,,,Mercurial List Filter,theurgy:list_filter,,설명은 있으나 명시적 quest.title 없음,
task,6C02F5CFD17D6D76,007B547630FF0478,theurgy.snbt,,,Mercurial List Filter,theurgy:list_filter,,명시적 task.title 없이 아이템 hover 사용,
task,45CE75713CBD3391,007B547630FF0478,theurgy.snbt,,,Mercurial Attribute Filter,theurgy:attribute_filter,,명시적 task.title 없이 아이템 hover 사용,
task,1E51F24F7C683E0D,007B547630FF0478,theurgy.snbt,,,Mercurial Wand,theurgy:mercurial_wand,,명시적 task.title 없이 아이템 hover 사용,
task,43A4DA9DC1BF66F1,007B547630FF0478,theurgy.snbt,,,Fermentation Starter,theurgy:fermentation_starter,,명시적 task.title 없이 아이템 hover 사용,
quest,7198ED7E97A256A4,007B547630FF0478,theurgy.snbt,,,Divination Rod: Abundant Materials,theurgy:sulfur_attuned_divination_rod_abundant,,설명은 있으나 명시적 quest.title 없음,
task,171462C8083334F7,007B547630FF0478,theurgy.snbt,,,Divination Rod: Abundant Materials,theurgy:sulfur_attuned_divination_rod_abundant,,명시적 task.title 없이 아이템 hover 사용,
quest,2F0D6267569F740B,007B547630FF0478,theurgy.snbt,,,Divination Rod: Common Materials,theurgy:sulfur_attuned_divination_rod_common,,설명은 있으나 명시적 quest.title 없음,
task,5CFBC24AE8ACF3DA,007B547630FF0478,theurgy.snbt,,,Divination Rod: Common Materials,theurgy:sulfur_attuned_divination_rod_common,,명시적 task.title 없이 아이템 hover 사용,
quest,7119F8C352D057BC,007B547630FF0478,theurgy.snbt,,,Divination Rod: Rare Materials,theurgy:sulfur_attuned_divination_rod_rare,,설명은 있으나 명시적 quest.title 없음,
task,099712F18C66EAB1,007B547630FF0478,theurgy.snbt,,,Divination Rod: Rare Materials,theurgy:sulfur_attuned_divination_rod_rare,,명시적 task.title 없이 아이템 hover 사용,
quest,7878F190BC8ADC82,007B547630FF0478,theurgy.snbt,,,Divination Rod: Precious Materials,theurgy:sulfur_attuned_divination_rod_precious,,설명은 있으나 명시적 quest.title 없음,
task,6553CFFB1EAFA21E,007B547630FF0478,theurgy.snbt,,,Divination Rod: Precious Materials,theurgy:sulfur_attuned_divination_rod_precious,,명시적 task.title 없이 아이템 hover 사용,
quest,7A1C117CA8FB7C31,007B547630FF0478,theurgy.snbt,,,Divination Rod: Amethyst,theurgy:amethyst_divination_rod,,설명은 있으나 명시적 quest.title 없음,
task,49F4EF0FDF09FD5E,007B547630FF0478,theurgy.snbt,,,Divination Rod: Amethyst,theurgy:amethyst_divination_rod,,명시적 task.title 없이 아이템 hover 사용,
quest,41ABC09C798CA8BE,007B547630FF0478,theurgy.snbt,,,AllRightsReserved,,,설명은 있으나 명시적 quest.title 없음,
task,6D9221A533926A7B,007B547630FF0478,theurgy.snbt,AllRightsReserved,AllRightsReserved,,,,한국어 파일의 영어 task.title,
task,339A5D32CC00D60C,007B547630FF0478,theurgy.snbt,AllRightsReserved,AllRightsReserved,,,,한국어 파일의 영어 task.title,
task,6855AE257D62AA37,1BE666F01EFFC00D,tips_and_tricks.snbt,,,싱크대,cookingforblockheads:sink,,명시적 task.title 없이 아이템 hover 사용,
task,30C938C85BED7956,1BE666F01EFFC00D,tips_and_tricks.snbt,,,Personal Shrinking Device,shrink:shrinking_device,,명시적 task.title 없이 아이템 hover 사용,
task,7FD9A02EA29669F6,1BE666F01EFFC00D,tips_and_tricks.snbt,,,도구 허리띠,toolbelt:belt,,명시적 task.title 없이 아이템 hover 사용,
quest,0C856BBB1679A7DD,1BE666F01EFFC00D,tips_and_tricks.snbt,,,팁과 요령!,,,설명은 있으나 명시적 quest.title 없음,
task,157C28027F8EEFFE,1BE666F01EFFC00D,tips_and_tricks.snbt,,,주민,easy_villagers:villager,,명시적 task.title 없이 아이템 hover 사용,
quest,0152938EE5651409,1BE666F01EFFC00D,tips_and_tricks.snbt,,,AllRightsReserved,,,설명은 있으나 명시적 quest.title 없음,
task,4AEB792F6A939B3A,1BE666F01EFFC00D,tips_and_tricks.snbt,AllRightsReserved,AllRightsReserved,,,,한국어 파일의 영어 task.title,
task,6A965CD027BF762F,1BE666F01EFFC00D,tips_and_tricks.snbt,AllRightsReserved,AllRightsReserved,,,,한국어 파일의 영어 task.title,
quest,219AA017149C36E2,1BE666F01EFFC00D,tips_and_tricks.snbt,,,갇힌 주민 상인 카펫,ftbfiltersystem:smart_filter,,설명은 있으나 명시적 quest.title 없음,
task,091A3EB6AB0FF2D5,1BE666F01EFFC00D,tips_and_tricks.snbt,,,,simplemagnets:basicmagnet,,명시적 task.title 없이 아이템 hover 사용,
task,2EA9242315E51EDA,1BE666F01EFFC00D,tips_and_tricks.snbt,,,%s Jetpack,ironjetpacks:jetpack,,명시적 task.title 없이 아이템 hover 사용,
task,6A1E21A5F5AE29A8,1BE666F01EFFC00D,tips_and_tricks.snbt,,,Multi-Piston,multipiston:multipistonblock,,명시적 task.title 없이 아이템 hover 사용,
task,29447742E3F8B090,1BE666F01EFFC00D,tips_and_tricks.snbt,,,펌프,rangedpumps:pump,,명시적 task.title 없이 아이템 hover 사용,
task,279AB1DAAFD60C52,1BE666F01EFFC00D,tips_and_tricks.snbt,Disenchantment Methods,,,ftbfiltersystem:smart_filter,,명시적 task.title 없이 아이템 hover 사용,
task,1DFE7CC129B8B13A,1BE666F01EFFC00D,tips_and_tricks.snbt,,,충전소,charginggadgets:charging_station,,명시적 task.title 없이 아이템 hover 사용,
task,4410E4942D7C15E9,1BE666F01EFFC00D,tips_and_tricks.snbt,Gateways,,,ftbfiltersystem:smart_filter,,명시적 task.title 없이 아이템 hover 사용,
task,1667AB546C55A285,1BE666F01EFFC00D,tips_and_tricks.snbt,,,증기 채광용 드릴,modern_industrialization:steam_mining_drill,,명시적 task.title 없이 아이템 hover 사용,
task,62D780CE710CC05C,1BE666F01EFFC00D,tips_and_tricks.snbt,,,Mob Swab,mob_grinding_utils:mob_swab,,명시적 task.title 없이 아이템 hover 사용,
task,605E66D5A025D45C,1BE666F01EFFC00D,tips_and_tricks.snbt,,,GM Chicken Feed,mob_grinding_utils:gm_chicken_feed,,명시적 task.title 없이 아이템 hover 사용,
quest,030DCC13171C3E16,1BE666F01EFFC00D,tips_and_tricks.snbt,,,checkmark,,,설명은 있으나 명시적 quest.title 없음,
task,0BB84A1074D7D214,7732CF7AAA63DB3A,twilight_forest.snbt,,,자홍색 성 문,twilightforest:pink_castle_door,,명시적 task.title 없이 아이템 hover 사용,
task,02D55A14580DBDE9,7732CF7AAA63DB3A,twilight_forest.snbt,,,노란색 성 문,twilightforest:yellow_castle_door,,명시적 task.title 없이 아이템 hover 사용,
task,24BB0DB1D0CEE3AE,7732CF7AAA63DB3A,twilight_forest.snbt,,,파란색 성 문,twilightforest:blue_castle_door,,명시적 task.title 없이 아이템 hover 사용,
task,3011B112DB273913,7732CF7AAA63DB3A,twilight_forest.snbt,,,보라색 성 문,twilightforest:violet_castle_door,,명시적 task.title 없이 아이템 hover 사용,
task,5D1D9C6EE805BD76,7732CF7AAA63DB3A,twilight_forest.snbt,,,익히지 않은 사슴고기,twilightforest:raw_venison,,명시적 task.title 없이 아이템 hover 사용,
task,70A3CED85106362F,7732CF7AAA63DB3A,twilight_forest.snbt,,,사슴고기 스테이크,twilightforest:cooked_venison,,명시적 task.title 없이 아이템 hover 사용,
task,6E028B1374EB57AB,7732CF7AAA63DB3A,twilight_forest.snbt,,,미로 와퍼,twilightforest:maze_wafer,,명시적 task.title 없이 아이템 hover 사용,
task,07581F27FE61BBB0,7732CF7AAA63DB3A,twilight_forest.snbt,,,익히지 않은 미노타우르스고기,twilightforest:raw_meef,,명시적 task.title 없이 아이템 hover 사용,
task,45A70662D54D46F7,7732CF7AAA63DB3A,twilight_forest.snbt,,,익히지 않은 미노타우르스고기,twilightforest:raw_meef,,명시적 task.title 없이 아이템 hover 사용,
task,3039460B9A037CFD,7732CF7AAA63DB3A,twilight_forest.snbt,,,미노타우르스 스트로가노프,twilightforest:meef_stroganoff,,명시적 task.title 없이 아이템 hover 사용,
task,74B7BA7AA89EEECD,7732CF7AAA63DB3A,twilight_forest.snbt,,,히드라 고깃덩이,twilightforest:hydra_chop,,명시적 task.title 없이 아이템 hover 사용,
task,133924499104DFD4,7732CF7AAA63DB3A,twilight_forest.snbt,,,실험체 115번,twilightforest:experiment_115,,명시적 task.title 없이 아이템 hover 사용,
task,6CDB5FB3000FB0AE,7732CF7AAA63DB3A,twilight_forest.snbt,,,까마귀 깃털,twilightforest:raven_feather,,명시적 task.title 없이 아이템 hover 사용,
task,51F100B03CBC2ACF,7732CF7AAA63DB3A,twilight_forest.snbt,,,시간나무 묘목,twilightforest:time_sapling,,명시적 task.title 없이 아이템 hover 사용,
task,0E97645EAF951F5A,7732CF7AAA63DB3A,twilight_forest.snbt,,,분류나무 묘목,twilightforest:sorting_sapling,,명시적 task.title 없이 아이템 hover 사용,
task,753E61230A8790AF,7732CF7AAA63DB3A,twilight_forest.snbt,,,광부나무 묘목,twilightforest:mining_sapling,,명시적 task.title 없이 아이템 hover 사용,
task,63ABA495C733F036,7732CF7AAA63DB3A,twilight_forest.snbt,,,변화나무 묘목,twilightforest:transformation_sapling,,명시적 task.title 없이 아이템 hover 사용,
task,5D567A4631D5D3A2,7732CF7AAA63DB3A,twilight_forest.snbt,,,나가 트로피,twilightforest:naga_trophy,,명시적 task.title 없이 아이템 hover 사용,
task,4FB6BB3F61AD8D6B,7732CF7AAA63DB3A,twilight_forest.snbt,,,리치 트로피,twilightforest:lich_trophy,,명시적 task.title 없이 아이템 hover 사용,
task,2CD3DF9A97F31897,7732CF7AAA63DB3A,twilight_forest.snbt,,,미노시룸 트로피,twilightforest:minoshroom_trophy,,명시적 task.title 없이 아이템 hover 사용,
task,15B1513233BE274B,7732CF7AAA63DB3A,twilight_forest.snbt,,,미노타우르스 스트로가노프,twilightforest:meef_stroganoff,,명시적 task.title 없이 아이템 hover 사용,
task,6D9D134621F8FA36,7732CF7AAA63DB3A,twilight_forest.snbt,,,히드라 트로피,twilightforest:hydra_trophy,,명시적 task.title 없이 아이템 hover 사용,
task,4E03E4FCB1B4DE05,7732CF7AAA63DB3A,twilight_forest.snbt,,,팬텀 기사 트로피,twilightforest:knight_phantom_trophy,,명시적 task.title 없이 아이템 hover 사용,
task,64B931AE43EA1E92,7732CF7AAA63DB3A,twilight_forest.snbt,,,유어 가스트 트로피,twilightforest:ur_ghast_trophy,,명시적 task.title 없이 아이템 hover 사용,
task,45C67776B86B2301,7732CF7AAA63DB3A,twilight_forest.snbt,,,우두머리 예티 트로피,twilightforest:alpha_yeti_trophy,,명시적 task.title 없이 아이템 hover 사용,
task,1997CE8D805B6EB6,7732CF7AAA63DB3A,twilight_forest.snbt,,,눈의 여왕 트로피,twilightforest:snow_queen_trophy,,명시적 task.title 없이 아이템 hover 사용,
task,54FEB8B303070725,7732CF7AAA63DB3A,twilight_forest.snbt,,,재의 램프,twilightforest:lamp_of_cinders,,명시적 task.title 없이 아이템 hover 사용,
quest,20436AFCC7E6855D,7732CF7AAA63DB3A,twilight_forest.snbt,,,거인의 곡괭이,twilightforest:giant_pickaxe,,설명은 있으나 명시적 quest.title 없음,
task,671EEE3BD0D051FD,7732CF7AAA63DB3A,twilight_forest.snbt,,,거인의 곡괭이,twilightforest:giant_pickaxe,,명시적 task.title 없이 아이템 hover 사용,
task,529D27B9675CBD7F,7732CF7AAA63DB3A,twilight_forest.snbt,,,나가 비늘 흉갑,twilightforest:naga_chestplate,,명시적 task.title 없이 아이템 hover 사용,
task,3B252125FD56FC27,7732CF7AAA63DB3A,twilight_forest.snbt,,,나가 비늘 레깅스,twilightforest:naga_leggings,,명시적 task.title 없이 아이템 hover 사용,
task,54F8AB4DDD68C94A,7732CF7AAA63DB3A,twilight_forest.snbt,,,황혼의 지배,twilightforest:twilight_scepter,,명시적 task.title 없이 아이템 hover 사용,
task,4FBA38F3FB4B7C28,7732CF7AAA63DB3A,twilight_forest.snbt,,,생명의 지배,twilightforest:lifedrain_scepter,,명시적 task.title 없이 아이템 hover 사용,
task,3146C0D222FADF31,7732CF7AAA63DB3A,twilight_forest.snbt,,,불사의 지배,twilightforest:zombie_scepter,,명시적 task.title 없이 아이템 hover 사용,
task,3CCC28F4BEAAC162,7732CF7AAA63DB3A,twilight_forest.snbt,,,무장의 지배,twilightforest:fortification_scepter,,명시적 task.title 없이 아이템 hover 사용,
task,7AA9D1C39C51F20F,7732CF7AAA63DB3A,twilight_forest.snbt,,,빈 미로 지도,twilightforest:maze_map,,명시적 task.title 없이 아이템 hover 사용,
task,1779F067AD7CDA50,7732CF7AAA63DB3A,twilight_forest.snbt,,,익히지 않은 미노타우르스고기,twilightforest:raw_meef,,명시적 task.title 없이 아이템 hover 사용,
task,0EBD4A2BF8DE117D,7732CF7AAA63DB3A,twilight_forest.snbt,,,빈 마법의 지도,twilightforest:magic_map,,명시적 task.title 없이 아이템 hover 사용,
task,41286D909D0A6867,7732CF7AAA63DB3A,twilight_forest.snbt,,,강철잎 투구,twilightforest:steeleaf_helmet,,명시적 task.title 없이 아이템 hover 사용,
task,569238D13FE4BEDE,7732CF7AAA63DB3A,twilight_forest.snbt,,,강철잎 흉갑,twilightforest:steeleaf_chestplate,,명시적 task.title 없이 아이템 hover 사용,
task,465948D752178FD8,7732CF7AAA63DB3A,twilight_forest.snbt,,,강철잎 레깅스,twilightforest:steeleaf_leggings,,명시적 task.title 없이 아이템 hover 사용,
task,29B138097231BC9F,7732CF7AAA63DB3A,twilight_forest.snbt,,,강철잎 부츠,twilightforest:steeleaf_boots,,명시적 task.title 없이 아이템 hover 사용,
task,5B86279AE9E62F55,7732CF7AAA63DB3A,twilight_forest.snbt,,,아이언우드 투구,twilightforest:ironwood_helmet,,명시적 task.title 없이 아이템 hover 사용,
task,60033D60F21A2145,7732CF7AAA63DB3A,twilight_forest.snbt,,,아이언우드 흉갑,twilightforest:ironwood_chestplate,,명시적 task.title 없이 아이템 hover 사용,
task,48D0CAE437234AC6,7732CF7AAA63DB3A,twilight_forest.snbt,,,아이언우드 레깅스,twilightforest:ironwood_leggings,,명시적 task.title 없이 아이템 hover 사용,
task,1D94DFBBCD46D84B,7732CF7AAA63DB3A,twilight_forest.snbt,,,아이언우드 부츠,twilightforest:ironwood_boots,,명시적 task.title 없이 아이템 hover 사용,
task,48F5F5BE01C792CE,7732CF7AAA63DB3A,twilight_forest.snbt,,,파이어리 투구,twilightforest:fiery_helmet,,명시적 task.title 없이 아이템 hover 사용,
task,761CF4D721CB22DF,7732CF7AAA63DB3A,twilight_forest.snbt,,,파이어리 흉갑,twilightforest:fiery_chestplate,,명시적 task.title 없이 아이템 hover 사용,
task,384D339F85C2F6CC,7732CF7AAA63DB3A,twilight_forest.snbt,,,파이어리 레깅스,twilightforest:fiery_leggings,,명시적 task.title 없이 아이템 hover 사용,
task,1559426B94209449,7732CF7AAA63DB3A,twilight_forest.snbt,,,파이어리 부츠,twilightforest:fiery_boots,,명시적 task.title 없이 아이템 hover 사용,
task,2429F7C568231ED7,7732CF7AAA63DB3A,twilight_forest.snbt,,,팬텀 투구,twilightforest:phantom_helmet,,명시적 task.title 없이 아이템 hover 사용,
task,0C2C788F3061A7D3,7732CF7AAA63DB3A,twilight_forest.snbt,,,팬텀 흉갑,twilightforest:phantom_chestplate,,명시적 task.title 없이 아이템 hover 사용,
task,095092712EA93AD4,7732CF7AAA63DB3A,twilight_forest.snbt,,,기사금속 투구,twilightforest:knightmetal_helmet,,명시적 task.title 없이 아이템 hover 사용,
task,44E7089F08F757D4,7732CF7AAA63DB3A,twilight_forest.snbt,,,기사금속 흉갑,twilightforest:knightmetal_chestplate,,명시적 task.title 없이 아이템 hover 사용,
task,1A137AF836AFC3C0,7732CF7AAA63DB3A,twilight_forest.snbt,,,기사금속 레깅스,twilightforest:knightmetal_leggings,,명시적 task.title 없이 아이템 hover 사용,
task,33789178B086D262,7732CF7AAA63DB3A,twilight_forest.snbt,,,기사금속 부츠,twilightforest:knightmetal_boots,,명시적 task.title 없이 아이템 hover 사용,
task,0DC327E6F70EE1C1,7732CF7AAA63DB3A,twilight_forest.snbt,,,퀘스트 양 트로피,twilightforest:quest_ram_trophy,,명시적 task.title 없이 아이템 hover 사용,
task,5F7D02D164E85469,7732CF7AAA63DB3A,twilight_forest.snbt,,,생명의 부적 I,twilightforest:charm_of_life_1,,명시적 task.title 없이 아이템 hover 사용,
task,1AF2A8D21E2C64FE,7732CF7AAA63DB3A,twilight_forest.snbt,,,생명의 부적 II,twilightforest:charm_of_life_2,,명시적 task.title 없이 아이템 hover 사용,
task,69F49433EDA8F189,7732CF7AAA63DB3A,twilight_forest.snbt,,,보존의 부적 I,twilightforest:charm_of_keeping_1,,명시적 task.title 없이 아이템 hover 사용,
task,146FE418E4077B1D,7732CF7AAA63DB3A,twilight_forest.snbt,,,보존의 부적 II,twilightforest:charm_of_keeping_2,,명시적 task.title 없이 아이템 hover 사용,
task,2FB00B8498F8E8E3,7732CF7AAA63DB3A,twilight_forest.snbt,,,보존의 부적 III,twilightforest:charm_of_keeping_3,,명시적 task.title 없이 아이템 hover 사용,
task,13C31B864EC1DE9B,7732CF7AAA63DB3A,twilight_forest.snbt,,,공작 깃털 부채,twilightforest:peacock_feather_fan,,명시적 task.title 없이 아이템 hover 사용,
task,45D0FCAC69264C9B,7732CF7AAA63DB3A,twilight_forest.snbt,,,예티 뿔 투구,twilightforest:yeti_helmet,,명시적 task.title 없이 아이템 hover 사용,
task,4F6C2CBFE11B14D2,7732CF7AAA63DB3A,twilight_forest.snbt,,,예티 흉갑,twilightforest:yeti_chestplate,,명시적 task.title 없이 아이템 hover 사용,
task,1D7E23359B11FB50,7732CF7AAA63DB3A,twilight_forest.snbt,,,예티 레깅스,twilightforest:yeti_leggings,,명시적 task.title 없이 아이템 hover 사용,
task,34E0A02434E3B41C,7732CF7AAA63DB3A,twilight_forest.snbt,,,예티 부츠,twilightforest:yeti_boots,,명시적 task.title 없이 아이템 hover 사용,
task,74DE768958A1DF0E,7732CF7AAA63DB3A,twilight_forest.snbt,,,극지 투구,twilightforest:arctic_helmet,,명시적 task.title 없이 아이템 hover 사용,
task,28805490ED9B650D,7732CF7AAA63DB3A,twilight_forest.snbt,,,극지 흉갑,twilightforest:arctic_chestplate,,명시적 task.title 없이 아이템 hover 사용,
task,7E45C2C500C51BCB,7732CF7AAA63DB3A,twilight_forest.snbt,,,극지 레깅스,twilightforest:arctic_leggings,,명시적 task.title 없이 아이템 hover 사용,
task,09422C5CD2A93FDD,7732CF7AAA63DB3A,twilight_forest.snbt,,,극지 부츠,twilightforest:arctic_boots,,명시적 task.title 없이 아이템 hover 사용,
quest,51BC981AB4CFAD95,7732CF7AAA63DB3A,twilight_forest.snbt,,,미로 파괴자,twilightforest:mazebreaker_pickaxe,,설명은 있으나 명시적 quest.title 없음,
task,37FB4455E15C55FF,7732CF7AAA63DB3A,twilight_forest.snbt,,,미로 파괴자,twilightforest:mazebreaker_pickaxe,,명시적 task.title 없이 아이템 hover 사용,
task,64D192E45B9E8E6C,7732CF7AAA63DB3A,twilight_forest.snbt,,,삼연활,twilightforest:triple_bow,,명시적 task.title 없이 아이템 hover 사용,
task,5423C2517A5D133B,7732CF7AAA63DB3A,twilight_forest.snbt,,,유도 활,twilightforest:seeker_bow,,명시적 task.title 없이 아이템 hover 사용,
task,52E28B85293DE45A,7732CF7AAA63DB3A,twilight_forest.snbt,,,얼음 활,twilightforest:ice_bow,,명시적 task.title 없이 아이템 hover 사용,
task,37A1612D95C34DF2,7732CF7AAA63DB3A,twilight_forest.snbt,,,엔더 활,twilightforest:ender_bow,,명시적 task.title 없이 아이템 hover 사용,
task,7B5C5A02D22359AF,7732CF7AAA63DB3A,twilight_forest.snbt,,,광석 자석,twilightforest:ore_magnet,,명시적 task.title 없이 아이템 hover 사용,
task,68A6B72FD1DF6A75,7732CF7AAA63DB3A,twilight_forest.snbt,,,유리 검,twilightforest:glass_sword,,명시적 task.title 없이 아이템 hover 사용,
task,2E37E73B5297E0F7,7732CF7AAA63DB3A,twilight_forest.snbt,,,얼음 검,twilightforest:ice_sword,,명시적 task.title 없이 아이템 hover 사용,
task,0BE7DD735B1FB717,7732CF7AAA63DB3A,twilight_forest.snbt,,,월충 여왕,twilightforest:moonworm_queen,,명시적 task.title 없이 아이템 hover 사용,
quest,0E9DE6293DF611E1,7732CF7AAA63DB3A,twilight_forest.snbt,,,변신 가루,twilightforest:transformation_powder,,설명은 있으나 명시적 quest.title 없음,
task,220F1E09B54E7ECA,7732CF7AAA63DB3A,twilight_forest.snbt,,,변신 가루,twilightforest:transformation_powder,,명시적 task.title 없이 아이템 hover 사용,
task,19F17291B47DC7B0,7732CF7AAA63DB3A,twilight_forest.snbt,,,빈 미로/광물 지도,twilightforest:ore_map,,명시적 task.title 없이 아이템 hover 사용,
task,6C3B980F96579633,7732CF7AAA63DB3A,twilight_forest.snbt,,,마법의 지도 깃털,twilightforest:magic_map_focus,,명시적 task.title 없이 아이템 hover 사용,
task,1ACA91C37E113066,7732CF7AAA63DB3A,twilight_forest.snbt,,,파이어리 검,twilightforest:fiery_sword,,명시적 task.title 없이 아이템 hover 사용,
task,5FA41AF43B32B189,7732CF7AAA63DB3A,twilight_forest.snbt,,,파이어리 곡괭이,twilightforest:fiery_pickaxe,,명시적 task.title 없이 아이템 hover 사용,
task,63527819961CF742,7732CF7AAA63DB3A,twilight_forest.snbt,,,다이아몬드 미노타우르스의 도끼,twilightforest:diamond_minotaur_axe,,명시적 task.title 없이 아이템 hover 사용,
task,036BA11CFAF4A837,7732CF7AAA63DB3A,twilight_forest.snbt,,,기사금속 검,twilightforest:knightmetal_sword,,명시적 task.title 없이 아이템 hover 사용,
task,48F928D65370BC9B,7732CF7AAA63DB3A,twilight_forest.snbt,,,기사금속 곡괭이,twilightforest:knightmetal_pickaxe,,명시적 task.title 없이 아이템 hover 사용,
task,2CC995B62A954D96,7732CF7AAA63DB3A,twilight_forest.snbt,,,기사금속 도끼,twilightforest:knightmetal_axe,,명시적 task.title 없이 아이템 hover 사용,
task,141CFE131162447F,7732CF7AAA63DB3A,twilight_forest.snbt,,,블록과 사슬,twilightforest:block_and_chain,,명시적 task.title 없이 아이템 hover 사용,
task,2C4EE242D93E2F75,7732CF7AAA63DB3A,twilight_forest.snbt,,,기사금속 방패,twilightforest:knightmetal_shield,,명시적 task.title 없이 아이템 hover 사용,
task,6F4BFD3CF4F593DE,7732CF7AAA63DB3A,twilight_forest.snbt,,,구현 블록,twilightforest:reappearing_block,,명시적 task.title 없이 아이템 hover 사용,
task,543D6787030477B0,7732CF7AAA63DB3A,twilight_forest.snbt,,,점멸 블록,twilightforest:vanishing_block,,명시적 task.title 없이 아이템 hover 사용,
task,56287EDCE7111CDA,7732CF7AAA63DB3A,twilight_forest.snbt,,,카미나이트 구축기,twilightforest:carminite_builder,,명시적 task.title 없이 아이템 hover 사용,
task,3777E5BC42A44D9A,7732CF7AAA63DB3A,twilight_forest.snbt,,,카미나이트 반응기,twilightforest:carminite_reactor,,명시적 task.title 없이 아이템 hover 사용,
task,03833E1286B5C7BC,7732CF7AAA63DB3A,twilight_forest.snbt,,,마법의 콩,twilightforest:magic_beans,,명시적 task.title 없이 아이템 hover 사용,
task,21A2013F7DDAE1B6,7732CF7AAA63DB3A,twilight_forest.snbt,,,양질의 흙,twilightforest:uberous_soil,,명시적 task.title 없이 아이템 hover 사용,
task,5F0A10AAC2220CFF,7732CF7AAA63DB3A,twilight_forest.snbt,,,가시장미,twilightforest:thorn_rose,,명시적 task.title 없이 아이템 hover 사용,
task,442B73DD312E5D42,65A95C2312976E49,undergarden.snbt,,,그롱이,undergarden:gronglet,,명시적 task.title 없이 아이템 hover 사용,
quest,43A1BC20BB054A14,65A95C2312976E49,undergarden.snbt,,,반짝이 켈프,undergarden:glitterkelp,,설명은 있으나 명시적 quest.title 없음,
task,68A2E3EFD8C086B8,65A95C2312976E49,undergarden.snbt,,,반짝이 켈프,undergarden:glitterkelp,,명시적 task.title 없이 아이템 hover 사용,
task,05F86B23702AD630,65A95C2312976E49,undergarden.snbt,,,우테리움 수정,undergarden:utherium_crystal,,명시적 task.title 없이 아이템 hover 사용,
task,6C5AD33B8B69BEEC,65A95C2312976E49,undergarden.snbt,,,레갈륨 수정,undergarden:regalium_crystal,,명시적 task.title 없이 아이템 hover 사용,
task,145F7277A6E82495,65A95C2312976E49,undergarden.snbt,,,잊혀진 주괴,undergarden:forgotten_ingot,,명시적 task.title 없이 아이템 hover 사용,
task,2F2F12FD80DAE684,65A95C2312976E49,undergarden.snbt,,,서리철 주괴,undergarden:froststeel_ingot,,명시적 task.title 없이 아이템 hover 사용,
task,030173D7AE2E8AF7,65A95C2312976E49,undergarden.snbt,,,크로그룸 주괴,undergarden:cloggrum_ingot,,명시적 task.title 없이 아이템 hover 사용,
task,7F976851A2831B88,65A95C2312976E49,undergarden.snbt,,,크로그룸 헬멧,undergarden:cloggrum_helmet,,명시적 task.title 없이 아이템 hover 사용,
task,560EBAD803282FF4,65A95C2312976E49,undergarden.snbt,,,크로그룸 갑옷,undergarden:cloggrum_chestplate,,명시적 task.title 없이 아이템 hover 사용,
task,616F19EE1582B025,65A95C2312976E49,undergarden.snbt,,,크로그룸 레깅스,undergarden:cloggrum_leggings,,명시적 task.title 없이 아이템 hover 사용,
task,000C3B46CCF0F9C6,65A95C2312976E49,undergarden.snbt,,,크로그룸 부츠,undergarden:cloggrum_boots,,명시적 task.title 없이 아이템 hover 사용,
task,5383BF974E6E6A96,65A95C2312976E49,undergarden.snbt,,,크로그룸 곡괭이,undergarden:cloggrum_pickaxe,,명시적 task.title 없이 아이템 hover 사용,
task,4C1CB1CD27DE1996,65A95C2312976E49,undergarden.snbt,,,크로그룸 도끼,undergarden:cloggrum_axe,,명시적 task.title 없이 아이템 hover 사용,
task,3182842487B1ADC0,65A95C2312976E49,undergarden.snbt,,,크로그룸 삽,undergarden:cloggrum_shovel,,명시적 task.title 없이 아이템 hover 사용,
task,3965E01BB5716714,65A95C2312976E49,undergarden.snbt,,,크로그룸 괭이,undergarden:cloggrum_hoe,,명시적 task.title 없이 아이템 hover 사용,
task,6C8D488FB86260B2,65A95C2312976E49,undergarden.snbt,,,크로그룸 검,undergarden:cloggrum_sword,,명시적 task.title 없이 아이템 hover 사용,
task,229BDF9C5EFF2F68,65A95C2312976E49,undergarden.snbt,,,크로그룸 전투도끼,undergarden:cloggrum_battleaxe,,명시적 task.title 없이 아이템 hover 사용,
task,6FBB26ACF48BF73F,65A95C2312976E49,undergarden.snbt,,,크로그룸 방패,undergarden:cloggrum_shield,,명시적 task.title 없이 아이템 hover 사용,
task,1F56436CFE9E4829,65A95C2312976E49,undergarden.snbt,,,서리철 헬멧,undergarden:froststeel_helmet,,명시적 task.title 없이 아이템 hover 사용,
task,12D8CA0A44EF5EDD,65A95C2312976E49,undergarden.snbt,,,서리철 갑옷,undergarden:froststeel_chestplate,,명시적 task.title 없이 아이템 hover 사용,
task,4F65FE9890B4283C,65A95C2312976E49,undergarden.snbt,,,서리철 레깅스,undergarden:froststeel_leggings,,명시적 task.title 없이 아이템 hover 사용,
task,75672283B8F0C3CB,65A95C2312976E49,undergarden.snbt,,,서리철 부츠,undergarden:froststeel_boots,,명시적 task.title 없이 아이템 hover 사용,
task,3B2ECE1F852193F6,65A95C2312976E49,undergarden.snbt,,,서리철 검,undergarden:froststeel_sword,,명시적 task.title 없이 아이템 hover 사용,
task,51B4AD7164660ED5,65A95C2312976E49,undergarden.snbt,,,서리철 곡괭이,undergarden:froststeel_pickaxe,,명시적 task.title 없이 아이템 hover 사용,
task,0D63C10C5B742431,65A95C2312976E49,undergarden.snbt,,,서리철 도끼,undergarden:froststeel_axe,,명시적 task.title 없이 아이템 hover 사용,
task,1A9A616D3CA79C35,65A95C2312976E49,undergarden.snbt,,,서리철 삽,undergarden:froststeel_shovel,,명시적 task.title 없이 아이템 hover 사용,
task,20016A6E5AF25B3C,65A95C2312976E49,undergarden.snbt,,,서리철 괭이,undergarden:froststeel_hoe,,명시적 task.title 없이 아이템 hover 사용,
task,5C577BF2008DEA1C,65A95C2312976E49,undergarden.snbt,,,우테리움 헬멧,undergarden:utherium_helmet,,명시적 task.title 없이 아이템 hover 사용,
task,4DC0DCE680549B36,65A95C2312976E49,undergarden.snbt,,,우테리움 갑옷,undergarden:utherium_chestplate,,명시적 task.title 없이 아이템 hover 사용,
task,0DBD340646246BCD,65A95C2312976E49,undergarden.snbt,,,우테리움 레깅스,undergarden:utherium_leggings,,명시적 task.title 없이 아이템 hover 사용,
task,192C931FBF39387C,65A95C2312976E49,undergarden.snbt,,,우테리움 부츠,undergarden:utherium_boots,,명시적 task.title 없이 아이템 hover 사용,
task,749B1D631FC31987,65A95C2312976E49,undergarden.snbt,,,우테리움 검,undergarden:utherium_sword,,명시적 task.title 없이 아이템 hover 사용,
task,53F2440C55033418,65A95C2312976E49,undergarden.snbt,,,우테리움 곡괭이,undergarden:utherium_pickaxe,,명시적 task.title 없이 아이템 hover 사용,
task,71B98C882B804619,65A95C2312976E49,undergarden.snbt,,,우테리움 도끼,undergarden:utherium_axe,,명시적 task.title 없이 아이템 hover 사용,
task,656B4889C4C1A4F0,65A95C2312976E49,undergarden.snbt,,,우테리움 삽,undergarden:utherium_shovel,,명시적 task.title 없이 아이템 hover 사용,
task,4542D7CA0F4097B8,65A95C2312976E49,undergarden.snbt,,,우테리움 괭이,undergarden:utherium_hoe,,명시적 task.title 없이 아이템 hover 사용,
task,2C7066FECE927691,65A95C2312976E49,undergarden.snbt,,,잊혀진 곡괭이,undergarden:forgotten_pickaxe,,명시적 task.title 없이 아이템 hover 사용,
task,170BED42A6861142,65A95C2312976E49,undergarden.snbt,,,잊혀진 도끼,undergarden:forgotten_axe,,명시적 task.title 없이 아이템 hover 사용,
task,322FDB79D946CFC6,65A95C2312976E49,undergarden.snbt,,,잊혀진 삽,undergarden:forgotten_shovel,,명시적 task.title 없이 아이템 hover 사용,
task,0706A577127686BD,65A95C2312976E49,undergarden.snbt,,,잊혀진 괭이,undergarden:forgotten_hoe,,명시적 task.title 없이 아이템 hover 사용,
task,08F28AD831730B2D,65A95C2312976E49,undergarden.snbt,,,잊혀진 검,undergarden:forgotten_sword,,명시적 task.title 없이 아이템 hover 사용,
task,5E0BED0B76D91B6F,65A95C2312976E49,undergarden.snbt,,,잊혀진 전투도끼,undergarden:forgotten_battleaxe,,명시적 task.title 없이 아이템 hover 사용,
quest,51C59FDF0BD11FDF,65A95C2312976E49,undergarden.snbt,,,흔들나무 묘목,undergarden:wigglewood_sapling,,설명은 있으나 명시적 quest.title 없음,
task,15CC0FD07EFEBE55,65A95C2312976E49,undergarden.snbt,,,흔들나무 묘목,undergarden:wigglewood_sapling,,명시적 task.title 없이 아이템 hover 사용,
quest,0FA77C28A57E06F1,65A95C2312976E49,undergarden.snbt,,,장막 버섯,undergarden:veil_mushroom,,설명은 있으나 명시적 quest.title 없음,
task,608BB13CB5EC6DEE,65A95C2312976E49,undergarden.snbt,,,장막 버섯,undergarden:veil_mushroom,,명시적 task.title 없이 아이템 hover 사용,
quest,6D4FB6291CA8D1A6,65A95C2312976E49,undergarden.snbt,,,안개줄기 묘목,undergarden:smogstem_sapling,,설명은 있으나 명시적 quest.title 없음,
task,1B783C6110983107,65A95C2312976E49,undergarden.snbt,,,안개줄기 묘목,undergarden:smogstem_sapling,,명시적 task.title 없이 아이템 hover 사용,
quest,6F416275B6F6D8F0,65A95C2312976E49,undergarden.snbt,,,발포 베리,undergarden:blisterberry,,설명은 있으나 명시적 quest.title 없음,
task,1E225EF7E2F75A22,65A95C2312976E49,undergarden.snbt,,,발포 베리,undergarden:blisterberry,,명시적 task.title 없이 아이템 hover 사용,
quest,739601B0C43B239B,65A95C2312976E49,undergarden.snbt,,,새까만 버섯,undergarden:ink_mushroom,,설명은 있으나 명시적 quest.title 없음,
task,647B12D73B8AF0E8,65A95C2312976E49,undergarden.snbt,,,새까만 버섯,undergarden:ink_mushroom,,명시적 task.title 없이 아이템 hover 사용,
quest,4C5CFA45D9B4F6D3,65A95C2312976E49,undergarden.snbt,,,쪽빛 버섯,undergarden:indigo_mushroom,,설명은 있으나 명시적 quest.title 없음,
task,576DEAD84C6D8E82,65A95C2312976E49,undergarden.snbt,,,쪽빛 버섯,undergarden:indigo_mushroom,,명시적 task.title 없이 아이템 hover 사용,
quest,2C5A7E4CD8B57E08,65A95C2312976E49,undergarden.snbt,,,그롱글 묘목,undergarden:grongle_sapling,,설명은 있으나 명시적 quest.title 없음,
task,1B1CE8A91C2F9545,65A95C2312976E49,undergarden.snbt,,,그롱글 묘목,undergarden:grongle_sapling,,명시적 task.title 없이 아이템 hover 사용,
quest,22739522F0D33D7B,65A95C2312976E49,undergarden.snbt,,,우울호박,undergarden:gloomgourd,,설명은 있으나 명시적 quest.title 없음,
task,6E39966B6F48B054,65A95C2312976E49,undergarden.snbt,,,우울호박,undergarden:gloomgourd,,명시적 task.title 없이 아이템 hover 사용,
quest,08D9C809CF4062E8,65A95C2312976E49,undergarden.snbt,,,지하콩,undergarden:underbeans,,설명은 있으나 명시적 quest.title 없음,
task,5F64479B146297BE,65A95C2312976E49,undergarden.snbt,,,지하콩,undergarden:underbeans,,명시적 task.title 없이 아이템 hover 사용,
quest,4568C2F465EDB960,65A95C2312976E49,undergarden.snbt,,,늘어진열매,undergarden:droopvine_item,,설명은 있으나 명시적 quest.title 없음,
task,192B3F4E4A36C0B6,65A95C2312976E49,undergarden.snbt,,,늘어진열매,undergarden:droopvine_item,,명시적 task.title 없이 아이템 hover 사용,
task,7A0DABDDF01D5423,65A95C2312976E49,undergarden.snbt,,,Ancient Helmet,undergarden:ancient_helmet,,명시적 task.title 없이 아이템 hover 사용,
task,2C172CE16BBA49F2,65A95C2312976E49,undergarden.snbt,,,Ancient Chestplate,undergarden:ancient_chestplate,,명시적 task.title 없이 아이템 hover 사용,
task,29675CA8C6EACF13,65A95C2312976E49,undergarden.snbt,,,Ancient Leggings,undergarden:ancient_leggings,,명시적 task.title 없이 아이템 hover 사용,
task,6582E66B9320B94B,65A95C2312976E49,undergarden.snbt,,,카탈리스트,undergarden:catalyst,,명시적 task.title 없이 아이템 hover 사용,
quest,1190BB433EFA3945,65A95C2312976E49,undergarden.snbt,,,새총,undergarden:slingshot,,설명은 있으나 명시적 quest.title 없음,
task,5C5E12080C612D23,65A95C2312976E49,undergarden.snbt,,,새총,undergarden:slingshot,,명시적 task.title 없이 아이템 hover 사용,
task,245333BAF2116325,65A95C2312976E49,undergarden.snbt,,,발포 폭탄,undergarden:blisterbomb,,명시적 task.title 없이 아이템 hover 사용,
task,027921BB67B819C7,65A95C2312976E49,undergarden.snbt,,,폭탄호박,undergarden:boomgourd,,명시적 task.title 없이 아이템 hover 사용,
quest,6751F2651063B3A5,65A95C2312976E49,undergarden.snbt,,,핏빛 버섯,undergarden:blood_mushroom,,설명은 있으나 명시적 quest.title 없음,
task,6AB0706B07F12408,65A95C2312976E49,undergarden.snbt,,,핏빛 버섯,undergarden:blood_mushroom,,명시적 task.title 없이 아이템 hover 사용,
quest,4C7E006502E30C20,65A95C2312976E49,undergarden.snbt,,,AllRightsReserved,,,설명은 있으나 명시적 quest.title 없음,
task,39194D9CDF673768,65A95C2312976E49,undergarden.snbt,AllRightsReserved,AllRightsReserved,,,,한국어 파일의 영어 task.title,
task,4AA225E5056787B8,65A95C2312976E49,undergarden.snbt,AllRightsReserved,AllRightsReserved,,,,한국어 파일의 영어 task.title,
quest,3708A4780ACEB34E,5B00676D79306EA2,welcome.snbt,,,퀘스트,,,설명은 있으나 명시적 quest.title 없음,
quest,7658C1C663394E85,5B00676D79306EA2,welcome.snbt,,,유용한 명령어,,,설명은 있으나 명시적 quest.title 없음,
quest,0C93D7A607AB8B83,5B00676D79306EA2,welcome.snbt,,,청크 소유,,,설명은 있으나 명시적 quest.title 없음,
quest,5AC1BE754210429E,5B00676D79306EA2,welcome.snbt,,,팀 생성하기,,,설명은 있으나 명시적 quest.title 없음,
quest,49EDAA2F57D3BF1D,5B00676D79306EA2,welcome.snbt,,,AllRightsReserved,,,설명은 있으나 명시적 quest.title 없음,
task,2C816285392535F0,5B00676D79306EA2,welcome.snbt,AllRightsReserved,AllRightsReserved,,,,한국어 파일의 영어 task.title,
task,201F519941A2C7F4,5B00676D79306EA2,welcome.snbt,AllRightsReserved,AllRightsReserved,,,,한국어 파일의 영어 task.title,
task,53B3983C04A5CB1C,219B7A003658D24F,xycraft.snbt,,,Blue Xychorium Gem,xycraft_world:xychorium_gem_blue,,명시적 task.title 없이 아이템 hover 사용,
task,59E3B2A8BA8579C0,219B7A003658D24F,xycraft.snbt,,,Green Xychorium Gem,xycraft_world:xychorium_gem_green,,명시적 task.title 없이 아이템 hover 사용,
task,4D389CB7B26F5EB5,219B7A003658D24F,xycraft.snbt,,,Red Xychorium Gem,xycraft_world:xychorium_gem_red,,명시적 task.title 없이 아이템 hover 사용,
task,78DA1FE8F54FDAE8,219B7A003658D24F,xycraft.snbt,,,Dark Xychorium Gem,xycraft_world:xychorium_gem_dark,,명시적 task.title 없이 아이템 hover 사용,
task,08082713F1556E3A,219B7A003658D24F,xycraft.snbt,,,Light Xychorium Gem,xycraft_world:xychorium_gem_light,,명시적 task.title 없이 아이템 hover 사용,
task,4BF8E17EC585CA54,219B7A003658D24F,xycraft.snbt,,,Kivi,xycraft_world:kivi,,명시적 task.title 없이 아이템 hover 사용,
quest,2AC7BC448C007BDB,219B7A003658D24F,xycraft.snbt,,,Machine Base,xycraft_machines:machine_base,,설명은 있으나 명시적 quest.title 없음,
task,704B12123DFC3CDA,219B7A003658D24F,xycraft.snbt,,,Machine Base,xycraft_machines:machine_base,,명시적 task.title 없이 아이템 hover 사용,
task,2E515AF3D5E72596,219B7A003658D24F,xycraft.snbt,,,Ignition Plate,xycraft_machines:ignition_plate,,명시적 task.title 없이 아이템 hover 사용,
task,3C69F169CDF02BC0,219B7A003658D24F,xycraft.snbt,,,Accelerated Planter,xycraft_machines:planter,,명시적 task.title 없이 아이템 hover 사용,
task,308A581A02968EBB,219B7A003658D24F,xycraft.snbt,,,Water Block,xycraft_machines:water_block,,명시적 task.title 없이 아이템 hover 사용,
task,302ABCB249064D46,219B7A003658D24F,xycraft.snbt,,,Light Field,xycraft_machines:light_field,,명시적 task.title 없이 아이템 hover 사용,
task,4A432948E1F77298,219B7A003658D24F,xycraft.snbt,,,Fluid Void,xycraft_machines:fluid_void,,명시적 task.title 없이 아이템 hover 사용,
quest,71D133BA3EC6F4FD,219B7A003658D24F,xycraft.snbt,,,Extractor,xycraft_machines:extractor,,설명은 있으나 명시적 quest.title 없음,
task,2457D9787DD41867,219B7A003658D24F,xycraft.snbt,,,Extractor,xycraft_machines:extractor,,명시적 task.title 없이 아이템 hover 사용,
quest,39E4FC9BA89E44BC,219B7A003658D24F,xycraft.snbt,,,Balloon on a Stick,xycraft_machines:stake,,설명은 있으나 명시적 quest.title 없음,
task,05930E109A92E8BB,219B7A003658D24F,xycraft.snbt,,,Balloon on a Stick,xycraft_machines:stake,,명시적 task.title 없이 아이템 hover 사용,
task,1820FB689A9537EF,219B7A003658D24F,xycraft.snbt,,,Item Port,xycraft_machines:port_item,,명시적 task.title 없이 아이템 hover 사용,
task,470DF61394ED606D,219B7A003658D24F,xycraft.snbt,,,Fluid Port,xycraft_machines:port_fluid,,명시적 task.title 없이 아이템 hover 사용,
quest,4A92237E17ED5F1C,219B7A003658D24F,xycraft.snbt,,,Void Container,xycraft_machines:void_container,,설명은 있으나 명시적 quest.title 없음,
task,2B9EAD369BB9F233,219B7A003658D24F,xycraft.snbt,,,Void Container,xycraft_machines:void_container,,명시적 task.title 없이 아이템 hover 사용,
quest,06B85804163DD18B,219B7A003658D24F,xycraft.snbt,,,Soaryn Box,xycraft_machines:soaryn_box,,설명은 있으나 명시적 quest.title 없음,
task,366CCB18B6C9CC7A,219B7A003658D24F,xycraft.snbt,,,Soaryn Box,xycraft_machines:soaryn_box,,명시적 task.title 없이 아이템 hover 사용,
quest,355244420EA47546,219B7A003658D24F,xycraft.snbt,,,Fabricator,xycraft_machines:fabricator,,설명은 있으나 명시적 quest.title 없음,
task,6B60741F11E1F1AE,219B7A003658D24F,xycraft.snbt,,,Fabricator,xycraft_machines:fabricator,,명시적 task.title 없이 아이템 hover 사용,
task,781F65E2C16C94BB,219B7A003658D24F,xycraft.snbt,,,Item IO,xycraft_machines:item_io,,명시적 task.title 없이 아이템 hover 사용,
task,539E2D9E214F0142,219B7A003658D24F,xycraft.snbt,,,Valve,xycraft_machines:valve,,명시적 task.title 없이 아이템 hover 사용,
task,460FA61A72720319,219B7A003658D24F,xycraft.snbt,,,,minecraft:glass,,명시적 task.title 없이 아이템 hover 사용,
quest,1E00DBAACDF4404F,219B7A003658D24F,xycraft.snbt,,,Collector,xycraft_machines:collector,,설명은 있으나 명시적 quest.title 없음,
task,2F151495F025EEB1,219B7A003658D24F,xycraft.snbt,,,Collector,xycraft_machines:collector,,명시적 task.title 없이 아이템 hover 사용,
task,4EA1F55E2C1D5795,219B7A003658D24F,xycraft.snbt,,,Hydro Pump,xycraft_machines:hydro_pump,,명시적 task.title 없이 아이템 hover 사용,
task,23AEF92B0F4BD3E9,219B7A003658D24F,xycraft.snbt,,,,mysticalagriculture:kivi_seeds,,명시적 task.title 없이 아이템 hover 사용,
quest,16B4A00948D1F60D,219B7A003658D24F,xycraft.snbt,,,AllRightsReserved,,,설명은 있으나 명시적 quest.title 없음,
task,706FA543A6C675D3,219B7A003658D24F,xycraft.snbt,AllRightsReserved,AllRightsReserved,,,,한국어 파일의 영어 task.title,
quest,019CA0E35F888222,1DB294A8F8686321,storage.snbt,&eAdvanced Restock Upgrade,&e고급 넣기 기능,,sophisticatedbackpacks:advanced_restock_upgrade,고급 재입고 업그레이드,적용한 제목 정상화,&e고급 재입고 업그레이드
quest,0298A17C2AAC5765,1DB294A8F8686321,storage.snbt,&bStack Upgrade Tier 3,&b3단계 쌓기 기능,,sophisticatedbackpacks:stack_upgrade_tier_3,3단계 스택 업그레이드,적용한 제목 정상화,&b3단계 스택 업그레이드
quest,11D57C768032E3F7,1DB294A8F8686321,storage.snbt,&eAdvanced Magnet Upgrade,&e고급 자석 기능,,sophisticatedbackpacks:advanced_magnet_upgrade,고급 자석 업그레이드,적용한 제목 정상화,&e고급 자석 업그레이드
quest,15CD4BFDC56E9510,1DB294A8F8686321,storage.snbt,&eAdvanced Tool Swapper Upgrade,&e고급 도구 전환 기능,,sophisticatedbackpacks:advanced_tool_swapper_upgrade,고급 도구 교체 업그레이드,적용한 제목 정상화,&e고급 도구 교체 업그레이드
quest,1985CFD1F0425E88,1DB294A8F8686321,storage.snbt,&eAdvanced Pickup Upgrade,&e고급 줍기 기능,,sophisticatedbackpacks:advanced_pickup_upgrade,고급 줍기 업그레이드,적용한 제목 정상화,&e고급 줍기 업그레이드
quest,2FC15D3916DBF4E4,1DB294A8F8686321,storage.snbt,&eAdvanced Void Upgrade,&e고급 공허 업그레이드,,sophisticatedbackpacks:advanced_void_upgrade,고급 제거 업그레이드,적용한 제목 정상화,&e고급 제거 업그레이드
quest,4C0EAB9F795686D0,1DB294A8F8686321,storage.snbt,&eAdvanced Deposit Upgrade,&e고급 꺼내기 기능,,sophisticatedbackpacks:advanced_deposit_upgrade,고급 보관 업그레이드,적용한 제목 정상화,&e고급 보관 업그레이드
quest,56B80A7EBFE21428,1DB294A8F8686321,storage.snbt,&eAdvanced Pump Upgrade,&e고급 펌프 기능,,sophisticatedbackpacks:advanced_pump_upgrade,고급 펌프 업그레이드,적용한 제목 정상화,&e고급 펌프 업그레이드
quest,57CF8C6C867B9BDA,1DB294A8F8686321,storage.snbt,&eAdvanced Filter Upgrade,&e고급 필터 기능,,sophisticatedbackpacks:advanced_filter_upgrade,고급 필터 업그레이드,적용한 제목 정상화,&e고급 필터 업그레이드
quest,5E4FE420B6D2C97F,1DB294A8F8686321,storage.snbt,&eAdvanced Compacting Upgrade,&e고급 압축 기능,,sophisticatedbackpacks:advanced_compacting_upgrade,고급 압축 업그레이드,적용한 제목 정상화,&e고급 압축 업그레이드
quest,6E3D53D1C4569A89,1DB294A8F8686321,storage.snbt,&aExperience Pump Upgrade,&a경험치 펌프 기능,,sophisticatedbackpacks:xp_pump_upgrade,경험치 펌프 업그레이드,적용한 제목 정상화,&a경험치 펌프 업그레이드
quest,785951190FFDAA21,1DB294A8F8686321,storage.snbt,&eStack Upgrade Tier 2,&e2단계 쌓기 기능,,sophisticatedbackpacks:stack_upgrade_tier_2,2단계 스택 업그레이드,적용한 제목 정상화,&e2단계 스택 업그레이드
quest,7AE3C8134F5ED726,1DB294A8F8686321,storage.snbt,&dStack Upgrade Tier 4,&d4단계 쌓기 기능,,sophisticatedbackpacks:stack_upgrade_tier_4,4단계 스택 업그레이드,적용한 제목 정상화,&d4단계 스택 업그레이드
quest,7C0F7A1B3AB9A1A1,1DB294A8F8686321,storage.snbt,&eAdvanced Refill Upgrade,&e고급 보충 기능,,sophisticatedbackpacks:advanced_refill_upgrade,고급 보충 업그레이드,적용한 제목 정상화,&e고급 보충 업그레이드
quest,7E9E03274A88347D,1DB294A8F8686321,storage.snbt,&fStack Upgrade Tier 1,&f1단계 쌓기 기능,,sophisticatedbackpacks:stack_upgrade_tier_1,1단계 스택 업그레이드,적용한 제목 정상화,&f1단계 스택 업그레이드
