"kind","object_id","chapter_id","chapter_file","source_value","current_korean","fallback_value","item_id","resourcepack_translation","problem_type","applied_fix"
"task","1A074A68B6495F89","792AD692F1468B1F","achapter_2r_6the_atm_star.snbt","","","","modern_industrialization:runic_crucible","","명시적 task.title 없이 아이템 hover 사용",""
"task","13537E6BC509C205","792AD692F1468B1F","achapter_2r_6the_atm_star.snbt","","","","modern_industrialization:auto_forge","","명시적 task.title 없이 아이템 hover 사용",""
"task","7132EDBAF11818AF","792AD692F1468B1F","achapter_2r_6the_atm_star.snbt","","","","forbidden_arcanus:hephaestus_forge_tier_5","","명시적 task.title 없이 아이템 hover 사용",""
"task","5B01815F8338D67D","792AD692F1468B1F","achapter_2r_6the_atm_star.snbt","","","","modern_industrialization:star_altar","","명시적 task.title 없이 아이템 hover 사용",""
"task","7A2327D70A6D7B81","792AD692F1468B1F","achapter_2r_6the_atm_star.snbt","","","","modern_industrialization:runic_enchanter","","명시적 task.title 없이 아이템 hover 사용",""
"task","4994EFF3C153220F","792AD692F1468B1F","achapter_2r_6the_atm_star.snbt","","","","minecraft:soul_lantern","","명시적 task.title 없이 아이템 hover 사용",""
"task","5BCD83C6A9F1AE62","792AD692F1468B1F","achapter_2r_6the_atm_star.snbt","","","","minecraft:enchanting_table","","명시적 task.title 없이 아이템 hover 사용",""
"quest","3D78D9F4E8A60EDB","792AD692F1468B1F","achapter_2r_6the_atm_star.snbt","&5&lCreative &dSource &fJar","&5&l크리에이티브 &d마나 &f단지","","ars_nouveau:creative_source_jar","크리에이티브 유리 단지","리소스팩 아이템명과 quest.title 불일치","크리에이티브 유리 단지"
"quest","23DE60E57136C207","792AD692F1468B1F","achapter_2r_6the_atm_star.snbt","&5&lCreative &3Energy Battery","&5&l크리에이티브 &3에너지 배터리","","integrateddynamics:energy_battery_creative","크레에이티브 에너지 배터리","리소스팩 아이템명과 quest.title 불일치","크레에이티브 에너지 배터리"
"quest","228CB313BAB6406E","792AD692F1468B1F","achapter_2r_6the_atm_star.snbt","&5&lCreative &8Locomotive","&5&l크리에이티브 &8기관차","","railcraft:creative_locomotive","창의적인 기관차","리소스팩 아이템명과 quest.title 불일치","창의적인 기관차"
"task","6E849DDBE1319A40","792AD692F1468B1F","achapter_2r_6the_atm_star.snbt","","","","kubejs:atm_star_shard_1","","명시적 task.title 없이 아이템 hover 사용",""
"task","243AA6B32F9B4F79","792AD692F1468B1F","achapter_2r_6the_atm_star.snbt","","","","kubejs:atm_star_shard_2","","명시적 task.title 없이 아이템 hover 사용",""
"task","5A1B5978D8C2574C","792AD692F1468B1F","achapter_2r_6the_atm_star.snbt","","","","kubejs:atm_star_shard_5","","명시적 task.title 없이 아이템 hover 사용",""
"task","697C7D9A4E9466D9","792AD692F1468B1F","achapter_2r_6the_atm_star.snbt","","","","kubejs:atm_star_shard_4","","명시적 task.title 없이 아이템 hover 사용",""
"task","259990BB80D272C4","792AD692F1468B1F","achapter_2r_6the_atm_star.snbt","","","","kubejs:atm_star_shard_3","","명시적 task.title 없이 아이템 hover 사용",""
"task","012550B8C5B1BBCC","792AD692F1468B1F","achapter_2r_6the_atm_star.snbt","","","","minecraft:enchanted_book","","명시적 task.title 없이 아이템 hover 사용",""
"task","4F0B4843BED80B46","792AD692F1468B1F","achapter_2r_6the_atm_star.snbt","","","{""extra"":[{""italic"":false,""text"":""Infused Patrick Star""}],""text"":""""}","allthetweaks:patrick_star","","명시적 task.title 없이 아이템 hover 사용",""
"task","4F0B4843BED80B46","792AD692F1468B1F","achapter_2r_6the_atm_star.snbt","","","{""extra"":[{""italic"":false,""text"":""Infused Patrick Star""}],""text"":""""}","allthetweaks:patrick_star","","영어 custom_name 또는 literal component",""
"task","3677156DC4D715D5","24151251C8730F2E","aether.snbt","","","","minecraft:glowstone","","명시적 task.title 없이 아이템 hover 사용",""
"task","7033C2D58700433D","24151251C8730F2E","aether.snbt","","","","minecraft:water_bucket","","명시적 task.title 없이 아이템 hover 사용",""
"quest","5825892699A8DCB7","24151251C8730F2E","aether.snbt","&l&eThe Aether","&l&eThe Aether","","","","한국어 파일의 영어 quest.title",""
"task","0AB9BED5E5144BAC","4293754F9B2D05F0","allthemodium.snbt","","","","minecraft:netherite_ingot","","명시적 task.title 없이 아이템 hover 사용",""
"quest","11E957CDEFA0CAAB","4293754F9B2D05F0","allthemodium.snbt","&5&lThe Beyond","&5&lThe Beyond","","","","한국어 파일의 영어 quest.title",""
"quest","552F0B9B00F4F914","4293754F9B2D05F0","allthemodium.snbt","","","AllRightsReserved","","","설명은 있으나 명시적 quest.title 없음",""
"task","5F45BABFD89DE0EC","4293754F9B2D05F0","allthemodium.snbt","AllRightsReserved","AllRightsReserved","","","","한국어 파일의 영어 task.title",""
"task","7A588081117FA54F","4293754F9B2D05F0","allthemodium.snbt","AllRightsReserved","AllRightsReserved","","","","한국어 파일의 영어 task.title",""
"quest","7CC96CE9901F25BB","4293754F9B2D05F0","allthemodium.snbt","","","item","forbidden_arcanus:hephaestus_forge_tier_1","","설명은 있으나 명시적 quest.title 없음",""
"task","1C210EEEF2D7C052","4293754F9B2D05F0","allthemodium.snbt","","","","forbidden_arcanus:hephaestus_forge_tier_1","","명시적 task.title 없이 아이템 hover 사용",""
"quest","310969B8FE0A94DE","0E81CBCD6B1D1895","apotheosis_2.snbt","Apothic Spawners","Apothic Spawners","","","","한국어 파일의 영어 quest.title",""
"task","5225548C5219E0C6","0E81CBCD6B1D1895","apotheosis_2.snbt","","","","minecraft:spawner","","명시적 task.title 없이 아이템 hover 사용",""
"task","5F16431DBEAF97B0","0E81CBCD6B1D1895","apotheosis_2.snbt","","","Rune of Perpetual Twilight","apotheosis:ignore_light_spawner_rune","","명시적 task.title 없이 아이템 hover 사용",""
"task","7CA847C78EB1B215","0E81CBCD6B1D1895","apotheosis_2.snbt","","","Rune of Stupor","apotheosis:no_ai_spawner_rune","","명시적 task.title 없이 아이템 hover 사용",""
"task","65FF566B862C7211","0E81CBCD6B1D1895","apotheosis_2.snbt","","","Rune of Youth","apotheosis:youthful_spawner_rune","","명시적 task.title 없이 아이템 hover 사용",""
"task","5E1D4330184C7E38","0E81CBCD6B1D1895","apotheosis_2.snbt","","","Rune of Spawning Range","apotheosis:spawn_range_spawner_rune","","명시적 task.title 없이 아이템 hover 사용",""
"task","39E60F2CA2EFAB9E","0E81CBCD6B1D1895","apotheosis_2.snbt","","","Rune of Control","apotheosis:redstone_control_spawner_rune","","명시적 task.title 없이 아이템 hover 사용",""
"task","211FBEB0E4FF1FD6","0E81CBCD6B1D1895","apotheosis_2.snbt","","","Rune of Solitude","apotheosis:ignore_players_spawner_rune","","명시적 task.title 없이 아이템 hover 사용",""
"task","74B1D74F1C52D05C","0E81CBCD6B1D1895","apotheosis_2.snbt","","","Rune of Defiance","apotheosis:ignore_conditions_spawner_rune","","명시적 task.title 없이 아이템 hover 사용",""
"task","20D72B07EE11DDCB","0E81CBCD6B1D1895","apotheosis_2.snbt","","","","minecraft:quartz","","명시적 task.title 없이 아이템 hover 사용",""
"task","457F2333F0FC4029","0E81CBCD6B1D1895","apotheosis_2.snbt","","","Rune of Echoes","apotheosis:echoing_spawner_rune","","명시적 task.title 없이 아이템 hover 사용",""
"task","703ACE135A88F2DB","0E81CBCD6B1D1895","apotheosis_2.snbt","","","Rune of Debilitation","apotheosis:initial_health_spawner_rune","","명시적 task.title 없이 아이템 hover 사용",""
"task","227F63C049BD3C6E","0E81CBCD6B1D1895","apotheosis_2.snbt","","","Rune of Immolation","apotheosis:burning_spawner_rune","","명시적 task.title 없이 아이템 hover 사용",""
"task","262D81991CB885B3","0E81CBCD6B1D1895","apotheosis_2.snbt","","","Spawner Chain","apotheosis:spawner_chain","","명시적 task.title 없이 아이템 hover 사용",""
"task","449574D591A36201","0E81CBCD6B1D1895","apotheosis_2.snbt","","","","minecraft:tnt","","명시적 task.title 없이 아이템 hover 사용",""
"quest","17C87EB8ED8A27AB","0E81CBCD6B1D1895","apotheosis_2.snbt","","","Spawner Rune","apotheosis:spawner_rune","","설명은 있으나 명시적 quest.title 없음",""
"task","28D30A983F0E4E13","0E81CBCD6B1D1895","apotheosis_2.snbt","","","Spawner Rune","apotheosis:spawner_rune","","명시적 task.title 없이 아이템 hover 사용",""
"task","2FC5A74B43B9CA85","0E81CBCD6B1D1895","apotheosis_2.snbt","","","Rune of Silence","apotheosis:silent_spawner_rune","","명시적 task.title 없이 아이템 hover 사용",""
"quest","3F1430ADB648102F","0E81CBCD6B1D1895","apotheosis_2.snbt","","","Frontiersman's Spawner Upgrade Rune","apotheosis:frontier_spawner_upgrade_rune","","설명은 있으나 명시적 quest.title 없음",""
"task","36B1DF7B054D803A","0E81CBCD6B1D1895","apotheosis_2.snbt","","","Frontiersman's Spawner Upgrade Rune","apotheosis:frontier_spawner_upgrade_rune","","명시적 task.title 없이 아이템 hover 사용",""
"quest","17410BE15A81DD96","0E81CBCD6B1D1895","apotheosis_2.snbt","","","Wayfarer's Spawner Upgrade Rune","apotheosis:ascent_spawner_upgrade_rune","","설명은 있으나 명시적 quest.title 없음",""
"task","602E67E4865AF1C5","0E81CBCD6B1D1895","apotheosis_2.snbt","","","Wayfarer's Spawner Upgrade Rune","apotheosis:ascent_spawner_upgrade_rune","","명시적 task.title 없이 아이템 hover 사용",""
"quest","503AC506720FC59E","0E81CBCD6B1D1895","apotheosis_2.snbt","","","Infused Spawner Rune","apotheosis:infused_spawner_rune","","설명은 있으나 명시적 quest.title 없음",""
"task","74EAE4DBD6EBDACC","0E81CBCD6B1D1895","apotheosis_2.snbt","","","Infused Spawner Rune","apotheosis:infused_spawner_rune","","명시적 task.title 없이 아이템 hover 사용",""
"quest","7AC6A958936636D9","0E81CBCD6B1D1895","apotheosis_2.snbt","","","Mountaineer's Spawner Upgrade Rune","apotheosis:summit_spawner_upgrade_rune","","설명은 있으나 명시적 quest.title 없음",""
"task","3B2FCF1513B78FD5","0E81CBCD6B1D1895","apotheosis_2.snbt","","","Mountaineer's Spawner Upgrade Rune","apotheosis:summit_spawner_upgrade_rune","","명시적 task.title 없이 아이템 hover 사용",""
"quest","0E90577AC72749C4","0E81CBCD6B1D1895","apotheosis_2.snbt","","","Thundering Spawner Upgrade Rune","apotheosis:pinnacle_spawner_upgrade_rune","","설명은 있으나 명시적 quest.title 없음",""
"task","7C104CB6B4153203","0E81CBCD6B1D1895","apotheosis_2.snbt","","","Thundering Spawner Upgrade Rune","apotheosis:pinnacle_spawner_upgrade_rune","","명시적 task.title 없이 아이템 hover 사용",""
"task","146817D02B4E6F59","0731FA8830F28280","apotheosis_gear.snbt","","","","minecraft:smithing_table","","명시적 task.title 없이 아이템 hover 사용",""
"task","7330FAC338D718B8","12AD9789D962B179","apothic_enchanting.snbt","","","","minecraft:lapis_lazuli","","명시적 task.title 없이 아이템 hover 사용",""
"task","534457B54999863B","12AD9789D962B179","apothic_enchanting.snbt","","","","minecraft:budding_amethyst","","명시적 task.title 없이 아이템 hover 사용",""
"task","2F3D51FDCAEE0410","12AD9789D962B179","apothic_enchanting.snbt","","","","minecraft:echo_shard","","명시적 task.title 없이 아이템 hover 사용",""
"task","32E6C837728B2EF1","12AD9789D962B179","apothic_enchanting.snbt","","","","minecraft:book","","명시적 task.title 없이 아이템 hover 사용",""
"task","65D6DA1FFF0EEF80","12AD9789D962B179","apothic_enchanting.snbt","","","","minecraft:honey_bottle","","명시적 task.title 없이 아이템 hover 사용",""
"task","19B27A9C01279768","12AD9789D962B179","apothic_enchanting.snbt","","","Infused Spawner Rune","apotheosis:infused_spawner_rune","","명시적 task.title 없이 아이템 hover 사용",""
"task","7200EF4D0342BD05","12AD9789D962B179","apothic_enchanting.snbt","","","God-Fused Pearl","apotheosis:god_fused_pearl","","명시적 task.title 없이 아이템 hover 사용",""
"task","3A2AB68935A9DDD0","12AD9789D962B179","apothic_enchanting.snbt","","","Enchanting Table of the Raven","apothic_enchanting:raven_enchanting_table","","명시적 task.title 없이 아이템 hover 사용",""
"task","51A617F8FBBFA712","6AEDA2F9BEB57759","ars_nouveau.snbt","","","","minecraft:book","","명시적 task.title 없이 아이템 hover 사용",""
"task","569B0D7ABC091612","6AEDA2F9BEB57759","ars_nouveau.snbt","","","","ars_nouveau:glyph_intangible","","명시적 task.title 없이 아이템 hover 사용",""
"task","55B5FAA746D6C829","6AEDA2F9BEB57759","ars_nouveau.snbt","","","","ars_nouveau:glyph_ignite","","명시적 task.title 없이 아이템 hover 사용",""
"task","615188F5D6F85423","6AEDA2F9BEB57759","ars_nouveau.snbt","","","","ars_nouveau:glyph_flare","","명시적 task.title 없이 아이템 hover 사용",""
"task","75FB9F65DDF0403C","6AEDA2F9BEB57759","ars_nouveau.snbt","","","","ars_nouveau:glyph_craft","","명시적 task.title 없이 아이템 hover 사용",""
"task","20E81CE5B5665DAF","6AEDA2F9BEB57759","ars_nouveau.snbt","","","","ars_nouveau:glyph_cold_snap","","명시적 task.title 없이 아이템 hover 사용",""
"task","17D156865446035D","6AEDA2F9BEB57759","ars_nouveau.snbt","","","","ars_nouveau:glyph_rune","","명시적 task.title 없이 아이템 hover 사용",""
"task","3472B3099BD5EE5D","6AEDA2F9BEB57759","ars_nouveau.snbt","","","","ars_nouveau:glyph_snare","","명시적 task.title 없이 아이템 hover 사용",""
"task","6A60A533BDBCCAD9","6AEDA2F9BEB57759","ars_nouveau.snbt","","","","ars_nouveau:glyph_slowfall","","명시적 task.title 없이 아이템 hover 사용",""
"task","12CE4920DABD0F98","6AEDA2F9BEB57759","ars_nouveau.snbt","","","","ars_nouveau:glyph_freeze","","명시적 task.title 없이 아이템 hover 사용",""
"task","2CBB0C0E32E58128","6AEDA2F9BEB57759","ars_nouveau.snbt","","","","ars_nouveau:glyph_split","","명시적 task.title 없이 아이템 hover 사용",""
"task","05AD66530B699FA0","6AEDA2F9BEB57759","ars_nouveau.snbt","","","","ars_nouveau:glyph_crush","","명시적 task.title 없이 아이템 hover 사용",""
"task","21E1D29B5CD3372A","6AEDA2F9BEB57759","ars_nouveau.snbt","","","","ars_nouveau:glyph_smelt","","명시적 task.title 없이 아이템 hover 사용",""
"task","761F5F98E18E824D","6AEDA2F9BEB57759","ars_nouveau.snbt","","","","ars_nouveau:glyph_accelerate","","명시적 task.title 없이 아이템 hover 사용",""
"task","0AD6A125820795DE","6AEDA2F9BEB57759","ars_nouveau.snbt","","","","ars_nouveau:glyph_summon_vex","","명시적 task.title 없이 아이템 hover 사용",""
"task","59CE7EAEA0C25808","6AEDA2F9BEB57759","ars_nouveau.snbt","","","","ars_nouveau:glyph_lightning","","명시적 task.title 없이 아이템 hover 사용",""
"task","54E317444AF31DA0","6AEDA2F9BEB57759","ars_nouveau.snbt","","","","ars_nouveau:glyph_grow","","명시적 task.title 없이 아이템 hover 사용",""
"task","3512BC20229693CD","6AEDA2F9BEB57759","ars_nouveau.snbt","","","","ars_nouveau:glyph_dampen","","명시적 task.title 없이 아이템 hover 사용",""
"task","05BAF8FF07FD6A10","6AEDA2F9BEB57759","ars_nouveau.snbt","","","","ars_nouveau:glyph_invisibility","","명시적 task.title 없이 아이템 hover 사용",""
"task","6E473A397B0824E4","6AEDA2F9BEB57759","ars_nouveau.snbt","","","","ars_nouveau:glyph_extract","","명시적 task.title 없이 아이템 hover 사용",""
"task","312250C813E89B54","6AEDA2F9BEB57759","ars_nouveau.snbt","","","","ars_nouveau:glyph_delay","","명시적 task.title 없이 아이템 hover 사용",""
"task","3F20F6E300F8E095","6AEDA2F9BEB57759","ars_nouveau.snbt","","","","ars_nouveau:glyph_light","","명시적 task.title 없이 아이템 hover 사용",""
"task","353BF5D2B4D53BF5","6AEDA2F9BEB57759","ars_nouveau.snbt","","","","ars_nouveau:glyph_duration_down","","명시적 task.title 없이 아이템 hover 사용",""
"task","105A471BB30BD30F","6AEDA2F9BEB57759","ars_nouveau.snbt","","","","ars_nouveau:glyph_exchange","","명시적 task.title 없이 아이템 hover 사용",""
"task","52234A1EC13FC6A0","6AEDA2F9BEB57759","ars_nouveau.snbt","","","","ars_nouveau:glyph_place_block","","명시적 task.title 없이 아이템 hover 사용",""
"task","5C9BC3699A5762CA","6AEDA2F9BEB57759","ars_nouveau.snbt","","","","ars_nouveau:glyph_conjure_water","","명시적 task.title 없이 아이템 hover 사용",""
"task","651B06E6873F34CF","6AEDA2F9BEB57759","ars_nouveau.snbt","","","","ars_nouveau:glyph_cut","","명시적 task.title 없이 아이템 hover 사용",""
"task","545B39FB8B2627AD","6AEDA2F9BEB57759","ars_nouveau.snbt","","","","ars_nouveau:glyph_harm","","명시적 task.title 없이 아이템 hover 사용",""
"task","6B7078A98D08EC1F","6AEDA2F9BEB57759","ars_nouveau.snbt","","","","ars_nouveau:glyph_interact","","명시적 task.title 없이 아이템 hover 사용",""
"task","32C20AFC9A4A0E0E","6AEDA2F9BEB57759","ars_nouveau.snbt","","","","ars_nouveau:glyph_blink","","명시적 task.title 없이 아이템 hover 사용",""
"task","41EF535B718F674F","6AEDA2F9BEB57759","ars_nouveau.snbt","","","","ars_nouveau:glyph_amplify","","명시적 task.title 없이 아이템 hover 사용",""
"task","405BF1E9FE690938","6AEDA2F9BEB57759","ars_nouveau.snbt","","","","ars_nouveau:glyph_phantom_block","","명시적 task.title 없이 아이템 hover 사용",""
"task","7F2FC5D08E7B548B","6AEDA2F9BEB57759","ars_nouveau.snbt","","","","ars_nouveau:glyph_fell","","명시적 task.title 없이 아이템 hover 사용",""
"task","56F8DEF68AA8B41C","6AEDA2F9BEB57759","ars_nouveau.snbt","","","","ars_nouveau:glyph_extend_time","","명시적 task.title 없이 아이템 hover 사용",""
"task","53250785A630D303","6AEDA2F9BEB57759","ars_nouveau.snbt","","","","ars_nouveau:glyph_heal","","명시적 task.title 없이 아이템 hover 사용",""
"task","38003743B695C5C1","6AEDA2F9BEB57759","ars_nouveau.snbt","","","","ars_nouveau:glyph_leap","","명시적 task.title 없이 아이템 hover 사용",""
"task","23921DC99D9F19D8","6AEDA2F9BEB57759","ars_nouveau.snbt","","","","ars_nouveau:glyph_redstone_signal","","명시적 task.title 없이 아이템 hover 사용",""
"task","04E0C481BB6ABD87","6AEDA2F9BEB57759","ars_nouveau.snbt","","","","ars_nouveau:glyph_pierce","","명시적 task.title 없이 아이템 hover 사용",""
"task","10D3703D3C415FC3","6AEDA2F9BEB57759","ars_nouveau.snbt","","","","ars_nouveau:glyph_harvest","","명시적 task.title 없이 아이템 hover 사용",""
"task","55DA99DF01D9C37C","6AEDA2F9BEB57759","ars_nouveau.snbt","","","","ars_nouveau:glyph_fortune","","명시적 task.title 없이 아이템 hover 사용",""
"task","696076AA28E02C89","6AEDA2F9BEB57759","ars_nouveau.snbt","","","","ars_nouveau:glyph_break","","명시적 task.title 없이 아이템 hover 사용",""
"task","44C797F6DFAF95D9","6AEDA2F9BEB57759","ars_nouveau.snbt","","","","ars_nouveau:glyph_pickup","","명시적 task.title 없이 아이템 hover 사용",""
"task","486CF16F4F5C860E","6AEDA2F9BEB57759","ars_nouveau.snbt","","","","ars_nouveau:glyph_launch","","명시적 task.title 없이 아이템 hover 사용",""
"task","54AED59019A9FC16","6AEDA2F9BEB57759","ars_nouveau.snbt","","","","ars_nouveau:glyph_dispel","","명시적 task.title 없이 아이템 hover 사용",""
"task","3EBC8A668657B7E1","6AEDA2F9BEB57759","ars_nouveau.snbt","","","","ars_nouveau:glyph_ender_inventory","","명시적 task.title 없이 아이템 hover 사용",""
"task","41A6ED0A1538D0A8","6AEDA2F9BEB57759","ars_nouveau.snbt","","","","ars_nouveau:glyph_pull","","명시적 task.title 없이 아이템 hover 사용",""
"task","2626959A926C1054","6AEDA2F9BEB57759","ars_nouveau.snbt","","","","ars_nouveau:glyph_explosion","","명시적 task.title 없이 아이템 hover 사용",""
"task","624F70371F036C65","6AEDA2F9BEB57759","ars_nouveau.snbt","","","","ars_nouveau:glyph_fangs","","명시적 task.title 없이 아이템 hover 사용",""
"task","03829269308C4BC8","6AEDA2F9BEB57759","ars_nouveau.snbt","","","","ars_nouveau:glyph_aoe","","명시적 task.title 없이 아이템 hover 사용",""
"task","27987EFDAC19DE52","6AEDA2F9BEB57759","ars_nouveau.snbt","","","","ars_nouveau:glyph_gravity","","명시적 task.title 없이 아이템 hover 사용",""
"task","589EE0FDB1FB0FA9","6AEDA2F9BEB57759","ars_nouveau.snbt","","","","ars_nouveau:glyph_wither","","명시적 task.title 없이 아이템 hover 사용",""
"task","3270B8D5C37F7F34","6AEDA2F9BEB57759","ars_nouveau.snbt","","","","ars_nouveau:glyph_gust","","명시적 task.title 없이 아이템 hover 사용",""
"task","5A03F82C6B50D548","6AEDA2F9BEB57759","ars_nouveau.snbt","","","","ars_nouveau:glyph_summon_steed","","명시적 task.title 없이 아이템 hover 사용",""
"task","29E06B429B4AE176","6AEDA2F9BEB57759","ars_nouveau.snbt","","","","ars_nouveau:glyph_summon_wolves","","명시적 task.title 없이 아이템 hover 사용",""
"task","17413068980A17B1","6AEDA2F9BEB57759","ars_nouveau.snbt","","","","ars_nouveau:glyph_underfoot","","명시적 task.title 없이 아이템 hover 사용",""
"task","72D77A51A69EDA71","6AEDA2F9BEB57759","ars_nouveau.snbt","","","","ars_nouveau:glyph_summon_decoy","","명시적 task.title 없이 아이템 hover 사용",""
"task","2A80E3849EB6A71D","6AEDA2F9BEB57759","ars_nouveau.snbt","","","","ars_nouveau:glyph_hex","","명시적 task.title 없이 아이템 hover 사용",""
"task","0DB8F107D55B420F","6AEDA2F9BEB57759","ars_nouveau.snbt","","","","ars_nouveau:glyph_orbit","","명시적 task.title 없이 아이템 hover 사용",""
"task","21C6D6FA46FCE9E9","6AEDA2F9BEB57759","ars_nouveau.snbt","","","","ars_nouveau:glyph_sensitive","","명시적 task.title 없이 아이템 hover 사용",""
"task","3282190E6DF860F4","6AEDA2F9BEB57759","ars_nouveau.snbt","","","","ars_nouveau:glyph_decelerate","","명시적 task.title 없이 아이템 hover 사용",""
"task","496294EBE15C66AD","6AEDA2F9BEB57759","ars_nouveau.snbt","","","","ars_nouveau:glyph_glide","","명시적 task.title 없이 아이템 hover 사용",""
"task","6EA660C81B613163","6AEDA2F9BEB57759","ars_nouveau.snbt","","","","ars_nouveau:glyph_wind_shear","","명시적 task.title 없이 아이템 hover 사용",""
"task","598ED65E5C450F82","6AEDA2F9BEB57759","ars_nouveau.snbt","","","","ars_nouveau:glyph_summon_undead","","명시적 task.title 없이 아이템 hover 사용",""
"task","46FA84B093CC1151","6AEDA2F9BEB57759","ars_nouveau.snbt","","","","ars_nouveau:glyph_linger","","명시적 task.title 없이 아이템 hover 사용",""
"task","5DA75E54FF1EFE89","6AEDA2F9BEB57759","ars_nouveau.snbt","","","","ars_nouveau:glyph_evaporate","","명시적 task.title 없이 아이템 hover 사용",""
"task","024EA8646EFADFF5","6AEDA2F9BEB57759","ars_nouveau.snbt","","","","ars_nouveau:glyph_bounce","","명시적 task.title 없이 아이템 hover 사용",""
"task","352317A2806A9855","6AEDA2F9BEB57759","ars_nouveau.snbt","","","","ars_nouveau:glyph_sense_magic","","명시적 task.title 없이 아이템 hover 사용",""
"task","34C8EB5C0EEE98DD","6AEDA2F9BEB57759","ars_nouveau.snbt","","","","ars_nouveau:glyph_name","","명시적 task.title 없이 아이템 hover 사용",""
"task","7DCF09E4EFEC5D64","6AEDA2F9BEB57759","ars_nouveau.snbt","","","","ars_nouveau:glyph_firework","","명시적 task.title 없이 아이템 hover 사용",""
"task","12EA0487A7DD255B","6AEDA2F9BEB57759","ars_nouveau.snbt","","","","ars_nouveau:glyph_toss","","명시적 task.title 없이 아이템 hover 사용",""
"quest","5C3FF43CF16BCF30","6AEDA2F9BEB57759","ars_nouveau.snbt","Sourcestone","마나석","","ars_nouveau:sourcestone","마나 돌","리소스팩 아이템명과 quest.title 불일치","마나 돌"
"quest","36CDA39C23D3AA2B","6AEDA2F9BEB57759","ars_nouveau.snbt","","","AllRightsReserved","","","설명은 있으나 명시적 quest.title 없음",""
"task","0E6876A34D1975EB","6AEDA2F9BEB57759","ars_nouveau.snbt","AllRightsReserved","AllRightsReserved","","","","한국어 파일의 영어 task.title",""
"task","388545A0E3B4930D","6AEDA2F9BEB57759","ars_nouveau.snbt","AllRightsReserved","AllRightsReserved","","","","한국어 파일의 영어 task.title",""
"quest","5CE44C58A470E48E","7AF827D2D101D343","artifacts.snbt","&l&3Artifacts","&l&3Artifacts","","","","한국어 파일의 영어 quest.title",""
"quest","5FD6A738754F6013","7AF827D2D101D343","artifacts.snbt","","","AllRightsReserved","","","설명은 있으나 명시적 quest.title 없음",""
"task","376652638B9221C9","7AF827D2D101D343","artifacts.snbt","AllRightsReserved","AllRightsReserved","","","","한국어 파일의 영어 task.title",""
"task","72E89066290E3040","7AF827D2D101D343","artifacts.snbt","AllRightsReserved","AllRightsReserved","","","","한국어 파일의 영어 task.title",""
"task","457DD21D7C4EAFB1","44F441765D7CB182","auroral.snbt","","","Glacial Basin","auroral:glacial_basin","","명시적 task.title 없이 아이템 hover 사용",""
"task","20716888277642A6","44F441765D7CB182","auroral.snbt","","","Aurora Bloom","auroral:aurora_bloom","","명시적 task.title 없이 아이템 hover 사용",""
"task","3167E721916AF6C1","44F441765D7CB182","auroral.snbt","","","Frozen Petals","auroral:frozen_petals","","명시적 task.title 없이 아이템 hover 사용",""
"task","441FE5DEDF8CBBA5","44F441765D7CB182","auroral.snbt","","","Unrefined Shimmersteel","auroral:unrefined_shimmersteel","","명시적 task.title 없이 아이템 hover 사용",""
"task","786FCB175199BC27","44F441765D7CB182","auroral.snbt","","","Shimmersteel Ingot","auroral:shimmersteel_ingot","","명시적 task.title 없이 아이템 hover 사용",""
"task","114DDA8A31E45D2A","44F441765D7CB182","auroral.snbt","","","Aurora Shard","auroral:aurora_shard","","명시적 task.title 없이 아이템 hover 사용",""
"task","2B69A6D96BE0B560","44F441765D7CB182","auroral.snbt","","","Shimmerweave Fabric","auroral:shimmerweave_fabric","","명시적 task.title 없이 아이템 hover 사용",""
"task","124FAE5D8E96472E","44F441765D7CB182","auroral.snbt","","","Shimmering Ice","auroral:shimmering_ice","","명시적 task.title 없이 아이템 hover 사용",""
"task","54B3B6843107681A","44F441765D7CB182","auroral.snbt","","","Smithing Template","auroral:shimmersteel_upgrade_smithing_template","","명시적 task.title 없이 아이템 hover 사용",""
"task","3F661DEDB8F05E65","44F441765D7CB182","auroral.snbt","","","","auroral:glow_leek_seeds","","명시적 task.title 없이 아이템 hover 사용",""
"task","4BA5E55E883C6A95","44F441765D7CB182","auroral.snbt","","","Glow-Leek","auroral:glow_leek","","명시적 task.title 없이 아이템 hover 사용",""
"task","7570E5AAAC5CCA39","44F441765D7CB182","auroral.snbt","","","","minecraft:ender_pearl","","명시적 task.title 없이 아이템 hover 사용",""
"task","2D7DFE3E4916820B","44F441765D7CB182","auroral.snbt","","","Cold Brewing Stand","auroral:cold_brewing_stand","","명시적 task.title 없이 아이템 hover 사용",""
"task","622132FE07075FC0","44F441765D7CB182","auroral.snbt","","","Hearthwood Log","auroral:hearthwood_log","","명시적 task.title 없이 아이템 hover 사용",""
"task","07BF89832C182E77","44F441765D7CB182","auroral.snbt","","","Aurora Lantern","auroral:aurora_lantern","","명시적 task.title 없이 아이템 hover 사용",""
"task","310D93B59ED7A655","44F441765D7CB182","auroral.snbt","","","","minecraft:snowball","","명시적 task.title 없이 아이템 hover 사용",""
"task","77862419495CD902","44F441765D7CB182","auroral.snbt","","","Aurora Shard","auroral:aurora_shard","","명시적 task.title 없이 아이템 hover 사용",""
"task","726C8F28DA9D9085","44F441765D7CB182","auroral.snbt","","","","minecraft:carved_pumpkin","","명시적 task.title 없이 아이템 hover 사용",""
"task","0FB3544A7FB10C7D","44F441765D7CB182","auroral.snbt","","","Aurora Shard","auroral:aurora_shard","","명시적 task.title 없이 아이템 hover 사용",""
"quest","7D5E772B4FB4CC77","44F441765D7CB182","auroral.snbt","","","AllRightsReserved","","","설명은 있으나 명시적 quest.title 없음",""
"task","119E1CF7C351F939","44F441765D7CB182","auroral.snbt","AllRightsReserved","AllRightsReserved","","","","한국어 파일의 영어 task.title",""
"task","723147B28E759948","44F441765D7CB182","auroral.snbt","AllRightsReserved","AllRightsReserved","","","","한국어 파일의 영어 task.title",""
"task","13D240DA839AE0F9","4791C8461B1B4D5F","basic_armor.snbt","","","","minecraft:leather_helmet","","명시적 task.title 없이 아이템 hover 사용",""
"task","2A1D9DE362310D7E","4791C8461B1B4D5F","basic_armor.snbt","","","","minecraft:leather_chestplate","","명시적 task.title 없이 아이템 hover 사용",""
"task","537CABE8F876E65A","4791C8461B1B4D5F","basic_armor.snbt","","","","minecraft:leather_leggings","","명시적 task.title 없이 아이템 hover 사용",""
"task","102E085F5F52E04E","4791C8461B1B4D5F","basic_armor.snbt","","","","minecraft:leather_boots","","명시적 task.title 없이 아이템 hover 사용",""
"task","70B760551AA03D3A","4791C8461B1B4D5F","basic_armor.snbt","","","","minecraft:chainmail_helmet","","명시적 task.title 없이 아이템 hover 사용",""
"task","318E7C9C3687A8A4","4791C8461B1B4D5F","basic_armor.snbt","","","","minecraft:chainmail_chestplate","","명시적 task.title 없이 아이템 hover 사용",""
"task","68AE0BD86BB15078","4791C8461B1B4D5F","basic_armor.snbt","","","","minecraft:chainmail_leggings","","명시적 task.title 없이 아이템 hover 사용",""
"task","20BC17BCC5E270A6","4791C8461B1B4D5F","basic_armor.snbt","","","","minecraft:chainmail_boots","","명시적 task.title 없이 아이템 hover 사용",""
"task","16C93EF866796293","4791C8461B1B4D5F","basic_armor.snbt","","","","minecraft:golden_helmet","","명시적 task.title 없이 아이템 hover 사용",""
"task","28EABAF0B91E94AE","4791C8461B1B4D5F","basic_armor.snbt","","","","minecraft:golden_chestplate","","명시적 task.title 없이 아이템 hover 사용",""
"task","4A1F24FD39340472","4791C8461B1B4D5F","basic_armor.snbt","","","","minecraft:golden_leggings","","명시적 task.title 없이 아이템 hover 사용",""
"task","474E1537C5CA7FB7","4791C8461B1B4D5F","basic_armor.snbt","","","","minecraft:golden_boots","","명시적 task.title 없이 아이템 hover 사용",""
"quest","497D222F74A52DF5","4791C8461B1B4D5F","basic_armor.snbt","","","item","minecraft:iron_helmet","","설명은 있으나 명시적 quest.title 없음",""
"task","55D98C63A1A01713","4791C8461B1B4D5F","basic_armor.snbt","","","","minecraft:iron_helmet","","명시적 task.title 없이 아이템 hover 사용",""
"task","042B93D43308564F","4791C8461B1B4D5F","basic_armor.snbt","","","","minecraft:iron_chestplate","","명시적 task.title 없이 아이템 hover 사용",""
"task","2F56ECC8DBC90C01","4791C8461B1B4D5F","basic_armor.snbt","","","","minecraft:iron_leggings","","명시적 task.title 없이 아이템 hover 사용",""
"task","4C72CA4823807604","4791C8461B1B4D5F","basic_armor.snbt","","","","minecraft:iron_boots","","명시적 task.title 없이 아이템 hover 사용",""
"task","79CC596EB3BF6A64","4791C8461B1B4D5F","basic_armor.snbt","","","","minecraft:diamond_helmet","","명시적 task.title 없이 아이템 hover 사용",""
"task","49459B4370DD8D1A","4791C8461B1B4D5F","basic_armor.snbt","","","","minecraft:diamond_chestplate","","명시적 task.title 없이 아이템 hover 사용",""
"task","3F04107B4D2907E0","4791C8461B1B4D5F","basic_armor.snbt","","","","minecraft:diamond_leggings","","명시적 task.title 없이 아이템 hover 사용",""
"task","4F6FDB5872FD9E61","4791C8461B1B4D5F","basic_armor.snbt","","","","minecraft:diamond_boots","","명시적 task.title 없이 아이템 hover 사용",""
"task","1CEBDEF56E616268","4791C8461B1B4D5F","basic_armor.snbt","","","","minecraft:netherite_helmet","","명시적 task.title 없이 아이템 hover 사용",""
"task","598F10A1A92CF940","4791C8461B1B4D5F","basic_armor.snbt","","","","minecraft:netherite_chestplate","","명시적 task.title 없이 아이템 hover 사용",""
"task","7CF2C1BC8A233FF6","4791C8461B1B4D5F","basic_armor.snbt","","","","minecraft:netherite_leggings","","명시적 task.title 없이 아이템 hover 사용",""
"task","10C12B9DBDE7A276","4791C8461B1B4D5F","basic_armor.snbt","","","","minecraft:netherite_boots","","명시적 task.title 없이 아이템 hover 사용",""
"task","7FE454AB1A3D8C04","4791C8461B1B4D5F","basic_armor.snbt","","","","eternal_starlight:swamp_silver_helmet","","명시적 task.title 없이 아이템 hover 사용",""
"task","336F743A90D79EA5","4791C8461B1B4D5F","basic_armor.snbt","","","","eternal_starlight:swamp_silver_chestplate","","명시적 task.title 없이 아이템 hover 사용",""
"task","4FD31875EE131079","4791C8461B1B4D5F","basic_armor.snbt","","","","eternal_starlight:swamp_silver_leggings","","명시적 task.title 없이 아이템 hover 사용",""
"task","0B2D12F2EEAE26B5","4791C8461B1B4D5F","basic_armor.snbt","","","","eternal_starlight:swamp_silver_boots","","명시적 task.title 없이 아이템 hover 사용",""
"task","2ACCBA73F15785AE","4791C8461B1B4D5F","basic_armor.snbt","","","","everythingcopper:copper_helmet","","명시적 task.title 없이 아이템 hover 사용",""
"task","140EC910C2EAD46F","4791C8461B1B4D5F","basic_armor.snbt","","","","everythingcopper:copper_chestplate","","명시적 task.title 없이 아이템 hover 사용",""
"task","6EB023B3AEF61518","4791C8461B1B4D5F","basic_armor.snbt","","","","everythingcopper:copper_leggings","","명시적 task.title 없이 아이템 hover 사용",""
"task","5EE73B206A8A3021","4791C8461B1B4D5F","basic_armor.snbt","","","","everythingcopper:copper_boots","","명시적 task.title 없이 아이템 hover 사용",""
"task","1C029B0215BD806D","4791C8461B1B4D5F","basic_armor.snbt","","","","minecraft:sentry_armor_trim_smithing_template","","명시적 task.title 없이 아이템 hover 사용",""
"task","111C7D7EB9F0AB30","4791C8461B1B4D5F","basic_armor.snbt","","","","minecraft:vex_armor_trim_smithing_template","","명시적 task.title 없이 아이템 hover 사용",""
"task","64BDFC1B8E7C6BC2","4791C8461B1B4D5F","basic_armor.snbt","","","","minecraft:wild_armor_trim_smithing_template","","명시적 task.title 없이 아이템 hover 사용",""
"task","33B4B2E11DEF74E2","4791C8461B1B4D5F","basic_armor.snbt","","","","minecraft:coast_armor_trim_smithing_template","","명시적 task.title 없이 아이템 hover 사용",""
"task","3256974258346754","4791C8461B1B4D5F","basic_armor.snbt","","","","minecraft:dune_armor_trim_smithing_template","","명시적 task.title 없이 아이템 hover 사용",""
"task","7AF021834FEC9592","4791C8461B1B4D5F","basic_armor.snbt","","","","minecraft:wayfinder_armor_trim_smithing_template","","명시적 task.title 없이 아이템 hover 사용",""
"task","15F5244A4215F3EF","4791C8461B1B4D5F","basic_armor.snbt","","","","minecraft:raiser_armor_trim_smithing_template","","명시적 task.title 없이 아이템 hover 사용",""
"task","78EB3B59C1A91FEB","4791C8461B1B4D5F","basic_armor.snbt","","","","minecraft:shaper_armor_trim_smithing_template","","명시적 task.title 없이 아이템 hover 사용",""
"task","5DBBB93EDD80E741","4791C8461B1B4D5F","basic_armor.snbt","","","","minecraft:host_armor_trim_smithing_template","","명시적 task.title 없이 아이템 hover 사용",""
"task","724B902D63F0D471","4791C8461B1B4D5F","basic_armor.snbt","","","","minecraft:ward_armor_trim_smithing_template","","명시적 task.title 없이 아이템 hover 사용",""
"task","1BA0343D87EA3239","4791C8461B1B4D5F","basic_armor.snbt","","","","minecraft:silence_armor_trim_smithing_template","","명시적 task.title 없이 아이템 hover 사용",""
"task","431BF9E461342FFC","4791C8461B1B4D5F","basic_armor.snbt","","","","minecraft:tide_armor_trim_smithing_template","","명시적 task.title 없이 아이템 hover 사용",""
"task","166C7B8641947318","4791C8461B1B4D5F","basic_armor.snbt","","","","minecraft:snout_armor_trim_smithing_template","","명시적 task.title 없이 아이템 hover 사용",""
"task","145DA8E241411C05","4791C8461B1B4D5F","basic_armor.snbt","","","","minecraft:rib_armor_trim_smithing_template","","명시적 task.title 없이 아이템 hover 사용",""
"task","6515A5B7CE3527BD","4791C8461B1B4D5F","basic_armor.snbt","","","","minecraft:eye_armor_trim_smithing_template","","명시적 task.title 없이 아이템 hover 사용",""
"task","577EECFDCD8E0424","4791C8461B1B4D5F","basic_armor.snbt","","","","minecraft:spire_armor_trim_smithing_template","","명시적 task.title 없이 아이템 hover 사용",""
"task","02562B17AE7C182B","4791C8461B1B4D5F","basic_armor.snbt","","","","minecraft:flow_armor_trim_smithing_template","","명시적 task.title 없이 아이템 hover 사용",""
"task","4AC8693A533753FD","4791C8461B1B4D5F","basic_armor.snbt","","","","minecraft:bolt_armor_trim_smithing_template","","명시적 task.title 없이 아이템 hover 사용",""
"task","426BED88B406A44B","4791C8461B1B4D5F","basic_armor.snbt","","","","minecraft:redstone","","명시적 task.title 없이 아이템 hover 사용",""
"task","0197CC61699DBE7D","4791C8461B1B4D5F","basic_armor.snbt","","","","minecraft:lapis_lazuli","","명시적 task.title 없이 아이템 hover 사용",""
"task","7C3D8A97769BBBE3","4791C8461B1B4D5F","basic_armor.snbt","","","","minecraft:iron_ingot","","명시적 task.title 없이 아이템 hover 사용",""
"task","16BC496604F56E3B","4791C8461B1B4D5F","basic_armor.snbt","","","","minecraft:gold_ingot","","명시적 task.title 없이 아이템 hover 사용",""
"task","14ACE78261F4EE35","4791C8461B1B4D5F","basic_armor.snbt","","","","minecraft:copper_ingot","","명시적 task.title 없이 아이템 hover 사용",""
"task","4795ADB0596D26DA","4791C8461B1B4D5F","basic_armor.snbt","","","","minecraft:emerald","","명시적 task.title 없이 아이템 hover 사용",""
"task","290255C654A57980","4791C8461B1B4D5F","basic_armor.snbt","","","","minecraft:diamond","","명시적 task.title 없이 아이템 hover 사용",""
"task","39E3DA5BA041E2A4","4791C8461B1B4D5F","basic_armor.snbt","","","","minecraft:netherite_ingot","","명시적 task.title 없이 아이템 hover 사용",""
"quest","3FCEF8FF45E51608","4791C8461B1B4D5F","basic_armor.snbt","","","item","minecraft:quartz","","설명은 있으나 명시적 quest.title 없음",""
"task","05FD7D9C29619813","4791C8461B1B4D5F","basic_armor.snbt","","","","minecraft:quartz","","명시적 task.title 없이 아이템 hover 사용",""
"task","4C45690D5EBCAB90","4791C8461B1B4D5F","basic_armor.snbt","","","","minecraft:amethyst_shard","","명시적 task.title 없이 아이템 hover 사용",""
"task","53E8D3055F57BC80","4791C8461B1B4D5F","basic_armor.snbt","","","","eternal_starlight:swamp_silver_ingot","","명시적 task.title 없이 아이템 hover 사용",""
"quest","5A9C646718EE92C2","4791C8461B1B4D5F","basic_armor.snbt","&3Vibranium&r","&3Vibranium&r","","","","한국어 파일의 영어 quest.title",""
"quest","7279700A93E8630B","4791C8461B1B4D5F","basic_armor.snbt","&5Unobtainium&r","&5Unobtainium&r","","","","한국어 파일의 영어 quest.title",""
"task","230929CC1A1BAD32","4791C8461B1B4D5F","basic_armor.snbt","","","","minecraft:smithing_table","","명시적 task.title 없이 아이템 hover 사용",""
"quest","04B31A600004F7CB","4791C8461B1B4D5F","basic_armor.snbt","","","AllRightsReserved","","","설명은 있으나 명시적 quest.title 없음",""
"task","4BDF268861CA744F","4791C8461B1B4D5F","basic_armor.snbt","AllRightsReserved","AllRightsReserved","","","","한국어 파일의 영어 task.title",""
"task","57895147416291FE","4791C8461B1B4D5F","basic_armor.snbt","AllRightsReserved","AllRightsReserved","","","","한국어 파일의 영어 task.title",""
"quest","2329AA0AFBEF1E13","3DEB33F78398EAD6","basic_logistics.snbt","&l&ePipez","&l&ePipez","","","","한국어 파일의 영어 quest.title",""
"task","6479D685217CC64D","3DEB33F78398EAD6","basic_logistics.snbt","","","","integratedtunnels:part_importer_item","","명시적 task.title 없이 아이템 hover 사용",""
"task","7A8D6779B7C6B99D","3DEB33F78398EAD6","basic_logistics.snbt","","","","integratedtunnels:part_interface_item","","명시적 task.title 없이 아이템 hover 사용",""
"task","38AB1D04DBB036B9","3DEB33F78398EAD6","basic_logistics.snbt","","","","integratedtunnels:part_importer_fluid","","명시적 task.title 없이 아이템 hover 사용",""
"task","1E13BEB52F3D087C","3DEB33F78398EAD6","basic_logistics.snbt","","","","integratedtunnels:part_interface_fluid","","명시적 task.title 없이 아이템 hover 사용",""
"task","4618703B49BDB077","3DEB33F78398EAD6","basic_logistics.snbt","","","","integratedtunnels:part_importer_energy","","명시적 task.title 없이 아이템 hover 사용",""
"task","11F2F4CB9E93471A","3DEB33F78398EAD6","basic_logistics.snbt","","","","integratedtunnels:part_interface_energy","","명시적 task.title 없이 아이템 hover 사용",""
"quest","230582AAFC0A1632","3DEB33F78398EAD6","basic_logistics.snbt","","","AllRightsReserved","","","설명은 있으나 명시적 quest.title 없음",""
"task","4CCB830CFDD43B5E","3DEB33F78398EAD6","basic_logistics.snbt","AllRightsReserved","AllRightsReserved","","","","한국어 파일의 영어 task.title",""
"task","5E4B74F97BDED243","3DEB33F78398EAD6","basic_logistics.snbt","AllRightsReserved","AllRightsReserved","","","","한국어 파일의 영어 task.title",""
"task","31B1E33F92D967D2","3DEB33F78398EAD6","basic_logistics.snbt","","","","ftbfiltersystem:smart_filter","","명시적 task.title 없이 아이템 hover 사용",""
"task","1F2490B2B9A2B5F9","5D045EF1AB73DF70","basic_power.snbt","","","","minecraft:redstone","","명시적 task.title 없이 아이템 hover 사용",""
"task","6D88F09899BB4808","5D045EF1AB73DF70","basic_power.snbt","","","","minecraft:coal","","명시적 task.title 없이 아이템 hover 사용",""
"task","128DC243A78982C3","5D045EF1AB73DF70","basic_power.snbt","","","","minecraft:iron_ingot","","명시적 task.title 없이 아이템 hover 사용",""
"task","4D6630377238B530","5D045EF1AB73DF70","basic_power.snbt","","","","minecraft:iron_ingot","","명시적 task.title 없이 아이템 hover 사용",""
"task","09C547CC92623525","5D045EF1AB73DF70","basic_power.snbt","","","","minecraft:diamond","","명시적 task.title 없이 아이템 hover 사용",""
"task","40B5F7ECA67EBF03","5D045EF1AB73DF70","basic_power.snbt","","","","minecraft:netherite_ingot","","명시적 task.title 없이 아이템 hover 사용",""
"quest","35CC898E0E49FE58","5D045EF1AB73DF70","basic_power.snbt","&8Flux Networks","&8Flux Networks","","","","한국어 파일의 영어 quest.title",""
"task","236EBC924A3AF02B","5D045EF1AB73DF70","basic_power.snbt","","","","productivebees:spawn_egg_configurable_bee","","명시적 task.title 없이 아이템 hover 사용",""
"task","18BA2B3E63A88A72","5D045EF1AB73DF70","basic_power.snbt","","","EM Rail Ejector Controller","dysoncubeproject:em_railejector_controller","","명시적 task.title 없이 아이템 hover 사용",""
"task","21557FD99031BE4C","5D045EF1AB73DF70","basic_power.snbt","","","Ray Receiver Controller","dysoncubeproject:ray_receiver_controller","","명시적 task.title 없이 아이템 hover 사용",""
"task","02C822663913DFCF","4B9D26E0087CD163","basic_tools.snbt","","","","minecraft:cobblestone","","명시적 task.title 없이 아이템 hover 사용",""
"task","25F49B7B8EC6F48B","4B9D26E0087CD163","basic_tools.snbt","","","","minecraft:raw_iron","","명시적 task.title 없이 아이템 hover 사용",""
"task","206791A6A8DA0F16","4B9D26E0087CD163","basic_tools.snbt","","","","minecraft:diamond","","명시적 task.title 없이 아이템 hover 사용",""
"task","794CD7B21426F36D","4B9D26E0087CD163","basic_tools.snbt","","","","minecraft:ancient_debris","","명시적 task.title 없이 아이템 hover 사용",""
"task","2E885362FFDF770D","4B9D26E0087CD163","basic_tools.snbt","","","","minecraft:wooden_pickaxe","","명시적 task.title 없이 아이템 hover 사용",""
"task","4CDD283558108D8B","4B9D26E0087CD163","basic_tools.snbt","","","","minecraft:stone_pickaxe","","명시적 task.title 없이 아이템 hover 사용",""
"task","41A47F38D96A9747","4B9D26E0087CD163","basic_tools.snbt","","","","minecraft:iron_pickaxe","","명시적 task.title 없이 아이템 hover 사용",""
"task","3CAFF729F25A9850","4B9D26E0087CD163","basic_tools.snbt","","","","minecraft:diamond_pickaxe","","명시적 task.title 없이 아이템 hover 사용",""
"task","111144CBEF06EC7F","4B9D26E0087CD163","basic_tools.snbt","","","","minecraft:netherite_pickaxe","","명시적 task.title 없이 아이템 hover 사용",""
"task","5D3CB6FE8F0ED9A5","4B9D26E0087CD163","basic_tools.snbt","Mining Gadgets","Mining Gadgets","","ftbfiltersystem:smart_filter","","한국어 파일의 영어 task.title",""
"task","292C044797A58CC1","4B9D26E0087CD163","basic_tools.snbt","","","","minecraft:stick","","명시적 task.title 없이 아이템 hover 사용",""
"task","77C3BFB8C7F805CF","4B9D26E0087CD163","basic_tools.snbt","","","","minecraft:wooden_sword","","명시적 task.title 없이 아이템 hover 사용",""
"task","13AFEBED5C116FC8","4B9D26E0087CD163","basic_tools.snbt","","","","minecraft:stone_sword","","명시적 task.title 없이 아이템 hover 사용",""
"task","1C1B919636DDC925","4B9D26E0087CD163","basic_tools.snbt","","","","minecraft:iron_sword","","명시적 task.title 없이 아이템 hover 사용",""
"task","3B9E51CF30228269","4B9D26E0087CD163","basic_tools.snbt","","","","minecraft:diamond_sword","","명시적 task.title 없이 아이템 hover 사용",""
"task","5CDEF9E938811FC8","4B9D26E0087CD163","basic_tools.snbt","","","","minecraft:netherite_sword","","명시적 task.title 없이 아이템 hover 사용",""
"task","6D6CF45BE39E11BB","4B9D26E0087CD163","basic_tools.snbt","","","","minecraft:golden_pickaxe","","명시적 task.title 없이 아이템 hover 사용",""
"task","477AAD8E6A0BB944","4B9D26E0087CD163","basic_tools.snbt","","","","minecraft:golden_sword","","명시적 task.title 없이 아이템 hover 사용",""
"task","68EF65729725E203","4B9D26E0087CD163","basic_tools.snbt","","","","everythingcopper:copper_sword","","명시적 task.title 없이 아이템 hover 사용",""
"quest","16AAC61729C44881","4B9D26E0087CD163","basic_tools.snbt","","","AllRightsReserved","","","설명은 있으나 명시적 quest.title 없음",""
"task","66ACCF967C939342","4B9D26E0087CD163","basic_tools.snbt","AllRightsReserved","AllRightsReserved","","","","한국어 파일의 영어 task.title",""
"quest","08B60D8A25008CCC","18A429E7F56AF5A9","bounty_board.snbt","","","AllRightsReserved","","","설명은 있으나 명시적 quest.title 없음",""
"task","00CBF98DE4E9CC90","18A429E7F56AF5A9","bounty_board.snbt","AllRightsReserved","AllRightsReserved","","","","한국어 파일의 영어 task.title",""
"task","65E53C9C5AE98B69","18A429E7F56AF5A9","bounty_board.snbt","AllRightsReserved","AllRightsReserved","","","","한국어 파일의 영어 task.title",""
"quest","1F31EBF49079F9D3","18A429E7F56AF5A9","bounty_board.snbt","Overhauled Creepers","Creeper Overhaul","","","","한국어 파일의 영어 quest.title",""
"quest","570223A03231DF8C","18A429E7F56AF5A9","bounty_board.snbt","Overhauled Endermen","Enderman Overhaul","","","","한국어 파일의 영어 quest.title",""
"quest","5EB488C393B084C4","7A5C327771634A7D","building_tips.snbt","&4&lRechiseled&r","&4&lRechiseled&r","","","","한국어 파일의 영어 quest.title",""
"task","6B88E31AEDD27E1F","7A5C327771634A7D","building_tips.snbt","","","","rechiseled:chisel","","명시적 task.title 없이 아이템 hover 사용",""
"quest","26FADB78B04F592B","7A5C327771634A7D","building_tips.snbt","&l&aBuilding Gadgets&r","&l&aBuilding Gadgets&r","","","","한국어 파일의 영어 quest.title",""
"task","79400615E3A7401D","7A5C327771634A7D","building_tips.snbt","Building Gadgets","Building Gadgets","","ftbfiltersystem:smart_filter","","한국어 파일의 영어 task.title",""
"quest","1FD60B7448CED1EB","7A5C327771634A7D","building_tips.snbt","&b&lMacaw's Fences and Walls","&b&lMacaw's Fences and Walls","","","","한국어 파일의 영어 quest.title",""
"task","78ECC6C98CA985D7","7A5C327771634A7D","building_tips.snbt","Macaw's Fences and Walls","Macaw's Fences and Walls","","ftbfiltersystem:smart_filter","","한국어 파일의 영어 task.title",""
"quest","04F5846E2468E807","7A5C327771634A7D","building_tips.snbt","&b&lMacaw's Doors","&b&lMacaw's Doors","","","","한국어 파일의 영어 quest.title",""
"task","0896EE64F92CCD86","7A5C327771634A7D","building_tips.snbt","Macaw's Doors","Macaw's Doors","","ftbfiltersystem:smart_filter","","한국어 파일의 영어 task.title",""
"quest","55160BAFFD9E2988","7A5C327771634A7D","building_tips.snbt","&l&9Macaw's Furniture&r","&l&9Macaw's Furniture&r","","","","한국어 파일의 영어 quest.title",""
"task","30933620783092A5","7A5C327771634A7D","building_tips.snbt","Macaw's Furniture","Macaw's Furniture","","ftbfiltersystem:smart_filter","","한국어 파일의 영어 task.title",""
"quest","027E6E294D9E1375","7A5C327771634A7D","building_tips.snbt","&b&lMacaw's Holidays&r","&b&lMacaw's Holidays&r","","","","한국어 파일의 영어 quest.title",""
"task","2F94B8FED9BF6698","7A5C327771634A7D","building_tips.snbt","Macaw's Holidays","Macaw's Holidays","","ftbfiltersystem:smart_filter","","한국어 파일의 영어 task.title",""
"quest","3889D0255074CE85","7A5C327771634A7D","building_tips.snbt","&l&bMacaw's Lights and Lamps&r","&l&bMacaw's Lights and Lamps&r","","","","한국어 파일의 영어 quest.title",""
"task","1BA8C5F08A824C08","7A5C327771634A7D","building_tips.snbt","Macaw's Lights and Lamps","Macaw's Lights and Lamps","","ftbfiltersystem:smart_filter","","한국어 파일의 영어 task.title",""
"quest","616ED6C49C37EB91","7A5C327771634A7D","building_tips.snbt","&b&lMacaw's Paths and Pavings","&b&lMacaw's Paths and Pavings","","","","한국어 파일의 영어 quest.title",""
"task","436475D6C527A458","7A5C327771634A7D","building_tips.snbt","Macaw's Paths and Pavings","Macaw's Paths and Pavings","","ftbfiltersystem:smart_filter","","한국어 파일의 영어 task.title",""
"quest","08C66BCA3AAE765B","7A5C327771634A7D","building_tips.snbt","&b&lMacaw's Roofs","&b&lMacaw's Roofs","","","","한국어 파일의 영어 quest.title",""
"task","00A904FBEDE80712","7A5C327771634A7D","building_tips.snbt","Macaw's Roofs","Macaw's Roofs","","ftbfiltersystem:smart_filter","","한국어 파일의 영어 task.title",""
"quest","3D1D5CB45D81A6E4","7A5C327771634A7D","building_tips.snbt","&b&lMacaw's Trapdoors","&b&lMacaw's Trapdoors","","","","한국어 파일의 영어 quest.title",""
"task","20374000F8ADE952","7A5C327771634A7D","building_tips.snbt","Macaw's Trapdoors","Macaw's Trapdoors","","ftbfiltersystem:smart_filter","","한국어 파일의 영어 task.title",""
"quest","3EEF17C57375CC39","7A5C327771634A7D","building_tips.snbt","&lSimply Light&r","&lSimply Light&r","","","","한국어 파일의 영어 quest.title",""
"task","32CB6A7BC1AB644E","7A5C327771634A7D","building_tips.snbt","Simply Light","Simply Light","","ftbfiltersystem:smart_filter","","한국어 파일의 영어 task.title",""
"quest","2B864D741F7C7549","7A5C327771634A7D","building_tips.snbt","&lProductive Trees","&lProductive Trees","","","","한국어 파일의 영어 quest.title",""
"quest","0FE30548F25FEDB1","7A5C327771634A7D","building_tips.snbt","","","item","minecraft:glass","","설명은 있으나 명시적 quest.title 없음",""
"task","5FA5A4469CF8A9EF","7A5C327771634A7D","building_tips.snbt","","","","minecraft:glass","","명시적 task.title 없이 아이템 hover 사용",""
"quest","72DB967E59EEA729","7A5C327771634A7D","building_tips.snbt","&3&lGlassential&r","&3&lGlassential Renewed&r","","","","한국어 파일의 영어 quest.title",""
"task","53A682560123F9B6","7A5C327771634A7D","building_tips.snbt","Glassential","Glassential Renewed","","ftbfiltersystem:smart_filter","","한국어 파일의 영어 task.title",""
"task","7D14A6A6ABBA9960","7A5C327771634A7D","building_tips.snbt","","","","minecraft:cobblestone","","명시적 task.title 없이 아이템 hover 사용",""
"quest","2B4801CD3E90BD40","7A5C327771634A7D","building_tips.snbt","&l&3Handcrafted&r","&l&3Handcrafted&r","","","","한국어 파일의 영어 quest.title",""
"task","3C4997133CCECBE0","7A5C327771634A7D","building_tips.snbt","Handcrafted","Handcrafted","","ftbfiltersystem:smart_filter","","한국어 파일의 영어 task.title",""
"quest","1591013DDD4766E1","7A5C327771634A7D","building_tips.snbt","&l&cCooking for Blockheads&r","&l&cCooking for Blockheads&r","","","","한국어 파일의 영어 quest.title",""
"task","225F53F8A0E9E822","7A5C327771634A7D","building_tips.snbt","Cooking for Blockheads","Cooking for Blockheads","","ftbfiltersystem:smart_filter","","한국어 파일의 영어 task.title",""
"quest","0C82CE3AFBD48C1E","7A5C327771634A7D","building_tips.snbt","&l&aSushi Go Crafting&r","&l&aSushi Go Crafting&r","","","","한국어 파일의 영어 quest.title",""
"task","53A6720343E57302","7A5C327771634A7D","building_tips.snbt","Sushi Go Crafting","Sushi Go Crafting","","ftbfiltersystem:smart_filter","","한국어 파일의 영어 task.title",""
"quest","5D5563142917495A","7A5C327771634A7D","building_tips.snbt","&l&eFarmer's Delight&r","&l&eFarmer's Delight&r","","","","한국어 파일의 영어 quest.title",""
"task","4B274207A9646FE9","7A5C327771634A7D","building_tips.snbt","Farmer's Delight","Farmer's Delight","","ftbfiltersystem:smart_filter","","한국어 파일의 영어 task.title",""
"quest","3E4B27759C973006","7A5C327771634A7D","building_tips.snbt","&l&6Framed Blocks&r","&l&6FramedBlocks&r","","","","한국어 파일의 영어 quest.title",""
"task","16EF7FF802D5A2BB","7A5C327771634A7D","building_tips.snbt","Framed Blocks","FramedBlocks","","ftbfiltersystem:smart_filter","","한국어 파일의 영어 task.title",""
"quest","30B3BC91460C9B19","7A5C327771634A7D","building_tips.snbt","&bMacaw's Mods","&bMacaw's Mods","","","","한국어 파일의 영어 quest.title",""
"task","4AA065E761BB6A42","7A5C327771634A7D","building_tips.snbt","","","","minecraft:stick","","명시적 task.title 없이 아이템 hover 사용",""
"quest","01516BC726013B7C","7A5C327771634A7D","building_tips.snbt","","","AllRightsReserved","","","설명은 있으나 명시적 quest.title 없음",""
"task","6AA335ED81844F9F","7A5C327771634A7D","building_tips.snbt","AllRightsReserved","AllRightsReserved","","","","한국어 파일의 영어 task.title",""
"task","3C16167530BEC231","7A5C327771634A7D","building_tips.snbt","AllRightsReserved","AllRightsReserved","","","","한국어 파일의 영어 task.title",""
"quest","4AE8D8826F894EC7","7A5C327771634A7D","building_tips.snbt","&l&5Domun Ornamentum&r","&l&5Domum Ornamentum&r","","","","한국어 파일의 영어 quest.title",""
"quest","6012D6C3253895F0","7A5C327771634A7D","building_tips.snbt","&cMr Crayfish's Mods&c","&cMrCrayfish's Furniture Mod: Refurbished&c","","","","한국어 파일의 영어 quest.title",""
"quest","0539AF15A10B2859","7A5C327771634A7D","building_tips.snbt","&lCompact Machines","&lCompact Machines","","","","한국어 파일의 영어 quest.title",""
"quest","318A2CC03D1D0B04","7A5C327771634A7D","building_tips.snbt","&l&6Construction Sticks","&l&6Construction Sticks","","","","한국어 파일의 영어 quest.title",""
"quest","69B5D716568AA9EB","7A5C327771634A7D","building_tips.snbt","&d&lCamol","","Camo Block","camol:camo_item","","설명은 있으나 명시적 quest.title 없음",""
"task","728D00827FC3DCC1","7A5C327771634A7D","building_tips.snbt","","","Camo Block","camol:camo_item","","명시적 task.title 없이 아이템 hover 사용",""
"quest","22BB55249EF2E819","48410B67C276ED1F","bumblezone.snbt","&l&6The Bumblezone!","&l&6The Bumblezone!","","","","한국어 파일의 영어 quest.title",""
"task","42D3D4E96812274C","48410B67C276ED1F","bumblezone.snbt","","","","ftbfiltersystem:smart_filter","","명시적 task.title 없이 아이템 hover 사용",""
"quest","42CB494F72FA1FD1","48410B67C276ED1F","bumblezone.snbt","","","advancement","","","설명은 있으나 명시적 quest.title 없음",""
"quest","12EF38830108D02B","48410B67C276ED1F","bumblezone.snbt","","","advancement","","","설명은 있으나 명시적 quest.title 없음",""
"quest","14F6ED7F0C1DC503","48410B67C276ED1F","bumblezone.snbt","","","advancement","","","설명은 있으나 명시적 quest.title 없음",""
"quest","037E0DAA5ECC5AB8","48410B67C276ED1F","bumblezone.snbt","","","advancement","","","설명은 있으나 명시적 quest.title 없음",""
"quest","04665EFC3A37250E","48410B67C276ED1F","bumblezone.snbt","","","advancement","","","설명은 있으나 명시적 quest.title 없음",""
"quest","3365017C9B24C0A9","48410B67C276ED1F","bumblezone.snbt","","","advancement","","","설명은 있으나 명시적 quest.title 없음",""
"quest","72569275EDE9FA23","48410B67C276ED1F","bumblezone.snbt","","","advancement","","","설명은 있으나 명시적 quest.title 없음",""
"quest","0F5549B02D1B383B","48410B67C276ED1F","bumblezone.snbt","","","advancement","","","설명은 있으나 명시적 quest.title 없음",""
"quest","0C9C5639D76FDF65","48410B67C276ED1F","bumblezone.snbt","","","advancement","","","설명은 있으나 명시적 quest.title 없음",""
"quest","64FEF31955CB158D","48410B67C276ED1F","bumblezone.snbt","","","advancement","","","설명은 있으나 명시적 quest.title 없음",""
"quest","4646DCF463FD913F","48410B67C276ED1F","bumblezone.snbt","","","advancement","","","설명은 있으나 명시적 quest.title 없음",""
"quest","612157986673F815","48410B67C276ED1F","bumblezone.snbt","","","advancement","","","설명은 있으나 명시적 quest.title 없음",""
"quest","6BC0904E03683190","48410B67C276ED1F","bumblezone.snbt","","","advancement","","","설명은 있으나 명시적 quest.title 없음",""
"quest","00764A738DA6451C","48410B67C276ED1F","bumblezone.snbt","","","advancement","","","설명은 있으나 명시적 quest.title 없음",""
"quest","341DF467E3936E78","48410B67C276ED1F","bumblezone.snbt","","","advancement","","","설명은 있으나 명시적 quest.title 없음",""
"quest","54D80939887B3F7D","48410B67C276ED1F","bumblezone.snbt","","","advancement","","","설명은 있으나 명시적 quest.title 없음",""
"quest","50150380043F97F9","48410B67C276ED1F","bumblezone.snbt","Flight of the Bumblebee","Flight of the Bumblebee","","","","한국어 파일의 영어 quest.title",""
"quest","3C413D4A210A3BDE","48410B67C276ED1F","bumblezone.snbt","Honey Bee","Honey Bee","","","","한국어 파일의 영어 quest.title",""
"quest","72917C96C322A922","48410B67C276ED1F","bumblezone.snbt","La Bee-da Loca","La Bee-da Loca","","","","한국어 파일의 영어 quest.title",""
"quest","351769579833FA9E","48410B67C276ED1F","bumblezone.snbt","Bee-laxing with the Hom-bees","Bee-laxing with the Hom-bees","","","","한국어 파일의 영어 quest.title",""
"quest","65D993EB95726067","48410B67C276ED1F","bumblezone.snbt","Bee-ware of the Temple","Bee-ware of the Temple","","","","한국어 파일의 영어 quest.title",""
"quest","339384ADC9CDB944","48410B67C276ED1F","bumblezone.snbt","Knowing","Knowing","","","","한국어 파일의 영어 quest.title",""
"quest","29DF2E7D0402284F","48410B67C276ED1F","bumblezone.snbt","Radiance","Radiance","","","","한국어 파일의 영어 quest.title",""
"quest","262B307753106817","48410B67C276ED1F","bumblezone.snbt","Drowning in Despair","Drowning in Despair","","","","한국어 파일의 영어 quest.title",""
"quest","497FA7CA04117995","48410B67C276ED1F","bumblezone.snbt","Life","Life","","","","한국어 파일의 영어 quest.title",""
"quest","206918773B0BD7A0","48410B67C276ED1F","bumblezone.snbt","A Last First Last","A Last First Last","","","","한국어 파일의 영어 quest.title",""
"task","2CDF2FE08D652C52","59395B6806F2A98A","cataclysm.snbt","","","","minecraft:ender_eye","","명시적 task.title 없이 아이템 hover 사용",""
"task","5E725AD79C4E7211","59395B6806F2A98A","cataclysm.snbt","","","","minecraft:nether_star","","명시적 task.title 없이 아이템 hover 사용",""
"quest","689F32883C4E9502","59395B6806F2A98A","cataclysm.snbt","&4&lCataclysm","&4&lL_Ender's Cataclysm","","","","한국어 파일의 영어 quest.title",""
"task","38FFA24FDD924194","59395B6806F2A98A","cataclysm.snbt","","","","minecraft:bucket","","명시적 task.title 없이 아이템 hover 사용",""
"quest","00307A898A639191","59395B6806F2A98A","cataclysm.snbt","","","AllRightsReserved","","","설명은 있으나 명시적 quest.title 없음",""
"task","0303CDB18BBD9575","59395B6806F2A98A","cataclysm.snbt","AllRightsReserved","AllRightsReserved","","","","한국어 파일의 영어 task.title",""
"task","0B7F934439806558","59395B6806F2A98A","cataclysm.snbt","AllRightsReserved","AllRightsReserved","","","","한국어 파일의 영어 task.title",""
"quest","3C7C9EE57AD00A76","5103E2D95685ADFF","chapter_2_the_star.snbt","&cMicromissiles","&c초소형 미사일","","pneumaticcraft:micromissiles","마이크로미사일","리소스팩 아이템명과 quest.title 불일치","마이크로미사일"
"quest","4195800B4D7631E2","5103E2D95685ADFF","chapter_2_the_star.snbt","&6Stable Wormhole","&6안정된 웜홀","","occultism:stable_wormhole","안정한 웜홀","리소스팩 아이템명과 quest.title 불일치","안정한 웜홀"
"quest","4B12425E74C5E511","5103E2D95685ADFF","chapter_2_the_star.snbt","&cExplosive Mycelial Generator","&c균사 폭발 발전기","","industrialforegoing:mycelial_explosive","폭발 균사 발전기","리소스팩 아이템명과 quest.title 불일치","폭발 균사 발전기"
"task","1AD496C3DC73D028","5103E2D95685ADFF","chapter_2_the_star.snbt","","","","ars_nouveau:glyph_wither","","명시적 task.title 없이 아이템 hover 사용",""
"quest","3F8AEBB994716318","5103E2D95685ADFF","chapter_2_the_star.snbt","","","item","minecraft:tipped_arrow","","설명은 있으나 명시적 quest.title 없음",""
"task","50CB42797E7DE5C3","5103E2D95685ADFF","chapter_2_the_star.snbt","","","","minecraft:tipped_arrow","","명시적 task.title 없이 아이템 hover 사용",""
"quest","263C9A0FC04472AB","5103E2D95685ADFF","chapter_2_the_star.snbt","&464x Magmatic Generator","&464배 마그마틱 발전기","","generatorgalore:magmatic_generator_64x","64배 마그마 발전기","리소스팩 아이템명과 quest.title 불일치","64배 마그마 발전기"
"task","35506B0CD08BC722","5103E2D95685ADFF","chapter_2_the_star.snbt","","","{""extra"":[{""color"":""light_purple"",""text"":""R""},{""color"":""red"",""text"":""a""},{""color"":""light_purple"",""text"":""i""},{""color"":""light_purple"",""text"":""n""},{""color"":""aqua"",""text"":""b""},{""color"":""green"",""text"":""o""},{""color"":""yellow"",""text"":""w""},{""color"":""green"",""text"":"" ""},{""color"":""light_purple"",""text"":""F""},{""color"":""light_purple"",""text"":""u""},{""color"":""red"",""text"":""r""},{""color"":""green"",""text"":""n""},{""color"":""light_purple"",""text"":""a""},{""color"":""green"",""text"":""c""},{""color"":""blue"",""text"":""e""}],""text"":""""}","ironfurnaces:million_furnace","무지개 화로","명시적 task.title 없이 아이템 hover 사용",""
"task","35506B0CD08BC722","5103E2D95685ADFF","chapter_2_the_star.snbt","","","{""extra"":[{""color"":""light_purple"",""text"":""R""},{""color"":""red"",""text"":""a""},{""color"":""light_purple"",""text"":""i""},{""color"":""light_purple"",""text"":""n""},{""color"":""aqua"",""text"":""b""},{""color"":""green"",""text"":""o""},{""color"":""yellow"",""text"":""w""},{""color"":""green"",""text"":"" ""},{""color"":""light_purple"",""text"":""F""},{""color"":""light_purple"",""text"":""u""},{""color"":""red"",""text"":""r""},{""color"":""green"",""text"":""n""},{""color"":""light_purple"",""text"":""a""},{""color"":""green"",""text"":""c""},{""color"":""blue"",""text"":""e""}],""text"":""""}","ironfurnaces:million_furnace","무지개 화로","영어 custom_name 또는 literal component",""
"task","79CE9AAA4012A11F","5103E2D95685ADFF","chapter_2_the_star.snbt","","","Teleposer","neovitae:teleposer","","명시적 task.title 없이 아이템 hover 사용",""
"task","5F1BB488E5FF56E5","5103E2D95685ADFF","chapter_2_the_star.snbt","","","","productivebees:spawn_egg_configurable_bee","","명시적 task.title 없이 아이템 hover 사용",""
"quest","2A72B262AF4F11C9","5103E2D95685ADFF","chapter_2_the_star.snbt","&6Socotra Dragon&r Sapling","&6소코트라 드래곤&r 묘목","","productivetrees:socotra_dragon_sapling","소코트라 용혈수 묘목","리소스팩 아이템명과 quest.title 불일치","소코트라 용혈수 묘목"
"task","01B68403D63A86C5","5103E2D95685ADFF","chapter_2_the_star.snbt","","","","ftbfiltersystem:smart_filter","","명시적 task.title 없이 아이템 hover 사용",""
"quest","39F9C825B03DA317","5103E2D95685ADFF","chapter_2_the_star.snbt","&8Aerial Interface","&8에어리얼 인터페이스","","pneumaticcraft:aerial_interface","공중 인터페이스","리소스팩 아이템명과 quest.title 불일치","공중 인터페이스"
"quest","77F2271C45DB49BA","5103E2D95685ADFF","chapter_2_the_star.snbt","","","item","mekanism:module_gravitational_modulating_unit","","설명은 있으나 명시적 quest.title 없음",""
"task","258A880972C38C57","5103E2D95685ADFF","chapter_2_the_star.snbt","","","","mekanism:module_gravitational_modulating_unit","","명시적 task.title 없이 아이템 hover 사용",""
"task","3F35C159436EA03A","5103E2D95685ADFF","chapter_2_the_star.snbt","","","","minecraft:green_concrete","","명시적 task.title 없이 아이템 hover 사용",""
"task","1BDB9CA7D068A432","5103E2D95685ADFF","chapter_2_the_star.snbt","","","","minecraft:green_concrete_powder","","명시적 task.title 없이 아이템 hover 사용",""
"task","7777B968A5342389","5103E2D95685ADFF","chapter_2_the_star.snbt","","","","minecraft:lime_concrete","","명시적 task.title 없이 아이템 hover 사용",""
"task","1DFED38C1282DAFE","5103E2D95685ADFF","chapter_2_the_star.snbt","","","","minecraft:magenta_concrete","","명시적 task.title 없이 아이템 hover 사용",""
"task","284C5A44EECDB0F2","5103E2D95685ADFF","chapter_2_the_star.snbt","","","","minecraft:magenta_concrete_powder","","명시적 task.title 없이 아이템 hover 사용",""
"task","68D520511388D29F","5103E2D95685ADFF","chapter_2_the_star.snbt","","","","minecraft:pink_concrete","","명시적 task.title 없이 아이템 hover 사용",""
"task","28BB20E22FFCBBC1","5103E2D95685ADFF","chapter_2_the_star.snbt","","","","minecraft:pink_concrete_powder","","명시적 task.title 없이 아이템 hover 사용",""
"quest","216DA9782EBDFF34","5103E2D95685ADFF","chapter_2_the_star.snbt","&b&lOccultism","&b&lOccultism","","","","한국어 파일의 영어 quest.title",""
"quest","21AB14A8553896E9","5103E2D95685ADFF","chapter_2_the_star.snbt","&2&lProductive Trees","&2&lProductive Trees","","","","한국어 파일의 영어 quest.title",""
"task","111FFDE17A83079D","5103E2D95685ADFF","chapter_2_the_star.snbt","","","","minecraft:honeycomb","","명시적 task.title 없이 아이템 hover 사용",""
"quest","340CDF4357E22A43","5103E2D95685ADFF","chapter_2_the_star.snbt","&e&lIron's Spells and Spellbooks","&e&lIron's Spells 'n Spellbooks","","","","한국어 파일의 영어 quest.title",""
"quest","3AAB71E9BDFD4C1E","5103E2D95685ADFF","chapter_2_the_star.snbt","&4&lPneumaticCraft","&4&lPneumaticCraft","","","","한국어 파일의 영어 quest.title",""
"quest","11374A3B5BD644F5","5103E2D95685ADFF","chapter_2_the_star.snbt","&lIndustrial Foregoing","&lIndustrial Foregoing","","","","한국어 파일의 영어 quest.title",""
"quest","752DD0BF36B70D88","5103E2D95685ADFF","chapter_2_the_star.snbt","&7&lIron Furnaces","&7&lIron Furnaces","","","","한국어 파일의 영어 quest.title",""
"task","6627658A032CDC95","5103E2D95685ADFF","chapter_2_the_star.snbt","","","","minecraft:furnace","","명시적 task.title 없이 아이템 hover 사용",""
"quest","7377C657CED885AC","5103E2D95685ADFF","chapter_2_the_star.snbt","&2&lMystical Agriculture","&2&lMystical Agriculture","","","","한국어 파일의 영어 quest.title",""
"quest","29D28983E0200A3C","5103E2D95685ADFF","chapter_2_the_star.snbt","&d&lArs Nouveau","&d&lArs Nouveau","","","","한국어 파일의 영어 quest.title",""
"quest","3331EBE1BB4BF64D","5103E2D95685ADFF","chapter_2_the_star.snbt","&a&lExtreme Reactors","&a&lExtreme Reactors","","","","한국어 파일의 영어 quest.title",""
"quest","7E4367252A39BE6C","5103E2D95685ADFF","chapter_2_the_star.snbt","&c&lPowah","&c&lPowah!","","","","한국어 파일의 영어 quest.title",""
"task","785BFA29F6285581","5103E2D95685ADFF","chapter_2_the_star.snbt","","","","minecraft:bookshelf","","명시적 task.title 없이 아이템 hover 사용",""
"quest","3F5B5D6B788E0A73","5103E2D95685ADFF","chapter_2_the_star.snbt","&4&lEvilCraft","&4&lEvilCraft","","","","한국어 파일의 영어 quest.title",""
"quest","792990DC06DB98F9","5103E2D95685ADFF","chapter_2_the_star.snbt","&5&lEternal Starlight","&5&lEternal Starlight","","","","한국어 파일의 영어 quest.title",""
"quest","76C63670624C3C56","5103E2D95685ADFF","chapter_2_the_star.snbt","&c&lGenerator Galore","&c&lGenerator Galore","","","","한국어 파일의 영어 quest.title",""
"task","0D3DC52244DC7ADD","5103E2D95685ADFF","chapter_2_the_star.snbt","","","","minecraft:furnace","","명시적 task.title 없이 아이템 hover 사용",""
"quest","24F3E90C14BFD1B4","5103E2D95685ADFF","chapter_2_the_star.snbt","&7&lModern Industrialization","&7&lModern Industrialization","","","","한국어 파일의 영어 quest.title",""
"quest","2171DC0B13C4BD43","5103E2D95685ADFF","chapter_2_the_star.snbt","&a&lRoots Classic","&a&lRoots Classic","","","","한국어 파일의 영어 quest.title",""
"quest","6A46A9F04D2A0748","5103E2D95685ADFF","chapter_2_the_star.snbt","&3&lJust Dire Things","&3&lJust Dire Things","","","","한국어 파일의 영어 quest.title",""
"quest","7A579E233C69871F","5103E2D95685ADFF","chapter_2_the_star.snbt","&b&lHostile Neural Networks","&b&lHostile Neural Networks","","","","한국어 파일의 영어 quest.title",""
"task","4F3FDE5B92E3EE76","5103E2D95685ADFF","chapter_2_the_star.snbt","","","","minecraft:echo_shard","","명시적 task.title 없이 아이템 hover 사용",""
"quest","2B57C8D2F98A9279","5103E2D95685ADFF","chapter_2_the_star.snbt","&l&7Pocket Storage","&l&7Pocket Storage","","","","한국어 파일의 영어 quest.title",""
"task","79091A03D874F1A7","5103E2D95685ADFF","chapter_2_the_star.snbt","","","","modern_industrialization:star_altar","","명시적 task.title 없이 아이템 hover 사용",""
"quest","31B0267C47DB9D98","5103E2D95685ADFF","chapter_2_the_star.snbt","","","AllRightsReserved","","","설명은 있으나 명시적 quest.title 없음",""
"task","662F6B4EF078E3A2","5103E2D95685ADFF","chapter_2_the_star.snbt","AllRightsReserved","AllRightsReserved","","","","한국어 파일의 영어 task.title",""
"task","644EBD9EBC93EB3C","5103E2D95685ADFF","chapter_2_the_star.snbt","AllRightsReserved","AllRightsReserved","","","","한국어 파일의 영어 task.title",""
"quest","5EC1B868720BF521","5103E2D95685ADFF","chapter_2_the_star.snbt","&8&lImmersive Engineering","&8&lImmersive Engineering","","","","한국어 파일의 영어 quest.title",""
"task","6373147D18B35DCE","5103E2D95685ADFF","chapter_2_the_star.snbt","","","","stevescarts:module_galgadorian_drill","","명시적 task.title 없이 아이템 hover 사용",""
"task","17E6AEEE9C081DB1","5103E2D95685ADFF","chapter_2_the_star.snbt","","","","minecraft:diamond","","명시적 task.title 없이 아이템 hover 사용",""
"quest","309B0B2898893B4E","5103E2D95685ADFF","chapter_2_the_star.snbt","&l&bSteve's Carts","&l&bSteve's Carts","","","","한국어 파일의 영어 quest.title",""
"task","7D87951BDCAF7377","5103E2D95685ADFF","chapter_2_the_star.snbt","","","","stevescarts:component_stabilized_metal","","명시적 task.title 없이 아이템 hover 사용",""
"quest","4B7D387CEFF9667E","5103E2D95685ADFF","chapter_2_the_star.snbt","&6&lCreate","&6&lCreate","","","","한국어 파일의 영어 quest.title",""
"task","1ADA8EDA9196471C","5103E2D95685ADFF","chapter_2_the_star.snbt","","","","minecraft:andesite","","명시적 task.title 없이 아이템 hover 사용",""
"quest","7D359283625C1869","5103E2D95685ADFF","chapter_2_the_star.snbt","&4&lCataclysm","&4&lCataclysm","","","","한국어 파일의 영어 quest.title",""
"task","44013B23AB5873A2","5103E2D95685ADFF","chapter_2_the_star.snbt","","","","ftbfiltersystem:smart_filter","","명시적 task.title 없이 아이템 hover 사용",""
"task","3043AA3A143C2F09","5103E2D95685ADFF","chapter_2_the_star.snbt","","","","ftbfiltersystem:smart_filter","","명시적 task.title 없이 아이템 hover 사용",""
"task","7098EE34DE595CD4","5103E2D95685ADFF","chapter_2_the_star.snbt","","","","ftbfiltersystem:smart_filter","","명시적 task.title 없이 아이템 hover 사용",""
"quest","28DB59B20109D0D4","5103E2D95685ADFF","chapter_2_the_star.snbt","&6&lOritech","&6&lOritech","","","","한국어 파일의 영어 quest.title",""
"quest","57A7A5C79389A96A","100C477F4E63F20A","create.snbt","&6&lCreate&r","&6&lCreate&r","","","","한국어 파일의 영어 quest.title",""
"task","2811A593A759354C","100C477F4E63F20A","create.snbt","","","","minecraft:andesite","","명시적 task.title 없이 아이템 hover 사용",""
"task","727CBE88631AC9E4","100C477F4E63F20A","create.snbt","","","","ftbfiltersystem:smart_filter","","명시적 task.title 없이 아이템 hover 사용",""
"task","4555EA054687BD5F","100C477F4E63F20A","create.snbt","","","","minecraft:copper_ingot","","명시적 task.title 없이 아이템 hover 사용",""
"task","21C5C92ABD91D795","100C477F4E63F20A","create.snbt","","","","ftbfiltersystem:smart_filter","","명시적 task.title 없이 아이템 hover 사용",""
"quest","2C2958E38293717E","100C477F4E63F20A","create.snbt","&6&lCreate&r 1.21","&6&lCreate&r 1.21","","","","한국어 파일의 영어 quest.title",""
"task","45140DDB8CE40AC4","100C477F4E63F20A","create.snbt","","","","ftbfiltersystem:smart_filter","","명시적 task.title 없이 아이템 hover 사용",""
"task","14208C18D09A625E","13B172FA69904D9F","deeper_and_darker.snbt","","","","ftbfiltersystem:smart_filter","","명시적 task.title 없이 아이템 hover 사용",""
"task","2404B1F307BB631A","13B172FA69904D9F","deeper_and_darker.snbt","","","","ftbfiltersystem:smart_filter","","명시적 task.title 없이 아이템 hover 사용",""
"task","36AD2A449FE452E8","0B826D13BAD43EEB","draconic_evolution.snbt","","","","minecraft:redstone_block","","명시적 task.title 없이 아이템 hover 사용",""
"task","5E2F12A4A10B340F","0B826D13BAD43EEB","draconic_evolution.snbt","","","","minecraft:redstone_block","","명시적 task.title 없이 아이템 hover 사용",""
"task","31103B425588A4DF","0B826D13BAD43EEB","draconic_evolution.snbt","","","","minecraft:redstone_block","","명시적 task.title 없이 아이템 hover 사용",""
"task","1AFB7D87A71F862A","0B826D13BAD43EEB","draconic_evolution.snbt","","","","minecraft:redstone_block","","명시적 task.title 없이 아이템 hover 사용",""
"quest","26DF1427AC3966DE","0B826D13BAD43EEB","draconic_evolution.snbt","Draconic Evolution","Draconic Evolution","","","","한국어 파일의 영어 quest.title",""
"task","664130FB28E419EF","0B826D13BAD43EEB","draconic_evolution.snbt","","","","ftbfiltersystem:smart_filter","","명시적 task.title 없이 아이템 hover 사용",""
"quest","54735C5FCD2077B3","0F96DC3563DA78EF","elmystical_agriculturerr.snbt","&aMystical Agriculture!","&aMystical Agriculture!","","","","한국어 파일의 영어 quest.title",""
"task","66A22C64B978D14E","0F96DC3563DA78EF","elmystical_agriculturerr.snbt","","","","mysticalagriculture:ice_seeds","","명시적 task.title 없이 아이템 hover 사용",""
"task","03F5ECD810F037D8","0F96DC3563DA78EF","elmystical_agriculturerr.snbt","","","","mysticalagriculture:inferium_seeds","","명시적 task.title 없이 아이템 hover 사용",""
"task","549F9D9ED163CF60","0F96DC3563DA78EF","elmystical_agriculturerr.snbt","","","","mysticalagriculture:earth_seeds","","명시적 task.title 없이 아이템 hover 사용",""
"task","5865E21723C2C04C","0F96DC3563DA78EF","elmystical_agriculturerr.snbt","","","","mysticalagriculture:water_seeds","","명시적 task.title 없이 아이템 hover 사용",""
"task","7DEB271808127E13","0F96DC3563DA78EF","elmystical_agriculturerr.snbt","","","","mysticalagriculture:dirt_seeds","","명시적 task.title 없이 아이템 hover 사용",""
"task","5ABAC0A86621FDAE","0F96DC3563DA78EF","elmystical_agriculturerr.snbt","","","","mysticalagriculture:stone_seeds","","명시적 task.title 없이 아이템 hover 사용",""
"task","2515FBAF4FB435D1","0F96DC3563DA78EF","elmystical_agriculturerr.snbt","","","","mysticalagriculture:deepslate_seeds","","명시적 task.title 없이 아이템 hover 사용",""
"task","39C1F0936A29423F","0F96DC3563DA78EF","elmystical_agriculturerr.snbt","","","","mysticalagriculture:fire_seeds","","명시적 task.title 없이 아이템 hover 사용",""
"task","06CFF66846E1CE0F","0F96DC3563DA78EF","elmystical_agriculturerr.snbt","","","","mysticalagriculture:wood_seeds","","명시적 task.title 없이 아이템 hover 사용",""
"task","0724F3944632CE48","0F96DC3563DA78EF","elmystical_agriculturerr.snbt","","","","mysticalagriculture:air_seeds","","명시적 task.title 없이 아이템 hover 사용",""
"task","68C2E4443A30EBCD","0F96DC3563DA78EF","elmystical_agriculturerr.snbt","","","","mysticalagriculture:coral_seeds","","명시적 task.title 없이 아이템 hover 사용",""
"task","0EE2D7787F6BCC5B","0F96DC3563DA78EF","elmystical_agriculturerr.snbt","","","","mysticalagriculture:coal_seeds","","명시적 task.title 없이 아이템 hover 사용",""
"task","05F63F2B26AC3813","0F96DC3563DA78EF","elmystical_agriculturerr.snbt","","","","mysticalagriculture:dye_seeds","","명시적 task.title 없이 아이템 hover 사용",""
"task","7BDE7BF288BF4C12","0F96DC3563DA78EF","elmystical_agriculturerr.snbt","","","","mysticalagriculture:aluminum_seeds","","명시적 task.title 없이 아이템 hover 사용",""
"task","710F8974F3DC637A","0F96DC3563DA78EF","elmystical_agriculturerr.snbt","","","","mysticalagriculture:honey_seeds","","명시적 task.title 없이 아이템 hover 사용",""
"task","782E7DB1D1B935F9","0F96DC3563DA78EF","elmystical_agriculturerr.snbt","","","","mysticalagriculture:nature_seeds","","명시적 task.title 없이 아이템 hover 사용",""
"task","02578ADBCFF855EA","0F96DC3563DA78EF","elmystical_agriculturerr.snbt","","","","mysticalagriculture:nether_seeds","","명시적 task.title 없이 아이템 hover 사용",""
"task","47EB67F67390D09C","0F96DC3563DA78EF","elmystical_agriculturerr.snbt","","","","mysticalagriculture:chicken_seeds","","명시적 task.title 없이 아이템 hover 사용",""
"task","1E4845AD1FC5216D","0F96DC3563DA78EF","elmystical_agriculturerr.snbt","","","","mysticalagriculture:squid_seeds","","명시적 task.title 없이 아이템 hover 사용",""
"quest","7580037DB8ADEB3C","0F96DC3563DA78EF","elmystical_agriculturerr.snbt","","","item","mysticalagriculture:cow_seeds","","설명은 있으나 명시적 quest.title 없음",""
"task","2866EA9311E575B6","0F96DC3563DA78EF","elmystical_agriculturerr.snbt","","","","mysticalagriculture:cow_seeds","","명시적 task.title 없이 아이템 hover 사용",""
"task","4AC1F7DF47EB532C","0F96DC3563DA78EF","elmystical_agriculturerr.snbt","","","","mysticalagriculture:pig_seeds","","명시적 task.title 없이 아이템 hover 사용",""
"quest","2C73E3C5113BF2AC","0F96DC3563DA78EF","elmystical_agriculturerr.snbt","","","item","mysticalagriculture:sheep_seeds","","설명은 있으나 명시적 quest.title 없음",""
"task","745EDBA102BB6C91","0F96DC3563DA78EF","elmystical_agriculturerr.snbt","","","","mysticalagriculture:sheep_seeds","","명시적 task.title 없이 아이템 hover 사용",""
"task","0B7F79DE8130BAE9","0F96DC3563DA78EF","elmystical_agriculturerr.snbt","","","","mysticalagriculture:fish_seeds","","명시적 task.title 없이 아이템 hover 사용",""
"task","697EBA0A6EF9183E","0F96DC3563DA78EF","elmystical_agriculturerr.snbt","","","","mysticalagriculture:turtle_seeds","","명시적 task.title 없이 아이템 hover 사용",""
"task","180DD2AAD6C8F073","0F96DC3563DA78EF","elmystical_agriculturerr.snbt","","","","mysticalagriculture:slime_seeds","","명시적 task.title 없이 아이템 hover 사용",""
"task","7DB7534C6C6DFD07","0F96DC3563DA78EF","elmystical_agriculturerr.snbt","","","","mysticalagriculture:kivi_seeds","","명시적 task.title 없이 아이템 hover 사용",""
"task","746BDB75C6349D56","0F96DC3563DA78EF","elmystical_agriculturerr.snbt","","","","mysticalagriculture:amethyst_seeds","","명시적 task.title 없이 아이템 hover 사용",""
"task","28AB00B9D62D1BDB","0F96DC3563DA78EF","elmystical_agriculturerr.snbt","","","","mysticalagriculture:silicon_seeds","","명시적 task.title 없이 아이템 hover 사용",""
"task","4AFDD617FF240E97","0F96DC3563DA78EF","elmystical_agriculturerr.snbt","","","","mysticalagriculture:sulfur_seeds","","명시적 task.title 없이 아이템 hover 사용",""
"task","63695DFD699B590C","0F96DC3563DA78EF","elmystical_agriculturerr.snbt","","","","mysticalagriculture:menril_seeds","","명시적 task.title 없이 아이템 hover 사용",""
"task","643B2B1220202107","0F96DC3563DA78EF","elmystical_agriculturerr.snbt","","","","mysticalagriculture:copper_seeds","","명시적 task.title 없이 아이템 hover 사용",""
"task","4645F8968B0B8BE5","0F96DC3563DA78EF","elmystical_agriculturerr.snbt","","","","mysticalagriculture:rabbit_seeds","","명시적 task.title 없이 아이템 hover 사용",""
"task","633406C0560295F7","0F96DC3563DA78EF","elmystical_agriculturerr.snbt","","","","mysticalagriculture:spider_seeds","","명시적 task.title 없이 아이템 hover 사용",""
"task","4315AB4B19D55458","0F96DC3563DA78EF","elmystical_agriculturerr.snbt","","","","mysticalagriculture:skeleton_seeds","","명시적 task.title 없이 아이템 hover 사용",""
"task","622AAF6C554CA027","0F96DC3563DA78EF","elmystical_agriculturerr.snbt","","","","mysticalagriculture:zombie_seeds","","명시적 task.title 없이 아이템 hover 사용",""
"task","72BC6673FB44DBB2","0F96DC3563DA78EF","elmystical_agriculturerr.snbt","","","","mysticalagriculture:creeper_seeds","","명시적 task.title 없이 아이템 hover 사용",""
"task","1A6781CA48458EE5","0F96DC3563DA78EF","elmystical_agriculturerr.snbt","","","","mysticalagriculture:iron_seeds","","명시적 task.title 없이 아이템 hover 사용",""
"task","4F0C1B7C6A7D8B48","0F96DC3563DA78EF","elmystical_agriculturerr.snbt","","","","mysticalagriculture:tin_seeds","","명시적 task.title 없이 아이템 hover 사용",""
"task","2E91F2EEB7093307","0F96DC3563DA78EF","elmystical_agriculturerr.snbt","","","","mysticalagriculture:silver_seeds","","명시적 task.title 없이 아이템 hover 사용",""
"task","688CF4D959B2C166","0F96DC3563DA78EF","elmystical_agriculturerr.snbt","","","","mysticalagriculture:lead_seeds","","명시적 task.title 없이 아이템 hover 사용",""
"task","6C1D65468A9CB0E7","0F96DC3563DA78EF","elmystical_agriculturerr.snbt","","","","mysticalagriculture:zinc_seeds","","명시적 task.title 없이 아이템 hover 사용",""
"task","49E42AE6E840232B","0F96DC3563DA78EF","elmystical_agriculturerr.snbt","","","","mysticalagriculture:redstone_seeds","","명시적 task.title 없이 아이템 hover 사용",""
"task","31A77F49C01691EE","0F96DC3563DA78EF","elmystical_agriculturerr.snbt","","","","mysticalagriculture:glowstone_seeds","","명시적 task.title 없이 아이템 hover 사용",""
"task","11CA35D8218A0BEC","0F96DC3563DA78EF","elmystical_agriculturerr.snbt","","","","mysticalagriculture:nether_quartz_seeds","","명시적 task.title 없이 아이템 hover 사용",""
"task","26E5425CC40CE5EE","0F96DC3563DA78EF","elmystical_agriculturerr.snbt","","","","mysticalagriculture:certus_quartz_seeds","","명시적 task.title 없이 아이템 hover 사용",""
"task","3F585AB49026A3E0","0F96DC3563DA78EF","elmystical_agriculturerr.snbt","","","","mysticalagriculture:obsidian_seeds","","명시적 task.title 없이 아이템 hover 사용",""
"task","42624C9B608A803A","0F96DC3563DA78EF","elmystical_agriculturerr.snbt","","","","mysticalagriculture:prismarine_seeds","","명시적 task.title 없이 아이템 hover 사용",""
"task","5F5C247C68DB6DFC","0F96DC3563DA78EF","elmystical_agriculturerr.snbt","","","","mysticalagriculture:armadillo_seeds","","명시적 task.title 없이 아이템 hover 사용",""
"task","1EEEDA40678278F1","0F96DC3563DA78EF","elmystical_agriculturerr.snbt","","","","mysticalagriculture:bronze_seeds","","명시적 task.title 없이 아이템 hover 사용",""
"task","4E0DC10C3EF14CD5","0F96DC3563DA78EF","elmystical_agriculturerr.snbt","","","","mysticalagriculture:brass_seeds","","명시적 task.title 없이 아이템 hover 사용",""
"task","05EF95C65E85EA6C","0F96DC3563DA78EF","elmystical_agriculturerr.snbt","","","","mysticalagriculture:graphite_seeds","","명시적 task.title 없이 아이템 hover 사용",""
"task","45D1F88FD73488A0","0F96DC3563DA78EF","elmystical_agriculturerr.snbt","","","","mysticalagriculture:sky_stone_seeds","","명시적 task.title 없이 아이템 hover 사용",""
"task","5E6AA14A531DC749","0F96DC3563DA78EF","elmystical_agriculturerr.snbt","","","","mysticalagriculture:fluorite_seeds","","명시적 task.title 없이 아이템 hover 사용",""
"task","61058B1004B5C97C","0F96DC3563DA78EF","elmystical_agriculturerr.snbt","","","","mysticalagriculture:blaze_seeds","","명시적 task.title 없이 아이템 hover 사용",""
"task","67E85827062B8B79","0F96DC3563DA78EF","elmystical_agriculturerr.snbt","","","","mysticalagriculture:ghast_seeds","","명시적 task.title 없이 아이템 hover 사용",""
"task","23CCD297E830C925","0F96DC3563DA78EF","elmystical_agriculturerr.snbt","","","","mysticalagriculture:enderman_seeds","","명시적 task.title 없이 아이템 hover 사용",""
"task","0932A42E423E21A3","0F96DC3563DA78EF","elmystical_agriculturerr.snbt","","","","mysticalagriculture:experience_seeds","","명시적 task.title 없이 아이템 hover 사용",""
"task","737A74FAB46C9E54","0F96DC3563DA78EF","elmystical_agriculturerr.snbt","","","","mysticalagriculture:gold_seeds","","명시적 task.title 없이 아이템 hover 사용",""
"task","238B6815E9C74478","0F96DC3563DA78EF","elmystical_agriculturerr.snbt","","","","mysticalagriculture:nickel_seeds","","명시적 task.title 없이 아이템 hover 사용",""
"task","09233415005F6331","0F96DC3563DA78EF","elmystical_agriculturerr.snbt","","","","mysticalagriculture:lapis_lazuli_seeds","","명시적 task.title 없이 아이템 hover 사용",""
"task","1DC4FE7A037EC52E","0F96DC3563DA78EF","elmystical_agriculturerr.snbt","","","","mysticalagriculture:osmium_seeds","","명시적 task.title 없이 아이템 hover 사용",""
"task","2FF27D7E36203A68","0F96DC3563DA78EF","elmystical_agriculturerr.snbt","","","","mysticalagriculture:end_seeds","","명시적 task.title 없이 아이템 hover 사용",""
"task","62FDF643AE01C15A","0F96DC3563DA78EF","elmystical_agriculturerr.snbt","","","","mysticalagriculture:uranium_seeds","","명시적 task.title 없이 아이템 hover 사용",""
"task","5A642FC70B7F231C","0F96DC3563DA78EF","elmystical_agriculturerr.snbt","","","","mysticalagriculture:breeze_seeds","","명시적 task.title 없이 아이템 hover 사용",""
"task","5931994FE57A7F1D","0F96DC3563DA78EF","elmystical_agriculturerr.snbt","","","","mysticalagriculture:constantan_seeds","","명시적 task.title 없이 아이템 hover 사용",""
"task","5E1986176CACC04B","0F96DC3563DA78EF","elmystical_agriculturerr.snbt","","","","mysticalagriculture:electrum_seeds","","명시적 task.title 없이 아이템 hover 사용",""
"task","6842A169417884AC","0F96DC3563DA78EF","elmystical_agriculturerr.snbt","","","","mysticalagriculture:invar_seeds","","명시적 task.title 없이 아이템 hover 사용",""
"task","70AAB5C43A242FFC","0F96DC3563DA78EF","elmystical_agriculturerr.snbt","","","","mysticalagriculture:ruby_seeds","","명시적 task.title 없이 아이템 hover 사용",""
"task","35687A1BCAE8B4B7","0F96DC3563DA78EF","elmystical_agriculturerr.snbt","","","","mysticalagriculture:sapphire_seeds","","명시적 task.title 없이 아이템 hover 사용",""
"task","5BFA0291FCB0A6EB","0F96DC3563DA78EF","elmystical_agriculturerr.snbt","","","","mysticalagriculture:peridot_seeds","","명시적 task.title 없이 아이템 hover 사용",""
"task","16DA7A42BFF8E49D","0F96DC3563DA78EF","elmystical_agriculturerr.snbt","","","","mysticalagriculture:soulium_seeds","","명시적 task.title 없이 아이템 hover 사용",""
"task","052383511EFBAA39","0F96DC3563DA78EF","elmystical_agriculturerr.snbt","","","","mysticalagriculture:refined_glowstone_seeds","","명시적 task.title 없이 아이템 hover 사용",""
"task","71C24E1E0D38D736","0F96DC3563DA78EF","elmystical_agriculturerr.snbt","","","","mysticalagriculture:refined_obsidian_seeds","","명시적 task.title 없이 아이템 hover 사용",""
"task","6CD928618B1BEEF0","0F96DC3563DA78EF","elmystical_agriculturerr.snbt","","","","mysticalagriculture:compressed_iron_seeds","","명시적 task.title 없이 아이템 hover 사용",""
"task","6C3B1BE82518BB76","0F96DC3563DA78EF","elmystical_agriculturerr.snbt","","","","mysticalagriculture:fluix_seeds","","명시적 task.title 없이 아이템 hover 사용",""
"task","5BB535B22420EBC8","0F96DC3563DA78EF","elmystical_agriculturerr.snbt","","","","mysticalagriculture:energized_steel_seeds","","명시적 task.title 없이 아이템 hover 사용",""
"task","5B32C56CD3D3FAEA","0F96DC3563DA78EF","elmystical_agriculturerr.snbt","","","","mysticalagriculture:blazing_crystal_seeds","","명시적 task.title 없이 아이템 hover 사용",""
"task","3E93D20A19EEAD09","0F96DC3563DA78EF","elmystical_agriculturerr.snbt","","","","mysticalagriculture:wither_skeleton_seeds","","명시적 task.title 없이 아이템 hover 사용",""
"task","69C9CEC467EB00C0","0F96DC3563DA78EF","elmystical_agriculturerr.snbt","","","","mysticalagriculture:uraninite_seeds","","명시적 task.title 없이 아이템 hover 사용",""
"task","4EA95AE9AF641FB4","0F96DC3563DA78EF","elmystical_agriculturerr.snbt","","","","mysticalagriculture:diamond_seeds","","명시적 task.title 없이 아이템 hover 사용",""
"task","403DE50D5B8CFE29","0F96DC3563DA78EF","elmystical_agriculturerr.snbt","","","","mysticalagriculture:emerald_seeds","","명시적 task.title 없이 아이템 hover 사용",""
"task","74EAB51BE492743F","0F96DC3563DA78EF","elmystical_agriculturerr.snbt","","","","mysticalagriculture:platinum_seeds","","명시적 task.title 없이 아이템 hover 사용",""
"task","324DACE30B49D25B","0F96DC3563DA78EF","elmystical_agriculturerr.snbt","","","","mysticalagriculture:netherite_seeds","","명시적 task.title 없이 아이템 hover 사용",""
"task","231C01B33E5B4FF0","0F96DC3563DA78EF","elmystical_agriculturerr.snbt","","","","productivebees:spawn_egg_configurable_bee","","명시적 task.title 없이 아이템 hover 사용",""
"task","15593DA8F8CD43C1","0F96DC3563DA78EF","elmystical_agriculturerr.snbt","","","","mysticalagriculture:iridium_seeds","","명시적 task.title 없이 아이템 hover 사용",""
"task","3D71807BD0D1FE4A","0F96DC3563DA78EF","elmystical_agriculturerr.snbt","","","","mysticalagriculture:cyanite_seeds","","명시적 task.title 없이 아이템 hover 사용",""
"task","1DCA07CE49352C19","0F96DC3563DA78EF","elmystical_agriculturerr.snbt","","","","mysticalagriculture:niotic_crystal_seeds","","명시적 task.title 없이 아이템 hover 사용",""
"task","320B2A8805D3ECED","0F96DC3563DA78EF","elmystical_agriculturerr.snbt","","","","mysticalagriculture:spirited_crystal_seeds","","명시적 task.title 없이 아이템 hover 사용",""
"quest","1E2B363E3365A62F","0F96DC3563DA78EF","elmystical_agriculturerr.snbt","","","item","mysticalagriculture:allthemodium_seeds","","설명은 있으나 명시적 quest.title 없음",""
"task","3EA8470D5E40EA43","0F96DC3563DA78EF","elmystical_agriculturerr.snbt","","","","mysticalagriculture:allthemodium_seeds","","명시적 task.title 없이 아이템 hover 사용",""
"task","5DE48EBDF62289D7","0F96DC3563DA78EF","elmystical_agriculturerr.snbt","","","","kubejs:magical_soil","","명시적 task.title 없이 아이템 hover 사용",""
"quest","2BC325DEBDD2F5CA","0F96DC3563DA78EF","elmystical_agriculturerr.snbt","","","item","mysticalagriculture:vibranium_seeds","","설명은 있으나 명시적 quest.title 없음",""
"task","446A7CDDA5146278","0F96DC3563DA78EF","elmystical_agriculturerr.snbt","","","","mysticalagriculture:vibranium_seeds","","명시적 task.title 없이 아이템 hover 사용",""
"task","4A225430802B4804","0F96DC3563DA78EF","elmystical_agriculturerr.snbt","","","","kubejs:magical_soil","","명시적 task.title 없이 아이템 hover 사용",""
"quest","404AA0F5557D7E35","0F96DC3563DA78EF","elmystical_agriculturerr.snbt","","","item","mysticalagriculture:unobtainium_seeds","","설명은 있으나 명시적 quest.title 없음",""
"task","66E7FB36B21AFAD7","0F96DC3563DA78EF","elmystical_agriculturerr.snbt","","","","mysticalagriculture:unobtainium_seeds","","명시적 task.title 없이 아이템 hover 사용",""
"task","26405897C8819538","0F96DC3563DA78EF","elmystical_agriculturerr.snbt","","","","kubejs:magical_soil","","명시적 task.title 없이 아이템 hover 사용",""
"quest","44B22160850ACAB2","0F96DC3563DA78EF","elmystical_agriculturerr.snbt","","","item","mysticalagriculture:nether_star_seeds","","설명은 있으나 명시적 quest.title 없음",""
"task","00073B11E4DCF6E8","0F96DC3563DA78EF","elmystical_agriculturerr.snbt","","","","mysticalagriculture:nether_star_seeds","","명시적 task.title 없이 아이템 hover 사용",""
"quest","140DADB32EF10D58","0F96DC3563DA78EF","elmystical_agriculturerr.snbt","","","item","mysticalagriculture:dragon_egg_seeds","","설명은 있으나 명시적 quest.title 없음",""
"task","31C616DBF508CCEF","0F96DC3563DA78EF","elmystical_agriculturerr.snbt","","","","mysticalagriculture:dragon_egg_seeds","","명시적 task.title 없이 아이템 hover 사용",""
"quest","31A370550BD592B6","0F96DC3563DA78EF","elmystical_agriculturerr.snbt","","","item","mysticalagriculture:nitro_crystal_seeds","","설명은 있으나 명시적 quest.title 없음",""
"task","1317B64A85E758E4","0F96DC3563DA78EF","elmystical_agriculturerr.snbt","","","","mysticalagriculture:nitro_crystal_seeds","","명시적 task.title 없이 아이템 hover 사용",""
"quest","23C36E4B5DCEBFDD","0F96DC3563DA78EF","elmystical_agriculturerr.snbt","","","AllRightsReserved","","","설명은 있으나 명시적 quest.title 없음",""
"task","773CA1FDC4CEFCEF","0F96DC3563DA78EF","elmystical_agriculturerr.snbt","AllRightsReserved","AllRightsReserved","","","","한국어 파일의 영어 task.title",""
"task","518B9569DCE0A771","0F96DC3563DA78EF","elmystical_agriculturerr.snbt","AllRightsReserved","AllRightsReserved","","","","한국어 파일의 영어 task.title",""
"task","47991E13B91F2F3B","0F96DC3563DA78EF","elmystical_agriculturerr.snbt","","","","mysticalagriculture:unexplored_wood_seeds","","명시적 task.title 없이 아이템 hover 사용",""
"task","55548D67DDDBF318","0F96DC3563DA78EF","elmystical_agriculturerr.snbt","","","","mysticalagriculture:darkstone_seeds","","명시적 task.title 없이 아이템 hover 사용",""
"task","0DF2711915D23139","0F96DC3563DA78EF","elmystical_agriculturerr.snbt","","","","mysticalagriculture:azure_silver_seeds","","명시적 task.title 없이 아이템 hover 사용",""
"task","54C528490FDCAEF4","0F96DC3563DA78EF","elmystical_agriculturerr.snbt","","","","mysticalagriculture:crimson_iron_seeds","","명시적 task.title 없이 아이템 hover 사용",""
"task","466E24781B4BDB2B","0F96DC3563DA78EF","elmystical_agriculturerr.snbt","","","","mysticalagriculture:grains_of_infinity_seeds","","명시적 task.title 없이 아이템 hover 사용",""
"task","607F8A0675A1FE1D","0F96DC3563DA78EF","elmystical_agriculturerr.snbt","","","","mysticalagriculture:saltpeter_seeds","","명시적 task.title 없이 아이템 hover 사용",""
"task","59B4FB3D5F592B20","0F96DC3563DA78EF","elmystical_agriculturerr.snbt","","","","mysticalagriculture:redstone_alloy_seeds","","명시적 task.title 없이 아이템 hover 사용",""
"task","089E72314F69E0A1","0F96DC3563DA78EF","elmystical_agriculturerr.snbt","","","","mysticalagriculture:steeleaf_seeds","","명시적 task.title 없이 아이템 hover 사용",""
"task","7DCF0602D1855782","0F96DC3563DA78EF","elmystical_agriculturerr.snbt","","","","mysticalagriculture:xychorium_gem_seeds","","명시적 task.title 없이 아이템 hover 사용",""
"task","538D51FC8321C046","0F96DC3563DA78EF","elmystical_agriculturerr.snbt","","","","mysticalagriculture:copper_alloy_seeds","","명시적 task.title 없이 아이템 hover 사용",""
"task","52E6F3E92A0875AC","0F96DC3563DA78EF","elmystical_agriculturerr.snbt","","","","mysticalagriculture:conductive_alloy_seeds","","명시적 task.title 없이 아이템 hover 사용",""
"task","7934E1747A9CE4C9","0F96DC3563DA78EF","elmystical_agriculturerr.snbt","","","","mysticalagriculture:ironwood_seeds","","명시적 task.title 없이 아이템 hover 사용",""
"task","71332492950521DA","0F96DC3563DA78EF","elmystical_agriculturerr.snbt","","","","mysticalagriculture:hop_graphite_seeds","","명시적 task.title 없이 아이템 hover 사용",""
"task","48B2837A88CB9B54","0F96DC3563DA78EF","elmystical_agriculturerr.snbt","","","","mysticalagriculture:dark_steel_seeds","","명시적 task.title 없이 아이템 hover 사용",""
"task","4AD1691B2C102B59","0F96DC3563DA78EF","elmystical_agriculturerr.snbt","","","","mysticalagriculture:energetic_alloy_seeds","","명시적 task.title 없이 아이템 hover 사용",""
"task","044CDEDB12A23672","0F96DC3563DA78EF","elmystical_agriculturerr.snbt","","","","mysticalagriculture:fiery_ingot_seeds","","명시적 task.title 없이 아이템 hover 사용",""
"task","140DE68D199671CC","0F96DC3563DA78EF","elmystical_agriculturerr.snbt","","","","mysticalagriculture:soularium_seeds","","명시적 task.title 없이 아이템 hover 사용",""
"task","026B913C4F045B44","0F96DC3563DA78EF","elmystical_agriculturerr.snbt","","","","mysticalagriculture:pulsating_alloy_seeds","","명시적 task.title 없이 아이템 hover 사용",""
"task","40111B7C13ABC481","0F96DC3563DA78EF","elmystical_agriculturerr.snbt","","","","mysticalagriculture:knightmetal_seeds","","명시적 task.title 없이 아이템 hover 사용",""
"task","0FCC730D256965D6","0F96DC3563DA78EF","elmystical_agriculturerr.snbt","","","","mysticalagriculture:enderium_seeds","","명시적 task.title 없이 아이템 hover 사용",""
"task","00ACCE7057507F12","0F96DC3563DA78EF","elmystical_agriculturerr.snbt","","","","mysticalagriculture:end_steel_seeds","","명시적 task.title 없이 아이템 hover 사용",""
"task","7BFE12E39ED5E2F7","0F96DC3563DA78EF","elmystical_agriculturerr.snbt","","","","mysticalagriculture:vibrant_alloy_seeds","","명시적 task.title 없이 아이템 hover 사용",""
"task","3BE85B444B0D7503","0F96DC3563DA78EF","elmystical_agriculturerr.snbt","","","","mysticalagriculture:sky_steel_seeds","","명시적 task.title 없이 아이템 hover 사용",""
"task","36ADFB768FA568A2","0F96DC3563DA78EF","elmystical_agriculturerr.snbt","","","","mysticalagriculture:entro_seeds","","명시적 task.title 없이 아이템 hover 사용",""
"task","1434679461CC6FCC","0F96DC3563DA78EF","elmystical_agriculturerr.snbt","","","","mysticalagriculture:black_quartz_seeds","","명시적 task.title 없이 아이템 hover 사용",""
"task","4406947D15BE4673","0F96DC3563DA78EF","elmystical_agriculturerr.snbt","","","","mysticalagriculture:rubber_seeds","","명시적 task.title 없이 아이템 hover 사용",""
"task","48BB6D03A3A0F8EF","0F96DC3563DA78EF","elmystical_agriculturerr.snbt","","","","mysticalagriculture:limestone_seeds","","명시적 task.title 없이 아이템 hover 사용",""
"task","58263D1906583AA0","0F96DC3563DA78EF","elmystical_agriculturerr.snbt","","","","mysticalagriculture:quartz_enriched_iron_seeds","","명시적 task.title 없이 아이템 hover 사용",""
"task","54AB497FCA105CAC","0F96DC3563DA78EF","elmystical_agriculturerr.snbt","","","","mysticalagriculture:phantom_seeds","","명시적 task.title 없이 아이템 hover 사용",""
"task","774455E55F768D49","0F96DC3563DA78EF","elmystical_agriculturerr.snbt","","","","mysticalagriculture:steel_seeds","","명시적 task.title 없이 아이템 hover 사용",""
"task","5DF33BBEF30D9978","0F96DC3563DA78EF","elmystical_agriculturerr.snbt","","","","mysticalagriculture:draconium_seeds","","명시적 task.title 없이 아이템 hover 사용",""
"task","503352BD709AEDB0","0F96DC3563DA78EF","elmystical_agriculturerr.snbt","","","","mysticalagriculture:yellorium_seeds","","명시적 task.title 없이 아이템 hover 사용",""
"quest","3D2B4BF905CB606F","0F96DC3563DA78EF","elmystical_agriculturerr.snbt","","","item","mysticalagriculture:awakened_draconium_seeds","","설명은 있으나 명시적 quest.title 없음",""
"task","6F67CE8931800D50","0F96DC3563DA78EF","elmystical_agriculturerr.snbt","","","","mysticalagriculture:awakened_draconium_seeds","","명시적 task.title 없이 아이템 hover 사용",""
"quest","6314B892B569A0A5","6AEC23C6D526F362","eternal_starlight.snbt","&9&lEternal Starlight","&9&lEternal Starlight","","","","한국어 파일의 영어 quest.title",""
"quest","41C70F0873E14307","6AEC23C6D526F362","eternal_starlight.snbt","&8Dead Lunar Log","&8죽은 루나 원목","","eternal_starlight:dead_lunar_log","죽은 달빛나무 원목","리소스팩 아이템명과 quest.title 불일치","죽은 달빛나무 원목"
"quest","3C74DAE7EC844A98","6AEC23C6D526F362","eternal_starlight.snbt","&3Lunar Berries","&3루나 열매","","eternal_starlight:lunar_berries","달빛 열매","리소스팩 아이템명과 quest.title 불일치","달빛 열매"
"quest","47CB136D7764B86D","6AEC23C6D526F362","eternal_starlight.snbt","&eTorreya Vines","&e토레야 덩굴","","eternal_starlight:torreya_vines","개비자나무 덩굴","리소스팩 아이템명과 quest.title 불일치","개비자나무 덩굴"
"quest","17D82EEA20D02EC8","6AEC23C6D526F362","eternal_starlight.snbt","&5Dusted Gravel","&5먼지 낀 자갈","","eternal_starlight:dusted_gravel","가루 묻은 자갈","리소스팩 아이템명과 quest.title 불일치","가루 묻은 자갈"
"quest","50EC8F8CD04D9598","6AEC23C6D526F362","eternal_starlight.snbt","&5Rage of Stars","&5별의 분노","","eternal_starlight:rage_of_stars","별의 격노","리소스팩 아이템명과 quest.title 불일치","별의 격노"
"quest","2583E4890619044E","6AEC23C6D526F362","eternal_starlight.snbt","&6Thermal Springstone Sword","&6온천석 검","","eternal_starlight:thermal_springstone_sword","열기 스프링스톤 검","리소스팩 아이템명과 quest.title 불일치","열기 스프링스톤 검"
"quest","7D68FD0637351E02","6AEC23C6D526F362","eternal_starlight.snbt","&6Thermal Springstone Helmet","&6온천석 투구","","eternal_starlight:thermal_springstone_helmet","열기 스프링스톤 투구","리소스팩 아이템명과 quest.title 불일치","열기 스프링스톤 투구"
"quest","3BAF4078F5776809","6AEC23C6D526F362","eternal_starlight.snbt","&6Thermal Springstone Chestplate","&6온천석 흉갑","","eternal_starlight:thermal_springstone_chestplate","열기 스프링스톤 흉갑","리소스팩 아이템명과 quest.title 불일치","열기 스프링스톤 흉갑"
"quest","45AA690C89BF6845","6AEC23C6D526F362","eternal_starlight.snbt","&6Thermal Springstone Leggings","&6온천석 하의","","eternal_starlight:thermal_springstone_leggings","열기 스프링스톤 레깅스","리소스팩 아이템명과 quest.title 불일치","열기 스프링스톤 레깅스"
"quest","62DA302CF53B7C39","6AEC23C6D526F362","eternal_starlight.snbt","&6Thermal Springstone Boots","&6온천석 부츠","","eternal_starlight:thermal_springstone_boots","열기 스프링스톤 부츠","리소스팩 아이템명과 quest.title 불일치","열기 스프링스톤 부츠"
"quest","7798BC7C5112D6FB","6AEC23C6D526F362","eternal_starlight.snbt","&bGlacite Leggings","&b글라사이트 하의","","eternal_starlight:glacite_leggings","글라사이트 레깅스","리소스팩 아이템명과 quest.title 불일치","글라사이트 레깅스"
"quest","31DDEA54B6E81EEE","6AEC23C6D526F362","eternal_starlight.snbt","&7Deepsilver Helmet","&7딥실버 투구","","eternal_starlight:deepsilver_helmet","심층 은 투구","리소스팩 아이템명과 quest.title 불일치","심층 은 투구"
"quest","470EA6870DBBB352","6AEC23C6D526F362","eternal_starlight.snbt","&7Deepsilver Chestplate","&7딥실버 흉갑","","eternal_starlight:deepsilver_chestplate","심층 은 흉갑","리소스팩 아이템명과 quest.title 불일치","심층 은 흉갑"
"quest","46E32356964E56A0","6AEC23C6D526F362","eternal_starlight.snbt","&7Deepsilver Leggings","&7딥실버 하의","","eternal_starlight:deepsilver_leggings","심층 은 레깅스","리소스팩 아이템명과 quest.title 불일치","심층 은 레깅스"
"quest","64B6E1ABD471CF29","6AEC23C6D526F362","eternal_starlight.snbt","&7Deepsilver Boots","&7딥실버 부츠","","eternal_starlight:deepsilver_boots","심층 은 부츠","리소스팩 아이템명과 quest.title 불일치","심층 은 부츠"
"quest","02414CBEF2CD5A9D","6AEC23C6D526F362","eternal_starlight.snbt","&7Deepsilver Sword","&7딥실버 검","","eternal_starlight:deepsilver_sword","심층 은 검","리소스팩 아이템명과 quest.title 불일치","심층 은 검"
"quest","1E7B5CDF0D5F833F","6AEC23C6D526F362","eternal_starlight.snbt","&7Deepsilver Pickaxe","&7딥실버 곡괭이","","eternal_starlight:deepsilver_pickaxe","심층 은 곡괭이","리소스팩 아이템명과 quest.title 불일치","심층 은 곡괭이"
"quest","06D3EC025557855F","6AEC23C6D526F362","eternal_starlight.snbt","&7Deepsilver Axe","&7딥실버 도끼","","eternal_starlight:deepsilver_axe","심층 은 도끼","리소스팩 아이템명과 quest.title 불일치","심층 은 도끼"
"quest","4B13835110F1FE82","6AEC23C6D526F362","eternal_starlight.snbt","&7Deepsilver Sickle","&7딥실버 낫","","eternal_starlight:deepsilver_sickle","심층 은 낫","리소스팩 아이템명과 quest.title 불일치","심층 은 낫"
"quest","1AAFC306507DFCF8","6AEC23C6D526F362","eternal_starlight.snbt","&bGlacite Scythe","&b글라사이트 낫","","eternal_starlight:glacite_scythe","글라사이트 대낫","리소스팩 아이템명과 quest.title 불일치","글라사이트 대낫"
"quest","6ECDD55D55D4D44E","6AEC23C6D526F362","eternal_starlight.snbt","&5Starfall Longbow","&5스타폴 장궁","","eternal_starlight:starfall_longbow","별똥별 장궁","리소스팩 아이템명과 quest.title 불일치","별똥별 장궁"
"quest","47DF2314B10146E9","6AEC23C6D526F362","eternal_starlight.snbt","&6Thermal Springstone Pickaxe","&6온천석 곡괭이","","eternal_starlight:thermal_springstone_pickaxe","열기 스프링스톤 곡괭이","리소스팩 아이템명과 quest.title 불일치","열기 스프링스톤 곡괭이"
"quest","7AF8567CF8C543F7","6AEC23C6D526F362","eternal_starlight.snbt","&6Thermal Springstone Axe","&6온천석 도끼","","eternal_starlight:thermal_springstone_axe","열기 스프링스톤 도끼","리소스팩 아이템명과 quest.title 불일치","열기 스프링스톤 도끼"
"quest","27D8E62556F7CE8D","6AEC23C6D526F362","eternal_starlight.snbt","&6Thermal Springstone Hoe","&6온천석 괭이","","eternal_starlight:thermal_springstone_hoe","열기 스프링스톤 괭이","리소스팩 아이템명과 quest.title 불일치","열기 스프링스톤 괭이"
"quest","474C8AF9D536D4E7","6AEC23C6D526F362","eternal_starlight.snbt","&6Thermal Springstone Shovel","&6온천석 삽","","eternal_starlight:thermal_springstone_shovel","열기 스프링스톤 삽","리소스팩 아이템명과 quest.title 불일치","열기 스프링스톤 삽"
"quest","7618153D6613790E","6AEC23C6D526F362","eternal_starlight.snbt","&6Thermal Springstone Scythe","&6온천석 대낫","","eternal_starlight:thermal_springstone_scythe","열기 스프링스톤 대낫","리소스팩 아이템명과 quest.title 불일치","열기 스프링스톤 대낫"
"quest","38CF9E6E7490BD50","6AEC23C6D526F362","eternal_starlight.snbt","&6Thermal Springstone Hammer","&6온천석 망치","","eternal_starlight:thermal_springstone_hammer","열기 스프링스톤 망치","리소스팩 아이템명과 quest.title 불일치","열기 스프링스톤 망치"
"quest","713548E540B18E07","6AEC23C6D526F362","eternal_starlight.snbt","&9Moonring Bow","&9문링 활","","eternal_starlight:moonring_bow","달고리 활","리소스팩 아이템명과 quest.title 불일치","달고리 활"
"quest","62F33BBE7BDFE404","6AEC23C6D526F362","eternal_starlight.snbt","&5Wand of &7Teleportation","&5순간이동의 &7지팡이","","eternal_starlight:wand_of_teleportation","순간이동 지팡이","리소스팩 아이템명과 quest.title 불일치","순간이동 지팡이"
"quest","54DE8AAAE2181F18","6AEC23C6D526F362","eternal_starlight.snbt","&dMoonring Greatsword","&d문링 대검","","eternal_starlight:moonring_greatsword","달고리 대검","리소스팩 아이템명과 quest.title 불일치","달고리 대검"
"quest","1533D98B3B2A758E","6AEC23C6D526F362","eternal_starlight.snbt","&7Shattered Sword","&7부서진 검","","eternal_starlight:shattered_sword","산산조각 검","리소스팩 아이템명과 quest.title 불일치","산산조각 검"
"quest","29EC143D7E0347DE","6AEC23C6D526F362","eternal_starlight.snbt","&8Dagger of Hunger","&8굶주림의 단검","","eternal_starlight:dagger_of_hunger","허기의 단검","리소스팩 아이템명과 quest.title 불일치","허기의 단검"
"quest","37355F60E45777FE","6AEC23C6D526F362","eternal_starlight.snbt","&3Orb of Prophecy","&3예언의 오브","","eternal_starlight:orb_of_prophecy","예언의 구체","리소스팩 아이템명과 quest.title 불일치","예언의 구체"
"task","47DA42491982BD41","6AEC23C6D526F362","eternal_starlight.snbt","","","","ftbfiltersystem:smart_filter","","명시적 task.title 없이 아이템 hover 사용",""
"task","28A1467F578C3750","6AEC23C6D526F362","eternal_starlight.snbt","","","","ftbfiltersystem:smart_filter","","명시적 task.title 없이 아이템 hover 사용",""
"quest","3D4032E7119AF8B7","6AEC23C6D526F362","eternal_starlight.snbt","&5Sonar Bomb","&5소나 폭탄","","eternal_starlight:sonar_bomb","음파 폭탄","리소스팩 아이템명과 quest.title 불일치","음파 폭탄"
"task","29CAA814200ABBA8","6AEC23C6D526F362","eternal_starlight.snbt","","","","ftbfiltersystem:smart_filter","","명시적 task.title 없이 아이템 hover 사용",""
"quest","7FBB431AC055FE93","6AEC23C6D526F362","eternal_starlight.snbt","&7Soulit Spectator","&7소울릿 관찰자","","eternal_starlight:soulit_spectator","영혼빛 관측기","리소스팩 아이템명과 quest.title 불일치","영혼빛 관측기"
"quest","51B6D203E28D92BE","6AEC23C6D526F362","eternal_starlight.snbt","&5Aetherstrike Rocket","&5에테르스트라이크 로켓","","eternal_starlight:aetherstrike_rocket","에테르 폭격 로켓","리소스팩 아이템명과 quest.title 불일치","에테르 폭격 로켓"
"quest","5D8E715CCB7ACCAC","6AEC23C6D526F362","eternal_starlight.snbt","&dStarlit Diamond Leggings","&d별빛 다이아몬드 하의","","eternal_starlight:starlit_diamond_leggings","별빛 다이아몬드 레깅스","리소스팩 아이템명과 quest.title 불일치","별빛 다이아몬드 레깅스"
"quest","1C863B4BC6EAD1CD","6AEC23C6D526F362","eternal_starlight.snbt","&9Malarite Sickle","&9말라라이트 손낫","","eternal_starlight:malarite_sickle","말라라이트 낫","리소스팩 아이템명과 quest.title 불일치","말라라이트 낫"
"quest","41197BEBED4A9B69","6AEC23C6D526F362","eternal_starlight.snbt","&7Deepsilver Hoe","&7딥실버 괭이","","eternal_starlight:deepsilver_hoe","심층 은 괭이","리소스팩 아이템명과 quest.title 불일치","심층 은 괭이"
"quest","66DE7EF4AFCE4F7A","6AEC23C6D526F362","eternal_starlight.snbt","&7Deepsilver Shovel","&7딥실버 삽","","eternal_starlight:deepsilver_shovel","심층 은 삽","리소스팩 아이템명과 quest.title 불일치","심층 은 삽"
"quest","7322332BB6CF5CF7","6AEC23C6D526F362","eternal_starlight.snbt","&7Deepsilver Brush","&7딥실버 솔","","eternal_starlight:deepsilver_brush","심층 은 붓","리소스팩 아이템명과 quest.title 불일치","심층 은 붓"
"quest","378A7484CF999F03","6AEC23C6D526F362","eternal_starlight.snbt","&dSpiral Kelp","&d나선 다시마","","eternal_starlight:spiral_kelp","나선 켈프","리소스팩 아이템명과 quest.title 불일치","나선 켈프"
"quest","19F7BAD1150A2107","6AEC23C6D526F362","eternal_starlight.snbt","&cStarfire","&c스타파이어","","eternal_starlight:starfire","별불꽃","리소스팩 아이템명과 quest.title 불일치","별불꽃"
"quest","5003365C2A7B4B53","6AEC23C6D526F362","eternal_starlight.snbt","&cStarfire Sword","&c스타파이어 검","","eternal_starlight:starfire_sword","별불꽃 검","리소스팩 아이템명과 quest.title 불일치","별불꽃 검"
"quest","5671D301C5264C7F","6AEC23C6D526F362","eternal_starlight.snbt","&cStarfire Pickaxe","&c스타파이어 곡괭이","","eternal_starlight:starfire_pickaxe","별불꽃 곡괭이","리소스팩 아이템명과 quest.title 불일치","별불꽃 곡괭이"
"quest","20D705C99BD11F18","6AEC23C6D526F362","eternal_starlight.snbt","&cStarfire Axe","&c스타파이어 도끼","","eternal_starlight:starfire_axe","별불꽃 도끼","리소스팩 아이템명과 quest.title 불일치","별불꽃 도끼"
"quest","0688CE330DAF8714","6AEC23C6D526F362","eternal_starlight.snbt","&cStarfire Hoe","&c스타파이어 괭이","","eternal_starlight:starfire_hoe","별불꽃 괭이","리소스팩 아이템명과 quest.title 불일치","별불꽃 괭이"
"quest","4C72D2BB6785CC78","6AEC23C6D526F362","eternal_starlight.snbt","&cStarfire Shovel","&c스타파이어 삽","","eternal_starlight:starfire_shovel","별불꽃 삽","리소스팩 아이템명과 quest.title 불일치","별불꽃 삽"
"quest","0F8955B74DBDF5F9","6AEC23C6D526F362","eternal_starlight.snbt","&cStarfire Scythe","&c스타파이어 낫","","eternal_starlight:starfire_scythe","별불꽃 대낫","리소스팩 아이템명과 quest.title 불일치","별불꽃 대낫"
"quest","0CFAAF6F13EB6C2C","6AEC23C6D526F362","eternal_starlight.snbt","&cStarfire Hammer","&c스타파이어 망치","","eternal_starlight:starfire_hammer","별불꽃 망치","리소스팩 아이템명과 quest.title 불일치","별불꽃 망치"
"quest","564F0343B1704CE8","6AEC23C6D526F362","eternal_starlight.snbt","&cStarfire Crossbow","&c스타파이어 쇠뇌","","eternal_starlight:starfire_crossbow","별불꽃 쇠뇌","리소스팩 아이템명과 quest.title 불일치","별불꽃 쇠뇌"
"quest","028472D7F51D439A","6AEC23C6D526F362","eternal_starlight.snbt","&aFlowglaze Scythe","&a플로글레이즈 낫","","eternal_starlight:flowglaze_scythe","플로글레이즈 대낫","리소스팩 아이템명과 quest.title 불일치","플로글레이즈 대낫"
"quest","2E9D3DA2DF3E3AC9","6AEC23C6D526F362","eternal_starlight.snbt","&5Petal &bScythe","&5꽃잎 &b낫","","eternal_starlight:petal_scythe","꽃잎 대낫","리소스팩 아이템명과 quest.title 불일치","꽃잎 대낫"
"quest","27E34DCC9C94F4FF","3456E0C530C0038E","evilcraft.snbt","","","AllRightsReserved","","","설명은 있으나 명시적 quest.title 없음",""
"task","293B86458729C26E","3456E0C530C0038E","evilcraft.snbt","AllRightsReserved","AllRightsReserved","","","","한국어 파일의 영어 task.title",""
"quest","4818C8387C0DBBE7","51A2FE60D8B76FC6","extended__advanced_ae.snbt","ExtendedAE","Extended AE","","","","한국어 파일의 영어 quest.title",""
"quest","7725CB7D0AE55180","51A2FE60D8B76FC6","extended__advanced_ae.snbt","Advanced AE","Advanced AE","","","","한국어 파일의 영어 quest.title",""
"quest","19DE6EBEA8219E8E","3C78926E5D301BA0","extreme_reactors.snbt","","","AllRightsReserved","","","설명은 있으나 명시적 quest.title 없음",""
"task","27D8027E1B88F02A","3C78926E5D301BA0","extreme_reactors.snbt","AllRightsReserved","AllRightsReserved","","","","한국어 파일의 영어 task.title",""
"task","4851C74261B5FA25","3C78926E5D301BA0","extreme_reactors.snbt","AllRightsReserved","AllRightsReserved","","","","한국어 파일의 영어 task.title",""
"task","73B6ED422F9292D1","05E614FDA677D85E","food_and_farming.snbt","","","","minecraft:wheat_seeds","","명시적 task.title 없이 아이템 hover 사용",""
"task","5824C93C84312142","05E614FDA677D85E","food_and_farming.snbt","","","","minecraft:leather","","명시적 task.title 없이 아이템 hover 사용",""
"task","63282E8604721F13","05E614FDA677D85E","food_and_farming.snbt","","","","minecraft:lead","","명시적 task.title 없이 아이템 hover 사용",""
"task","19A9C679111A90BC","05E614FDA677D85E","food_and_farming.snbt","","","","minecraft:milk_bucket","","명시적 task.title 없이 아이템 hover 사용",""
"task","46974912B1E8E78B","05E614FDA677D85E","food_and_farming.snbt","","","","minecraft:egg","","명시적 task.title 없이 아이템 hover 사용",""
"task","611CC8005150DC9B","05E614FDA677D85E","food_and_farming.snbt","","","","minecraft:feather","","명시적 task.title 없이 아이템 hover 사용",""
"task","0CAC6A36AC5A6708","05E614FDA677D85E","food_and_farming.snbt","","","","minecraft:chicken","","명시적 task.title 없이 아이템 hover 사용",""
"task","6890EB2819D88073","05E614FDA677D85E","food_and_farming.snbt","","","","minecraft:wheat","","명시적 task.title 없이 아이템 hover 사용",""
"task","03C7F9CB0DDB2D9B","05E614FDA677D85E","food_and_farming.snbt","","","","minecraft:bread","","명시적 task.title 없이 아이템 hover 사용",""
"task","6118A776B40507B7","05E614FDA677D85E","food_and_farming.snbt","","","","minecraft:sugar_cane","","명시적 task.title 없이 아이템 hover 사용",""
"task","61DBF366AFC8A579","05E614FDA677D85E","food_and_farming.snbt","","","Cooking for Blockheads I","cookingforblockheads:recipe_book","Cooking for Blockheads I","명시적 task.title 없이 아이템 hover 사용","Cooking for Blockheads I"
"task","20FD5552BE10D679","05E614FDA677D85E","food_and_farming.snbt","","","Cooking for Blockheads II","cookingforblockheads:crafting_book","Cooking for Blockheads II","명시적 task.title 없이 아이템 hover 사용","Cooking for Blockheads II"
"task","5CB4746CCB2E2363","05E614FDA677D85E","food_and_farming.snbt","","","","minecraft:fishing_rod","","명시적 task.title 없이 아이템 hover 사용",""
"quest","0893EFCAC7031FEA","05E614FDA677D85E","food_and_farming.snbt","","","item","minecraft:cake","","설명은 있으나 명시적 quest.title 없음",""
"task","1AA73DEFAA50FDF6","05E614FDA677D85E","food_and_farming.snbt","","","","minecraft:cake","","명시적 task.title 없이 아이템 hover 사용",""
"task","56CAB3D2E3421C7C","05E614FDA677D85E","food_and_farming.snbt","","","","minecraft:sugar","","명시적 task.title 없이 아이템 hover 사용",""
"quest","55C4824DAD905512","05E614FDA677D85E","food_and_farming.snbt","","","AllRightsReserved","","","설명은 있으나 명시적 quest.title 없음",""
"task","5805158E69C05AED","05E614FDA677D85E","food_and_farming.snbt","AllRightsReserved","AllRightsReserved","","","","한국어 파일의 영어 task.title",""
"task","1D8904E53906D972","05E614FDA677D85E","food_and_farming.snbt","AllRightsReserved","AllRightsReserved","","","","한국어 파일의 영어 task.title",""
"task","00D7C2BCAD726BE8","4EBB2171D5A3AAAC","forbidden__arcanus.snbt","","","","minecraft:smithing_table","","명시적 task.title 없이 아이템 hover 사용",""
"task","333F55C8B6309F73","4EBB2171D5A3AAAC","forbidden__arcanus.snbt","","","","minecraft:enchanting_table","","명시적 task.title 없이 아이템 hover 사용",""
"task","09EB713B3DFC147C","4EBB2171D5A3AAAC","forbidden__arcanus.snbt","","","","minecraft:spawner","","명시적 task.title 없이 아이템 hover 사용",""
"task","01D16EA4A29E7C91","4EBB2171D5A3AAAC","forbidden__arcanus.snbt","","","","modern_industrialization:runic_crucible","","명시적 task.title 없이 아이템 hover 사용",""
"task","05535B8C94E70C5F","4EBB2171D5A3AAAC","forbidden__arcanus.snbt","","","","kubejs:liquid_souls_bucket","","명시적 task.title 없이 아이템 hover 사용",""
"task","181E5AEEFBB79CBD","4EBB2171D5A3AAAC","forbidden__arcanus.snbt","","","","kubejs:liquid_aureal_bucket","","명시적 task.title 없이 아이템 hover 사용",""
"quest","0D61473D7A09CD48","4EBB2171D5A3AAAC","forbidden__arcanus.snbt","","","item","modern_industrialization:auto_forge","","설명은 있으나 명시적 quest.title 없음",""
"task","0912CAC19BBA29D1","4EBB2171D5A3AAAC","forbidden__arcanus.snbt","","","","modern_industrialization:auto_forge","","명시적 task.title 없이 아이템 hover 사용",""
"task","0D1806A422DCCE39","4EBB2171D5A3AAAC","forbidden__arcanus.snbt","","","","ftbfiltersystem:smart_filter","","명시적 task.title 없이 아이템 hover 사용",""
"task","3C7296E2E064C061","4EBB2171D5A3AAAC","forbidden__arcanus.snbt","","","","sauce:source_fluid_bucket","","명시적 task.title 없이 아이템 hover 사용",""
"task","0B62A5DC9EB8E6CF","73180B829B960E63","generators.snbt","","","{""extra"":[{""color"":""aqua"",""text"":""R""},{""color"":""blue"",""text"":""a""},{""color"":""aqua"",""text"":""i""},{""color"":""blue"",""text"":""n""},{""color"":""red"",""text"":""b""},{""color"":""yellow"",""text"":""o""},{""color"":""blue"",""text"":""w""},{""color"":""red"",""text"":"" ""},{""color"":""light_purple"",""text"":""F""},{""color"":""blue"",""text"":""u""},{""color"":""red"",""text"":""r""},{""color"":""yellow"",""text"":""n""},{""color"":""yellow"",""text"":""a""},{""color"":""red"",""text"":""c""},{""color"":""yellow"",""text"":""e""}],""text"":""""}","ironfurnaces:million_furnace","무지개 화로","명시적 task.title 없이 아이템 hover 사용",""
"task","0B62A5DC9EB8E6CF","73180B829B960E63","generators.snbt","","","{""extra"":[{""color"":""aqua"",""text"":""R""},{""color"":""blue"",""text"":""a""},{""color"":""aqua"",""text"":""i""},{""color"":""blue"",""text"":""n""},{""color"":""red"",""text"":""b""},{""color"":""yellow"",""text"":""o""},{""color"":""blue"",""text"":""w""},{""color"":""red"",""text"":"" ""},{""color"":""light_purple"",""text"":""F""},{""color"":""blue"",""text"":""u""},{""color"":""red"",""text"":""r""},{""color"":""yellow"",""text"":""n""},{""color"":""yellow"",""text"":""a""},{""color"":""red"",""text"":""c""},{""color"":""yellow"",""text"":""e""}],""text"":""""}","ironfurnaces:million_furnace","무지개 화로","영어 custom_name 또는 literal component",""
"task","703D7D142BD7CEC9","73180B829B960E63","generators.snbt","","","","minecraft:furnace","","명시적 task.title 없이 아이템 hover 사용",""
"quest","7297391D026EE9A6","73180B829B960E63","generators.snbt","&dPotion Generator","&d포션 발전기","","generatorgalore:potion_generator","물약 발전기","리소스팩 아이템명과 quest.title 불일치","물약 발전기"
"quest","552CA2ABE659A507","73180B829B960E63","generators.snbt","&cMagmatic Generator","&c마그마틱 발전기","","generatorgalore:magmatic_generator","마그마 발전기","리소스팩 아이템명과 quest.title 불일치","마그마 발전기"
"quest","40DB6E3DE87F16EF","73180B829B960E63","generators.snbt","&5Halitosis Generator","&5할리토시스 발전기","","generatorgalore:halitosis_generator","구취 발전기","리소스팩 아이템명과 quest.title 불일치","구취 발전기"
"task","1311C09169CA7055","73180B829B960E63","generators.snbt","","","","minecraft:paper","","명시적 task.title 없이 아이템 hover 사용",""
"task","5DB7A437BEC3E2D4","73180B829B960E63","generators.snbt","AllRightsReserved","AllRightsReserved","","","","한국어 파일의 영어 task.title",""
"task","38B6F45109CB033A","73180B829B960E63","generators.snbt","AllRightsReserved","AllRightsReserved","","","","한국어 파일의 영어 task.title",""
"task","26FAC6C93C935044","0A52D0932DA3F809","hostile_neural_networks.snbt","","","","minecraft:redstone","","명시적 task.title 없이 아이템 hover 사용",""
"quest","12AE2856444996F6","0A52D0932DA3F809","hostile_neural_networks.snbt","","","AllRightsReserved","","","설명은 있으나 명시적 quest.title 없음",""
"task","6B580F95A2E5A465","0A52D0932DA3F809","hostile_neural_networks.snbt","AllRightsReserved","AllRightsReserved","","","","한국어 파일의 영어 task.title",""
"task","15D2A03410859443","0A52D0932DA3F809","hostile_neural_networks.snbt","AllRightsReserved","AllRightsReserved","","","","한국어 파일의 영어 task.title",""
"task","78CDCCBB053CE95C","0A52D0932DA3F809","hostile_neural_networks.snbt","","","","kubejs:starlight_prediction","","명시적 task.title 없이 아이템 hover 사용",""
"quest","395417A7ABC3658F","5D8E83698AEF1092","ice__fire.snbt","&2Gorgon Head","&2고르곤 머리","","iceandfire:gorgon_head","고르곤의 머리","리소스팩 아이템명과 quest.title 불일치","고르곤의 머리"
"quest","7D086BC5AC152E27","5D8E83698AEF1092","ice__fire.snbt","&bShiny Scales","&b반짝이는 비늘","","iceandfire:shiny_scales","빛나는 비늘","리소스팩 아이템명과 quest.title 불일치","빛나는 비늘"
"quest","41F9CC26C7D86AE9","5D8E83698AEF1092","ice__fire.snbt","&bHippocampus Slapper","&b히포캄푸스 슬래퍼","","iceandfire:hippocampus_slapper","히포캄푸스의 찰싹대","리소스팩 아이템명과 quest.title 불일치","히포캄푸스의 찰싹대"
"quest","09ABD5D978373A54","5D8E83698AEF1092","ice__fire.snbt","&aHydra Heart","&a히드라 체력","","iceandfire:hydra_heart","히드라의 심장","리소스팩 아이템명과 quest.title 불일치","히드라의 심장"
"task","047744035FE7C4C6","5D8E83698AEF1092","ice__fire.snbt","","","","ftbfiltersystem:smart_filter","","명시적 task.title 없이 아이템 hover 사용",""
"task","413E2B1199F7B2FE","5D8E83698AEF1092","ice__fire.snbt","","","","ftbfiltersystem:smart_filter","","명시적 task.title 없이 아이템 hover 사용",""
"task","4F3D1BF4E10770D2","5D8E83698AEF1092","ice__fire.snbt","","","","ftbfiltersystem:smart_filter","","명시적 task.title 없이 아이템 hover 사용",""
"task","0620A9784793301A","5D8E83698AEF1092","ice__fire.snbt","","","","ftbfiltersystem:smart_filter","","명시적 task.title 없이 아이템 hover 사용",""
"task","4BFCCD15D178ED0D","5D8E83698AEF1092","ice__fire.snbt","","","","ftbfiltersystem:smart_filter","","명시적 task.title 없이 아이템 hover 사용",""
"task","73A02CA0F7204A81","5D8E83698AEF1092","ice__fire.snbt","","","","ftbfiltersystem:smart_filter","","명시적 task.title 없이 아이템 hover 사용",""
"task","4703C2FA0B8E7CA5","5D8E83698AEF1092","ice__fire.snbt","","","","ftbfiltersystem:smart_filter","","명시적 task.title 없이 아이템 hover 사용",""
"task","721D4B2BCA090BEE","5D8E83698AEF1092","ice__fire.snbt","","","","ftbfiltersystem:smart_filter","","명시적 task.title 없이 아이템 hover 사용",""
"quest","39107884D6C80D41","5D8E83698AEF1092","ice__fire.snbt","&aPhantasmal Blade","&a환상적인 칼날","","iceandfire:ghost_sword","환영의 검","리소스팩 아이템명과 quest.title 불일치","환영의 검"
"task","4A894487D6AEA124","5D8E83698AEF1092","ice__fire.snbt","","","","minecraft:kelp","","명시적 task.title 없이 아이템 hover 사용",""
"quest","6FE6F50029D690C0","5D8E83698AEF1092","ice__fire.snbt","&9Tide Trident","&9조수 삼지창","","iceandfire:tide_trident","해류 삼지창","리소스팩 아이템명과 quest.title 불일치","해류 삼지창"
"task","4F3B27F987FA751B","5D8E83698AEF1092","ice__fire.snbt","","","","ftbfiltersystem:smart_filter","","명시적 task.title 없이 아이템 hover 사용",""
"task","2F6DA7A9259F8585","5D8E83698AEF1092","ice__fire.snbt","","","","ftbfiltersystem:smart_filter","","명시적 task.title 없이 아이템 hover 사용",""
"task","3014A3CA3C73E6D4","5D8E83698AEF1092","ice__fire.snbt","","","","ftbfiltersystem:smart_filter","","명시적 task.title 없이 아이템 hover 사용",""
"task","433EA38A6B260048","5D8E83698AEF1092","ice__fire.snbt","","","","ftbfiltersystem:smart_filter","","명시적 task.title 없이 아이템 hover 사용",""
"task","091437742C548F81","5D8E83698AEF1092","ice__fire.snbt","","","","minecraft:fishing_rod","","명시적 task.title 없이 아이템 hover 사용",""
"quest","445DB66B81146E91","5D8E83698AEF1092","ice__fire.snbt","&3Amphithere Macuahuitl","&3암피테레 마쿠아후이틀","","iceandfire:amphithere_macuahuitl","암피테레 도검","리소스팩 아이템명과 quest.title 불일치","암피테레 도검"
"quest","4AFDC9ACAC926654","5D8E83698AEF1092","ice__fire.snbt","&0Rotten Egg","&0썩은 알","","iceandfire:rotten_egg","썩은 달걀","리소스팩 아이템명과 quest.title 불일치","썩은 달걀"
"task","2BCD016F70368254","5D8E83698AEF1092","ice__fire.snbt","","","","minecraft:cake","","명시적 task.title 없이 아이템 hover 사용",""
"quest","3804364077F4BAD4","5D8E83698AEF1092","ice__fire.snbt","&dPixie Wand","&d픽시 지팡이","","iceandfire:pixie_wand","픽시의 지팡이","리소스팩 아이템명과 quest.title 불일치","픽시의 지팡이"
"task","3E3EBDB1D26C3117","5D8E83698AEF1092","ice__fire.snbt","","","","minecraft:netherrack","","명시적 task.title 없이 아이템 hover 사용",""
"task","71321938044ADBE4","5D8E83698AEF1092","ice__fire.snbt","","","","minecraft:water_bucket","","명시적 task.title 없이 아이템 hover 사용",""
"task","3CC50EAEEE1E8A56","5D8E83698AEF1092","ice__fire.snbt","","","","minecraft:stick","","명시적 task.title 없이 아이템 hover 사용",""
"task","2519E6394D62203F","5D8E83698AEF1092","ice__fire.snbt","","","","ftbfiltersystem:smart_filter","","명시적 task.title 없이 아이템 hover 사용",""
"quest","7B21D2FAD5F3246A","5D8E83698AEF1092","ice__fire.snbt","&b&lIce &fand &cFire&r","&b&lIce &fand &cFire&r","","","","한국어 파일의 영어 quest.title",""
"quest","2E9D1131DC21CC5B","22C20C1827FE6805","immersive_engineering.snbt","&8&lImmersive Engineering","&8&lImmersive Engineering","","","","한국어 파일의 영어 quest.title",""
"task","4D5FA238E199BECE","22C20C1827FE6805","immersive_engineering.snbt","","","","minecraft:hopper","","명시적 task.title 없이 아이템 hover 사용",""
"task","4CBB52C7D0BF9B28","22C20C1827FE6805","immersive_engineering.snbt","","","","ftbfiltersystem:smart_filter","","명시적 task.title 없이 아이템 hover 사용",""
"task","53AF5EFD070E8761","22C20C1827FE6805","immersive_engineering.snbt","","","","ftbfiltersystem:smart_filter","","명시적 task.title 없이 아이템 hover 사용",""
"task","5C0A27EA31A8CA78","22C20C1827FE6805","immersive_engineering.snbt","","","","minecraft:piston","","명시적 task.title 없이 아이템 hover 사용",""
"task","34424E87D679D3AA","22C20C1827FE6805","immersive_engineering.snbt","","","","minecraft:hopper","","명시적 task.title 없이 아이템 hover 사용",""
"task","2DA2DAF100BEB247","22C20C1827FE6805","immersive_engineering.snbt","","","","minecraft:cauldron","","명시적 task.title 없이 아이템 hover 사용",""
"task","1753E67772445136","22C20C1827FE6805","immersive_engineering.snbt","","","","minecraft:piston","","명시적 task.title 없이 아이템 hover 사용",""
"task","77B4D2FE41B9556D","22C20C1827FE6805","immersive_engineering.snbt","","","","minecraft:cauldron","","명시적 task.title 없이 아이템 hover 사용",""
"quest","3E32450DBB7529AA","22C20C1827FE6805","immersive_engineering.snbt","&eItem Batcher","&e아이템 배쳐","","immersiveengineering:item_batcher","아이템 배치 처리기","리소스팩 아이템명과 quest.title 불일치","아이템 배치 처리기"
"quest","6F3C82072672FD17","22C20C1827FE6805","immersive_engineering.snbt","","","AllRightsReserved","","","설명은 있으나 명시적 quest.title 없음",""
"task","603A16080675C348","22C20C1827FE6805","immersive_engineering.snbt","AllRightsReserved","AllRightsReserved","","","","한국어 파일의 영어 task.title",""
"task","0D7C60D7BFBD8CF0","22C20C1827FE6805","immersive_engineering.snbt","AllRightsReserved","AllRightsReserved","","","","한국어 파일의 영어 task.title",""
"quest","55820773BDD5319D","193F91842D2ED7D9","industrial_foregoing.snbt","Industrial Foregoing","Industrial Foregoing","","","","한국어 파일의 영어 quest.title",""
"task","706E6BE855C4AE5C","193F91842D2ED7D9","industrial_foregoing.snbt","","","","industrialforegoing:conveyor_insertion_upgrade","","명시적 task.title 없이 아이템 hover 사용",""
"task","1D7CB07E1E6F7A29","193F91842D2ED7D9","industrial_foregoing.snbt","","","","industrialforegoing:conveyor_extraction_upgrade","","명시적 task.title 없이 아이템 hover 사용",""
"task","1F78346AC1AA58B4","193F91842D2ED7D9","industrial_foregoing.snbt","","","","industrialforegoing:conveyor_bouncing_upgrade","","명시적 task.title 없이 아이템 hover 사용",""
"task","3DB99B677678BCDD","193F91842D2ED7D9","industrial_foregoing.snbt","","","","industrialforegoing:conveyor_dropping_upgrade","","명시적 task.title 없이 아이템 hover 사용",""
"task","1A64390CFB75F256","193F91842D2ED7D9","industrial_foregoing.snbt","","","","industrialforegoing:conveyor_detection_upgrade","","명시적 task.title 없이 아이템 hover 사용",""
"task","387D0194F77E1870","193F91842D2ED7D9","industrial_foregoing.snbt","","","","industrialforegoing:conveyor_blinking_upgrade","","명시적 task.title 없이 아이템 hover 사용",""
"task","4C5292076C0A9E83","193F91842D2ED7D9","industrial_foregoing.snbt","","","","industrialforegoing:conveyor_splitting_upgrade","","명시적 task.title 없이 아이템 hover 사용",""
"quest","2E8E292ED596A104","193F91842D2ED7D9","industrial_foregoing.snbt","","","item","industrialforegoing:purple_laser_lens","","설명은 있으나 명시적 quest.title 없음",""
"task","16AC71DDD21F0323","193F91842D2ED7D9","industrial_foregoing.snbt","","","","industrialforegoing:purple_laser_lens","","명시적 task.title 없이 아이템 hover 사용",""
"quest","2F69010E1FA2787D","193F91842D2ED7D9","industrial_foregoing.snbt","","","AllRightsReserved","","","설명은 있으나 명시적 quest.title 없음",""
"task","7058D3373DA87B34","193F91842D2ED7D9","industrial_foregoing.snbt","AllRightsReserved","AllRightsReserved","","","","한국어 파일의 영어 task.title",""
"task","6B17A0D9906E8C90","193F91842D2ED7D9","industrial_foregoing.snbt","AllRightsReserved","AllRightsReserved","","","","한국어 파일의 영어 task.title",""
"quest","79D48F8F31B152C3","193F91842D2ED7D9","industrial_foregoing.snbt","&bIndustrial Foregoing &#27AEB9Souls","&bIndustrial Foregoing &#27AEB9Souls","","","","한국어 파일의 영어 quest.title",""
"task","6CB105B7421A5DC5","193F91842D2ED7D9","industrial_foregoing.snbt","","","","industrialforegoing:blue_laser_lens","","명시적 task.title 없이 아이템 hover 사용",""
"quest","3924975B48F5A482","193F91842D2ED7D9","industrial_foregoing.snbt","Soulplied Energistics","Soulplied Energistics","","","","한국어 파일의 영어 quest.title",""
"quest","65D89991A45BC042","69299302373C4CBC","integrated_dynamics.snbt","","","item","integratedcrafting:part_interface_crafting","","설명은 있으나 명시적 quest.title 없음",""
"task","0A7BC7D8BD823DB9","69299302373C4CBC","integrated_dynamics.snbt","","","","integratedcrafting:part_interface_crafting","","명시적 task.title 없이 아이템 hover 사용",""
"quest","56BF647EA84FFF7E","69299302373C4CBC","integrated_dynamics.snbt","","","item","integratedterminals:part_terminal_crafting_job","","설명은 있으나 명시적 quest.title 없음",""
"task","034B95CEED32EF7A","69299302373C4CBC","integrated_dynamics.snbt","","","","integratedterminals:part_terminal_crafting_job","","명시적 task.title 없이 아이템 hover 사용",""
"quest","6ABDBE41880CFDA9","69299302373C4CBC","integrated_dynamics.snbt","","","AllRightsReserved","","","설명은 있으나 명시적 quest.title 없음",""
"task","267CE316E1F8FA83","69299302373C4CBC","integrated_dynamics.snbt","AllRightsReserved","AllRightsReserved","","","","한국어 파일의 영어 task.title",""
"task","238B5BA2FAE9785B","69299302373C4CBC","integrated_dynamics.snbt","AllRightsReserved","AllRightsReserved","","","","한국어 파일의 영어 task.title",""
"quest","232A06C9FF0EE7B2","69299302373C4CBC","integrated_dynamics.snbt","","","item","mysticalagriculture:menril_seeds","","설명은 있으나 명시적 quest.title 없음",""
"task","578E01FF81FBBCD4","69299302373C4CBC","integrated_dynamics.snbt","","","","mysticalagriculture:menril_seeds","","명시적 task.title 없이 아이템 hover 사용",""
"task","6502D0124314BF25","76DF5FAA7961E5E7","iron_spells_and_spellbooks.snbt","","","","minecraft:paper","","명시적 task.title 없이 아이템 hover 사용",""
"quest","300F2E45D185A9A1","76DF5FAA7961E5E7","iron_spells_and_spellbooks.snbt","&lIron's Spells 'N Spellbooks","&lIron's Spells 'n Spellbooks","","","","한국어 파일의 영어 quest.title",""
"task","6D7A6BD863C60517","76DF5FAA7961E5E7","iron_spells_and_spellbooks.snbt","","","","ftbfiltersystem:smart_filter","","명시적 task.title 없이 아이템 hover 사용",""
"task","279DA565E9ADF7B0","76DF5FAA7961E5E7","iron_spells_and_spellbooks.snbt","","","","minecraft:stick","","명시적 task.title 없이 아이템 hover 사용",""
"task","46D60EFC3A46B9E5","76DF5FAA7961E5E7","iron_spells_and_spellbooks.snbt","","","","ftbfiltersystem:smart_filter","","명시적 task.title 없이 아이템 hover 사용",""
"task","3C3C72B067AD5E27","76DF5FAA7961E5E7","iron_spells_and_spellbooks.snbt","","","","ftbfiltersystem:smart_filter","","명시적 task.title 없이 아이템 hover 사용",""
"task","27D8ABC106075E00","76DF5FAA7961E5E7","iron_spells_and_spellbooks.snbt","","","","ftbfiltersystem:smart_filter","","명시적 task.title 없이 아이템 hover 사용",""
"task","11BCB2F77D53838B","76DF5FAA7961E5E7","iron_spells_and_spellbooks.snbt","","","","minecraft:ominous_bottle","","명시적 task.title 없이 아이템 hover 사용",""
"quest","7F0B2D58361FB00E","4EAAE0CEB26378A6","justdirethings.snbt","Just Dire Things","Just Dire Things","","","","한국어 파일의 영어 quest.title",""
"task","3AC95E8DC4229D17","4EAAE0CEB26378A6","justdirethings.snbt","Just Dire Things","Just Dire Things","","","","한국어 파일의 영어 task.title",""
"quest","4A88472F1581EE7E","43BB00A7A7E1042C","mahou_tsukai.snbt","&4&lMahou Tsukai","&4&lMahou Tsukai","","","","한국어 파일의 영어 quest.title",""
"quest","54E6C0D1BB442184","43BB00A7A7E1042C","mahou_tsukai.snbt","&9Mortar and Pestle","&9절구와 막자","","mahoutsukai:mortar_and_pestle","절구","리소스팩 아이템명과 quest.title 불일치","절구"
"task","586916ED82D2DD2C","43BB00A7A7E1042C","mahou_tsukai.snbt","","","","minecraft:diamond_sword","","명시적 task.title 없이 아이템 hover 사용",""
"task","6DC9B5F714C6FE8C","43BB00A7A7E1042C","mahou_tsukai.snbt","","","","minecraft:nether_star","","명시적 task.title 없이 아이템 hover 사용",""
"task","049799C40545AB1C","43BB00A7A7E1042C","mahou_tsukai.snbt","","","","minecraft:stick","","명시적 task.title 없이 아이템 hover 사용",""
"task","2FD63B9DA3F02205","43BB00A7A7E1042C","mahou_tsukai.snbt","","","","minecraft:diamond_sword","","명시적 task.title 없이 아이템 hover 사용",""
"task","1E87CE2F633083A4","43BB00A7A7E1042C","mahou_tsukai.snbt","","","","minecraft:shield","","명시적 task.title 없이 아이템 hover 사용",""
"task","04BEDF6241255FB3","43BB00A7A7E1042C","mahou_tsukai.snbt","","","","minecraft:bow","","명시적 task.title 없이 아이템 hover 사용",""
"quest","6E04A314CD796254","43BB00A7A7E1042C","mahou_tsukai.snbt","&5&lNobu","&5&lNobu","","","","한국어 파일의 영어 quest.title",""
"task","74EEFA68C5C602FE","43BB00A7A7E1042C","mahou_tsukai.snbt","","","Nobu","mahoutsukai:nobu","Nobu","명시적 task.title 없이 아이템 hover 사용","Nobu"
"task","746C44D800F4E4FB","732824E03978A934","mainquestline_part_1.snbt","","","","minecraft:crafting_table","","명시적 task.title 없이 아이템 hover 사용",""
"task","5CA7453233441165","732824E03978A934","mainquestline_part_1.snbt","","","","minecraft:wooden_pickaxe","","명시적 task.title 없이 아이템 hover 사용",""
"task","39AD121BCB73453D","732824E03978A934","mainquestline_part_1.snbt","","","","minecraft:furnace","","명시적 task.title 없이 아이템 hover 사용",""
"task","38BA6B3FF1EC9185","732824E03978A934","mainquestline_part_1.snbt","","","","minecraft:iron_ingot","","명시적 task.title 없이 아이템 hover 사용",""
"task","2E116AC5F25650BE","732824E03978A934","mainquestline_part_1.snbt","","","","minecraft:copper_ingot","","명시적 task.title 없이 아이템 hover 사용",""
"task","03005DEF00AB48F3","732824E03978A934","mainquestline_part_1.snbt","","","","minecraft:iron_pickaxe","","명시적 task.title 없이 아이템 hover 사용",""
"task","73F9C130378195B9","732824E03978A934","mainquestline_part_1.snbt","","","","minecraft:redstone","","명시적 task.title 없이 아이템 hover 사용",""
"task","17B9A643AFD7EB39","732824E03978A934","mainquestline_part_1.snbt","","","","minecraft:diamond","","명시적 task.title 없이 아이템 hover 사용",""
"task","6206DC761D4CDDFE","732824E03978A934","mainquestline_part_1.snbt","","","","minecraft:obsidian","","명시적 task.title 없이 아이템 hover 사용",""
"task","2BF525CB7074AF2A","732824E03978A934","mainquestline_part_1.snbt","","","","minecraft:ender_eye","","명시적 task.title 없이 아이템 hover 사용",""
"task","363806ECF99CBE88","732824E03978A934","mainquestline_part_1.snbt","","","","minecraft:netherite_upgrade_smithing_template","","명시적 task.title 없이 아이템 hover 사용",""
"task","1993EF1788F53759","732824E03978A934","mainquestline_part_1.snbt","","","","minecraft:brush","","명시적 task.title 없이 아이템 hover 사용",""
"task","4346DAC18183627E","732824E03978A934","mainquestline_part_1.snbt","","","","minecraft:netherite_ingot","","명시적 task.title 없이 아이템 hover 사용",""
"task","070A5475DB3F6E6C","732824E03978A934","mainquestline_part_1.snbt","","","","minecraft:sniffer_egg","","명시적 task.title 없이 아이템 hover 사용",""
"task","178C4C3288503A66","732824E03978A934","mainquestline_part_1.snbt","","","","minecraft:wither_skeleton_skull","","명시적 task.title 없이 아이템 hover 사용",""
"task","14C0350713AC4214","732824E03978A934","mainquestline_part_1.snbt","","","","minecraft:soul_sand","","명시적 task.title 없이 아이템 hover 사용",""
"task","4DB11C6F180743E9","732824E03978A934","mainquestline_part_1.snbt","","","","ftbfiltersystem:smart_filter","","명시적 task.title 없이 아이템 hover 사용",""
"quest","110BF3A2BE85F911","732824E03978A934","mainquestline_part_1.snbt","","","AllRightsReserved","","","설명은 있으나 명시적 quest.title 없음",""
"task","44CEA28EBD6C0898","732824E03978A934","mainquestline_part_1.snbt","AllRightsReserved","AllRightsReserved","","","","한국어 파일의 영어 task.title",""
"task","7C6F7EF2B3AC2824","732824E03978A934","mainquestline_part_1.snbt","AllRightsReserved","AllRightsReserved","","","","한국어 파일의 영어 task.title",""
"task","77329B944064E893","23983F4DC524B14B","mekanism.snbt","","","","minecraft:iron_ingot","","명시적 task.title 없이 아이템 hover 사용",""
"task","185D97FCA1C83569","23983F4DC524B14B","mekanism.snbt","","","","minecraft:redstone","","명시적 task.title 없이 아이템 hover 사용",""
"task","35A07C18FFEEB872","23983F4DC524B14B","mekanism.snbt","","","""Crushers""","ftbfiltersystem:smart_filter","","명시적 task.title 없이 아이템 hover 사용",""
"task","35A07C18FFEEB872","23983F4DC524B14B","mekanism.snbt","","","""Crushers""","ftbfiltersystem:smart_filter","","영어 custom_name 또는 literal component",""
"task","091B97D20403D516","23983F4DC524B14B","mekanism.snbt","","","""Enrichers""","ftbfiltersystem:smart_filter","","명시적 task.title 없이 아이템 hover 사용",""
"task","091B97D20403D516","23983F4DC524B14B","mekanism.snbt","","","""Enrichers""","ftbfiltersystem:smart_filter","","영어 custom_name 또는 literal component",""
"task","6CB34AE622DF9CC2","23983F4DC524B14B","mekanism.snbt","","","""Smelters""","ftbfiltersystem:smart_filter","","명시적 task.title 없이 아이템 hover 사용",""
"task","6CB34AE622DF9CC2","23983F4DC524B14B","mekanism.snbt","","","""Smelters""","ftbfiltersystem:smart_filter","","영어 custom_name 또는 literal component",""
"task","4E0A3C347EDD235A","23983F4DC524B14B","mekanism.snbt","","","""Purifiers""","ftbfiltersystem:smart_filter","","명시적 task.title 없이 아이템 hover 사용",""
"task","4E0A3C347EDD235A","23983F4DC524B14B","mekanism.snbt","","","""Purifiers""","ftbfiltersystem:smart_filter","","영어 custom_name 또는 literal component",""
"task","62E0C347DC32EA77","23983F4DC524B14B","mekanism.snbt","","","""Crushers""","ftbfiltersystem:smart_filter","","명시적 task.title 없이 아이템 hover 사용",""
"task","62E0C347DC32EA77","23983F4DC524B14B","mekanism.snbt","","","""Crushers""","ftbfiltersystem:smart_filter","","영어 custom_name 또는 literal component",""
"task","2068F53F091BFD5A","23983F4DC524B14B","mekanism.snbt","","","""Enrichers""","ftbfiltersystem:smart_filter","","명시적 task.title 없이 아이템 hover 사용",""
"task","2068F53F091BFD5A","23983F4DC524B14B","mekanism.snbt","","","""Enrichers""","ftbfiltersystem:smart_filter","","영어 custom_name 또는 literal component",""
"task","17C665008B4C0CD7","23983F4DC524B14B","mekanism.snbt","","","""Smelters""","ftbfiltersystem:smart_filter","","명시적 task.title 없이 아이템 hover 사용",""
"task","17C665008B4C0CD7","23983F4DC524B14B","mekanism.snbt","","","""Smelters""","ftbfiltersystem:smart_filter","","영어 custom_name 또는 literal component",""
"task","591B93F4B6397821","23983F4DC524B14B","mekanism.snbt","","","""Crushers""","ftbfiltersystem:smart_filter","","명시적 task.title 없이 아이템 hover 사용",""
"task","591B93F4B6397821","23983F4DC524B14B","mekanism.snbt","","","""Crushers""","ftbfiltersystem:smart_filter","","영어 custom_name 또는 literal component",""
"task","4C0098C62CDF1FF9","23983F4DC524B14B","mekanism.snbt","","","""Enrichers""","ftbfiltersystem:smart_filter","","명시적 task.title 없이 아이템 hover 사용",""
"task","4C0098C62CDF1FF9","23983F4DC524B14B","mekanism.snbt","","","""Enrichers""","ftbfiltersystem:smart_filter","","영어 custom_name 또는 literal component",""
"task","7EA092725A784CA7","23983F4DC524B14B","mekanism.snbt","","","""Smelters""","ftbfiltersystem:smart_filter","","명시적 task.title 없이 아이템 hover 사용",""
"task","7EA092725A784CA7","23983F4DC524B14B","mekanism.snbt","","","""Smelters""","ftbfiltersystem:smart_filter","","영어 custom_name 또는 literal component",""
"task","77211E454F98A72B","0A093D8C4429B627","mekanism_reactors.snbt","","","","minecraft:redstone","","명시적 task.title 없이 아이템 hover 사용",""
"task","514207C426B8725F","0A093D8C4429B627","mekanism_reactors.snbt","","","","minecraft:redstone_torch","","명시적 task.title 없이 아이템 hover 사용",""
"task","63A070075644110C","0A093D8C4429B627","mekanism_reactors.snbt","","","","minecraft:repeater","","명시적 task.title 없이 아이템 hover 사용",""
"task","1B78002379BEC2D5","0A093D8C4429B627","mekanism_reactors.snbt","","","","minecraft:daylight_detector","","명시적 task.title 없이 아이템 hover 사용",""
"task","557074D4BFBAB82E","0A093D8C4429B627","mekanism_reactors.snbt","","","","minecraft:redstone","","명시적 task.title 없이 아이템 hover 사용",""
"task","3B3CDE9FB2B79352","0A093D8C4429B627","mekanism_reactors.snbt","","","","trashcans:ultimate_trash_can","","명시적 task.title 없이 아이템 hover 사용",""
"task","6E5D6EED9C1BA48E","0A093D8C4429B627","mekanism_reactors.snbt","","","","mekanism:module_energy_unit","","명시적 task.title 없이 아이템 hover 사용",""
"task","2AC3CB8FBD0C0EEA","0A093D8C4429B627","mekanism_reactors.snbt","","","","mekanism:module_color_modulation_unit","","명시적 task.title 없이 아이템 hover 사용",""
"task","7D10D330834EFBA6","0A093D8C4429B627","mekanism_reactors.snbt","","","","mekanism:module_laser_dissipation_unit","","명시적 task.title 없이 아이템 hover 사용",""
"task","49238E5958EB7799","0A093D8C4429B627","mekanism_reactors.snbt","","","","mekanism:module_radiation_shielding_unit","","명시적 task.title 없이 아이템 hover 사용",""
"task","202770E4066D1877","0A093D8C4429B627","mekanism_reactors.snbt","","","","mekanism:module_excavation_escalation_unit","","명시적 task.title 없이 아이템 hover 사용",""
"task","13C323F3F9C07CCD","0A093D8C4429B627","mekanism_reactors.snbt","","","","mekanism:module_attack_amplification_unit","","명시적 task.title 없이 아이템 hover 사용",""
"task","42A82E63A6E398C2","0A093D8C4429B627","mekanism_reactors.snbt","","","","mekanism:module_farming_unit","","명시적 task.title 없이 아이템 hover 사용",""
"task","2A37E5CF3D3AFEEF","0A093D8C4429B627","mekanism_reactors.snbt","","","","mekanism:module_shearing_unit","","명시적 task.title 없이 아이템 hover 사용",""
"task","795F47DECA8922C5","0A093D8C4429B627","mekanism_reactors.snbt","","","","mekanism:module_silk_touch_unit","","명시적 task.title 없이 아이템 hover 사용",""
"task","0E96DB67E37EC747","0A093D8C4429B627","mekanism_reactors.snbt","","","","mekanism:module_fortune_unit","","명시적 task.title 없이 아이템 hover 사용",""
"task","173D44FBA6A06D77","0A093D8C4429B627","mekanism_reactors.snbt","","","","mekanism:module_blasting_unit","","명시적 task.title 없이 아이템 hover 사용",""
"task","2F6EF6B1BFF34281","0A093D8C4429B627","mekanism_reactors.snbt","","","","mekanism:module_vein_mining_unit","","명시적 task.title 없이 아이템 hover 사용",""
"task","33369946D240D6A4","0A093D8C4429B627","mekanism_reactors.snbt","","","","mekanism:module_teleportation_unit","","명시적 task.title 없이 아이템 hover 사용",""
"task","2E6D83EA355A31EB","0A093D8C4429B627","mekanism_reactors.snbt","","","","mekanism:module_electrolytic_breathing_unit","","명시적 task.title 없이 아이템 hover 사용",""
"task","29E969E807248389","0A093D8C4429B627","mekanism_reactors.snbt","","","","mekanism:module_inhalation_purification_unit","","명시적 task.title 없이 아이템 hover 사용",""
"task","758EF0FE2AC338F5","0A093D8C4429B627","mekanism_reactors.snbt","","","","mekanism:module_vision_enhancement_unit","","명시적 task.title 없이 아이템 hover 사용",""
"task","47AFA5227679624A","0A093D8C4429B627","mekanism_reactors.snbt","","","","mekanism:module_nutritional_injection_unit","","명시적 task.title 없이 아이템 hover 사용",""
"task","76CA2D39545A0B0C","0A093D8C4429B627","mekanism_reactors.snbt","","","","mekanism:module_dosimeter_unit","","명시적 task.title 없이 아이템 hover 사용",""
"task","28F37629C0BF2486","0A093D8C4429B627","mekanism_reactors.snbt","","","","mekanism:module_geiger_unit","","명시적 task.title 없이 아이템 hover 사용",""
"task","1A1F9F8B6B60C146","0A093D8C4429B627","mekanism_reactors.snbt","","","","mekanism:module_jetpack_unit","","명시적 task.title 없이 아이템 hover 사용",""
"task","19739F0047643398","0A093D8C4429B627","mekanism_reactors.snbt","","","","mekanism:module_charge_distribution_unit","","명시적 task.title 없이 아이템 hover 사용",""
"task","6B60AB2C6C6E2443","0A093D8C4429B627","mekanism_reactors.snbt","","","","mekanism:module_gravitational_modulating_unit","","명시적 task.title 없이 아이템 hover 사용",""
"task","32271B3777639C8E","0A093D8C4429B627","mekanism_reactors.snbt","","","","mekanism:module_elytra_unit","","명시적 task.title 없이 아이템 hover 사용",""
"task","6B2BC94876DF24A2","0A093D8C4429B627","mekanism_reactors.snbt","","","","mekanism:module_locomotive_boosting_unit","","명시적 task.title 없이 아이템 hover 사용",""
"task","04ABBC2F2F45F733","0A093D8C4429B627","mekanism_reactors.snbt","","","","mekanism:module_gyroscopic_stabilization_unit","","명시적 task.title 없이 아이템 hover 사용",""
"task","2BFA2A05915A6830","0A093D8C4429B627","mekanism_reactors.snbt","","","","mekanism:module_hydrostatic_repulsor_unit","","명시적 task.title 없이 아이템 hover 사용",""
"task","7A100E37BA2F44C8","0A093D8C4429B627","mekanism_reactors.snbt","","","","mekanism:module_motorized_servo_unit","","명시적 task.title 없이 아이템 hover 사용",""
"task","71EF0FA8F93693AE","0A093D8C4429B627","mekanism_reactors.snbt","","","","mekanism:module_hydraulic_propulsion_unit","","명시적 task.title 없이 아이템 hover 사용",""
"task","75FADC42733C3783","0A093D8C4429B627","mekanism_reactors.snbt","","","","mekanism:module_magnetic_attraction_unit","","명시적 task.title 없이 아이템 hover 사용",""
"task","4E702655D2463226","0A093D8C4429B627","mekanism_reactors.snbt","","","","mekanism:module_frost_walker_unit","","명시적 task.title 없이 아이템 hover 사용",""
"task","39794336C6C22715","0A093D8C4429B627","mekanism_reactors.snbt","","","","mekanism:module_soul_surfer_unit","","명시적 task.title 없이 아이템 hover 사용",""
"task","59084167FB5DB9B7","0A093D8C4429B627","mekanism_reactors.snbt","","","","gmut:module_gravitational_modulating_additional_unit","","명시적 task.title 없이 아이템 hover 사용",""
"task","0290DE7D3ADC6199","0A093D8C4429B627","mekanism_reactors.snbt","","","","mekanismgenerators:module_geothermal_generator_unit","","명시적 task.title 없이 아이템 hover 사용",""
"task","2637C6A325CFD72D","0A093D8C4429B627","mekanism_reactors.snbt","","","","mekanismgenerators:module_solar_recharging_unit","","명시적 task.title 없이 아이템 hover 사용",""
"task","3D7198F62F657760","56B11606F5F4DAB2","mi_digital.snbt","","","""Item Input""","ftbfiltersystem:smart_filter","","명시적 task.title 없이 아이템 hover 사용",""
"task","3D7198F62F657760","56B11606F5F4DAB2","mi_digital.snbt","","","""Item Input""","ftbfiltersystem:smart_filter","","영어 custom_name 또는 literal component",""
"task","4C6CF87DB75E69E9","56B11606F5F4DAB2","mi_digital.snbt","","","""Item Output""","ftbfiltersystem:smart_filter","","명시적 task.title 없이 아이템 hover 사용",""
"task","4C6CF87DB75E69E9","56B11606F5F4DAB2","mi_digital.snbt","","","""Item Output""","ftbfiltersystem:smart_filter","","영어 custom_name 또는 literal component",""
"task","45639E074DA550B1","56B11606F5F4DAB2","mi_digital.snbt","","","""Energy Input""","ftbfiltersystem:smart_filter","","명시적 task.title 없이 아이템 hover 사용",""
"task","45639E074DA550B1","56B11606F5F4DAB2","mi_digital.snbt","","","""Energy Input""","ftbfiltersystem:smart_filter","","영어 custom_name 또는 literal component",""
"task","5CD91FEDB1DE65B4","56B11606F5F4DAB2","mi_digital.snbt","","","""Fluid Input""","ftbfiltersystem:smart_filter","","명시적 task.title 없이 아이템 hover 사용",""
"task","5CD91FEDB1DE65B4","56B11606F5F4DAB2","mi_digital.snbt","","","""Fluid Input""","ftbfiltersystem:smart_filter","","영어 custom_name 또는 literal component",""
"task","622EADF53A5400C2","56B11606F5F4DAB2","mi_digital.snbt","","","""Energy Input""","ftbfiltersystem:smart_filter","","명시적 task.title 없이 아이템 hover 사용",""
"task","622EADF53A5400C2","56B11606F5F4DAB2","mi_digital.snbt","","","""Energy Input""","ftbfiltersystem:smart_filter","","영어 custom_name 또는 literal component",""
"task","2AA47CF4961E5A3C","56B11606F5F4DAB2","mi_digital.snbt","","","""Fluid Output""","ftbfiltersystem:smart_filter","","명시적 task.title 없이 아이템 hover 사용",""
"task","2AA47CF4961E5A3C","56B11606F5F4DAB2","mi_digital.snbt","","","""Fluid Output""","ftbfiltersystem:smart_filter","","영어 custom_name 또는 literal component",""
"task","635A5D2D384E1CCA","56B11606F5F4DAB2","mi_digital.snbt","","","""Item Input""","ftbfiltersystem:smart_filter","","명시적 task.title 없이 아이템 hover 사용",""
"task","635A5D2D384E1CCA","56B11606F5F4DAB2","mi_digital.snbt","","","""Item Input""","ftbfiltersystem:smart_filter","","영어 custom_name 또는 literal component",""
"task","2966BDC758322F79","56B11606F5F4DAB2","mi_digital.snbt","","","""Item Output""","ftbfiltersystem:smart_filter","","명시적 task.title 없이 아이템 hover 사용",""
"task","2966BDC758322F79","56B11606F5F4DAB2","mi_digital.snbt","","","""Item Output""","ftbfiltersystem:smart_filter","","영어 custom_name 또는 literal component",""
"task","7D213A1EF770521C","56B11606F5F4DAB2","mi_digital.snbt","","","""Energy Input""","ftbfiltersystem:smart_filter","","명시적 task.title 없이 아이템 hover 사용",""
"task","7D213A1EF770521C","56B11606F5F4DAB2","mi_digital.snbt","","","""Energy Input""","ftbfiltersystem:smart_filter","","영어 custom_name 또는 literal component",""
"task","588C0B2A5ECCCBC2","56B11606F5F4DAB2","mi_digital.snbt","","","""Fluid Input""","ftbfiltersystem:smart_filter","","명시적 task.title 없이 아이템 hover 사용",""
"task","588C0B2A5ECCCBC2","56B11606F5F4DAB2","mi_digital.snbt","","","""Fluid Input""","ftbfiltersystem:smart_filter","","영어 custom_name 또는 literal component",""
"task","1AF81CBBA2232408","56B11606F5F4DAB2","mi_digital.snbt","","","""Fluid Input""","ftbfiltersystem:smart_filter","","명시적 task.title 없이 아이템 hover 사용",""
"task","1AF81CBBA2232408","56B11606F5F4DAB2","mi_digital.snbt","","","""Fluid Input""","ftbfiltersystem:smart_filter","","영어 custom_name 또는 literal component",""
"task","4A75035A2EF5BC30","56B11606F5F4DAB2","mi_digital.snbt","","","""Fluid Output""","ftbfiltersystem:smart_filter","","명시적 task.title 없이 아이템 hover 사용",""
"task","4A75035A2EF5BC30","56B11606F5F4DAB2","mi_digital.snbt","","","""Fluid Output""","ftbfiltersystem:smart_filter","","영어 custom_name 또는 literal component",""
"quest","4F870252E9FB1A41","56B11606F5F4DAB2","mi_digital.snbt","","","""Uranium Rods""","ftbfiltersystem:smart_filter","","설명은 있으나 명시적 quest.title 없음",""
"task","64A9FAB9457BC59A","56B11606F5F4DAB2","mi_digital.snbt","","","""Uranium Rods""","ftbfiltersystem:smart_filter","","명시적 task.title 없이 아이템 hover 사용",""
"task","64A9FAB9457BC59A","56B11606F5F4DAB2","mi_digital.snbt","","","""Uranium Rods""","ftbfiltersystem:smart_filter","","영어 custom_name 또는 literal component",""
"task","32EE222F64360CED","56B11606F5F4DAB2","mi_digital.snbt","","","""HE Uranium Rods""","ftbfiltersystem:smart_filter","","명시적 task.title 없이 아이템 hover 사용",""
"task","32EE222F64360CED","56B11606F5F4DAB2","mi_digital.snbt","","","""HE Uranium Rods""","ftbfiltersystem:smart_filter","","영어 custom_name 또는 literal component",""
"task","56CCC4C1D5BB3958","56B11606F5F4DAB2","mi_digital.snbt","","","""LE Uranium Rods""","ftbfiltersystem:smart_filter","","명시적 task.title 없이 아이템 hover 사용",""
"task","56CCC4C1D5BB3958","56B11606F5F4DAB2","mi_digital.snbt","","","""LE Uranium Rods""","ftbfiltersystem:smart_filter","","영어 custom_name 또는 literal component",""
"task","7219DDD36CAB6346","56B11606F5F4DAB2","mi_digital.snbt","","","""LE Mox Rods""","ftbfiltersystem:smart_filter","","명시적 task.title 없이 아이템 hover 사용",""
"task","7219DDD36CAB6346","56B11606F5F4DAB2","mi_digital.snbt","","","""LE Mox Rods""","ftbfiltersystem:smart_filter","","영어 custom_name 또는 literal component",""
"task","5488F90F43D7480E","56B11606F5F4DAB2","mi_digital.snbt","","","""HE Mox Rods""","ftbfiltersystem:smart_filter","","명시적 task.title 없이 아이템 hover 사용",""
"task","5488F90F43D7480E","56B11606F5F4DAB2","mi_digital.snbt","","","""HE Mox Rods""","ftbfiltersystem:smart_filter","","영어 custom_name 또는 literal component",""
"task","7D439F105B17385F","5C4F10E65D86ED0E","mi_electric.snbt","","","","ftbfiltersystem:smart_filter","","명시적 task.title 없이 아이템 hover 사용",""
"task","72823EB9E1443164","5C4F10E65D86ED0E","mi_electric.snbt","","","","ftbfiltersystem:smart_filter","","명시적 task.title 없이 아이템 hover 사용",""
"task","6DB29EED4570EE19","5C4F10E65D86ED0E","mi_electric.snbt","","","""Item Input""","ftbfiltersystem:smart_filter","","명시적 task.title 없이 아이템 hover 사용",""
"task","6DB29EED4570EE19","5C4F10E65D86ED0E","mi_electric.snbt","","","""Item Input""","ftbfiltersystem:smart_filter","","영어 custom_name 또는 literal component",""
"task","78EE7446E663633D","5C4F10E65D86ED0E","mi_electric.snbt","","","""Item Output""","ftbfiltersystem:smart_filter","","명시적 task.title 없이 아이템 hover 사용",""
"task","78EE7446E663633D","5C4F10E65D86ED0E","mi_electric.snbt","","","""Item Output""","ftbfiltersystem:smart_filter","","영어 custom_name 또는 literal component",""
"task","44E2B847A30E2B55","5C4F10E65D86ED0E","mi_electric.snbt","","","""Energy Input""","ftbfiltersystem:smart_filter","","명시적 task.title 없이 아이템 hover 사용",""
"task","44E2B847A30E2B55","5C4F10E65D86ED0E","mi_electric.snbt","","","""Energy Input""","ftbfiltersystem:smart_filter","","영어 custom_name 또는 literal component",""
"task","6B10A4FF15C36AEA","5C4F10E65D86ED0E","mi_electric.snbt","","","""Energy Input""","ftbfiltersystem:smart_filter","","명시적 task.title 없이 아이템 hover 사용",""
"task","6B10A4FF15C36AEA","5C4F10E65D86ED0E","mi_electric.snbt","","","""Energy Input""","ftbfiltersystem:smart_filter","","영어 custom_name 또는 literal component",""
"task","09E07C7A9BE00673","5C4F10E65D86ED0E","mi_electric.snbt","","","""Item Input""","ftbfiltersystem:smart_filter","","명시적 task.title 없이 아이템 hover 사용",""
"task","09E07C7A9BE00673","5C4F10E65D86ED0E","mi_electric.snbt","","","""Item Input""","ftbfiltersystem:smart_filter","","영어 custom_name 또는 literal component",""
"task","38890F614E8CFDF6","5C4F10E65D86ED0E","mi_electric.snbt","","","""Item Output""","ftbfiltersystem:smart_filter","","명시적 task.title 없이 아이템 hover 사용",""
"task","38890F614E8CFDF6","5C4F10E65D86ED0E","mi_electric.snbt","","","""Item Output""","ftbfiltersystem:smart_filter","","영어 custom_name 또는 literal component",""
"task","00BBEE30A3FDC60A","5C4F10E65D86ED0E","mi_electric.snbt","","","""Fluid Input""","ftbfiltersystem:smart_filter","","명시적 task.title 없이 아이템 hover 사용",""
"task","00BBEE30A3FDC60A","5C4F10E65D86ED0E","mi_electric.snbt","","","""Fluid Input""","ftbfiltersystem:smart_filter","","영어 custom_name 또는 literal component",""
"task","440F7D598456C842","5C4F10E65D86ED0E","mi_electric.snbt","","","""Fluid Output""","ftbfiltersystem:smart_filter","","명시적 task.title 없이 아이템 hover 사용",""
"task","440F7D598456C842","5C4F10E65D86ED0E","mi_electric.snbt","","","""Fluid Output""","ftbfiltersystem:smart_filter","","영어 custom_name 또는 literal component",""
"task","0F867DF3E927354D","5C4F10E65D86ED0E","mi_electric.snbt","","","""Fluid Output""","ftbfiltersystem:smart_filter","","명시적 task.title 없이 아이템 hover 사용",""
"task","0F867DF3E927354D","5C4F10E65D86ED0E","mi_electric.snbt","","","""Fluid Output""","ftbfiltersystem:smart_filter","","영어 custom_name 또는 literal component",""
"task","0D0FE7C150C1D1AC","5C4F10E65D86ED0E","mi_electric.snbt","","","""Energy Input""","ftbfiltersystem:smart_filter","","명시적 task.title 없이 아이템 hover 사용",""
"task","0D0FE7C150C1D1AC","5C4F10E65D86ED0E","mi_electric.snbt","","","""Energy Input""","ftbfiltersystem:smart_filter","","영어 custom_name 또는 literal component",""
"task","12161B084B0E5AFA","5C4F10E65D86ED0E","mi_electric.snbt","","","""Item Input""","ftbfiltersystem:smart_filter","","명시적 task.title 없이 아이템 hover 사용",""
"task","12161B084B0E5AFA","5C4F10E65D86ED0E","mi_electric.snbt","","","""Item Input""","ftbfiltersystem:smart_filter","","영어 custom_name 또는 literal component",""
"task","1F44E7BEA2D191E5","0D990A1D1E088701","mi_steam.snbt","","","","minecraft:copper_ingot","","명시적 task.title 없이 아이템 hover 사용",""
"task","5BD4D6622B8FBB6A","0D990A1D1E088701","mi_steam.snbt","","","","ftbfiltersystem:smart_filter","","명시적 task.title 없이 아이템 hover 사용",""
"task","3D336BF6B98BCDBD","0D990A1D1E088701","mi_steam.snbt","","","","minecraft:bricks","","명시적 task.title 없이 아이템 hover 사용",""
"quest","63E4529AF8894018","0AB4F9AED808DE48","modular_router.snbt","&lModular Routers","&lModular Routers","","","","한국어 파일의 영어 quest.title",""
"quest","2BB5769119BA2472","0AB4F9AED808DE48","modular_router.snbt","","","AllRightsReserved","","","설명은 있으나 명시적 quest.title 없음",""
"task","3007461CFCC0A013","0AB4F9AED808DE48","modular_router.snbt","AllRightsReserved","AllRightsReserved","","","","한국어 파일의 영어 task.title",""
"task","76EEAE9313F68334","0AB4F9AED808DE48","modular_router.snbt","AllRightsReserved","AllRightsReserved","","","","한국어 파일의 영어 task.title",""
"task","2C08B46593A9B329","7A72E12C3839D165","natures_aura.snbt","","","","naturesaura:aura_bottle","","명시적 task.title 없이 아이템 hover 사용",""
"task","5FD10BCA425E745A","7A72E12C3839D165","natures_aura.snbt","","","","naturesaura:aura_bottle","","명시적 task.title 없이 아이템 hover 사용",""
"task","6217C3256485AF70","7A72E12C3839D165","natures_aura.snbt","","","","naturesaura:aura_bottle","","명시적 task.title 없이 아이템 hover 사용",""
"task","1523CDF0F19A3162","7A72E12C3839D165","natures_aura.snbt","","","","minecraft:chiseled_stone_bricks","","명시적 task.title 없이 아이템 hover 사용",""
"task","2FF4A364818C7C28","76A0FBADACAD322B","neo_vitae.snbt","","","Ara Vitae","neovitae:ara_vitae","","명시적 task.title 없이 아이템 hover 사용",""
"task","0665A52EB4FE0173","76A0FBADACAD322B","neo_vitae.snbt","","","Novicius Orb of Vitae","neovitae:blood_orb_weak","","명시적 task.title 없이 아이템 hover 사용",""
"task","7C8B15E3D5673160","76A0FBADACAD322B","neo_vitae.snbt","","","Tabula Rasa","neovitae:tabula_rasa","","명시적 task.title 없이 아이템 hover 사용",""
"task","4989FEAD17173A3C","76A0FBADACAD322B","neo_vitae.snbt","","","Throwing Dagger","neovitae:throwing_dagger","","명시적 task.title 없이 아이템 hover 사용",""
"task","2D9754921B54E5FF","76A0FBADACAD322B","neo_vitae.snbt","","","Spiritus Essence","neovitae:base_spiritus_soul_raw","","명시적 task.title 없이 아이템 hover 사용",""
"task","5E1939E14F87B1F0","76A0FBADACAD322B","neo_vitae.snbt","","","Arcane Scribe Tool","neovitae:arcane_scribe_tool","","명시적 task.title 없이 아이템 hover 사용",""
"task","4460C9913D995C71","76A0FBADACAD322B","neo_vitae.snbt","","","Divination Sigil","neovitae:sigil_divination","","명시적 task.title 없이 아이템 hover 사용",""
"task","0C9CA5A7385A0C64","76A0FBADACAD322B","neo_vitae.snbt","","","Seer's Sigil","neovitae:sigil_seer","","명시적 task.title 없이 아이템 hover 사용",""
"task","48DFBB861D290CBB","76A0FBADACAD322B","neo_vitae.snbt","","","Hellfire Forge","neovitae:hellfire_forge","","명시적 task.title 없이 아이템 hover 사용",""
"task","24C81631BE4C5347","76A0FBADACAD322B","neo_vitae.snbt","","","Petty Spiritus Gem","neovitae:spiritus_gem_petty","","명시적 task.title 없이 아이템 hover 사용",""
"task","031D8BDF2778C9EF","76A0FBADACAD322B","neo_vitae.snbt","","","Sentient Sword","neovitae:sentient_sword","","명시적 task.title 없이 아이템 hover 사용",""
"task","4E5039D05F2939D0","76A0FBADACAD322B","neo_vitae.snbt","","","Blank Rune","neovitae:rune_blank","","명시적 task.title 없이 아이템 hover 사용",""
"task","24FA5D9A38691810","76A0FBADACAD322B","neo_vitae.snbt","","","Discipulus Orb of Vitae","neovitae:blood_orb_apprentice","","명시적 task.title 없이 아이템 hover 사용",""
"task","007D36CFDD93FBF3","76A0FBADACAD322B","neo_vitae.snbt","","","Discipulus Orb of Vitae","neovitae:blood_orb_apprentice","","명시적 task.title 없이 아이템 hover 사용",""
"task","739DEB088EB9A3F4","76A0FBADACAD322B","neo_vitae.snbt","","","Alchemy Flask","neovitae:alchemy_flask","","명시적 task.title 없이 아이템 hover 사용",""
"task","3F44F855E1465F99","76A0FBADACAD322B","neo_vitae.snbt","","","Tipped Throwing Dagger","neovitae:tipped_throwing_dagger","","명시적 task.title 없이 아이템 hover 사용",""
"task","63A8E69A6279A284","76A0FBADACAD322B","neo_vitae.snbt","","","Water Sigil","neovitae:sigil_water","","명시적 task.title 없이 아이템 hover 사용",""
"task","01266555EE478B0B","76A0FBADACAD322B","neo_vitae.snbt","","","Lava Sigil","neovitae:sigil_lava","","명시적 task.title 없이 아이템 hover 사용",""
"task","3FDBF155FE4C13CC","76A0FBADACAD322B","neo_vitae.snbt","","","Void Sigil","neovitae:sigil_void","","명시적 task.title 없이 아이템 hover 사용",""
"task","3C0B951DAC753411","76A0FBADACAD322B","neo_vitae.snbt","","","Sigil of the Green Grove","neovitae:sigil_green_grove","","명시적 task.title 없이 아이템 hover 사용",""
"task","6EF766C4ED45E9EA","76A0FBADACAD322B","neo_vitae.snbt","","","Sigil of the Fast Miner","neovitae:sigil_fast_miner","","명시적 task.title 없이 아이템 hover 사용",""
"task","5F7BF09CC2D06605","76A0FBADACAD322B","neo_vitae.snbt","","","Sigil of Magnetism","neovitae:sigil_magnetism","","명시적 task.title 없이 아이템 hover 사용",""
"task","1312653071469903","76A0FBADACAD322B","neo_vitae.snbt","","","Veneficus Orb of Vitae","neovitae:blood_orb_magician","","명시적 task.title 없이 아이템 hover 사용",""
"task","4E62AD44DE82C8A7","76A0FBADACAD322B","neo_vitae.snbt","","","Veneficus Orb of Vitae","neovitae:blood_orb_magician","","명시적 task.title 없이 아이템 hover 사용",""
"task","5E2080CCB94C2D65","76A0FBADACAD322B","neo_vitae.snbt","","","Master Ritual Stone","neovitae:master_ritual_stone","","명시적 task.title 없이 아이템 hover 사용",""
"task","58E498C6A52245CB","76A0FBADACAD322B","neo_vitae.snbt","","","Ritual Diviner","neovitae:ritual_diviner","","명시적 task.title 없이 아이템 hover 사용",""
"task","5F159836BAB99EFF","76A0FBADACAD322B","neo_vitae.snbt","","","Weak Activation Crystal","neovitae:activation_crystal_weak","","명시적 task.title 없이 아이템 hover 사용",""
"task","152D623A721148F7","76A0FBADACAD322B","neo_vitae.snbt","","","Sentient Helmet","neovitae:sentient_helmet","","명시적 task.title 없이 아이템 hover 사용",""
"task","3DA3D3E463B92EC9","76A0FBADACAD322B","neo_vitae.snbt","","","Sentient Plate","neovitae:sentient_plate","","명시적 task.title 없이 아이템 hover 사용",""
"task","7B3F75EEB7762149","76A0FBADACAD322B","neo_vitae.snbt","","","Sentient Leggings","neovitae:sentient_leggings","","명시적 task.title 없이 아이템 hover 사용",""
"task","6357BA63E6496021","76A0FBADACAD322B","neo_vitae.snbt","","","Sentient Boots","neovitae:sentient_boots","","명시적 task.title 없이 아이템 hover 사용",""
"task","24CD07C085F6416F","76A0FBADACAD322B","neo_vitae.snbt","","","Weak Tau","neovitae:weak_tau","","명시적 task.title 없이 아이템 hover 사용",""
"task","15A42B3E9AF0B1BE","76A0FBADACAD322B","neo_vitae.snbt","","","Strong Tau","neovitae:strong_tau","","명시적 task.title 없이 아이템 hover 사용",""
"quest","40C32A4F6DE4B782","76A0FBADACAD322B","neo_vitae.snbt","The Athanor","Athanor","","","","한국어 파일의 영어 quest.title",""
"task","73613C5243D8F1A7","76A0FBADACAD322B","neo_vitae.snbt","","","Athanor","neovitae:athanor","","명시적 task.title 없이 아이템 hover 사용",""
"task","13D858BA56BEBE11","76A0FBADACAD322B","neo_vitae.snbt","","","Weak Blood Shard","neovitae:weak_blood_shard","","명시적 task.title 없이 아이템 hover 사용",""
"task","744AC50E3E097E75","76A0FBADACAD322B","neo_vitae.snbt","","","Polished Bloodstone","neovitae:bloodstone","","명시적 task.title 없이 아이템 hover 사용",""
"task","3AA5F86109198393","76A0FBADACAD322B","neo_vitae.snbt","","","Magus Orb of Vitae","neovitae:blood_orb_master","","명시적 task.title 없이 아이템 hover 사용",""
"task","18411D93F2A1EFAD","76A0FBADACAD322B","neo_vitae.snbt","","","","neovitae:ritual_diviner_dusk","","명시적 task.title 없이 아이템 hover 사용",""
"task","5FC41F0AE3E23329","76A0FBADACAD322B","neo_vitae.snbt","","","Upgrade Tome","neovitae:upgrade_tome","","명시적 task.title 없이 아이템 hover 사용",""
"quest","671F7551CBDF462F","76A0FBADACAD322B","neo_vitae.snbt","Highway to Hell","Highway to Hell","","","","한국어 파일의 영어 quest.title",""
"task","73A0F6943916E613","76A0FBADACAD322B","neo_vitae.snbt","","","Standard Dungeon Key","neovitae:standard_key","","명시적 task.title 없이 아이템 hover 사용",""
"task","1FD3CD4EC44034C7","76A0FBADACAD322B","neo_vitae.snbt","","","Mine Dungeon Key","neovitae:mine_key","","명시적 task.title 없이 아이템 hover 사용",""
"task","7499BD53E85AB0F6","76A0FBADACAD322B","neo_vitae.snbt","","","Raw Demonite","neovitae:raw_demonite","","명시적 task.title 없이 아이템 hover 사용",""
"task","3ED039C9D2AF4082","76A0FBADACAD322B","neo_vitae.snbt","","","Hellforged Ingot","neovitae:ingot_hellforged","","명시적 task.title 없이 아이템 hover 사용",""
"task","64771006538ED238","76A0FBADACAD322B","neo_vitae.snbt","","","Vas Maleficum","neovitae:vas_maleficum","","명시적 task.title 없이 아이템 hover 사용",""
"task","62E998DD4497C806","76A0FBADACAD322B","neo_vitae.snbt","","","Spiritus Aura Gauge","neovitae:spiritus_gauge","","명시적 task.title 없이 아이템 hover 사용",""
"task","2CA78DC7468D7B84","76A0FBADACAD322B","neo_vitae.snbt","","","Crystallarium Maleficum","neovitae:crystallarium_maleficum","","명시적 task.title 없이 아이템 hover 사용",""
"task","6A339BB9333C70B2","76A0FBADACAD322B","neo_vitae.snbt","","","Raw Crystal Cluster","neovitae:raw_spiritus_crystal","","명시적 task.title 없이 아이템 hover 사용",""
"task","6C1670A381F69243","76A0FBADACAD322B","neo_vitae.snbt","","","Spiritus Ruina Crystal","neovitae:spiritus_ruina_shard","","명시적 task.title 없이 아이템 hover 사용",""
"task","256567CF6035B0E4","76A0FBADACAD322B","neo_vitae.snbt","","","Spiritus Nihilum Crystal","neovitae:spiritus_nihilum_shard","","명시적 task.title 없이 아이템 hover 사용",""
"task","399128036B02914A","76A0FBADACAD322B","neo_vitae.snbt","","","Spiritus Vindicta Crystal","neovitae:spiritus_vindicta_shard","","명시적 task.title 없이 아이템 hover 사용",""
"task","1D2D678A2D45FCFE","76A0FBADACAD322B","neo_vitae.snbt","","","Spiritus Invictus Crystal","neovitae:spiritus_invictus_shard","","명시적 task.title 없이 아이템 hover 사용",""
"task","563A074D0FB0023B","76A0FBADACAD322B","neo_vitae.snbt","","","Dominus Orb of Vitae","neovitae:blood_orb_archmage","","명시적 task.title 없이 아이템 hover 사용",""
"task","0E2F609978AE3E55","76A0FBADACAD322B","neo_vitae.snbt","","","Hellforged Block","neovitae:hellforged_block","","명시적 task.title 없이 아이템 hover 사용",""
"task","6FDDB586AB1BFA9E","76A0FBADACAD322B","neo_vitae.snbt","","","Divinus Orb of Vitae","neovitae:blood_orb_transcendent","","명시적 task.title 없이 아이템 hover 사용",""
"task","48058867A6D39912","76A0FBADACAD322B","neo_vitae.snbt","","","Crystal Cluster","neovitae:crystal_cluster","","명시적 task.title 없이 아이템 hover 사용",""
"task","6F29B80725056D57","76A0FBADACAD322B","neo_vitae.snbt","","","Mine Entrance Key","neovitae:mine_entrance_key","","명시적 task.title 없이 아이템 hover 사용",""
"task","1A70B32F26E89F34","76A0FBADACAD322B","neo_vitae.snbt","","","Mine Dungeon Key","neovitae:mine_key","","명시적 task.title 없이 아이템 hover 사용",""
"task","2CF3EA7B65EC3860","76A0FBADACAD322B","neo_vitae.snbt","","","Hellforged Parts","neovitae:hellforged_parts","","명시적 task.title 없이 아이템 hover 사용",""
"task","300F02BAE99B7CB7","76A0FBADACAD322B","neo_vitae.snbt","","","Tau Oil","neovitae:tau_oil","","명시적 task.title 없이 아이템 hover 사용",""
"task","15C6EF87E66DF67C","76A0FBADACAD322B","neo_vitae.snbt","","","Weak Tau","neovitae:weak_tau","","명시적 task.title 없이 아이템 hover 사용",""
"task","166297B24C58FC58","76A0FBADACAD322B","neo_vitae.snbt","","","Raw Crystal Catalyst","neovitae:raw_spiritus_catalyst","","명시적 task.title 없이 아이템 hover 사용",""
"task","7CD325642FB8A09C","76A0FBADACAD322B","neo_vitae.snbt","","","Basic Cutting Fluid","neovitae:basic_cutting_fluid","","명시적 task.title 없이 아이템 hover 사용",""
"task","11AED8DCC5C22989","76A0FBADACAD322B","neo_vitae.snbt","","","Corrupted Dust","neovitae:corrupted_dust","","명시적 task.title 없이 아이템 hover 사용",""
"task","2C9BEF4CE764A2D0","76A0FBADACAD322B","neo_vitae.snbt","","","Iron Gravel","neovitae:iron_gravel","","명시적 task.title 없이 아이템 hover 사용",""
"task","16670D70BD63FA37","76A0FBADACAD322B","neo_vitae.snbt","","","","minecraft:enchanted_book","","명시적 task.title 없이 아이템 hover 사용",""
"task","7494F55DDA1396A8","76A0FBADACAD322B","neo_vitae.snbt","","","Sanguine Reverter","neovitae:sanguine_reverter","","명시적 task.title 없이 아이템 hover 사용",""
"task","3E0B6EE77AEECC71","76A0FBADACAD322B","neo_vitae.snbt","","","Routing Conduit","neovitae:routing_conduit","","명시적 task.title 없이 아이템 hover 사용",""
"task","3E6CC11C16513A75","76A0FBADACAD322B","neo_vitae.snbt","","","Input Routing Node","neovitae:input_routing_node","","명시적 task.title 없이 아이템 hover 사용",""
"task","1F06D3FD2A94D570","76A0FBADACAD322B","neo_vitae.snbt","","","Output Routing Node","neovitae:output_routing_node","","명시적 task.title 없이 아이템 hover 사용",""
"task","147995159EBA4576","76A0FBADACAD322B","neo_vitae.snbt","","","Node Router","neovitae:node_router","","명시적 task.title 없이 아이템 hover 사용",""
"task","3164155A22F65813","76A0FBADACAD322B","neo_vitae.snbt","","","Routing Stack Upgrade","neovitae:master_core","","명시적 task.title 없이 아이템 hover 사용",""
"task","3848CD022488D178","76A0FBADACAD322B","neo_vitae.snbt","","","Routing Speed Upgrade","neovitae:master_core_speed","","명시적 task.title 없이 아이템 hover 사용",""
"task","104DD51150FAB5DB","76A0FBADACAD322B","neo_vitae.snbt","","","Spike Trap","neovitae:spike_trap","","명시적 task.title 없이 아이템 hover 사용",""
"quest","538E28637FF76912","76A0FBADACAD322B","neo_vitae.snbt","","","AllRightsReserved","","","설명은 있으나 명시적 quest.title 없음",""
"task","6D5BE02E9FAED45C","76A0FBADACAD322B","neo_vitae.snbt","AllRightsReserved","AllRightsReserved","","","","한국어 파일의 영어 task.title",""
"task","7DA13EB040BC1C19","76A0FBADACAD322B","neo_vitae.snbt","AllRightsReserved","AllRightsReserved","","","","한국어 파일의 영어 task.title",""
"task","15CDE30E1F7EBAD5","4C507C004144BFEE","occultism.snbt","","","","occultism:dictionary_of_spirits","","명시적 task.title 없이 아이템 hover 사용",""
"task","1342FA7690E10866","4C507C004144BFEE","occultism.snbt","","","","minecraft:flint_and_steel","","명시적 task.title 없이 아이템 hover 사용",""
"task","02C93CCE15B79995","4C507C004144BFEE","occultism.snbt","","","","minecraft:iron_ingot","","명시적 task.title 없이 아이템 hover 사용",""
"task","695C19A116BBBDBB","4C507C004144BFEE","occultism.snbt","","","","minecraft:gold_ingot","","명시적 task.title 없이 아이템 hover 사용",""
"task","66013401F4FA44FC","4C507C004144BFEE","occultism.snbt","","","","minecraft:copper_ingot","","명시적 task.title 없이 아이템 hover 사용",""
"task","1E8BCF5AD19584F7","4C507C004144BFEE","occultism.snbt","","","","ftbfiltersystem:smart_filter","","명시적 task.title 없이 아이템 hover 사용",""
"task","7A2052D6BCF7F667","4C507C004144BFEE","occultism.snbt","","","","ftbfiltersystem:smart_filter","","명시적 task.title 없이 아이템 hover 사용",""
"task","726FB111FEEAA617","4C507C004144BFEE","occultism.snbt","","","","ftbfiltersystem:smart_filter","","명시적 task.title 없이 아이템 hover 사용",""
"task","2119DB35CADF61FC","4C507C004144BFEE","occultism.snbt","","","","minecraft:experience_bottle","","명시적 task.title 없이 아이템 hover 사용",""
"quest","0BD6365534BF04D5","4C507C004144BFEE","occultism.snbt","&aIhagan's Enthrallment","&aIhagan's Enthrallment","","","","한국어 파일의 영어 quest.title",""
"task","1286B8BF842021A0","4C507C004144BFEE","occultism.snbt","","","","minecraft:honey_block","","명시적 task.title 없이 아이템 hover 사용",""
"task","0A765E7423C34F67","4C507C004144BFEE","occultism.snbt","","","","minecraft:honeycomb_block","","명시적 task.title 없이 아이템 hover 사용",""
"task","7E64536D4E1607F9","4C507C004144BFEE","occultism.snbt","","","","minecraft:honeycomb","","명시적 task.title 없이 아이템 hover 사용",""
"task","530CC694F2DED650","4C507C004144BFEE","occultism.snbt","","","","minecraft:honey_bottle","","명시적 task.title 없이 아이템 hover 사용",""
"quest","38A1295878B68F83","4C507C004144BFEE","occultism.snbt","&6Kandar's Opened Conjure","&6Kandar's Opened Conjure","","","","한국어 파일의 영어 quest.title",""
"task","71A3B742D8757C89","4C507C004144BFEE","occultism.snbt","","","","minecraft:gunpowder","","명시적 task.title 없이 아이템 hover 사용",""
"task","07F6D01E644305E7","4C507C004144BFEE","occultism.snbt","","","","minecraft:netherrack","","명시적 task.title 없이 아이템 hover 사용",""
"task","52B4CBE9BE14AD70","4C507C004144BFEE","occultism.snbt","","","","minecraft:flint_and_steel","","명시적 task.title 없이 아이템 hover 사용",""
"quest","0D18BBB04693885A","4C507C004144BFEE","occultism.snbt","&aStrigeor's Higher Binding","&aStrigeor's Higher Binding","","","","한국어 파일의 영어 quest.title",""
"task","7B49FEA4BFE44D1C","4C507C004144BFEE","occultism.snbt","","","","minecraft:phantom_membrane","","명시적 task.title 없이 아이템 hover 사용",""
"task","365C31F15DC05036","4C507C004144BFEE","occultism.snbt","","","","minecraft:gunpowder","","명시적 task.title 없이 아이템 hover 사용",""
"task","070845F0D3E5A7FD","4C507C004144BFEE","occultism.snbt","","","","minecraft:gray_dye","","명시적 task.title 없이 아이템 hover 사용",""
"task","39FE4ED3B2A83A42","4C507C004144BFEE","occultism.snbt","","","","minecraft:clay_ball","","명시적 task.title 없이 아이템 hover 사용",""
"quest","2960FFE0C53DFEB1","4C507C004144BFEE","occultism.snbt","&cSevira's Permanent Confinement","&cSevira's Permanent Confinement","","","","한국어 파일의 영어 quest.title",""
"task","01ED52CC3C6D512C","4C507C004144BFEE","occultism.snbt","","","","minecraft:wither_rose","","명시적 task.title 없이 아이템 hover 사용",""
"task","4BE5E28E20F4420A","4C507C004144BFEE","occultism.snbt","","","","minecraft:wither_skeleton_skull","","명시적 task.title 없이 아이템 hover 사용",""
"quest","429B5A81DF6C43FE","4C507C004144BFEE","occultism.snbt","&6Odus' Open Convocation","&6Odus' Open Convocation","","","","한국어 파일의 영어 quest.title",""
"task","1BE59D80F690D32A","4C507C004144BFEE","occultism.snbt","","","","minecraft:gilded_blackstone","","명시적 task.title 없이 아이템 hover 사용",""
"task","606B73596F3EAFE5","4C507C004144BFEE","occultism.snbt","","","","minecraft:quartz","","명시적 task.title 없이 아이템 hover 사용",""
"task","3BA25C60E34661C7","4C507C004144BFEE","occultism.snbt","","","","minecraft:warped_fungus","","명시적 task.title 없이 아이템 hover 사용",""
"task","71CC56A5DB6BC6CF","4C507C004144BFEE","occultism.snbt","","","","minecraft:crimson_fungus","","명시적 task.title 없이 아이템 hover 사용",""
"quest","67884BFA27870CCE","4C507C004144BFEE","occultism.snbt","&dOsorin's Unbound Calling","&dOsorin's Unbound Calling","","","","한국어 파일의 영어 quest.title",""
"quest","53DEA3DFEDC4809E","4C507C004144BFEE","occultism.snbt","&4Tibira's Attraction","&4Tibira's Attraction","","","","한국어 파일의 영어 quest.title",""
"task","7A7F8E95E037CD5E","4C507C004144BFEE","occultism.snbt","","","","minecraft:prismarine_crystals","","명시적 task.title 없이 아이템 hover 사용",""
"task","7E8C9E6DDB982A6D","4C507C004144BFEE","occultism.snbt","","","","minecraft:prismarine_shard","","명시적 task.title 없이 아이템 hover 사용",""
"task","2BA3F105CD095EC3","4C507C004144BFEE","occultism.snbt","","","","minecraft:ghast_tear","","명시적 task.title 없이 아이템 hover 사용",""
"task","197964C9AA25C7B1","4C507C004144BFEE","occultism.snbt","","","","minecraft:conduit","","명시적 task.title 없이 아이템 hover 사용",""
"task","6368ECA9DAB480CB","4C507C004144BFEE","occultism.snbt","","","","minecraft:trident","","명시적 task.title 없이 아이템 hover 사용",""
"quest","2AD68066C1948C90","4C507C004144BFEE","occultism.snbt","&9Fatma's Incentivized Attraction","&9Fatma's Incentivized Attraction","","","","한국어 파일의 영어 quest.title",""
"task","0A4AA41F06C7DE11","4C507C004144BFEE","occultism.snbt","","","","minecraft:diamond_block","","명시적 task.title 없이 아이템 hover 사용",""
"task","4517C8E5F35C3414","4C507C004144BFEE","occultism.snbt","","","","minecraft:emerald_block","","명시적 task.title 없이 아이템 hover 사용",""
"task","6CC8BD33A5503DEB","4C507C004144BFEE","occultism.snbt","","","","minecraft:ghast_tear","","명시적 task.title 없이 아이템 hover 사용",""
"task","0D81CA284D83545D","4C507C004144BFEE","occultism.snbt","","","","minecraft:armadillo_scute","","명시적 task.title 없이 아이템 hover 사용",""
"task","1F1BB862B01DF36B","4C507C004144BFEE","occultism.snbt","","","","minecraft:rabbit_foot","","명시적 task.title 없이 아이템 hover 사용",""
"task","2EF2B9AE4AA75FBC","4C507C004144BFEE","occultism.snbt","","","","minecraft:pointed_dripstone","","명시적 task.title 없이 아이템 hover 사용",""
"quest","2CF96A264EB5522C","4C507C004144BFEE","occultism.snbt","&9Uphyxes' Inverted Tower","&9Uphyxes' Inverted Tower","","","","한국어 파일의 영어 quest.title",""
"task","3CF54D9FD7B66E32","4C507C004144BFEE","occultism.snbt","","","","minecraft:dragon_breath","","명시적 task.title 없이 아이템 hover 사용",""
"task","2C16905913038FD5","4C507C004144BFEE","occultism.snbt","","","","minecraft:end_crystal","","명시적 task.title 없이 아이템 hover 사용",""
"quest","0A25276925EB0CBA","4C507C004144BFEE","occultism.snbt","&dRonaza's Contact","&dRonaza's Contact","","","","한국어 파일의 영어 quest.title",""
"quest","5FE507DAEE770507","4C507C004144BFEE","occultism.snbt","&aOphyx' Calling","&aOphyx' Calling","","","","한국어 파일의 영어 quest.title",""
"quest","65E2AF881709C896","5E31DF282998B992","pneumaticcraft.snbt","Reinforced Stone","강화된 돌","","pneumaticcraft:reinforced_stone","강화석","리소스팩 아이템명과 quest.title 불일치","강화석"
"quest","7040CA41C0A3C2F2","5E31DF282998B992","pneumaticcraft.snbt","&9PCB Blueprint","&9PCB 청사진","","pneumaticcraft:pcb_blueprint","PCB 설계도","리소스팩 아이템명과 quest.title 불일치","PCB 설계도"
"task","1DF996B4E387DB41","5E31DF282998B992","pneumaticcraft.snbt","","","","minecraft:lapis_lazuli","","명시적 task.title 없이 아이템 hover 사용",""
"task","28A1D25CDDBF5163","5E31DF282998B992","pneumaticcraft.snbt","","","","ftbfiltersystem:smart_filter","","명시적 task.title 없이 아이템 hover 사용",""
"quest","325483DEB0C602F8","5E31DF282998B992","pneumaticcraft.snbt","","","AllRightsReserved","","","설명은 있으나 명시적 quest.title 없음",""
"task","2C268116DA162155","5E31DF282998B992","pneumaticcraft.snbt","AllRightsReserved","AllRightsReserved","","","","한국어 파일의 영어 task.title",""
"task","13266875BDB5077D","5E31DF282998B992","pneumaticcraft.snbt","AllRightsReserved","AllRightsReserved","","","","한국어 파일의 영어 task.title",""
"quest","13AA91D39A2CABF2","26E6ED94168A05C4","productive_bees.snbt","Productive Bees!","Productive Bees!","","","","한국어 파일의 영어 quest.title",""
"task","54CAFE539297E507","26E6ED94168A05C4","productive_bees.snbt","","","","minecraft:honeycomb","","명시적 task.title 없이 아이템 hover 사용",""
"task","3440EB31A4FA230D","26E6ED94168A05C4","productive_bees.snbt","","","","minecraft:honey_bottle","","명시적 task.title 없이 아이템 hover 사용",""
"task","33E5A303B907306B","26E6ED94168A05C4","productive_bees.snbt","","","","minecraft:beehive","","명시적 task.title 없이 아이템 hover 사용",""
"quest","66324D7D0C51AEAC","26E6ED94168A05C4","productive_bees.snbt","","","item","productivelib:upgrade_base","","설명은 있으나 명시적 quest.title 없음",""
"task","62583501BD2D3736","26E6ED94168A05C4","productive_bees.snbt","","","","productivelib:upgrade_base","","명시적 task.title 없이 아이템 hover 사용",""
"task","4E4CF3303EF32A51","26E6ED94168A05C4","productive_bees.snbt","","","","productivelib:upgrade_productivity","","명시적 task.title 없이 아이템 hover 사용",""
"quest","500BEAD94C97DF96","26E6ED94168A05C4","productive_bees.snbt","","","item","productivelib:upgrade_time","","설명은 있으나 명시적 quest.title 없음",""
"task","688059411B0B5AD3","26E6ED94168A05C4","productive_bees.snbt","","","","productivelib:upgrade_time","","명시적 task.title 없이 아이템 hover 사용",""
"quest","2182492BCC1B33D8","26E6ED94168A05C4","productive_bees.snbt","","","item","productivelib:upgrade_child","","설명은 있으나 명시적 quest.title 없음",""
"task","7F657CB10470C0A8","26E6ED94168A05C4","productive_bees.snbt","","","","productivelib:upgrade_child","","명시적 task.title 없이 아이템 hover 사용",""
"quest","397E2D14BDE7DED0","26E6ED94168A05C4","productive_bees.snbt","","","item","productivelib:upgrade_block","","설명은 있으나 명시적 quest.title 없음",""
"task","40738A193E02B31F","26E6ED94168A05C4","productive_bees.snbt","","","","productivelib:upgrade_block","","명시적 task.title 없이 아이템 hover 사용",""
"quest","198EDBAC1D6E2339","26E6ED94168A05C4","productive_bees.snbt","","","item","productivelib:upgrade_anti_teleport","","설명은 있으나 명시적 quest.title 없음",""
"task","67DD56316034C118","26E6ED94168A05C4","productive_bees.snbt","","","","productivelib:upgrade_anti_teleport","","명시적 task.title 없이 아이템 hover 사용",""
"quest","14623D25561BA61B","26E6ED94168A05C4","productive_bees.snbt","","","item","productivelib:upgrade_range","","설명은 있으나 명시적 quest.title 없음",""
"task","0E00664D21D5F455","26E6ED94168A05C4","productive_bees.snbt","","","","productivelib:upgrade_range","","명시적 task.title 없이 아이템 hover 사용",""
"task","1FC189168CBA602A","26E6ED94168A05C4","productive_bees.snbt","","","","productivelib:upgrade_entity_filter","","명시적 task.title 없이 아이템 hover 사용",""
"task","17300E02ADB4EFD4","26E6ED94168A05C4","productive_bees.snbt","","","","productivelib:upgrade_gene_sampler","","명시적 task.title 없이 아이템 hover 사용",""
"quest","0072C4F028C327CB","26E6ED94168A05C4","productive_bees.snbt","BlazBee","BlazBee","","","","한국어 파일의 영어 quest.title",""
"quest","371E09ED2A3F6BDC","26E6ED94168A05C4","productive_bees.snbt","ZomBee","ZomBee","","","","한국어 파일의 영어 quest.title",""
"quest","2E51F09F6D9E5EF8","26E6ED94168A05C4","productive_bees.snbt","","","CuBee","","","설명은 있으나 명시적 quest.title 없음",""
"task","34C16667CDF3E53A","26E6ED94168A05C4","productive_bees.snbt","CuBee","CuBee","","","","한국어 파일의 영어 task.title",""
"task","31D0730D68948E3B","26E6ED94168A05C4","productive_bees.snbt","","","","minecraft:saddle","","명시적 task.title 없이 아이템 hover 사용",""
"quest","01F7F3589EBD8872","26E6ED94168A05C4","productive_bees.snbt","Brown Shroombee","Brown Shroombee","","","","한국어 파일의 영어 quest.title",""
"task","620BF9687558DE44","26E6ED94168A05C4","productive_bees.snbt","","","","minecraft:hopper","","명시적 task.title 없이 아이템 hover 사용",""
"quest","18F948FF9FE015FB","26E6ED94168A05C4","productive_bees.snbt","CreeBee","CreeBee","","","","한국어 파일의 영어 quest.title",""
"quest","176ACC61DC206E55","26E6ED94168A05C4","productive_bees.snbt","Crimson Shroombee","Crimson Shroombee","","","","한국어 파일의 영어 quest.title",""
"task","35A3A62D353F599D","26E6ED94168A05C4","productive_bees.snbt","","","","minecraft:shulker_shell","","명시적 task.title 없이 아이템 hover 사용",""
"quest","55882C10292B6A3D","26E6ED94168A05C4","productive_bees.snbt","ProsperiBee","ProsperiBee","","","","한국어 파일의 영어 quest.title",""
"quest","37CD9BF281903F56","26E6ED94168A05C4","productive_bees.snbt","Red Shroombee","Red Shroombee","","","","한국어 파일의 영어 quest.title",""
"quest","35E8F1CC0080E45E","26E6ED94168A05C4","productive_bees.snbt","RuBee","RuBee","","","","한국어 파일의 영어 quest.title",""
"quest","2982D38BD5EE6349","26E6ED94168A05C4","productive_bees.snbt","Warped Shroombee","Warped Shroombee","","","","한국어 파일의 영어 quest.title",""
"task","010E8A1E406597DE","26E6ED94168A05C4","productive_bees.snbt","","","","productivelib:upgrade_productivity_2","","명시적 task.title 없이 아이템 hover 사용",""
"task","120FB58EF0566E5E","26E6ED94168A05C4","productive_bees.snbt","","","","productivelib:upgrade_productivity_3","","명시적 task.title 없이 아이템 hover 사용",""
"task","5B3655FBF392248E","26E6ED94168A05C4","productive_bees.snbt","","","","productivelib:upgrade_productivity_4","","명시적 task.title 없이 아이템 hover 사용",""
"quest","0A11725B41AB45F6","26E6ED94168A05C4","productive_bees.snbt","","","AllRightsReserved","","","설명은 있으나 명시적 quest.title 없음",""
"task","11931CBFE67ADBBB","26E6ED94168A05C4","productive_bees.snbt","AllRightsReserved","AllRightsReserved","","","","한국어 파일의 영어 task.title",""
"task","508BC2CB4F4BC7EF","26E6ED94168A05C4","productive_bees.snbt","AllRightsReserved","AllRightsReserved","","","","한국어 파일의 영어 task.title",""
"quest","128A14A3842325FE","26E6ED94168A05C4","productive_bees.snbt","","","item","productivelib:upgrade_simulator","","설명은 있으나 명시적 quest.title 없음",""
"task","77A431DFC6ED0C3C","26E6ED94168A05C4","productive_bees.snbt","","","","productivelib:upgrade_simulator","","명시적 task.title 없이 아이템 hover 사용",""
"quest","532F3E6868A29037","26E6ED94168A05C4","productive_bees.snbt","","","item","productivelib:upgrade_time_2","","설명은 있으나 명시적 quest.title 없음",""
"task","0317862838157CF6","26E6ED94168A05C4","productive_bees.snbt","","","","productivelib:upgrade_time_2","","명시적 task.title 없이 아이템 hover 사용",""
"task","2A0E7CD4B59FFE67","26E6ED94168A05C4","productive_bees.snbt","","","","minecraft:sponge","","명시적 task.title 없이 아이템 hover 사용",""
"task","3D63406D53E1BA67","26E6ED94168A05C4","productive_bees.snbt","","","","ftbfiltersystem:smart_filter","","명시적 task.title 없이 아이템 hover 사용",""
"quest","40F8A44DF4D8DBD6","26E6ED94168A05C4","productive_bees.snbt","BlazBee","BlazBee","","","","한국어 파일의 영어 quest.title",""
"quest","78CCD8075249E2B7","26E6ED94168A05C4","productive_bees.snbt","BreezBee","BreezBee","","","","한국어 파일의 영어 quest.title",""
"task","23553673B9AC2E61","26E6ED94168A05C4","productive_bees.snbt","","","","ftbfiltersystem:smart_filter","","명시적 task.title 없이 아이템 hover 사용",""
"quest","25D8BE0280B6E7F1","1FAAEF0B9FD05CB9","productive_trees.snbt","","","AllRightsReserved","","","설명은 있으나 명시적 quest.title 없음",""
"task","3D3F0DB8237E5856","1FAAEF0B9FD05CB9","productive_trees.snbt","AllRightsReserved","AllRightsReserved","","","","한국어 파일의 영어 task.title",""
"task","0E7EAD7D7DF5E7C3","1FAAEF0B9FD05CB9","productive_trees.snbt","AllRightsReserved","AllRightsReserved","","","","한국어 파일의 영어 task.title",""
"quest","5577F49A93ADB19C","1FAAEF0B9FD05CB9","productive_trees.snbt","Productive Trees","Productive Trees","","","","한국어 파일의 영어 quest.title",""
"quest","30B0240543253EFB","5712300EF4E5E846","pylons.snbt","&lPylons","&lPylons","","","","한국어 파일의 영어 quest.title",""
"task","576428EF1CDDEF96","5712300EF4E5E846","pylons.snbt","","","","minecraft:polished_blackstone","","명시적 task.title 없이 아이템 hover 사용",""
"quest","3E75AFE3482834C5","2FB24A5A597459FC","railcraft.snbt","&7&lRailCraft","&7&lRailcraft","","","","한국어 파일의 영어 quest.title",""
"task","37AF49F3A7074892","2FB24A5A597459FC","railcraft.snbt","","","","minecraft:rail","","명시적 task.title 없이 아이템 hover 사용",""
"quest","5128B119DFFF0C4C","2FB24A5A597459FC","railcraft.snbt","&3Steam Locomotive","&3증기 기관차","","railcraft:steam_locomotive","증기기관차","리소스팩 아이템명과 quest.title 불일치","증기기관차"
"task","1598A523323F0BAB","2FB24A5A597459FC","railcraft.snbt","","","","minecraft:minecart","","명시적 task.title 없이 아이템 hover 사용",""
"quest","17F7964611D893BE","2FB24A5A597459FC","railcraft.snbt","Fluid Loader","유체 주입기","","railcraft:fluid_loader","유체 적재기","리소스팩 아이템명과 quest.title 불일치","유체 적재기"
"quest","365D4B1DC953D406","2FB24A5A597459FC","railcraft.snbt","&7Cart&r Dispenser","&7수레&r 발사기","","railcraft:cart_dispenser","광산 수레 발사기","리소스팩 아이템명과 quest.title 불일치","광산 수레 발사기"
"task","297D80507C3A56E1","2FB24A5A597459FC","railcraft.snbt","","","","minecraft:iron_ingot","","명시적 task.title 없이 아이템 hover 사용",""
"quest","21693C4DE6531D73","2FB24A5A597459FC","railcraft.snbt","Crusher","분쇄기","","railcraft:crusher","파쇄기","리소스팩 아이템명과 quest.title 불일치","파쇄기"
"quest","5F458D79D43D8842","2FB24A5A597459FC","railcraft.snbt","","","All Rights Reserved","","","설명은 있으나 명시적 quest.title 없음",""
"task","11741300813AF742","2FB24A5A597459FC","railcraft.snbt","AllRightsReserved","All Rights Reserved","","","","한국어 파일의 영어 task.title",""
"task","7BB13793B38DFC2C","2FB24A5A597459FC","railcraft.snbt","AllRightsReserved","All Rights Reserved","","","","한국어 파일의 영어 task.title",""
"quest","01F18150EC923482","15AAF17B6665223D","refined_storage.snbt","&3Refined Storage","&3Refined Storage","","","","한국어 파일의 영어 quest.title",""
"quest","34F7325C2AFA6DA7","15AAF17B6665223D","refined_storage.snbt","","","AllRightsReserved","","","설명은 있으나 명시적 quest.title 없음",""
"task","2AEFA81B8D7EB62B","15AAF17B6665223D","refined_storage.snbt","AllRightsReserved","AllRightsReserved","","","","한국어 파일의 영어 task.title",""
"task","7D72E6723FFA5BB7","15AAF17B6665223D","refined_storage.snbt","AllRightsReserved","AllRightsReserved","","","","한국어 파일의 영어 task.title",""
"quest","64141B720662B652","11919EBB416B2BD0","relics.snbt","&l&6Relics","&l&6Relics","","","","한국어 파일의 영어 quest.title",""
"quest","3E99F4CD379DE9D7","11919EBB416B2BD0","relics.snbt","","","AllRightsReserved","","","설명은 있으나 명시적 quest.title 없음",""
"task","5E90B977ACB0C900","11919EBB416B2BD0","relics.snbt","AllRightsReserved","AllRightsReserved","","","","한국어 파일의 영어 task.title",""
"task","23C7F92BD9D39E14","11919EBB416B2BD0","relics.snbt","AllRightsReserved","AllRightsReserved","","","","한국어 파일의 영어 task.title",""
"task","761B3590C99B461E","1D42B373285DEF81","silent_gear.snbt","","","","silentgear:elytra_blueprint","","명시적 task.title 없이 아이템 hover 사용",""
"quest","0947B4ED95B0267E","1D42B373285DEF81","silent_gear.snbt","","","item","silentgear:coating_blueprint","","설명은 있으나 명시적 quest.title 없음",""
"task","3179733D8ACBDA86","1D42B373285DEF81","silent_gear.snbt","","","","silentgear:coating_blueprint","","명시적 task.title 없이 아이템 hover 사용",""
"task","14B8204814A42B33","1D42B373285DEF81","silent_gear.snbt","","","","silentgear:grip_blueprint","","명시적 task.title 없이 아이템 hover 사용",""
"task","551DBAFE45DC4804","1D42B373285DEF81","silent_gear.snbt","","","","silentgear:binding_blueprint","","명시적 task.title 없이 아이템 hover 사용",""
"task","3CB5441C8E4480CC","1D42B373285DEF81","silent_gear.snbt","","","","silentgear:lining_blueprint","","명시적 task.title 없이 아이템 hover 사용",""
"task","58407186583371FA","1D42B373285DEF81","silent_gear.snbt","","","","silentgear:fletching_blueprint","","명시적 task.title 없이 아이템 hover 사용",""
"quest","11B0B93D725ABE43","1D42B373285DEF81","silent_gear.snbt","","","item","ftbfiltersystem:smart_filter","","설명은 있으나 명시적 quest.title 없음",""
"task","0EF203AF0BA514F7","1D42B373285DEF81","silent_gear.snbt","","","","ftbfiltersystem:smart_filter","","명시적 task.title 없이 아이템 hover 사용",""
"quest","769D5DE66D13B256","1D42B373285DEF81","silent_gear.snbt","","","AllRightsReserved","","","설명은 있으나 명시적 quest.title 없음",""
"task","6D9DBD885FE4C94C","1D42B373285DEF81","silent_gear.snbt","AllRightsReserved","AllRightsReserved","","","","한국어 파일의 영어 task.title",""
"task","55E0635973A828B0","1D42B373285DEF81","silent_gear.snbt","AllRightsReserved","AllRightsReserved","","","","한국어 파일의 영어 task.title",""
"task","2A07AF6A43DCEA8C","1D42B373285DEF81","silent_gear.snbt","","","","minecraft:iron_ingot","","명시적 task.title 없이 아이템 hover 사용",""
"task","704D0B6CBDB29691","1D42B373285DEF81","silent_gear.snbt","","","","minecraft:coal","","명시적 task.title 없이 아이템 hover 사용",""
"task","07BB99888347C53D","1D42B373285DEF81","silent_gear.snbt","","","","silentgear:mace_blueprint","","명시적 task.title 없이 아이템 hover 사용",""
"quest","5E4BC0F59C90433A","1DB294A8F8686321","storage.snbt","Sophisticated Storage","Sophisticated Storage","","","","한국어 파일의 영어 quest.title",""
"task","4A10EADC3914EA38","1DB294A8F8686321","storage.snbt","","","","trashcans:item_trash_can","","명시적 task.title 없이 아이템 hover 사용",""
"task","1DF458EC07D359A4","1DB294A8F8686321","storage.snbt","","","","trashcans:liquid_trash_can","","명시적 task.title 없이 아이템 hover 사용",""
"task","5BF5BF3F0D321A54","1DB294A8F8686321","storage.snbt","","","","trashcans:energy_trash_can","","명시적 task.title 없이 아이템 hover 사용",""
"quest","0682DC1F2417DAEB","1DB294A8F8686321","storage.snbt","Functional Storage","Functional Storage","","","","한국어 파일의 영어 quest.title",""
"task","7EDA9BD14A177D8D","1DB294A8F8686321","storage.snbt","","","","minecraft:chest","","명시적 task.title 없이 아이템 hover 사용",""
"quest","6A2B2C5E2ADCE366","1DB294A8F8686321","storage.snbt","Sophisticated Backpacks","Sophisticated Backpacks","","","","한국어 파일의 영어 quest.title",""
"quest","7F990FBC1A691020","1DB294A8F8686321","storage.snbt","","","item","minecraft:trapped_chest","","설명은 있으나 명시적 quest.title 없음",""
"task","34909E6C5CB47A43","1DB294A8F8686321","storage.snbt","","","","minecraft:trapped_chest","","명시적 task.title 없이 아이템 hover 사용",""
"quest","1659A59303C15CC9","1DB294A8F8686321","storage.snbt","","","item","minecraft:barrel","","설명은 있으나 명시적 quest.title 없음",""
"task","5E8A262AF1E9DB0B","1DB294A8F8686321","storage.snbt","","","","minecraft:barrel","","명시적 task.title 없이 아이템 hover 사용",""
"quest","25AFD10D008DF30B","1DB294A8F8686321","storage.snbt","","","item","minecraft:ender_chest","","설명은 있으나 명시적 quest.title 없음",""
"task","63F391DE2563954A","1DB294A8F8686321","storage.snbt","","","","minecraft:ender_chest","","명시적 task.title 없이 아이템 hover 사용",""
"quest","33AADC1B97E9F7A9","1DB294A8F8686321","storage.snbt","","","item","minecraft:chest_minecart","","설명은 있으나 명시적 quest.title 없음",""
"task","34F6C74C0D167C8B","1DB294A8F8686321","storage.snbt","","","","minecraft:chest_minecart","","명시적 task.title 없이 아이템 hover 사용",""
"quest","209DC1E9AD4C5A84","1DB294A8F8686321","storage.snbt","","","AllRightsReserved","","","설명은 있으나 명시적 quest.title 없음",""
"task","1809DDEA104A9CE8","1DB294A8F8686321","storage.snbt","AllRightsReserved","AllRightsReserved","","","","한국어 파일의 영어 task.title",""
"task","5DEBE38C614EFBB4","1DB294A8F8686321","storage.snbt","AllRightsReserved","AllRightsReserved","","","","한국어 파일의 영어 task.title",""
"task","0A2949304DBB3D75","007B547630FF0478","theurgy.snbt","","","","minecraft:water_bucket","","명시적 task.title 없이 아이템 hover 사용",""
"task","3ABECD22D09DEEFB","007B547630FF0478","theurgy.snbt","","","","minecraft:stick","","명시적 task.title 없이 아이템 hover 사용",""
"task","7CB9C080F0597A4D","007B547630FF0478","theurgy.snbt","","","","minecraft:copper_ingot","","명시적 task.title 없이 아이템 hover 사용",""
"task","30C938C85BED7956","1BE666F01EFFC00D","tips_and_tricks.snbt","","","Personal Shrinking Device","shrink:shrinking_device","","명시적 task.title 없이 아이템 hover 사용",""
"quest","28E60192912BEBAD","1BE666F01EFFC00D","tips_and_tricks.snbt","&l&2Easy Villagers","&l&2Easy Villagers","","","","한국어 파일의 영어 quest.title",""
"quest","7A514E27E1A7FE32","1BE666F01EFFC00D","tips_and_tricks.snbt","&l&cBuilding Gadgets&r","&l&cBuilding Gadgets&r","","","","한국어 파일의 영어 quest.title",""
"task","47A1F59A538E3C4B","1BE666F01EFFC00D","tips_and_tricks.snbt","Building Gadgets","Building Gadgets","","ftbfiltersystem:smart_filter","","한국어 파일의 영어 task.title",""
"quest","5EE945A1185E8336","1BE666F01EFFC00D","tips_and_tricks.snbt","&l&7Functional Storage&r","&l&7Functional Storage&r","","","","한국어 파일의 영어 quest.title",""
"quest","0152938EE5651409","1BE666F01EFFC00D","tips_and_tricks.snbt","","","AllRightsReserved","","","설명은 있으나 명시적 quest.title 없음",""
"task","4AEB792F6A939B3A","1BE666F01EFFC00D","tips_and_tricks.snbt","AllRightsReserved","AllRightsReserved","","","","한국어 파일의 영어 task.title",""
"task","6A965CD027BF762F","1BE666F01EFFC00D","tips_and_tricks.snbt","AllRightsReserved","AllRightsReserved","","","","한국어 파일의 영어 task.title",""
"quest","3B4BF42C55C8BBBF","1BE666F01EFFC00D","tips_and_tricks.snbt","&l&9Simple &4Magnets","&l&9Simple &4Magnets","","","","한국어 파일의 영어 quest.title",""
"task","091A3EB6AB0FF2D5","1BE666F01EFFC00D","tips_and_tricks.snbt","","","","simplemagnets:basicmagnet","","명시적 task.title 없이 아이템 hover 사용",""
"quest","32ECD93A8F2FAB8F","1BE666F01EFFC00D","tips_and_tricks.snbt","&l&6Iron Jetpacks","&l&6Iron Jetpacks","","","","한국어 파일의 영어 quest.title",""
"task","6A1E21A5F5AE29A8","1BE666F01EFFC00D","tips_and_tricks.snbt","","","Multi-Piston","multipiston:multipistonblock","","명시적 task.title 없이 아이템 hover 사용",""
"quest","6C4B93FE64BD418D","65A95C2312976E49","undergarden.snbt","The Undergarden","The Undergarden","","","","한국어 파일의 영어 quest.title",""
"quest","4C7E006502E30C20","65A95C2312976E49","undergarden.snbt","","","AllRightsReserved","","","설명은 있으나 명시적 quest.title 없음",""
"task","39194D9CDF673768","65A95C2312976E49","undergarden.snbt","AllRightsReserved","AllRightsReserved","","","","한국어 파일의 영어 task.title",""
"task","4AA225E5056787B8","65A95C2312976E49","undergarden.snbt","AllRightsReserved","AllRightsReserved","","","","한국어 파일의 영어 task.title",""
"quest","49EDAA2F57D3BF1D","5B00676D79306EA2","welcome.snbt","","","AllRightsReserved","","","설명은 있으나 명시적 quest.title 없음",""
"task","2C816285392535F0","5B00676D79306EA2","welcome.snbt","AllRightsReserved","AllRightsReserved","","","","한국어 파일의 영어 task.title",""
"task","201F519941A2C7F4","5B00676D79306EA2","welcome.snbt","AllRightsReserved","AllRightsReserved","","","","한국어 파일의 영어 task.title",""
"task","460FA61A72720319","219B7A003658D24F","xycraft.snbt","","","","minecraft:glass","","명시적 task.title 없이 아이템 hover 사용",""
"task","23AEF92B0F4BD3E9","219B7A003658D24F","xycraft.snbt","","","","mysticalagriculture:kivi_seeds","","명시적 task.title 없이 아이템 hover 사용",""
"quest","16B4A00948D1F60D","219B7A003658D24F","xycraft.snbt","","","All Rights Reserved","","","설명은 있으나 명시적 quest.title 없음",""
"task","706FA543A6C675D3","219B7A003658D24F","xycraft.snbt","AllRightsReserved","All Rights Reserved","","","","한국어 파일의 영어 task.title",""
"quest","008E65AF545A706E","","","&d&lSPS","&d&lSPS","","","","한국어 파일의 영어 subtitle",""
"quest","05F428C34DD00B61","","","Blue Yonder + Rippling Willow","Blue Yonder + Rippling Willow","","","","한국어 파일의 영어 subtitle",""
"quest","1D31C515533DAD36","","","Cave Dweller + Soul Tree","Cave Dweller + Soul Tree","","","","한국어 파일의 영어 subtitle",""
"quest","20DDAC076A2479A8","","","Purple Spiral + Sparkle Cherry","Purple Spiral + Sparkle Cherry","","","","한국어 파일의 영어 subtitle",""
"quest","3707C3EDA1C5A0B2","","","Firecracker + Flickering Sun","Firecracker + Flickering Sun","","","","한국어 파일의 영어 subtitle",""
"quest","4AEB4BF7624ABA0F","","","Firecracker + Soul Tree","Firecracker + Soul Tree","","","","한국어 파일의 영어 subtitle",""
"quest","526CED9509FAA79B","","","Blue Yonder + Firecracker","Blue Yonder + Firecracker","","","","한국어 파일의 영어 subtitle",""
"quest","5B18676A77CD6069","","","(QIO)","(QIO)","","","","한국어 파일의 영어 subtitle",""
"quest","5FC92F3794004A98","","","Rippling Willow + Soul Tree","Rippling Willow + Soul Tree","","","","한국어 파일의 영어 subtitle",""
"quest","6BF6C7C04F26D8BA","","","Black Ember + Soul Tree","Black Ember + Soul Tree","","","","한국어 파일의 영어 subtitle",""
"quest","71AA40CB2948A8D7","","","Blue Yonder + Soul Tree","Blue Yonder + Soul Tree","","","","한국어 파일의 영어 subtitle",""
"quest","74CD3FC35F245DF2","","","Blue Yonder + Flickering Sun","Blue Yonder + Flickering Sun","","","","한국어 파일의 영어 subtitle",""
"chapter","007B547630FF0478","","","Theurgy","신성 마법","","","","적용한 제목 정상화","Theurgy"
"chapter","07210DDF872160BA","","","Applied Energistics 2","어플라이드 에너제틱스 2","","","","적용한 제목 정상화","Applied Energistics 2"
"chapter","0731FA8830F28280","","","Apotheosis Gear","","","","","적용한 제목 정상화","Apotheosis 장비"
"chapter","0A093D8C4429B627","","","Mekanism: Reactors","메커니즘: 원자로","","","","적용한 제목 정상화","Mekanism: 원자로"
"chapter","0A52D0932DA3F809","","","Hostile Neural Networks","호스타일 뉴럴 네트워크","","","","적용한 제목 정상화","Hostile Neural Networks"
"chapter","0AB4F9AED808DE48","","","Modular Routers","모듈식 라우터","","","","적용한 제목 정상화","Modular Routers"
"chapter","0B826D13BAD43EEB","","","Draconic Evolution","","","","","적용한 제목 정상화","Draconic Evolution"
"chapter","0D990A1D1E088701","","","Steam Age: New Beginnings","","","","","적용한 제목 정상화","증기 시대: 새로운 시작"
"chapter","0E81CBCD6B1D1895","","","And Other Spawners","","","","","적용한 제목 정상화","및 기타 스포너"
"chapter","0E81CBCD6B1D1895","","","Apothic Spawners","어포틱 생성기","","","","적용한 제목 정상화","Apothic Spawners"
"chapter","0F96DC3563DA78EF","","","Mystical Agriculture","신비농업","","","","적용한 제목 정상화","Mystical Agriculture"
"chapter","100C477F4E63F20A","","","Create","생성","","","","적용한 제목 정상화","Create"
"chapter","11919EBB416B2BD0","","","Relics","유물","","","","적용한 제목 정상화","Relics"
"chapter","12AD9789D962B179","","","Apothic Enchanting","어포틱 마법 부여","","","","적용한 제목 정상화","Apothic Enchanting"
"chapter","13B172FA69904D9F","","","Deeper and Darker","","","","","적용한 제목 정상화","Deeper and Darker"
"chapter","15AAF17B6665223D","","","Refined Storage","","","","","적용한 제목 정상화","Refined Storage"
"chapter","193F91842D2ED7D9","","","Industrial Foregoing","인더스트리얼 포어고잉","","","","적용한 제목 정상화","Industrial Foregoing"
"chapter","1D42B373285DEF81","","","And Productive Metalworks","","","","","적용한 제목 정상화","및 Productive Metalworks"
"chapter","1FAAEF0B9FD05CB9","","","Productive Trees","생산적인 나무","","","","적용한 제목 정상화","Productive Trees"
"chapter","219B7A003658D24F","","","XyCraft","자이 크래프트","","","","적용한 제목 정상화","XyCraft"
"chapter","22C20C1827FE6805","","","Immersive Engineering","이머시브 엔지니어링","","","","적용한 제목 정상화","Immersive Engineering"
"chapter","23983F4DC524B14B","","","Mekanism","메커니즘","","","","적용한 제목 정상화","Mekanism"
"chapter","24151251C8730F2E","","","The Aether","","","","","적용한 제목 정상화","The Aether"
"chapter","25344A9254E02C8E","","","End Game","","","","","적용한 제목 정상화","최종 단계"
"chapter","26E6ED94168A05C4","","","Productive Bees","프로덕티브 비","","","","적용한 제목 정상화","Productive Bees"
"chapter","2A6EBEEBAB882679","","","Powah","파와","","","","적용한 제목 정상화","Powah"
"chapter","2FB24A5A597459FC","","","RailCraft","레일크래프트","","","","적용한 제목 정상화","Railcraft Reborn"
"chapter","3456E0C530C0038E","","","EvilCraft","이블크래프트","","","","적용한 제목 정상화","EvilCraft"
"chapter","3C78926E5D301BA0","","","Extreme Reactors","익스트림 리액터","","","","적용한 제목 정상화","Extreme Reactors"
"chapter","4293754F9B2D05F0","","","&aChapter 2&r: &eAllthemodium","&a챕터 2&r: &e올더모듐","","","","적용한 제목 정상화","&a2장&r: &eAllthemodium"
"chapter","43BB00A7A7E1042C","","","Mahou Tsukai","마호 츠카이","","","","적용한 제목 정상화","Mahou Tsukai"
"chapter","4791C8461B1B4D5F","","","Basic Armor","기본 갑옷","","","","적용한 제목 정상화","기본 방어구"
"chapter","48410B67C276ED1F","","","The Bumblezone","범블존","","","","적용한 제목 정상화","The Bumblezone"
"chapter","4C507C004144BFEE","","","Occultism","오컬티즘","","","","적용한 제목 정상화","Occultism"
"chapter","4EAAE0CEB26378A6","","","Just Dire Things","단순히 다이어 무언가","","","","적용한 제목 정상화","Just Dire Things"
"chapter","4EBB2171D5A3AAAC","","","Forbidden \& Arcanus","포비든 앤 아케이너스","","","","적용한 제목 정상화","Forbidden Arcanus"
"chapter","4EEDECACDE8F5A67","","","Oritech","","","","","적용한 제목 정상화","Oritech"
"chapter","5103E2D95685ADFF","","","&aChapter 3&r: &6The ATM Star","&a3장&r: &6ATM의 별","","","","적용한 제목 정상화","&a3장&r: &6ATM Star"
"chapter","51A2FE60D8B76FC6","","","Extended \& Advanced AE","","","","","적용한 제목 정상화","Extended AE 및 Advanced AE"
"chapter","56B11606F5F4DAB2","","","Digital Age","","","","","적용한 제목 정상화","디지털 시대"
"chapter","5712300EF4E5E846","","","Pylons","파일런","","","","적용한 제목 정상화","Pylons"
"chapter","59395B6806F2A98A","","","Cataclysm","대격변","","","","적용한 제목 정상화","L_Ender's Cataclysm"
"chapter","5C4F10E65D86ED0E","","","Electric Age: No more rookie","","","","","적용한 제목 정상화","전기 시대: 초보 탈출"
"chapter","5D045EF1AB73DF70","","","Basic Power","기본 힘","","","","적용한 제목 정상화","기본 전력"
"chapter","5D8E83698AEF1092","","","&bIce &fand &cFire","","","","","적용한 제목 정상화","&bIce &fand &cFire"
"chapter","5E31DF282998B992","","","PneumaticCraft","뉴매틱크래프트","","","","적용한 제목 정상화","PneumaticCraft: Repressurized"
"chapter","65A95C2312976E49","","","The Undergarden","지하정원","","","","적용한 제목 정상화","The Undergarden"
"chapter","6AEC23C6D526F362","","","Eternal Starlight","영원한 별빛","","","","적용한 제목 정상화","Eternal Starlight"
"chapter","6AEDA2F9BEB57759","","","Ars Nouveau","아르스 누보","","","","적용한 제목 정상화","Ars Nouveau"
"chapter","73180B829B960E63","","","Generators N Furnaces","발전기 N 화로","","","","적용한 제목 정상화","발전기 및 화로"
"chapter","76DF5FAA7961E5E7","","","Iron's Spells 'n Spellbooks","아이언의 주문과 주문서","","","","적용한 제목 정상화","Iron's Spells 'n Spellbooks"
"chapter","7732CF7AAA63DB3A","","","The Twilight Forest","황혼의 숲","","","","적용한 제목 정상화","The Twilight Forest"
"chapter","7A72E12C3839D165","","","Nature's Aura","자연의 기운","","","","적용한 제목 정상화","Nature's Aura"
"chapter","7AF827D2D101D343","","","Artifacts","유물","","","","적용한 제목 정상화","Artifacts"
"chapter_group","49AECADBA9E79A3B","","","Power","힘","","","","적용한 제목 정상화","전력"
"chapter_group","6700DB960E16A321","","","Modern Industrialization","모던 인더스트리얼라이제이션","","","","적용한 제목 정상화","Modern Industrialization"
"quest","0000A88BB40B2149","0B826D13BAD43EEB","draconic_evolution.snbt","It's tough you'll need to prepare","","","","","적용한 제목 정상화","강적을 상대할 준비"
"quest","001A348054127235","12AD9789D962B179","apothic_enchanting.snbt","Making &5Budding Amethyst","","","minecraft:budding_amethyst","","적용한 제목 정상화","&5자수정 싹 만들기"
"quest","001C1881E9289566","0731FA8830F28280","apotheosis_gear.snbt","&9Rare","","","apotheosis:luminous_crystal_shard","","적용한 제목 정상화","&9희귀"
"quest","001C1881E9289566","0731FA8830F28280","apotheosis_gear.snbt","&9Luminous Crystal Shard","","","apotheosis:luminous_crystal_shard","","적용한 제목 정상화","&9빛나는 수정 파편"
"quest","001DE8028CAF0A08","23983F4DC524B14B","mekanism.snbt","shhhhh... too loud....","shhhhh... 또한 loud....","","mekanism:upgrade_muffling","방음 업그레이드","적용한 제목 정상화","쉿... 너무 시끄러워...."
"quest","001DE8028CAF0A08","23983F4DC524B14B","mekanism.snbt","Muffling &8Upgrade","","","mekanism:upgrade_muffling","방음 업그레이드","적용한 제목 정상화","&8방음 업그레이드"
"quest","002B8F2DE2CB4D2C","43BB00A7A7E1042C","mahou_tsukai.snbt","Strong Shield","강력한 방패","","minecraft:shield","","적용한 제목 정상화","강화된 방패"
"quest","002D65E4D7E8F62B","1D42B373285DEF81","silent_gear.snbt","Tier 2 Grader Catalyst","2티어 등급기 촉매","","silentgear:blazing_dust","블레이징 가루","적용한 제목 정상화","2단계 등급기 촉매제"
"quest","003AA945CACCD641","26E6ED94168A05C4","productive_bees.snbt","Made with an Offering Table","","","productivebees:configurable_honeycomb","벌집","적용한 제목 정상화","공물 제단으로 제작"
"quest","003AA945CACCD641","26E6ED94168A05C4","productive_bees.snbt","Bee Of the Depths","","","productivebees:configurable_honeycomb","벌집","적용한 제목 정상화","심연의 벌"
"quest","003FF3813A864BA1","26E6ED94168A05C4","productive_bees.snbt","Feed a Bucket of Strange Matter to a Lava Bee","","","productivebees:configurable_honeycomb","벌집","적용한 제목 정상화","용암 벌에게 이상한 물질이 담긴 양동이를 먹이기"
"quest","003FF3813A864BA1","26E6ED94168A05C4","productive_bees.snbt","Strange Matter Bee","","","productivebees:configurable_honeycomb","벌집","적용한 제목 정상화","이상한 물질 벌"
"quest","00453FF528AA0B1C","6AEC23C6D526F362","eternal_starlight.snbt","&7Lonestar Skeletons","론스타 스켈레톤","","","","적용한 제목 정상화","&7론스타 스켈레톤"
"quest","00611844AFD5C31E","07210DDF872160BA","applied_energistics_2.snbt","Plug in","플러그인","","ae2:energy_acceptor","에너지 수용기","적용한 제목 정상화","전원 연결"
"quest","0072C4F028C327CB","26E6ED94168A05C4","productive_bees.snbt","Magmatic + Nomad","마그마틱 + 노마드","","productivebees:configurable_honeycomb","벌집","적용한 제목 정상화","마그마틱 + 유목민"
"quest","0072C4F028C327CB","26E6ED94168A05C4","productive_bees.snbt","BlazBee","블레이즈벌","","productivebees:configurable_honeycomb","벌집","적용한 제목 정상화","BlazBee"
"quest","007A11C49E06F15F","22C20C1827FE6805","immersive_engineering.snbt","&9Crafting Components Blueprints ","&9제작 부품 청사진","","immersiveengineering:blueprint","공학자의 설계도","적용한 제목 정상화","&9제작 부품 설계도"
"quest","0089A394566B0F3B","0731FA8830F28280","apotheosis_gear.snbt","&aUncommon","","","apotheosis:timeworn_fabric","","적용한 제목 정상화","&a고급"
"quest","0089A394566B0F3B","0731FA8830F28280","apotheosis_gear.snbt","&aTimeworn Fabric","","","apotheosis:timeworn_fabric","","적용한 제목 정상화","&a세월에 닳은 원단"
"quest","008E65AF545A706E","0A093D8C4429B627","mekanism_reactors.snbt","&d&lSPS","","","mekanism:sps_casing","SPS 케이싱","적용한 제목 정상화","&d&lSPS"
"quest","008E65AF545A706E","0A093D8C4429B627","mekanism_reactors.snbt","&d&lSuper-Critical Phase Shifter","","","mekanism:sps_casing","SPS 케이싱","적용한 제목 정상화","&d&l초임계위상변환기"
"quest","0095422BC87AA135","23983F4DC524B14B","mekanism.snbt","Tier 3 Ore Processing","","","ftbfiltersystem:smart_filter","","적용한 제목 정상화","3단계 광석 처리"
"quest","0095422BC87AA135","23983F4DC524B14B","mekanism.snbt","&7Shard&f, to &7Clump&f, to &7Dust&f, to &7Ingot","","","ftbfiltersystem:smart_filter","","적용한 제목 정상화","&7조각&f, &7덩어리&f로, &7가루&f로, &7주괴로"
"quest","00A91BD731486644","1FAAEF0B9FD05CB9","productive_trees.snbt","Ceylon Ebony + Sour Cherry","실론 흑단 + 사워 체리","","productivetrees:black_cherry_sapling","검은 체리 묘목","적용한 제목 정상화","실론흑단 + 사워 체리"
"quest","00C26068B55F4FD9","0E81CBCD6B1D1895","apotheosis_2.snbt","Quiet down you'll wake up the mobs!","","","apotheosis:silent_spawner_rune","","적용한 제목 정상화","조용히 하세요, 몹들이 깨겠어요!"
"quest","00C95A190BE2CBF9","56B11606F5F4DAB2","mi_digital.snbt","Advanced Distillation","","","modern_industrialization:styrene_bucket","스티렌 양동이","적용한 제목 정상화","고급 증류"
"quest","00D80AA4CDD8335C","76DF5FAA7961E5E7","iron_spells_and_spellbooks.snbt","&6Lightbringer Chestplate","","","irons_spellbooks:paladin_chestplate","광휘의 흉갑","적용한 제목 정상화","&6광휘의 흉갑"
"quest","00DEFA26F2B896D6","1FAAEF0B9FD05CB9","productive_trees.snbt","Silver Lime + Oak/Birch","은 연두색 + 참나무/자작나무","","productivetrees:white_willow_sapling","흰버드나무 묘목","적용한 제목 정상화","은피나무 + 참나무/자작나무"
"quest","00E19377BAE5DD6A","0A093D8C4429B627","mekanism_reactors.snbt","Meka-Tool","","","mekanism:module_shearing_unit","","적용한 제목 정상화","메카툴"
"quest","00E19377BAE5DD6A","0A093D8C4429B627","mekanism_reactors.snbt","&7Shearing Unit","","","mekanism:module_shearing_unit","","적용한 제목 정상화","&7전단유닛"
"quest","00F00B0B66059996","792AD692F1468B1F","achapter_2r_6the_atm_star.snbt","&b&lRunic Crucible","&b&l룬의 도가니","","forbidden_arcanus:rune_block","룬 블록","적용한 제목 정상화","&b&l룬 도가니"
"quest","00F2C4A528873A6B","4EBB2171D5A3AAAC","forbidden__arcanus.snbt","&l&dSource Condensation","","","starbunclemania:source_condenser","마나 응축기","적용한 제목 정상화","&l&d마나 응축"
"quest","00FDBA93722ACECE","6AEC23C6D526F362","eternal_starlight.snbt","&4Amaramber Hoe","","","eternal_starlight:amaramber_hoe","아마램버 괭이","적용한 제목 정상화","&4아마램버 괭이"
"quest","0104C2E2E30B966B","3456E0C530C0038E","evilcraft.snbt","Blood Chest Sr","피의 상자 Sr","","evilcraft:colossal_blood_chest","거대한 피의 상자","적용한 제목 정상화","상위 피의 상자"
"quest","010607466D565B53","7AF827D2D101D343","artifacts.snbt","Feet","피트","","artifacts:rooted_boots","뿌리내린 장화","적용한 제목 정상화","발"
"quest","010607466D565B53","7AF827D2D101D343","artifacts.snbt","&aRooted Boots","&a뿌리 장화","","artifacts:rooted_boots","뿌리내린 장화","적용한 제목 정상화","&a뿌리내린 장화"
"quest","010A970FC91BD617","26E6ED94168A05C4","productive_bees.snbt","Made in Alloy Smelter","","","productivebees:configurable_honeycomb","벌집","적용한 제목 정상화","합금 제련기에서 제작"
"quest","010A970FC91BD617","26E6ED94168A05C4","productive_bees.snbt","Soularium Bee","","","productivebees:configurable_honeycomb","벌집","적용한 제목 정상화","솔라리움 벌"
"quest","011D8CADA29C9C70","0A093D8C4429B627","mekanism_reactors.snbt","&eQIO Drives","","","ftbfiltersystem:smart_filter","","적용한 제목 정상화","&eQIO 드라이브"
"quest","011F787E620DE9E8","5712300EF4E5E846","pylons.snbt","He's uninvited!","그는 초대받지 못했어!","","pylons:mob_filter","몹 필터","적용한 제목 정상화","초대받지 않은 손님!"
"quest","011FCC180FF3BD83","6AEC23C6D526F362","eternal_starlight.snbt","&9Malarite Sword","","","eternal_starlight:malarite_sword","말라라이트 검","적용한 제목 정상화","&9말라라이트 검"
"quest","012912FDAFCD1C66","43BB00A7A7E1042C","mahou_tsukai.snbt","Upgrading &l&eCaliburn","&l&e칼리번 업그레이드 중","","minecraft:nether_star","","적용한 제목 정상화","&l&e칼리번 업그레이드"
"quest","0133DA323E24A455","0A093D8C4429B627","mekanism_reactors.snbt","Helmet","","","mekanism:module_electrolytic_breathing_unit","","적용한 제목 정상화","헬멧"
"quest","0133DA323E24A455","0A093D8C4429B627","mekanism_reactors.snbt","&9Electrolytic Breathing &7Unit","","","mekanism:module_electrolytic_breathing_unit","","적용한 제목 정상화","&9전해호흡 &7유닛"
"quest","0145727E40D7F674","1FAAEF0B9FD05CB9","productive_trees.snbt","Cempedack + Breadfruit","켐페닥 + 빵나무열매","","productivetrees:jackfruit_sapling","잭푸르트 묘목","적용한 제목 정상화","쳄페닥 + 빵나무"
"quest","01612963DBBAC9A1","0B826D13BAD43EEB","draconic_evolution.snbt","Chaotic Chestplate","","","draconicevolution:chaotic_chestpiece","카오틱 흉갑","적용한 제목 정상화","카오틱 흉갑"
"quest","01748C2CD9C97523","7732CF7AAA63DB3A","twilight_forest.snbt","&cReappearing \& Vanishing Blocks","&c구현 \\\& 은폐 블록","","twilightforest:reappearing_block","재등장 블록","적용한 제목 정상화","&c재등장 \\\& 소멸 블록"
"quest","019CA0E35F888222","1DB294A8F8686321","storage.snbt","More Filtering Options","기타 필터링 설정","","sophisticatedbackpacks:advanced_restock_upgrade","고급 재입고 업그레이드","적용한 제목 정상화","추가 필터 옵션"
"quest","019CA0E35F888222","1DB294A8F8686321","storage.snbt","&eAdvanced Restock Upgrade","&e고급 넣기 기능","","sophisticatedbackpacks:advanced_restock_upgrade","고급 재입고 업그레이드","적용한 제목 정상화","&e고급 재입고 업그레이드"
"quest","019CC48531E7759B","26E6ED94168A05C4","productive_bees.snbt","Made in Dragonsteel Forge","","","productivebees:configurable_honeycomb","벌집","적용한 제목 정상화","드래곤스틸 포지에서 제작"
"quest","019CC48531E7759B","26E6ED94168A05C4","productive_bees.snbt","Ice Dragonsteel Bee","","","productivebees:configurable_honeycomb","벌집","적용한 제목 정상화","아이스 드래곤스틸 벌"
"quest","01A90E2541C91DB2","23983F4DC524B14B","mekanism.snbt","&8Machine Upgrades","","","mekanism:structural_glass","구조용 유리","적용한 제목 정상화","&8기계 업그레이드"
"quest","01B2DDD81065B4EF","1FAAEF0B9FD05CB9","productive_trees.snbt","Jungle + Cherry","정글 + 벚나무","","productivetrees:cacao_sapling","카카오 묘목","적용한 제목 정상화","정글나무 + 벚나무"
"quest","01C0DC225CB25A0C","4EEDECACDE8F5A67","oritech.snbt","Hunter addon allows the laser to target mobs","","","oritech:machine_hunter_addon","사냥 애드온","적용한 제목 정상화","헌터 애드온을 사용하면 레이저가 몹을 표적으로 삼을 수 있습니다."
"quest","01C0DC225CB25A0C","4EEDECACDE8F5A67","oritech.snbt","Hurting Mobs","","","oritech:machine_hunter_addon","사냥 애드온","적용한 제목 정상화","몹 공격"
"quest","01CF1A9D9F29AFF7","1FAAEF0B9FD05CB9","productive_trees.snbt","Pomelo + Orange","포멜로 + 주황색","","productivetrees:grapefruit_sapling","자몽 묘목","적용한 제목 정상화","포멜로 + 오렌지"
"quest","01F18150EC923482","15AAF17B6665223D","refined_storage.snbt","Version 2","","","refinedstorage:controller","컨트롤러","적용한 제목 정상화","버전 2"
"quest","01F18150EC923482","15AAF17B6665223D","refined_storage.snbt","&3Refined Storage","","","refinedstorage:controller","컨트롤러","적용한 제목 정상화","&3Refined Storage"
"quest","01F3F0C25BA72BDA","07210DDF872160BA","applied_energistics_2.snbt","Spatial IO","시공 입출력","","ae2:spatial_io_port","공간 입출력 포트","적용한 제목 정상화","공간 입출력"
"quest","01F51EBFEC660549","1FAAEF0B9FD05CB9","productive_trees.snbt","Silver Lime + European Larch","은색 연두색 + 유럽 낙엽송","","productivetrees:red_maple_sapling","붉은 단풍나무 묘목","적용한 제목 정상화","은피나무 + 유럽잎갈나무"
"quest","01F7F3589EBD8872","26E6ED94168A05C4","productive_bees.snbt","Brown Shroombee","갈색 슈룸비","","productivebees:configurable_honeycomb","벌집","적용한 제목 정상화","Brown Shroombee"
"quest","02315D55EB638E3C","4EEDECACDE8F5A67","oritech.snbt","Make biomass to use it","","","oritech:bio_generator_block","바이오 발전기","적용한 제목 정상화","바이오매스를 만들어 활용하세요"
"quest","02414CBEF2CD5A9D","6AEC23C6D526F362","eternal_starlight.snbt","&7Deepsilver Sword","","","eternal_starlight:deepsilver_sword","심층 은 검","적용한 제목 정상화","&7딥실버 검"
"quest","0252B8F77A038D17","0B826D13BAD43EEB","draconic_evolution.snbt","Wyvern Auto Feed Module","","","draconicevolution:item_wyvern_auto_feed","와이번 자동 섭취 모듈","적용한 제목 정상화","와이번 자동 섭취 모듈"
"quest","02593CD4B4AE814C","007B547630FF0478","theurgy.snbt","Desalination Plant","담수화 설비","","theurgy:calcination_oven","하소 오븐","적용한 제목 정상화","담수화 플랜트"
"quest","027E6E294D9E1375","7A5C327771634A7D","building_tips.snbt","&b&lMacaw's Holidays&r","&b&l마코의 휴일&r","","ftbfiltersystem:smart_filter","","적용한 제목 정상화","&b&lMacaw's Holidays&r"
"quest","028472D7F51D439A","6AEC23C6D526F362","eternal_starlight.snbt","&aFlowglaze Scythe","","","eternal_starlight:flowglaze_scythe","플로글레이즈 대낫","적용한 제목 정상화","&a플로글레이즈 낫"
"quest","0298A17C2AAC5765","1DB294A8F8686321","storage.snbt","&bStack Upgrade Tier 3","&b3단계 쌓기 기능","","sophisticatedbackpacks:stack_upgrade_tier_3","3단계 스택 업그레이드","적용한 제목 정상화","&b3단계 스택 업그레이드"
"quest","029AA03790F055E8","26E6ED94168A05C4","productive_bees.snbt","Crystalline + Mason","결정꽃 + 석공","","productivebees:configurable_honeycomb","벌집","적용한 제목 정상화","결정질 + 석공"
"quest","029AA03790F055E8","26E6ED94168A05C4","productive_bees.snbt","Gold Bee","금 꿀벌","","productivebees:configurable_honeycomb","벌집","적용한 제목 정상화","금 벌"
"quest","02B574B09AB45D09","6AEC23C6D526F362","eternal_starlight.snbt","&bFreeze","얼리기","","","","적용한 제목 정상화","&b프리즈"
"quest","02B5E57E9E803F78","76A0FBADACAD322B","neo_vitae.snbt","The Sentient Shell","","","neovitae:sentient_helmet","","적용한 제목 정상화","의식이 깃든 껍질"
"quest","02C6132919DEAF2A","0A093D8C4429B627","mekanism_reactors.snbt","Making &aEnergy&r with a &9&lTurbine&r","","","mekanism:pressure_disperser","압력 분산기","적용한 제목 정상화","&9&l터빈&r로 &a에너지&r 만들기"
"quest","02DEAB3F1198BFBE","5D8E83698AEF1092","ice__fire.snbt","&bAncient Warped Forest","","","","","적용한 제목 정상화","&b고대의 뒤틀린 숲"
"quest","02F3133A9006BC1E","26E6ED94168A05C4","productive_bees.snbt","Molten Steel over Iron/Coal Bee Spawn Egg","철 + 석탄","","productivebees:configurable_honeycomb","벌집","적용한 제목 정상화","철/석탄 벌 생성 알 위에 용융 강철 붓기"
"quest","0306D25C7407FE88","0A093D8C4429B627","mekanism_reactors.snbt","&cLaser Focus Matrix","","","mekanismgenerators:laser_focus_matrix","레이저 초점 매트릭스","적용한 제목 정상화","&c레이저 초점 매트릭스"
"quest","030DCC13171C3E16","1BE666F01EFFC00D","tips_and_tricks.snbt","Radial Menus for Keybinds","","","","","적용한 제목 정상화","단축키용 원형 메뉴"
"quest","03164C4C7813CE2B","51A2FE60D8B76FC6","extended__advanced_ae.snbt","Infinite Crafting Jobs: The Quantum Computer","","","advanced_ae:quantum_unit","퀀텀 제작 장치","적용한 제목 정상화","무제한 제작 작업: 퀀텀 컴퓨터"
"quest","032B654201E71618","2FB24A5A597459FC","railcraft.snbt","&cTrack Kits&r for moving entities","&c개체 이동용 궤도 키트&r","","ftbfiltersystem:smart_filter","","적용한 제목 정상화","&c개체 이동용 선로 키트&r"
"quest","03326C2FF16F64C3","5D8E83698AEF1092","ice__fire.snbt","&8Troll Leather Armor","","","ftbfiltersystem:smart_filter","","적용한 제목 정상화","&8트롤 가죽 갑옷"
"quest","034AB493E1EC2E63","51A2FE60D8B76FC6","extended__advanced_ae.snbt","Assembler Matrix Cores","","","extendedae:assembler_matrix_pattern","조립기 매트릭스 패턴 코어","적용한 제목 정상화","조립기 매트릭스 코어"
"quest","034F2CDF0830254B","3DEB33F78398EAD6","basic_logistics.snbt","&eFluid Importing","&e액체 입력","","integratedtunnels:part_importer_fluid","","적용한 제목 정상화","&e유체 입력"
"quest","035495984F84FB44","26E6ED94168A05C4","productive_bees.snbt","Made in Alloy Smelter","","","productivebees:configurable_honeycomb","벌집","적용한 제목 정상화","합금 제련기에서 제작"
"quest","035495984F84FB44","26E6ED94168A05C4","productive_bees.snbt","Pulsating Alloy Bee","","","productivebees:configurable_honeycomb","벌집","적용한 제목 정상화","맥동 합금 벌"
"quest","035C52EF63AD23A7","2FB24A5A597459FC","railcraft.snbt","&6&lRails&r!","&6&l레일&r!","","ftbfiltersystem:smart_filter","","적용한 제목 정상화","&6&l선로&r!"
"quest","036D5767E07005BC","1D42B373285DEF81","silent_gear.snbt","&c&lFoundry&r &bDrains","","","productivemetalworks:black_foundry_drain","검은색 주조소 배출구","적용한 제목 정상화","&c&l주조소&r &b배출구"
"quest","037FBF06E59E1027","26E6ED94168A05C4","productive_bees.snbt","Made in Clibano","","","productivebees:configurable_honeycomb","벌집","적용한 제목 정상화","클리바노에서 제작"
"quest","037FBF06E59E1027","26E6ED94168A05C4","productive_bees.snbt","Deorum Bee","","","productivebees:configurable_honeycomb","벌집","적용한 제목 정상화","데오룸 벌"
"quest","03840E4C74731E0C","0A093D8C4429B627","mekanism_reactors.snbt","&9Water &bCoolant","","","cookingforblockheads:sink","싱크대","적용한 제목 정상화","&9물 &b냉각수"
"quest","03B40AB768FC0161","6AEC23C6D526F362","eternal_starlight.snbt","&3Shimmer River","쉬머 강","","","","적용한 제목 정상화","&3쉬머 강"
"quest","03C54B07106091DD","4EBB2171D5A3AAAC","forbidden__arcanus.snbt","&cSmelter Prism","&c제련로 프리즘","","forbidden_arcanus:smelter_prism","제련 프리즘","적용한 제목 정상화","&c제련 프리즘"
"quest","03C78165C5CBD9E1","15AAF17B6665223D","refined_storage.snbt","&a16k Storage Part","","","refinedstorage:16k_storage_part","16k 저장 부품","적용한 제목 정상화","&a16k 저장 부품"
"quest","03E05018D64DDEE1","4B9D26E0087CD163","basic_tools.snbt","&eHarvest Tier 5","&e5단계 수확","","allthemodium:raw_allthemodium","Allthemodium 원석","적용한 제목 정상화","&e채굴 등급 5"
"quest","041365A540BF5A03","23983F4DC524B14B","mekanism.snbt","&7Dictionary","","","mekanism:dictionary","광석 사전","적용한 제목 정상화","&7광석 사전"
"quest","041CDB45450A67E0","26E6ED94168A05C4","productive_bees.snbt","Alloy Platinum Bee Spawn Egg with Ancient Bee Spawn Egg","","","productivebees:configurable_honeycomb","벌집","적용한 제목 정상화","백금 벌 생성 알과 고대 벌 생성 알을 합금하세요"
"quest","041CDB45450A67E0","26E6ED94168A05C4","productive_bees.snbt","Duratium Bee","","","productivebees:configurable_honeycomb","벌집","적용한 제목 정상화","듀라튬 벌"
"quest","041D16DA96BC4253","48410B67C276ED1F","bumblezone.snbt","&e&lPollinated Pillars","&e&l꽃가루 기둥","","","","적용한 제목 정상화","&e&l꽃가루받이 기둥"
"quest","04440BB2EFFD6DD9","7732CF7AAA63DB3A","twilight_forest.snbt","&cMighty Meef Stroganoff","&c강력한 미노타우르스 스트로가노프!","","twilightforest:minoshroom_trophy","미노시룸 트로피","적용한 제목 정상화","&c강력한 미프 스트로가노프!"
"quest","0450060852F290CA","13B172FA69904D9F","deeper_and_darker.snbt","&9Deeplands","","","","","적용한 제목 정상화","&9심연지대"
"quest","0460DDEEFDEB0AAF","007B547630FF0478","theurgy.snbt","Divination Rods","점봉","","minecraft:stick","","적용한 제목 정상화","점술 막대"
"quest","0465094C2D31B898","26E6ED94168A05C4","productive_bees.snbt","Iron + Creebee","","","productivebees:configurable_honeycomb","벌집","적용한 제목 정상화","철 + CreeBee"
"quest","0465094C2D31B898","26E6ED94168A05C4","productive_bees.snbt","Uraninite Bee","","","productivebees:configurable_honeycomb","벌집","적용한 제목 정상화","우라니나이트 벌"
"quest","04695DA1BD3BF1B2","0B826D13BAD43EEB","draconic_evolution.snbt","Chaotic Damage Module","","","draconicevolution:item_chaotic_damage","카오틱 피해 모듈","적용한 제목 정상화","카오틱 피해 모듈"
"quest","0474C15D3AE3C2C9","76DF5FAA7961E5E7","iron_spells_and_spellbooks.snbt","&cDecrepit Scythe","","","irons_spellbooks:decrepit_scythe","낡은 대낫","적용한 제목 정상화","&c낡은 대낫"
"quest","047F3F99035CE623","1D42B373285DEF81","silent_gear.snbt","I yearn for the Mines","","","sgearmetalworks:prospector_hammer_cast","탐사 망치 주형","적용한 제목 정상화","광산이 그리워요"
"quest","0480DF316ACF12DA","1FAAEF0B9FD05CB9","productive_trees.snbt","Western Hemlock + Jungle","미국개잎갈나무 + 정글","","productivetrees:monkey_puzzle_sapling","원숭이퍼즐나무 묘목","적용한 제목 정상화","서부솔송나무 + 정글나무"
"quest","0481E975F317F64D","5D8E83698AEF1092","ice__fire.snbt","Leave your &5Egg&r in the Rain","","","","","적용한 제목 정상화","&5알&r을 비 속에 남겨두세요"
"quest","04833C4BB0CCCBB7","24151251C8730F2E","aether.snbt","&7Holystone&r Weapons","","","ftbfiltersystem:smart_filter","","적용한 제목 정상화","&7홀리스톤&r 무기"
"quest","0483D3B051665F07","24151251C8730F2E","aether.snbt","&5Zanite","","","aether:zanite_gemstone","자나이트 보석","적용한 제목 정상화","&5자나이트"
"quest","0484051446480B54","4293754F9B2D05F0","allthemodium.snbt","&6Allthemodium &5Alloy &3Axe","&6올더모듐 &5합금 &3도끼","","allthemodium:alloy_axe","Allthemodium 합금 도끼","적용한 제목 정상화","&6Allthemodium &5합금 &3도끼"
"quest","0496E8E786262464","59395B6806F2A98A","cataclysm.snbt","&2Overworld&r: Land of &m3 4&r 5 bosses","&2오버월드&r: &m3&r 4 보스의 땅","","","","적용한 제목 정상화","&2오버월드&r: 보스 &m3 4&r 5명의 영역"
"quest","0499A372F55D04C8","0B826D13BAD43EEB","draconic_evolution.snbt","Draconic Projectile Velocity Module","","","draconicevolution:item_draconic_proj_velocity","드라코닉 발사체 속도 모듈","적용한 제목 정상화","드라코닉 발사체 속도 모듈"
"quest","04B92FAB179A74C9","24151251C8730F2E","aether.snbt","&dGravitite&r Weapons","","","ftbfiltersystem:smart_filter","","적용한 제목 정상화","&d그래비타이트&r 무기"
"quest","04BF68E4554D69AA","0B826D13BAD43EEB","draconic_evolution.snbt","Stores: Near Infinite","","","draconicevolution:energy_core_stabilizer","에너지 코어 안정기","적용한 제목 정상화","저장 용량: 거의 무한"
"quest","04BF68E4554D69AA","0B826D13BAD43EEB","draconic_evolution.snbt","Tier 8","","","draconicevolution:energy_core_stabilizer","에너지 코어 안정기","적용한 제목 정상화","등급 8"
"quest","04DD3F761C210822","22C20C1827FE6805","immersive_engineering.snbt","&l&cCrude Blast Furnace","&l&c투박한 용광로","","immersiveengineering:blastbrick","용광로 벽돌","적용한 제목 정상화","&l&c조잡한 용광로"
"quest","04F5846E2468E807","7A5C327771634A7D","building_tips.snbt","&b&lMacaw's Doors","&b&lMacaw's 문","","ftbfiltersystem:smart_filter","","적용한 제목 정상화","&b&lMacaw's Doors"
"quest","050CCE5D1DD6B21E","792AD692F1468B1F","achapter_2r_6the_atm_star.snbt","&c&lAutomatic Hepheastus Forge","&c&l자동 헤파에스토스 용광로","","modern_industrialization:auto_forge","","적용한 제목 정상화","&c&l자동 헤파이스토스 대장간"
"quest","050CD33E92601651","4EBB2171D5A3AAAC","forbidden__arcanus.snbt","&l&3Tier 2 &6Forge","&l&32티어 &6Forge","","","","적용한 제목 정상화","&l&3티어 2 &6대장간"
"quest","05113AC92BC1B192","5D8E83698AEF1092","ice__fire.snbt","The &a&lHydra","","","","","적용한 제목 정상화","&a&l히드라"
"quest","0518551637F76C50","12AD9789D962B179","apothic_enchanting.snbt","&9Echoing Deepshelf","&9메아리치는 깊은 선반","","apothic_enchanting:echoing_deepshelf","메아리치는 깊은 책장","적용한 제목 정상화","&9메아리치는 깊은 책장"
"quest","052BE1D845794702","1FAAEF0B9FD05CB9","productive_trees.snbt","Teak + Acacia","티크 + 아카시아","","productivetrees:balsa_sapling","발사 묘목","적용한 제목 정상화","티크 + 아카시아나무"
"quest","052E261F934AB439","0B826D13BAD43EEB","draconic_evolution.snbt","Chaotic Shovel","","","draconicevolution:chaotic_shovel","카오틱 삽","적용한 제목 정상화","카오틱 삽"
"quest","0539AF15A10B2859","7A5C327771634A7D","building_tips.snbt","&lCompact Machines","&l컴팩트 머신","","compactmachines:personal_shrinking_device","개인 축소 장치","적용한 제목 정상화","&lCompact Machines"
"quest","05422E444126FDA6","26E6ED94168A05C4","productive_bees.snbt","Iron + Blaze","","","productivebees:configurable_honeycomb","벌집","적용한 제목 정상화","철 + 블레이즈"
"quest","05422E444126FDA6","26E6ED94168A05C4","productive_bees.snbt","Crimson Iron Bee","","","productivebees:configurable_honeycomb","벌집","적용한 제목 정상화","크림슨 아이언 벌"
"quest","05428EA120583BD0","26E6ED94168A05C4","productive_bees.snbt","Made with Energizer","","","productivebees:configurable_honeycomb","벌집","적용한 제목 정상화","에너자이저로 제작"
"quest","05428EA120583BD0","26E6ED94168A05C4","productive_bees.snbt","Nitro Crystal Bee","","","productivebees:configurable_honeycomb","벌집","적용한 제목 정상화","니트로 수정 벌"
"quest","0542FE108089A0A2","007B547630FF0478","theurgy.snbt","&l&6Theurgy","&l&6신성 마법","","minecraft:copper_ingot","","적용한 제목 정상화","&l&6치료"
"quest","054F3A0499F8A0D8","1FAAEF0B9FD05CB9","productive_trees.snbt","Sweet Chestnut + Capoazu","달콤한 밤 + 카포아주","","productivetrees:carob_sapling","캐롭 묘목","적용한 제목 정상화","유럽밤나무 + 코포아수"
"quest","0576C32B0FB360B0","6AEC23C6D526F362","eternal_starlight.snbt","&9&lLunar Monstrosity","달의 괴물","","","","적용한 제목 정상화","&9&l달의 괴물"
"quest","0584073A7383E0EA","48410B67C276ED1F","bumblezone.snbt","Mite Fortress","마이트 요새","","","","적용한 제목 정상화","진드기 요새"
"quest","0589911EB4D30FAD","7A5C327771634A7D","building_tips.snbt","Painted Planks","페인트 칠한 판자","","ftbfiltersystem:smart_filter","","적용한 제목 정상화","색칠한 판자"
"quest","05B0A7D0B991050F","2A6EBEEBAB882679","powah.snbt","Reactor (Hardened)","융합로 (강화)","","powah:reactor_hardened","원자로 (강화)","적용한 제목 정상화","원자로 (강화)"
"quest","05B6DB75AEC01187","5D045EF1AB73DF70","basic_power.snbt","&9RFTools Power: &cPowercells","&9RFTools 파워: &c파워셀","","ftbfiltersystem:smart_filter","","적용한 제목 정상화","&9RFTools Power: &c파워셀"
"quest","05DA7F48E2A1B77F","0A093D8C4429B627","mekanism_reactors.snbt","&a&lRobit","","","mekanism:robit","로빗","적용한 제목 정상화","&a&l로빗"
"quest","05DBDD86FCFF3BA8","76DF5FAA7961E5E7","iron_spells_and_spellbooks.snbt","&5Lightning&r Upgrade Orb","&5번개&r 강화 구슬","","irons_spellbooks:lightning_upgrade_orb","번개 업그레이드 구슬","적용한 제목 정상화","&5번개 업그레이드 구슬&r"
"quest","05E668CE6687AC64","7A72E12C3839D165","natures_aura.snbt","&bToken of Joy","&b기쁨의 조각","","naturesaura:token_joy","기쁨의 토큰","적용한 제목 정상화","&b기쁨의 토큰"
"quest","05F428C34DD00B61","1FAAEF0B9FD05CB9","productive_trees.snbt","Blue Yonder + Rippling Willow","푸른 창공 + 잔물결 버드나무","","productivetrees:time_traveller_sapling","Time Traveller 묘목","적용한 제목 정상화","Blue Yonder + Rippling Willow"
"quest","05F8458AB4A6950B","26E6ED94168A05C4","productive_bees.snbt","Feed Voidshimmer Goo to Diamond Bee","","","productivebees:configurable_honeycomb","벌집","적용한 제목 정상화","공허쉬머 구를 다이아몬드 벌에게 먹이세요"
"quest","05F8458AB4A6950B","26E6ED94168A05C4","productive_bees.snbt","Celestigem Bee","","","productivebees:configurable_honeycomb","벌집","적용한 제목 정상화","셀레스티젬 벌"
"quest","06094615950AC062","193F91842D2ED7D9","industrial_foregoing.snbt","Other Conveyor Upgrades","다른 컨베이어 상위 버전","","industrialforegoing:conveyor_bouncing_upgrade","","적용한 제목 정상화","기타 컨베이어 업그레이드"
"quest","060CAF1582B83918","59395B6806F2A98A","cataclysm.snbt","&eOccupied Village","","","","","적용한 제목 정상화","&e점령된 마을"
"quest","061A51A0EC13CA0F","1D42B373285DEF81","silent_gear.snbt","Building the &c&lFoundry&r","","","productivemetalworks:liquid_heating_coil","액체 가열 코일","적용한 제목 정상화","&c&l주조소&r 건설"
"quest","061C4A9E439CE09B","6AEC23C6D526F362","eternal_starlight.snbt","&9Malarite Shovel","","","eternal_starlight:malarite_shovel","말라라이트 삽","적용한 제목 정상화","&9말라라이트 삽"
"quest","06210B6FD0F9989B","23983F4DC524B14B","mekanism.snbt","&d&lUltimate Tier","","","mekanism:alloy_atomic","원자 합금","적용한 제목 정상화","&d&l궁극 등급"
"quest","062AA943A1629A86","73180B829B960E63","generators.snbt","&zRainbow Coal","&c무&6지&e개 &2빛 &3깔&9의 &5 &c코&e알&3라&5","","ironfurnaces:rainbow_coal","무지개 석탄","적용한 제목 정상화","&z무지개 석탄"
"quest","063241B72BB3403E","22C20C1827FE6805","immersive_engineering.snbt","&8&lHeavy Plated Shield","&8&l중형 방패","","immersiveengineering:shield","중장갑 방패","적용한 제목 정상화","&8&l중장갑 방패"
"quest","0650996C7818ADB5","23983F4DC524B14B","mekanism.snbt","Basic Power Gen","기본적인 힘 생성","","mekanismgenerators:heat_generator","열 발전기","적용한 제목 정상화","기본 발전"
"quest","0650996C7818ADB5","23983F4DC524B14B","mekanism.snbt","&6&lHeat Generator","","","mekanismgenerators:heat_generator","열 발전기","적용한 제목 정상화","&6&l열 발전기"
"quest","065196033249A0AA","26E6ED94168A05C4","productive_bees.snbt","Alloy Raw Biopolymer with an Iron Bee Egg","","","productivebees:configurable_honeycomb","벌집","적용한 제목 정상화","철 벌 생성 알을 가공되지 않은 바이오폴리머와 합금하세요"
"quest","065196033249A0AA","26E6ED94168A05C4","productive_bees.snbt","Biosteel Bee","","","productivebees:configurable_honeycomb","벌집","적용한 제목 정상화","바이오스틸 벌"
"quest","066438B01655D866","3456E0C530C0038E","evilcraft.snbt","Capturing &dSpirits","&d영혼 변환","","evilcraft:vengeance_focus","복수 집중기","적용한 제목 정상화","&d복수령 포획"
"quest","068128395837AF4F","5C4F10E65D86ED0E","mi_electric.snbt","Same as steam as one","","","modern_industrialization:electric_mixer","전기 혼합기","적용한 제목 정상화","증기 기계와 동일"
"quest","0682DC1F2417DAEB","1DB294A8F8686321","storage.snbt","Functional Storage","기능성 저장소","","minecraft:chest","","적용한 제목 정상화","Functional Storage"
"quest","0688CE330DAF8714","6AEC23C6D526F362","eternal_starlight.snbt","&cStarfire Hoe","","","eternal_starlight:starfire_hoe","별불꽃 괭이","적용한 제목 정상화","&c스타파이어 괭이"
"quest","0691BDE968724213","26E6ED94168A05C4","productive_bees.snbt","Made in Alloy Smelter","","","productivebees:configurable_honeycomb","벌집","적용한 제목 정상화","합금 제련기에서 제작"
"quest","0691BDE968724213","26E6ED94168A05C4","productive_bees.snbt","Vibrant Alloy Bee","","","productivebees:configurable_honeycomb","벌집","적용한 제목 정상화","활기찬 합금 벌"
"quest","06AD25DB96F3A1CC","007B547630FF0478","theurgy.snbt","&cMercury&r Vessel","&c수은&r 용기","","theurgy:incubator_mercury_vessel","배양기 수은 용기","적용한 제목 정상화","&c머큐리&r 선박"
"quest","06B352AE90DD0D3E","26E6ED94168A05C4","productive_bees.snbt","Bee Of Infinity","","","productivebees:configurable_honeycomb","벌집","적용한 제목 정상화","무한의 벌"
"quest","06B6786122F3DAF9","26E6ED94168A05C4","productive_bees.snbt","Sleep is for the weak","","","ftbfiltersystem:smart_filter","","적용한 제목 정상화","잠은 약한 자들을 위한 것이다"
"quest","06B6786122F3DAF9","26E6ED94168A05C4","productive_bees.snbt","&e&lBehavior","","","ftbfiltersystem:smart_filter","","적용한 제목 정상화","&e&l활동 습성"
"quest","06B9D8973E9C6A2C","4C507C004144BFEE","occultism.snbt","Spirits can work in Containment Jars","","","ars_nouveau:ritual_containment","격리","적용한 제목 정상화","영혼이 격리 단지 안에서 작업합니다"
"quest","06B9D8973E9C6A2C","4C507C004144BFEE","occultism.snbt","Ars Ocultas: Spirit Jars","","","ars_nouveau:ritual_containment","격리","적용한 제목 정상화","Ars Ocultas: 영혼 단지"
"quest","06D3EC025557855F","6AEC23C6D526F362","eternal_starlight.snbt","&7Deepsilver Axe","","","eternal_starlight:deepsilver_axe","심층 은 도끼","적용한 제목 정상화","&7딥실버 도끼"
"quest","06ECF443FBCC12FC","5D8E83698AEF1092","ice__fire.snbt","&eDeath Worm&r Surfing!","","","minecraft:fishing_rod","","적용한 제목 정상화","&e데스 웜&r 서핑!"
"quest","06F70F6CA37168CC","12AD9789D962B179","apothic_enchanting.snbt","Gustav Fabergé would be proud","","","apotheosis:ender_gem_case","파베르제 가문의 보석 보관함","적용한 제목 정상화","구스타프 파베르제도 자랑스러워할 겁니다"
"quest","06F70F6CA37168CC","12AD9789D962B179","apothic_enchanting.snbt","&6&oGem Case of House Fabergé","","","apotheosis:ender_gem_case","파베르제 가문의 보석 보관함","적용한 제목 정상화","&6&o파베르제 가문의 보석 보관함"
"quest","06F8EDF7513F8611","76DF5FAA7961E5E7","iron_spells_and_spellbooks.snbt","&dEpic&r Ink","&d영웅&r 잉크","","irons_spellbooks:epic_ink","영웅 잉크","적용한 제목 정상화","&d영웅 잉크&r"
"quest","07084582F9562740","23983F4DC524B14B","mekanism.snbt","&cD&ey&ae&bs&r and Pigments","","","mekanism:pigment_extractor","안료 추출기","적용한 제목 정상화","&cD&ey&ae&bs&r 및 안료"
"quest","070CAEAD49B8DBA3","792AD692F1468B1F","achapter_2r_6the_atm_star.snbt","&5&lCreative &7Compressed Iron Blocks","&5&l크리에이티브 &7압축된 철 블록","","pneumaticcraft:creative_compressed_iron_block","크리에이티브 압축 철 블록","적용한 제목 정상화","&5&l크리에이티브 &7압축 철 블록"
"quest","070F8045CC14B50D","0B826D13BAD43EEB","draconic_evolution.snbt","Draconic Projectile Penetration Module","","","draconicevolution:item_draconic_proj_penetration","드라코닉 발사체 관통 모듈","적용한 제목 정상화","드라코닉 발사체 관통 모듈"
"quest","0720474D384F4774","6AEC23C6D526F362","eternal_starlight.snbt","&eMarimold","","","eternal_starlight:marimold","마리몰드","적용한 제목 정상화","&e마리몰드"
"quest","073D0D41BA5F219B","11919EBB416B2BD0","relics.snbt","+ PARRY","","","relics:shield_of_retaliation","보복의 방패","적용한 제목 정상화","+ 받아치기"
"quest","073D0D41BA5F219B","11919EBB416B2BD0","relics.snbt","&cShield of Retaliation","","","relics:shield_of_retaliation","보복의 방패","적용한 제목 정상화","&c보복의 방패"
"quest","0741FABE57CA1A7D","59395B6806F2A98A","cataclysm.snbt","&9Hippocamtus","","","","","적용한 제목 정상화","&9히포캄투스"
"quest","0759CA52EECF3B49","100C477F4E63F20A","create.snbt","&6Mechanical Plough","","","create:mechanical_plough","기계식 쟁기","적용한 제목 정상화","&6기계식 쟁기"
"quest","07753C5D94312A50","73180B829B960E63","generators.snbt","&3Augment&r: Generator","&3증강&r: 발전기","","ironfurnaces:augment_generator","발전기 증강","적용한 제목 정상화","&3발전기 증강&r"
"quest","078B69E9362A5496","0A093D8C4429B627","mekanism_reactors.snbt","&5&lMekanism: Reactors","","","alltheores:sulfur","황","적용한 제목 정상화","&5&lMekanism: 반응기"
"quest","078C5B50CDC174CB","100C477F4E63F20A","create.snbt","&aMechanical Bearing","","","create:mechanical_bearing","기계식 베어링","적용한 제목 정상화","&a기계식 베어링"
"quest","07AF1D5C24B069DD","5D8E83698AEF1092","ice__fire.snbt","&8Cockatrice Specter","","","iceandfire:cockatrice_scepter","코카트리스 ","적용한 제목 정상화","&8코카트리스 유령"
"quest","07E5B0BF7D8E055A","51A2FE60D8B76FC6","extended__advanced_ae.snbt","+30% Evasion Chance","","","advanced_ae:evasion_card","회피 카드","적용한 제목 정상화","회피 확률 +30%"
"quest","0813CEDCC201216A","1FAAEF0B9FD05CB9","productive_trees.snbt","Kapok + Old Fustic","카폭 + 올드 푸스틱","","productivetrees:osage_orange_sapling","오세이지 오렌지 묘목","적용한 제목 정상화","카폭 + 올드 퓨스틱"
"quest","0817FD6E45C127E8","0B826D13BAD43EEB","draconic_evolution.snbt","More Pylons {optional)","","","draconicevolution:energy_pylon","에너지 파일런","적용한 제목 정상화","파일런 추가(선택 사항)"
"quest","081DC030A0546549","23983F4DC524B14B","mekanism.snbt","&4Crushing &2Plants&f to get &2Bio Fuel","","","mekanism:bio_fuel","바이오 연료","적용한 제목 정상화","&4&2식물을 분쇄하여&f &2바이오 연료를 얻습니다."
"quest","0830195863384CF0","007B547630FF0478","theurgy.snbt","&bStrata Salt","&b스트라타 소금","","theurgy:alchemical_salt_strata","연금술 소금 %s","적용한 제목 정상화","&b스트라타 솔트"
"quest","083D458032F0325C","07210DDF872160BA","applied_energistics_2.snbt","The O","그 O","","ae2:export_bus","ME 반출 버스","적용한 제목 정상화","O는 출력"
"quest","08457BEED799E600","2FB24A5A597459FC","railcraft.snbt","&7Carts&r and &6Tracks","&7카트&r와 &6기차 선로","","ftbfiltersystem:smart_filter","","적용한 제목 정상화","&7광산 수레&r와 &6기차 선로"
"quest","0848056FDD3F9BDA","5103E2D95685ADFF","chapter_2_the_star.snbt","&9Singularity","&9싱귤래리티","","ae2:singularity","특이점","적용한 제목 정상화","&9특이점"
"quest","0850F88E2205623F","13B172FA69904D9F","deeper_and_darker.snbt","&3Sculk Tendrils","","","deeperdarker:sculk_tendrils","스컬크 촉수","적용한 제목 정상화","&3스컬크 촉수"
"quest","0853917693A259C2","59395B6806F2A98A","cataclysm.snbt","&3The Annihilator","&3 절멸자","","cataclysm:the_annihilator","절멸자","적용한 제목 정상화","&3절멸자"
"quest","0854589F28AAA8D0","6AEC23C6D526F362","eternal_starlight.snbt","&dStarlit Diamond Hoe","","","eternal_starlight:starlit_diamond_hoe","별빛 다이아몬드 괭이","적용한 제목 정상화","&d별빛 다이아몬드 괭이"
"quest","08697EB269B011FD","4C507C004144BFEE","occultism.snbt","Eldritch Chalice","","","ftbfiltersystem:smart_filter","","적용한 제목 정상화","섬뜩한 성배"
"quest","08767A1E6D48A5EA","76DF5FAA7961E5E7","iron_spells_and_spellbooks.snbt","When will it become Whitebeards?","","","irons_spellbooks:graybeard_staff","회색 수염의 지팡이","적용한 제목 정상화","흰수염은 언제쯤 될까요?"
"quest","08767A1E6D48A5EA","76DF5FAA7961E5E7","iron_spells_and_spellbooks.snbt","&7Graybeard Staff","","","irons_spellbooks:graybeard_staff","회색 수염의 지팡이","적용한 제목 정상화","&7회색 수염의 지팡이"
"quest","08788F976B5C3281","24151251C8730F2E","aether.snbt","&6Holy Sword","","","aether:holy_sword","성검","적용한 제목 정상화","&6성검"
"quest","087F6C09CB5B2D1A","100C477F4E63F20A","create.snbt","&bSmart Fluid Pipe","","","create:smart_fluid_pipe","스마트 유체 파이프","적용한 제목 정상화","&b스마트 유체 파이프"
"quest","089B1B9837AF4938","4293754F9B2D05F0","allthemodium.snbt","&5Unobtainium Tools","&5언옵테늄 도구","","ftbfiltersystem:smart_filter","","적용한 제목 정상화","&5Unobtainium 도구"
"quest","08A3292277D2FDE2","26E6ED94168A05C4","productive_bees.snbt","Crafted with Enchanting Apparatus","","","productivebees:configurable_honeycomb","벌집","적용한 제목 정상화","마법 부여 장치로 제작"
"quest","08A3292277D2FDE2","26E6ED94168A05C4","productive_bees.snbt","Water Essence Bee","","","productivebees:configurable_honeycomb","벌집","적용한 제목 정상화","물 에센스 벌"
"quest","08AC2D81A1004984","4293754F9B2D05F0","allthemodium.snbt","&6Allthemodium &5Alloy &3Trident","&6올더모듐 &5합금 &3삼지창","","allthemodium:alloy_trident","Allthemodium 합금 삼지창","적용한 제목 정상화","&6Allthemodium &5합금 &3삼지창"
"quest","08C66BCA3AAE765B","7A5C327771634A7D","building_tips.snbt","&b&lMacaw's Roofs","&b&l마카우의 지붕","","ftbfiltersystem:smart_filter","","적용한 제목 정상화","&b&lMacaw's Roofs"
"quest","08C870DC50CA49FC","5C4F10E65D86ED0E","mi_electric.snbt","&#5C5C5CCrude Oil Processing","","","modern_industrialization:sulfuric_light_fuel_bucket","황산 경유 양동이","적용한 제목 정상화","&#5C5C5C원유 처리"
"quest","08DDE018A804BFE7","23983F4DC524B14B","mekanism.snbt","Breaks Raw Ores into Dusts","원광을 가루로 분쇄합니다","","mekanism:enrichment_chamber","농축기","적용한 제목 정상화","원시 광석을 가루로 분해합니다."
"quest","08DDE018A804BFE7","23983F4DC524B14B","mekanism.snbt","&d&lEnrichment Chamber","","","mekanism:enrichment_chamber","농축기","적용한 제목 정상화","&d&l농축기"
"quest","08E484DD3E751697","219B7A003658D24F","xycraft.snbt","The B in Roy G. Biv","Roy G. Biv의 B","","xycraft_world:xychorium_gem_blue","파란색 자이코륨 보석","적용한 제목 정상화","ROYGBIV의 B"
"quest","08E484DD3E751697","219B7A003658D24F","xycraft.snbt","&bBlue Xychorium Gems","&b파란색 자이코륨 젬","","xycraft_world:xychorium_gem_blue","파란색 자이코륨 보석","적용한 제목 정상화","&b파란색 자이코륨 보석"
"quest","08E4892F96828EC4","24151251C8730F2E","aether.snbt","&c&lSun Spirit","","","","","적용한 제목 정상화","&c&l태양 정령"
"quest","090B564935D7A8F5","23983F4DC524B14B","mekanism.snbt","&lTier&r Installers","","","ftbfiltersystem:smart_filter","","적용한 제목 정상화","&l등급&r 설치 프로그램"
"quest","091957223C32B094","12AD9789D962B179","apothic_enchanting.snbt","Max Eterna to 60","","","","","적용한 제목 정상화","최대 에테르나 60"
"quest","091957223C32B094","12AD9789D962B179","apothic_enchanting.snbt","&e&lAscent&r to 60","","","","","적용한 제목 정상화","&e&l상승&r: 60"
"quest","09223F02621781BF","26E6ED94168A05C4","productive_bees.snbt","Silver Bee","은 꿀벌","","productivebees:configurable_honeycomb","벌집","적용한 제목 정상화","은 벌"
"quest","0923C941A9696122","5103E2D95685ADFF","chapter_2_the_star.snbt","256M Portable Item Cell","","","megacells:portable_item_cell_256m","256M 휴대용 아이템 셀","적용한 제목 정상화","256M 휴대용 아이템 셀"
"quest","0945EC53626F58E6","15AAF17B6665223D","refined_storage.snbt","&5Other Storage Parts","","","refinedstorage_mekanism_integration:64b_chemical_storage_part","64B 화학 물질 저장 부품","적용한 제목 정상화","&5기타 저장 부품"
"quest","094D28B7A0170039","26E6ED94168A05C4","productive_bees.snbt","Collector Bee","수집가 꿀벌","","minecraft:hopper","","적용한 제목 정상화","수집 벌"
"quest","09733948CBCB3FB9","4B9D26E0087CD163","basic_tools.snbt","&dHarvest Tier 6","&d수확 티어 6","","allthemodium:raw_unobtainium","Unobtainium 원석","적용한 제목 정상화","&d채굴 등급 6"
"quest","097DE7038A746847","26E6ED94168A05C4","productive_bees.snbt","Spawns from a Reed Nest","갈대 둥지에서 스폰됩니다","","","","적용한 제목 정상화","갈대 둥지에서 생성됩니다"
"quest","097FDC136BC843A7","0731FA8830F28280","apotheosis_gear.snbt","&lWorld Tier: &6Summit","","","","","적용한 제목 정상화","&l월드 티어: &6정상"
"quest","0980661B2F7FBC10","48410B67C276ED1F","bumblezone.snbt","Candle Parkour","초 파쿠르","","","","적용한 제목 정상화","양초 파쿠르"
"quest","09830BB2A23E94B4","23983F4DC524B14B","mekanism.snbt","&cChemical &8Upgrade","","","mekanism:upgrade_chemical","화학 물질 업그레이드","적용한 제목 정상화","&c&8화학 물질 업그레이드"
"quest","0990D6CEE042F44E","7732CF7AAA63DB3A","twilight_forest.snbt","&eMagic Map","&e마법의 지도","","twilightforest:magic_map","빈 마법 지도","적용한 제목 정상화","&e마법 지도"
"quest","09936F8FCEA72C5C","100C477F4E63F20A","create.snbt","&aCart Assembler","","","create:cart_assembler","수레 조립기","적용한 제목 정상화","&a수레 조립기"
"quest","09981C89C585002E","6AEC23C6D526F362","eternal_starlight.snbt","&bGlacite Helmet","","","eternal_starlight:glacite_helmet","글라사이트 투구","적용한 제목 정상화","&b글라사이트 투구"
"quest","099C2A9B9CA138F8","0731FA8830F28280","apotheosis_gear.snbt","&6Mythic","","","apotheosis:godforged_pearl","","적용한 제목 정상화","&6신화"
"quest","099C2A9B9CA138F8","0731FA8830F28280","apotheosis_gear.snbt","&6Godforged Pearl","","","apotheosis:godforged_pearl","","적용한 제목 정상화","&6신이 벼려낸 진주"
"quest","09ABD5D978373A54","5D8E83698AEF1092","ice__fire.snbt","&aHydra Heart","","","iceandfire:hydra_heart","히드라의 심장","적용한 제목 정상화","&a히드라 체력"
"quest","09C3C0F0278C842F","6AEC23C6D526F362","eternal_starlight.snbt","&4Amaramber Chestplate","","","eternal_starlight:amaramber_chestplate","아마램버 흉갑","적용한 제목 정상화","&4아마램버 흉갑"
"quest","09D7D3CF61E156B1","0A093D8C4429B627","mekanism_reactors.snbt","&2Fissile Fuel&r storage and usage","","","mekanismgenerators:fission_fuel_assembly","핵분열 연료 집합체","적용한 제목 정상화","&2핵분열성 연료&r 저장 및 사용"
"quest","09DEA44456CD5010","76A0FBADACAD322B","neo_vitae.snbt","Breaching the Veil","","","","","적용한 제목 정상화","장막 돌파"
"quest","09E34E1F9C751458","100C477F4E63F20A","create.snbt","&dVertical Gearbox","","","create:vertical_gearbox","수직 기어박스","적용한 제목 정상화","&d수직 기어박스"
"quest","09F43EB79DDBD127","51A2FE60D8B76FC6","extended__advanced_ae.snbt","Unnecessarily Large Storage: Quantum Data Entangler","","","advanced_ae:data_entangler","퀀텀 데이터 얽힘기","적용한 제목 정상화","퀀텀 데이터 얽힘기"
"quest","0A1ABE9CF7740AAA","6AEDA2F9BEB57759","ars_nouveau.snbt","Rings of Discount","할인의 반지들","","ars_nouveau:ring_of_lesser_discount","소량 할인의 반지","적용한 제목 정상화","마나 비용 감소의 반지"
"quest","0A1FBDA0C1314DE1","43BB00A7A7E1042C","mahou_tsukai.snbt","Enough &4Mahou&r? Probably!","&4마법&r 충분해? 아마도!","","mahoutsukai:attuned_emerald","조율된 에메랄드","적용한 제목 정상화","&4마력&r이 충분할까요? 아마도요!"
"quest","0A21773B773F34F8","7A5C327771634A7D","building_tips.snbt","Colored Blocks","색깔 블록","","ftbfiltersystem:smart_filter","","적용한 제목 정상화","색상 블록"
"quest","0A25276925EB0CBA","4C507C004144BFEE","occultism.snbt","With this sacred treasure I summon...","이 신성한 보물로 나는 summon...","","occultism:chalk_white_impure","불순한 하얀색 분필","적용한 제목 정상화","이 신성한 보물로 소환하노라..."
"quest","0A25276925EB0CBA","4C507C004144BFEE","occultism.snbt","&dRonaza's Contact","&d로나자의 연락","","occultism:chalk_white_impure","불순한 하얀색 분필","적용한 제목 정상화","&dRonaza's Contact"
"quest","0A354B4707894A62","51A2FE60D8B76FC6","extended__advanced_ae.snbt","Up to +3 Jump Height","","","advanced_ae:jump_height_card","점프 높이 카드","적용한 제목 정상화","점프 높이 최대 +3"
"quest","0A3C464EF7CDD5F6","12AD9789D962B179","apothic_enchanting.snbt","&4Hellshelves","&4헬프셀브","","apothic_enchanting:hellshelf","지옥 책장","적용한 제목 정상화","&4지옥 책장"
"quest","0A43D38D27CF4304","59395B6806F2A98A","cataclysm.snbt","&3Abandoned Spire","","","","","적용한 제목 정상화","&3버려진 첨탑"
"quest","0A4962728C98DAD9","100C477F4E63F20A","create.snbt","&eItem Vaults","","","create:item_vault","아이템 저장고","적용한 제목 정상화","&e아이템 저장고"
"quest","0A7B0D0B81E138DE","22C20C1827FE6805","immersive_engineering.snbt","&e&lEngineer's Toolbox","&e&l엔지니어의 도구상자","","immersiveengineering:toolbox","공학자의 도구상자","적용한 제목 정상화","&e&l공학자의 도구상자"
"quest","0A9D5C5D2F4CDCC3","4293754F9B2D05F0","allthemodium.snbt","&5Unobtainium Mace","&5언옵테늄 철퇴","","allthemodium:unobtainium_mace","Unobtainium 철퇴","적용한 제목 정상화","&5Unobtainium 철퇴"
"quest","0AA9EF3981E9BA37","23983F4DC524B14B","mekanism.snbt","&aEnergy Cubes","","","ftbfiltersystem:smart_filter","","적용한 제목 정상화","&a에너지 큐브"
"quest","0ACE573560A19309","23983F4DC524B14B","mekanism.snbt","&aEnergy &8Upgrade","","","mekanism:upgrade_energy","에너지 업그레이드","적용한 제목 정상화","&a에너지 &8업그레이드"
"quest","0AD2B11565B484E7","73180B829B960E63","generators.snbt","&zRainbow Plating","&c무&6지&e개 &2빛&3깔&9입&5히&c기&6&e&2&3&9&5","","ironfurnaces:rainbow_plating","무지개 도금판","적용한 제목 정상화","&z무지개 도금판"
"quest","0ADBE90B33ACC9FB","73180B829B960E63","generators.snbt","&zRainbow Generator","&c무&6지&e개 &2생&3성&9기&5 (&cR&6a&ei&2n&3b&9o&5w &cG&6enerator)","","ironfurnaces:million_furnace","무지개 화로","적용한 제목 정상화","&z무지개 발전기"
"quest","0AE8B51D63327EC3","0B826D13BAD43EEB","draconic_evolution.snbt","Chaotic Shield Recovery Module","","","draconicevolution:item_chaotic_shield_recovery","카오틱 보호막 회복 모듈","적용한 제목 정상화","카오틱 보호막 회복 모듈"
"quest","0AE930BA037DC565","0B826D13BAD43EEB","draconic_evolution.snbt","Wyvern Bow","","","draconicevolution:wyvern_bow","와이번 활","적용한 제목 정상화","와이번 활"
"quest","0AEAEA976ED0C470","5E31DF282998B992","pneumaticcraft.snbt","Where's the cord?","혼합된 끈은 어디에 있나요?","","pneumaticcraft:charging_station","충전소","적용한 제목 정상화","전선은 어디 있죠?"
"quest","0AF2460579C6BD8C","26E6ED94168A05C4","productive_bees.snbt","Osmium + Obsidian","","","productivebees:configurable_honeycomb","벌집","적용한 제목 정상화","오스뮴 + 흑요석"
"quest","0AF2460579C6BD8C","26E6ED94168A05C4","productive_bees.snbt","Refined Obsidian Bee","","","productivebees:configurable_honeycomb","벌집","적용한 제목 정상화","정제된 흑요석 벌"
"quest","0B0BDC37185AF9EC","48410B67C276ED1F","bumblezone.snbt","Ancient Hoops","고대의 고리","","","","적용한 제목 정상화","고대 고리"
"quest","0B11EAB8D76529E0","13B172FA69904D9F","deeper_and_darker.snbt","Visit an &6Ancient City&r","","","","","적용한 제목 정상화","&6고대 도시&r 방문"
"quest","0B2210804594E7B8","26E6ED94168A05C4","productive_bees.snbt","You just craft it","","","productivebees:configurable_honeycomb","벌집","적용한 제목 정상화","그냥 만드시면 됩니다"
"quest","0B2210804594E7B8","26E6ED94168A05C4","productive_bees.snbt","Arcane Essence Bee","","","productivebees:configurable_honeycomb","벌집","적용한 제목 정상화","신비한 정수 벌"
"quest","0B35172E47705205","193F91842D2ED7D9","industrial_foregoing.snbt","Ore Processing: Step 1","","","industrialforegoing:washing_factory","광석 세척 공장","적용한 제목 정상화","광석 처리: 1단계"
"quest","0B37355262121DD5","0F96DC3563DA78EF","elmystical_agriculturerr.snbt","Creating Seeds","시드 생성 중","","mysticalagriculture:infusion_altar","주입 제단","적용한 제목 정상화","씨앗 만들기"
"quest","0B3AC4E923332AC6","5D8E83698AEF1092","ice__fire.snbt","&lStage 4-5 &bIce Dragon","","","ftbfiltersystem:smart_filter","","적용한 제목 정상화","&l4-5단계 &b얼음 드래곤"
"quest","0B3EA604C5172D98","4C507C004144BFEE","occultism.snbt","&bBooks of &dBinding","&b&d결속의 책","","occultism:purified_ink","정제된 잉크","적용한 제목 정상화","&b&d속박의 책"
"quest","0B4CE3969067FA31","51A2FE60D8B76FC6","extended__advanced_ae.snbt","Upgrades for Quantum Armor","","","advanced_ae:quantum_upgrade_base","퀀텀 업그레이드 기본 카드","적용한 제목 정상화","퀀텀 갑옷 업그레이드"
"quest","0B718FC37699B822","13B172FA69904D9F","deeper_and_darker.snbt","&aEcho Trees","","","deeperdarker:echo_log","메아리나무 원목","적용한 제목 정상화","&a메아리나무"
"quest","0BA0AA8A6F07D383","76A0FBADACAD322B","neo_vitae.snbt","The Scribe's Tool","","","neovitae:arcane_scribe_tool","","적용한 제목 정상화","서기의 도구"
"quest","0BB0DF36B079558F","3456E0C530C0038E","evilcraft.snbt","&6Entangled Chalice","&6Entangled Chalice","","evilcraft:entangled_chalice","얽힌 성배","적용한 제목 정상화","&6얽힌 성배"
"quest","0BB42C5861B22D32","5D045EF1AB73DF70","basic_power.snbt","It's not Yourcelial Reactor","이것은 유어셀리얼 리액터가 아닙니다.","","industrialforegoing:mycelial_reactor","균사 반응기","적용한 제목 정상화","당신의 균사 반응기는 아니에요"
"quest","0BB42C5861B22D32","5D045EF1AB73DF70","basic_power.snbt","&9Industrial Foregoing: &bMycelial Reactor","&9인더스트리얼 포어고잉: &b균사 리액터","","industrialforegoing:mycelial_reactor","균사 반응기","적용한 제목 정상화","&9Industrial Foregoing: &b균사 반응기"
"quest","0BBDB63F944F61A7","44F441765D7CB182","auroral.snbt","&3Ender Blooms","","","minecraft:ender_pearl","","적용한 제목 정상화","&3엔더 꽃"
"quest","0BC106B34AD386E5","7A5C327771634A7D","building_tips.snbt","&l&cRegions Unexplored&r Logs","&l&c리전스 언익스플로어드&r 통나무","","ftbfiltersystem:smart_filter","","적용한 제목 정상화","&l&cRegions Unexplored&r 원목"
"quest","0BCB7E97BC566683","26E6ED94168A05C4","productive_bees.snbt","Centrifuge 6 Iron Bee Spawn Eggs for 1 Manganese Bee Spawn Egg","","","productivebees:configurable_honeycomb","벌집","적용한 제목 정상화","철 벌 생성 알 6개를 원심분리해 망간 벌 생성 알 1개 획득"
"quest","0BCB7E97BC566683","26E6ED94168A05C4","productive_bees.snbt","Manganese Bee","","","productivebees:configurable_honeycomb","벌집","적용한 제목 정상화","망간 벌"
"quest","0BCCDE24D378F260","193F91842D2ED7D9","industrial_foregoing.snbt","Tier: &d3","티어: &d3","","industrialforegoing:machine_frame_advanced","고급 기계 프레임","적용한 제목 정상화","등급: &d3"
"quest","0BCCDE24D378F260","193F91842D2ED7D9","industrial_foregoing.snbt","&dAdvanced Machine Frame","&d발전된 머신 프레임","","industrialforegoing:machine_frame_advanced","고급 기계 프레임","적용한 제목 정상화","&d고급 기계 프레임"
"quest","0BD6365534BF04D5","4C507C004144BFEE","occultism.snbt","Who you gonna call?","누구를 소집하시겠습니까?","","minecraft:honey_block","","적용한 제목 정상화","누구한테 전화할 거예요?"
"quest","0BD6365534BF04D5","4C507C004144BFEE","occultism.snbt","&aIhagan's Enthrallment","&a이하간의 매혹","","minecraft:honey_block","","적용한 제목 정상화","&aIhagan's Enthrallment"
"quest","0BD908937BC6E97B","1FAAEF0B9FD05CB9","productive_trees.snbt","Kapok + Rosewood","카폭 + 로즈우드","","productivetrees:logwood_sapling","로그우드 묘목","적용한 제목 정상화","카폭 + 자단"
"quest","0BE2E7C9454058C3","48410B67C276ED1F","bumblezone.snbt","&dCherry Veteran Tree","&d벚꽃 고목","","","","적용한 제목 정상화","&d벚나무 고목"
"quest","0BFAF1499415DD68","1FAAEF0B9FD05CB9","productive_trees.snbt","Silver Lime + Cherry","은 연두색 + 체리","","productivetrees:wild_cherry_sapling","야생 체리 묘목","적용한 제목 정상화","은피나무 + 벚나무"
"quest","0C096EE635645E43","6AEC23C6D526F362","eternal_starlight.snbt","&dCrystal &bCrossbow","","","eternal_starlight:crystal_crossbow","수정 쇠뇌","적용한 제목 정상화","&d수정 &b쇠뇌"
"quest","0C176F04D32B75DD","5D8E83698AEF1092","ice__fire.snbt","&cFire Dragonsteel","","","iceandfire:dragonsteel_fire_ingot","화염 드래곤 스틸 주괴","적용한 제목 정상화","&c화염 드래곤스틸"
"quest","0C7491BA5857AA00","1FAAEF0B9FD05CB9","productive_trees.snbt","Teak + Jungle","티크 + 정글","","productivetrees:kapok_sapling","카폭 묘목","적용한 제목 정상화","티크 + 정글나무"
"quest","0C8180524757B238","48410B67C276ED1F","bumblezone.snbt","&7Floaters","&7떠다니는 것","","","","적용한 제목 정상화","&7부유물"
"quest","0C82CE3AFBD48C1E","7A5C327771634A7D","building_tips.snbt","&l&aSushi Go Crafting&r","&l&a스시 고 제작&r","","ftbfiltersystem:smart_filter","","적용한 제목 정상화","&l&aSushi Go Crafting&r"
"quest","0C856BBB1679A7DD","1BE666F01EFFC00D","tips_and_tricks.snbt","And Other Useful Items!","그리고 다른 유용한 아이템들!","","","","적용한 제목 정상화","그 밖의 유용한 아이템!"
"quest","0C94D76B87E49FFD","5C4F10E65D86ED0E","mi_electric.snbt","Iron Processing","","","modern_industrialization:manganese_crushed_dust","분쇄된 망간 가루","적용한 제목 정상화","철 처리"
"quest","0C9F9196CA49FF8D","4EEDECACDE8F5A67","oritech.snbt","Find nickel ore to find begin your journey","","","alltheores:nickel_ingot","니켈 주괴","적용한 제목 정상화","니켈 광석을 찾아 여정을 시작하세요"
"quest","0C9F9196CA49FF8D","4EEDECACDE8F5A67","oritech.snbt","Oritech Beginnings","","","alltheores:nickel_ingot","니켈 주괴","적용한 제목 정상화","Oritech의 시작"
"quest","0CD6F30BBEE20E15","26E6ED94168A05C4","productive_bees.snbt","Glowstone + Osmium","","","productivebees:configurable_honeycomb","벌집","적용한 제목 정상화","발광석 + 오스뮴"
"quest","0CD6F30BBEE20E15","26E6ED94168A05C4","productive_bees.snbt","Refined Glowstone Bee","","","productivebees:configurable_honeycomb","벌집","적용한 제목 정상화","정제된 발광석 벌"
"quest","0CE1F6DE5FD6A6D9","76DF5FAA7961E5E7","iron_spells_and_spellbooks.snbt","&aEvocation&r Upgrade Orb","&a소환&r 강화 구슬","","irons_spellbooks:evocation_upgrade_orb","소환 업그레이드 구슬","적용한 제목 정상화","&a소환 업그레이드 구슬&r"
"quest","0CFAAF6F13EB6C2C","6AEC23C6D526F362","eternal_starlight.snbt","&cStarfire Hammer","","","eternal_starlight:starfire_hammer","별불꽃 망치","적용한 제목 정상화","&c스타파이어 망치"
"quest","0D01524F249E25D7","219B7A003658D24F","xycraft.snbt","Who turned off the lights?","누가 불을 껐지?","","xycraft_world:xychorium_gem_dark","검은색 자이코륨 보석","적용한 제목 정상화","누가 불을 껐나요?"
"quest","0D01524F249E25D7","219B7A003658D24F","xycraft.snbt","&8Dark Xychorium Gems","&8어두운 자이코륨 젬","","xycraft_world:xychorium_gem_dark","검은색 자이코륨 보석","적용한 제목 정상화","&8검은색 자이코륨 보석"
"quest","0D18BBB04693885A","4C507C004144BFEE","occultism.snbt","&aStrigeor's Higher Binding","&a스트리지오르의 상위 결속","","minecraft:phantom_membrane","","적용한 제목 정상화","&aStrigeor's Higher Binding"
"quest","0D19FB62C2C1D9F7","43BB00A7A7E1042C","mahou_tsukai.snbt","Boundary of Life Drain","생명 흡수의 경계","","mahoutsukai:powdered_iron","빻은 철","적용한 제목 정상화","생명력 흡수 결계"
"quest","0D1C143B2C788204","6AEC23C6D526F362","eternal_starlight.snbt","&5Seekers","","","","","적용한 제목 정상화","&5시커"
"quest","0D2BF2C5D784FCBE","24151251C8730F2E","aether.snbt","&eValkyrie Cape","","","aether:valkyrie_cape","발키리 망토","적용한 제목 정상화","&e발키리 망토"
"quest","0D2F07FC0F804223","24151251C8730F2E","aether.snbt","&e&lValkyrie Queen","","","","","적용한 제목 정상화","&e&l발키리 여왕"
"quest","0D3D987594E64A86","44F441765D7CB182","auroral.snbt","&bAuroral Infusion","","","auroral:glacial_basin","","적용한 제목 정상화","&b오로라 주입"
"quest","0D427BD581ADC3A6","6AEC23C6D526F362","eternal_starlight.snbt","&aFlowglaze Pickaxe","","","eternal_starlight:flowglaze_pickaxe","플로글레이즈 곡괭이","적용한 제목 정상화","&a플로글레이즈 곡괭이"
"quest","0D4FE97640F2CA60","15AAF17B6665223D","refined_storage.snbt","&bUltra Destructor","","","cabletiers:ultra_destructor","울트라 파괴기","적용한 제목 정상화","&b울트라 파괴기"
"quest","0D5D76B3551CD5A7","26E6ED94168A05C4","productive_bees.snbt","Crystalline + Ashy Mining","결정질 + 애시 채굴","","productivebees:configurable_honeycomb","벌집","적용한 제목 정상화","결정질 + 잿빛 채굴"
"quest","0D8B4DAB82ABEF9D","51A2FE60D8B76FC6","extended__advanced_ae.snbt","Co-Processing Oblivion: Quantum Computer Accelerator","","","advanced_ae:quantum_accelerator","퀀텀 컴퓨터 가속기","적용한 제목 정상화","퀀텀 컴퓨터 가속기"
"quest","0D97CDE92F3B1A83","26E6ED94168A05C4","productive_bees.snbt","Molten enderium over lead/diamond/platinum bee egg","납 + 다이아몬드/백금","","productivebees:configurable_honeycomb","벌집","적용한 제목 정상화","납/다이아몬드/백금 벌 생성 알 위에 용융 엔데리움 붓기"
"quest","0D97CDE92F3B1A83","26E6ED94168A05C4","productive_bees.snbt","Enderium Bee","엔더리움 벌","","productivebees:configurable_honeycomb","벌집","적용한 제목 정상화","엔데리움 벌"
"quest","0DABAD0803DCEA1E","5D8E83698AEF1092","ice__fire.snbt","Commanding your &c&lDragon","","","iceandfire:dragon_stick","드래곤 커맨드 스틱","적용한 제목 정상화","&c&l드래곤에게 명령하기"
"quest","0DAF5D42694EA8C9","0D990A1D1E088701","mi_steam.snbt","&#949494Forge Hammer","","","modern_industrialization:forge_hammer","단조 망치","적용한 제목 정상화","&#949494단조 망치"
"quest","0E057B7F76401421","1DB294A8F8686321","storage.snbt","The First Upgrade","최초의 업그레이드","","sophisticatedbackpacks:copper_backpack","구리 배낭","적용한 제목 정상화","첫 업그레이드"
"quest","0E06F323BF8C1D73","51A2FE60D8B76FC6","extended__advanced_ae.snbt","For when you can't deal with decay","","","ftbfiltersystem:smart_filter","","적용한 제목 정상화","열화를 감당하기 어려울 때"
"quest","0E06F323BF8C1D73","51A2FE60D8B76FC6","extended__advanced_ae.snbt","Automating Entro Crystals","","","ftbfiltersystem:smart_filter","","적용한 제목 정상화","엔트로 결정 자동화"
"quest","0E0CAA31480EC0A1","1DB294A8F8686321","storage.snbt","Allows the backpack to pick up items.","배낭이 아이템을 줍도록 허용합니다.","","sophisticatedbackpacks:pickup_upgrade","줍기 업그레이드","적용한 제목 정상화","아이템 자동 줍기"
"quest","0E175356D43E6A10","23983F4DC524B14B","mekanism.snbt","Tier 3 Ore Processing","","","mekanism:electric_pump","전동 펌프","적용한 제목 정상화","3단계 광석 처리"
"quest","0E175356D43E6A10","23983F4DC524B14B","mekanism.snbt","&cInjecting &3Hydrogen Chloride","","","mekanism:electric_pump","전동 펌프","적용한 제목 정상화","&c&3염화수소 주입"
"quest","0E1BC2AE1BE0BDFA","59395B6806F2A98A","cataclysm.snbt","&2Amethyst Nest","","","","","적용한 제목 정상화","&2자수정 둥지"
"quest","0E1C2DA415D5742D","6AEC23C6D526F362","eternal_starlight.snbt","&bGlacite Sword","","","eternal_starlight:glacite_sword","글라사이트 검","적용한 제목 정상화","&b글라사이트 검"
"quest","0E345B5B625E6235","26E6ED94168A05C4","productive_bees.snbt","Crafted with Enchanting Apparatus","","","productivebees:configurable_honeycomb","벌집","적용한 제목 정상화","마법 부여 장치로 제작"
"quest","0E345B5B625E6235","26E6ED94168A05C4","productive_bees.snbt","Earth Essence Bee","","","productivebees:configurable_honeycomb","벌집","적용한 제목 정상화","대지의 정수 벌"
"quest","0E487EACA837EA9B","0B826D13BAD43EEB","draconic_evolution.snbt","Chaotic Shield Control Module","","","draconicevolution:item_chaotic_shield_control","카오틱 보호막 제어 모듈","적용한 제목 정상화","카오틱 보호막 제어 모듈"
"quest","0E4DA8EE961D443F","1FAAEF0B9FD05CB9","productive_trees.snbt","Sycamore + Sugar Maple","시카모어 + 설탕 단풍나무","","productivetrees:breadfruit_sapling","빵나무 묘목","적용한 제목 정상화","시커모어 무화과 + 설탕단풍나무"
"quest","0E594BC58CC7476F","76DF5FAA7961E5E7","iron_spells_and_spellbooks.snbt","&aArchevoker Outfit","&a고대 소환사 의상","","irons_spellbooks:archevoker_helmet","대소환사의 모자","적용한 제목 정상화","&a대소환사 의상"
"quest","0E5AE195158CF344","1DB294A8F8686321","storage.snbt","x32 Storage Upgrade","x32 저장소 업그레이드","","functionalstorage:netherite_upgrade","네더라이트 업그레이드","적용한 제목 정상화","x32 저장 업그레이드"
"quest","0E5AE195158CF344","1DB294A8F8686321","storage.snbt","&dNetherite Upgrade","&d네더라이트 강화","","functionalstorage:netherite_upgrade","네더라이트 업그레이드","적용한 제목 정상화","&d네더라이트 업그레이드"
"quest","0E809747193ED3A9","07210DDF872160BA","applied_energistics_2.snbt","16M Storage Component","16M 저장소 구성 요소","","megacells:cell_component_16m","16M MEGA 저장 부품","적용한 제목 정상화","16M MEGA 저장 부품"
"quest","0E8647B8EB4AAC41","193F91842D2ED7D9","industrial_foregoing.snbt","Pink Slime \& Liquid Meat","핑크 슬라임 \\\& 액체 고기","","industrialforegoing:pink_slime_bucket","분홍색 슬라임 양동이","적용한 제목 정상화","분홍색 슬라임 \\\& 액상 고기"
"quest","0EADCEA9AB001FC7","007B547630FF0478","theurgy.snbt","Furnace like Heat","화로와 같은 열","","theurgy:pyromantic_brazier","화염 화로","적용한 제목 정상화","열과 같은 용광로"
"quest","0EBE20E44A7AEC7E","0A093D8C4429B627","mekanism_reactors.snbt","Boots","","","mekanism:module_hydraulic_propulsion_unit","","적용한 제목 정상화","부츠"
"quest","0EBE20E44A7AEC7E","0A093D8C4429B627","mekanism_reactors.snbt","&eHydraulic Propulsion &7Unit","","","mekanism:module_hydraulic_propulsion_unit","","적용한 제목 정상화","&e유압추진장치 &7유닛"
"quest","0EC0F93FA4B4BE49","4EEDECACDE8F5A67","oritech.snbt","Ultimate crafting machine","","","oritech:atomic_forge_block","원자 단조기","적용한 제목 정상화","최종 제작 기계"
"quest","0EF9C391EE42824A","792AD692F1468B1F","achapter_2r_6the_atm_star.snbt","&7Terrastomp Prism","&7테라 발구르기 프리즘","","forbidden_arcanus:terrastomp_prism","테라스톰프 프리즘","적용한 제목 정상화","&7테라스톰프 프리즘"
"quest","0EF9F10A2178451F","1D42B373285DEF81","silent_gear.snbt","&zDyeable &c&lFoundry&r &zParts","","","ftbfiltersystem:smart_filter","","적용한 제목 정상화","&z염색 가능한 &c&l주조소&r &z부품"
"quest","0EFD0A4AE82153E8","7A72E12C3839D165","natures_aura.snbt","Other Tokens","다른 조각들","","naturesaura:token_fear","두려움의 토큰","적용한 제목 정상화","다른 토큰"
"quest","0F00BBDF3618B3BA","15AAF17B6665223D","refined_storage.snbt","&3The Better Grid","","","refinedstorage:crafting_grid","제작 그리드","적용한 제목 정상화","&3더 편리한 그리드"
"quest","0F03E75CF79BADD7","07210DDF872160BA","applied_energistics_2.snbt","Bulk and cut","대량 및 절단","","megacells:bulk_item_cell","MEGA 대용량 아이템 저장 셀","적용한 제목 정상화","한 종류를 대량으로"
"quest","0F03E75CF79BADD7","07210DDF872160BA","applied_energistics_2.snbt","Bulk Item Storage","대량 아이템 저장","","megacells:bulk_item_cell","MEGA 대용량 아이템 저장 셀","적용한 제목 정상화","MEGA 대용량 아이템 저장 셀"
"quest","0F0D41F29386333A","6AEC23C6D526F362","eternal_starlight.snbt","&dScarlet Trees","","","eternal_starlight:scarlet_sapling","진홍나무 묘목","적용한 제목 정상화","&d진홍빛 나무"
"quest","0F16498769DFB3B0","100C477F4E63F20A","create.snbt","&8Andesite Alloys","","","create:andesite_alloy","안산암 합금","적용한 제목 정상화","&8안산암 합금"
"quest","0F326EEEC2EBE4E5","23983F4DC524B14B","mekanism.snbt","Enrich your items first!","먼저 아이템을 농축하세요!","","ftbfiltersystem:smart_filter","","적용한 제목 정상화","먼저 아이템을 풍성하게 해보세요!"
"quest","0F326EEEC2EBE4E5","23983F4DC524B14B","mekanism.snbt","&dEnriched Items","","","ftbfiltersystem:smart_filter","","적용한 제목 정상화","&d강화된 아이템"
"quest","0F3A0A4DC18E5E55","12AD9789D962B179","apothic_enchanting.snbt","&aEterna","","","ftbfiltersystem:smart_filter","","적용한 제목 정상화","&a이터나"
"quest","0F412542271B6254","4C507C004144BFEE","occultism.snbt","Foreword on Pentacles","","","","","적용한 제목 정상화","마법진 안내"
"quest","0F4783FA019C4567","6AEC23C6D526F362","eternal_starlight.snbt","&4Amaramber","","","eternal_starlight:raw_amaramber","아마램버 원석","적용한 제목 정상화","&4아마램버"
"quest","0F812AE4F247FF1C","6AEC23C6D526F362","eternal_starlight.snbt","&bGlacite Chestplate","","","eternal_starlight:glacite_chestplate","글라사이트 흉갑","적용한 제목 정상화","&b글라사이트 흉갑"
"quest","0F8955B74DBDF5F9","6AEC23C6D526F362","eternal_starlight.snbt","&cStarfire Scythe","","","eternal_starlight:starfire_scythe","별불꽃 대낫","적용한 제목 정상화","&c스타파이어 낫"
"quest","0F8B349EBC9110D6","76DF5FAA7961E5E7","iron_spells_and_spellbooks.snbt","&5Rod o' Lightning","","","irons_spellbooks:lightning_rod","번개의 막대기","적용한 제목 정상화","&5번개의 막대기"
"quest","0F8F0F7880235BA2","59395B6806F2A98A","cataclysm.snbt","&cSoul BlackSmith&f: Home of the &c&lNetherite Monstrosity&r","&c영혼 대장장이&f: &c&l네더라이트 괴물&r의 Home","","","","적용한 제목 정상화","&c영혼 대장간&f: &c&l네더라이트 몬스트로시티&r의 거처"
"quest","0F97EFAFD6E68F8D","0A093D8C4429B627","mekanism_reactors.snbt","Meka-Tool","","","mekanism:module_excavation_escalation_unit","","적용한 제목 정상화","메카툴"
"quest","0F97EFAFD6E68F8D","0A093D8C4429B627","mekanism_reactors.snbt","&eExcavation Escalation &7Unit","","","mekanism:module_excavation_escalation_unit","","적용한 제목 정상화","&e발굴 에스컬레이션 &7유닛"
"quest","0F9DCF36112C9922","5D8E83698AEF1092","ice__fire.snbt","&9Tide Guardian Armor","","","ftbfiltersystem:smart_filter","","적용한 제목 정상화","&9파도 수호자 갑옷"
"quest","0FAAE744E156D8EF","193F91842D2ED7D9","industrial_foregoing.snbt","Mycelial Reactor, huh?","균사 리액터라, 흐음?","","","","적용한 제목 정상화","균사 반응기라, 흐음?"
"quest","0FB1FC640471363A","26E6ED94168A05C4","productive_bees.snbt","Experience Bee","경험치 벌","","productivebees:configurable_honeycomb","벌집","적용한 제목 정상화","경험 벌"
"quest","0FD638380EECFFBD","4EBB2171D5A3AAAC","forbidden__arcanus.snbt","Building the &6&lForge","&6&lForge 건설 중","","forbidden_arcanus:polished_darkstone","광택 다크스톤","적용한 제목 정상화","&6&l대장간 건설 중"
"quest","0FE15701F2EDC3E9","6AEC23C6D526F362","eternal_starlight.snbt","&5Aethersent Golem","","","eternal_starlight:aethersent_block","에테르센트 블록","적용한 제목 정상화","&5에테르센트 골렘"
"quest","0FE94BE5ADB6E595","5D8E83698AEF1092","ice__fire.snbt","&aHydra Cave","","","","","적용한 제목 정상화","&a히드라 동굴"
"quest","0FEAD3CA2CC4A8B1","1D42B373285DEF81","silent_gear.snbt","Tier 3 Starlight Charger Catalyst","3티어 별빛 충전기 촉매","","silentgear:starmetal_dust","스타메탈 가루","적용한 제목 정상화","3단계 별빛 충전기 촉매제"
"quest","0FFF2BEE5D8EBE12","2A6EBEEBAB882679","powah.snbt","Reactor (Niotic)","리오틱 반응기","","powah:reactor_niotic","원자로 (나이오틱)","적용한 제목 정상화","원자로 (나이오틱)"
"quest","100ACB5C8A359BF0","26E6ED94168A05C4","productive_bees.snbt","Redstone + Blue Banded","레드스톤 + 파란띠무늬","","productivebees:configurable_honeycomb","벌집","적용한 제목 정상화","레드스톤 + 파란색 줄무늬"
"quest","10162AD188CB3327","1FAAEF0B9FD05CB9","productive_trees.snbt","Plum + Red Delicious Apple","자두 + 레드 딜리셔스 사과","","productivetrees:blackthorn_sapling","야생자두나무 묘목","적용한 제목 정상화","자두 + Red Delicious Apple"
"quest","101E3A21FEE00E3F","26E6ED94168A05C4","productive_bees.snbt","Alloy Nickel Bee Egg with Fluxite Bee Egg","","","productivebees:configurable_honeycomb","벌집","적용한 제목 정상화","니켈 벌 생성 알과 플럭사이트 벌 생성 알을 합금하세요"
"quest","101E3A21FEE00E3F","26E6ED94168A05C4","productive_bees.snbt","Energite Bee","","","productivebees:configurable_honeycomb","벌집","적용한 제목 정상화","에너자이트 벌"
"quest","102DD961706E861A","24151251C8730F2E","aether.snbt","&5Aechor Plant","","","","","적용한 제목 정상화","&5에이코르 식물"
"quest","103728F2BAD5AE84","5C4F10E65D86ED0E","mi_electric.snbt","Advanced Components","","","modern_industrialization:robot_arm","로봇 팔","적용한 제목 정상화","고급 부품"
"quest","104049993CC62E7F","2FB24A5A597459FC","railcraft.snbt","Advanced Item Loader","고급 아이템 로더","","railcraft:advanced_item_loader","고급 아이템 적재기","적용한 제목 정상화","고급 아이템 적재기"
"quest","1042A0DC0A9321BB","5D8E83698AEF1092","ice__fire.snbt","&lStage 4-5 &5Lightning Dragon","","","ftbfiltersystem:smart_filter","","적용한 제목 정상화","&l4-5단계 &5번개 드래곤"
"quest","104BF57D4A006688","26E6ED94168A05C4","productive_bees.snbt","Feed a Sculk Block to a Digger Bee","","","productivebees:configurable_honeycomb","벌집","적용한 제목 정상화","땅파기 벌에게 스컬크 블록 먹이기"
"quest","104BF57D4A006688","26E6ED94168A05C4","productive_bees.snbt","Sculk Bee","","","productivebees:configurable_honeycomb","벌집","적용한 제목 정상화","스컬크 벌"
"quest","104EBBC08B4733F5","0A52D0932DA3F809","hostile_neural_networks.snbt","&aSimulating Deaths","&a죽음 시뮬레이션 중","","hostilenetworks:sim_chamber","시뮬레이션 챔버","적용한 제목 정상화","&a죽음 시뮬레이션"
"quest","1054168AFD8520D4","65A95C2312976E49","undergarden.snbt","&aForgotten Guardian&r","&a잊혀진 수호자&r","","","","적용한 제목 정상화","&a잊힌 수호자&r"
"quest","105442DA79829777","12AD9789D962B179","apothic_enchanting.snbt","Half Enchantments, breaks Items","","","apothic_enchanting:scrap_tome","폐기의 서","적용한 제목 정상화","마법 부여 절반 추출, 아이템 파괴"
"quest","105442DA79829777","12AD9789D962B179","apothic_enchanting.snbt","&8Tome of Scrapping","","","apothic_enchanting:scrap_tome","폐기의 서","적용한 제목 정상화","&8폐기의 서"
"quest","10642351AD9A9907","5D8E83698AEF1092","ice__fire.snbt","&3Amphithere Arrows","","","iceandfire:amphithere_arrow","암피테레의 화살","적용한 제목 정상화","&3원형 화살표"
"quest","10690FDB9E892250","0B826D13BAD43EEB","draconic_evolution.snbt","Wyvern Sword","","","draconicevolution:wyvern_sword","와이번 소드","적용한 제목 정상화","와이번 소드"
"quest","106D08542AAFA166","0B826D13BAD43EEB","draconic_evolution.snbt","Locate and Destroy 14 Guardian Crystals","","","draconicevolution:infused_obsidian","드라코늄이 주입된 흑요석","적용한 제목 정상화","수호자 수정 14개 찾아 파괴하기"
"quest","109310AF19AAC482","23983F4DC524B14B","mekanism.snbt","&4Flamethrower","","","mekanism:flamethrower","화염 방사기","적용한 제목 정상화","&4화염 방사기"
"quest","109AD73F016D576B","26E6ED94168A05C4","productive_bees.snbt","Your First Beehive","당신의 첫 번째 벌통","","minecraft:beehive","","적용한 제목 정상화","첫 벌통"
"quest","10AA2B20D86747F7","4791C8461B1B4D5F","basic_armor.snbt","&bFerricore Amor","&b페리코어 갑옷","","justdirethings:ferricore_helmet","페리코어 투구","적용한 제목 정상화","&b페리코어 방어구"
"quest","10AB188AC6FB24D3","6AEC23C6D526F362","eternal_starlight.snbt","&b&lStarlight Golem","별빛 골렘","","","","적용한 제목 정상화","&b&l별빛 골렘"
"quest","10CA52D15EAB71A3","5D8E83698AEF1092","ice__fire.snbt","&eThe Other Desert","","","","","적용한 제목 정상화","&e다른 사막"
"quest","10D78DC368E16987","6AEC23C6D526F362","eternal_starlight.snbt","&aFlowglaze Axe","","","eternal_starlight:flowglaze_axe","플로글레이즈 도끼","적용한 제목 정상화","&a플로글레이즈 도끼"
"quest","10DF9DE4B6C03D6B","26E6ED94168A05C4","productive_bees.snbt","Crafted with Nature Altar","","","productivebees:configurable_honeycomb","벌집","적용한 제목 정상화","자연 제단으로 제작"
"quest","10DF9DE4B6C03D6B","26E6ED94168A05C4","productive_bees.snbt","Tainted Gold Bee","","","productivebees:configurable_honeycomb","벌집","적용한 제목 정상화","오염된 금 벌"
"quest","10E025288BB00657","13B172FA69904D9F","deeper_and_darker.snbt","&bSludge","","","","","적용한 제목 정상화","&b슬러지"
"quest","10E4ADA1D0063EB7","0B826D13BAD43EEB","draconic_evolution.snbt","Chaotic Projectile Velocity Module","","","draconicevolution:item_chaotic_proj_velocity","카오틱 발사체 속도 모듈","적용한 제목 정상화","카오틱 발사체 속도 모듈"
"quest","1102B27CBF564127","0E81CBCD6B1D1895","apotheosis_2.snbt","Don't you despawn on me, Mobs","","","pneumaticcraft:spawner_agitator","생성기 교반기","적용한 제목 정상화","내 앞에서 사라지지 마, 몹들아"
"quest","1113BF457DB7F1DE","12AD9789D962B179","apothic_enchanting.snbt","Max Eterna to 75","","","","","적용한 제목 정상화","최대 에테르나 75"
"quest","1113BF457DB7F1DE","12AD9789D962B179","apothic_enchanting.snbt","To reach the &6&lSummit","","","","","적용한 제목 정상화","&6&l정상에 도달하려면"
"quest","11374A3B5BD644F5","5103E2D95685ADFF","chapter_2_the_star.snbt","&lIndustrial Foregoing","&l인더스트리얼 포어고잉","","industrialforegoing:dryrubber","건조 고무","적용한 제목 정상화","&lIndustrial Foregoing"
"quest","114EACA9B32B32FB","4EEDECACDE8F5A67","oritech.snbt","You know the deal...","","","oritech:machine_core_6","초고급 기계 핵","적용한 제목 정상화","방법은 알고 있죠..."
"quest","11783E5EF07481C3","6AEC23C6D526F362","eternal_starlight.snbt","&aFlowglaze Bow","","","eternal_starlight:flowglaze_bow","플로글레이즈 활","적용한 제목 정상화","&a플로글레이즈 활"
"quest","1178E4123E8818E2","59395B6806F2A98A","cataclysm.snbt","&eBottle O' Sandstorm","&e모래폭풍 병","","cataclysm:sandstorm_in_a_bottle","병 속의 모래폭풍","적용한 제목 정상화","&e병 속의 모래폭풍"
"quest","1187F9D4F4E0D254","15AAF17B6665223D","refined_storage.snbt","You spin me right round'","","","refinedstorage:wrench","렌치","적용한 제목 정상화","빙글빙글 돌려요"
"quest","1187F9D4F4E0D254","15AAF17B6665223D","refined_storage.snbt","&3Wrench","","","refinedstorage:wrench","렌치","적용한 제목 정상화","&3렌치"
"quest","119BED334E331C25","23983F4DC524B14B","mekanism.snbt","Tier 1 Ore Processing","","","ftbfiltersystem:smart_filter","","적용한 제목 정상화","1단계 광석 처리"
"quest","119BED334E331C25","23983F4DC524B14B","mekanism.snbt","&dEnrich &fthen &6Smelt","","","ftbfiltersystem:smart_filter","","적용한 제목 정상화","&d풍성하게 &f하고 &6제련하다"
"quest","11A0593C0E2E6A35","4C507C004144BFEE","occultism.snbt","&2Green Chalk","&2초록색 분필","","occultism:nature_paste","자연 반죽","적용한 제목 정상화","&2녹색 분필"
"quest","11A4C57600E692EC","4EEDECACDE8F5A67","oritech.snbt","Increase energy capacity of machine","","","oritech:machine_capacitor_addon","축전기 애드온","적용한 제목 정상화","기계의 에너지 용량 증가"
"quest","11A6D020D6F411A8","11919EBB416B2BD0","relics.snbt","Reality to my will","","","relics:glitchy_mantle","오류의 망토","적용한 제목 정상화","현실을 내 뜻대로"
"quest","11A6D020D6F411A8","11919EBB416B2BD0","relics.snbt","&2Glitchy Mantle","","","relics:glitchy_mantle","오류의 망토","적용한 제목 정상화","&2오류의 망토"
"quest","11AD7F883D777339","44F441765D7CB182","auroral.snbt","Auroral Snowlettes","","","minecraft:carved_pumpkin","","적용한 제목 정상화","오로라 스노울렛"
"quest","11B1FB0AB2677902","1FAAEF0B9FD05CB9","productive_trees.snbt","Balsa + Silver Lime","발사 + 은색 연두색 라임","","productivetrees:black_locust_sapling","아까시나무 묘목","적용한 제목 정상화","발사 + 은피나무"
"quest","11C5F17C6BB1237B","7AF827D2D101D343","artifacts.snbt","Wrists (Hands)","손목 (손)","","artifacts:withered_bracelet","시든 팔찌","적용한 제목 정상화","손목(손)"
"quest","11D09E918015355C","5D045EF1AB73DF70","basic_power.snbt","&cHeat Generator","&c지열 발전기","","mekanismgenerators:heat_generator","열 발전기","적용한 제목 정상화","&c열 발전기"
"quest","11D57C768032E3F7","1DB294A8F8686321","storage.snbt","More Filtering Options","기타 필터링 설정","","sophisticatedbackpacks:advanced_magnet_upgrade","고급 자석 업그레이드","적용한 제목 정상화","추가 필터 옵션"
"quest","11D57C768032E3F7","1DB294A8F8686321","storage.snbt","&eAdvanced Magnet Upgrade","&e고급 자석 기능","","sophisticatedbackpacks:advanced_magnet_upgrade","고급 자석 업그레이드","적용한 제목 정상화","&e고급 자석 업그레이드"
"quest","11E957CDEFA0CAAB","4293754F9B2D05F0","allthemodium.snbt","&5&lThe Beyond","&5&l더 비욘드","","","","적용한 제목 정상화","&5&lThe Beyond"
"quest","11F6669733F1420B","76A0FBADACAD322B","neo_vitae.snbt","Tier III: The Master's Orb","","","neovitae:blood_orb_master","","적용한 제목 정상화","티어 III: 대가의 오브"
"quest","120572510F525930","23983F4DC524B14B","mekanism.snbt","&6&lThermal Evaporation Plant","","","mekanism:thermal_evaporation_block","열적 증발 블록","적용한 제목 정상화","&6&l열적 증발 장치"
"quest","120B403D56EE5C79","0B826D13BAD43EEB","draconic_evolution.snbt","Wyvern Energy Module","","","draconicevolution:item_wyvern_energy","와이번 에너지 모듈","적용한 제목 정상화","와이번 에너지 모듈"
"quest","121DE9824813D558","5D8E83698AEF1092","ice__fire.snbt","&2Gorgon Temple","","","","","적용한 제목 정상화","&2고르곤 사원"
"quest","12256A90B1CE3F90","4EBB2171D5A3AAAC","forbidden__arcanus.snbt","Automating &bArcane Crystals","&b아케인 크리스탈 자동화","","productivebees:configurable_honeycomb","벌집","적용한 제목 정상화","&b비전 수정 자동화"
"quest","12274935C3D20C74","100C477F4E63F20A","create.snbt","Decorating your &5Train&r","","","create:super_glue","강력 접착제","적용한 제목 정상화","&5열차&r 꾸미기"
"quest","122EDEC12C9A05D2","5E31DF282998B992","pneumaticcraft.snbt","If only there was an easy Solution...","만약 쉬운 Solution...이 있다면","","pneumaticcraft:security_upgrade","보안 업그레이드","적용한 제목 정상화","만약 쉬운 해결책...이 있다면"
"quest","123807F4BBE75120","15AAF17B6665223D","refined_storage.snbt","&b16384k Storage Part","","","extradisks:16384k_item_storage_part","16384k 저장 부품","적용한 제목 정상화","&b16384k 저장 부품"
"quest","123C0417D85B9DB2","0A093D8C4429B627","mekanism_reactors.snbt","Helmet","","","mekanismgenerators:module_solar_recharging_unit","","적용한 제목 정상화","헬멧"
"quest","123C0417D85B9DB2","0A093D8C4429B627","mekanism_reactors.snbt","&eSolar Recharging &7Unit","","","mekanismgenerators:module_solar_recharging_unit","","적용한 제목 정상화","&e태양광 충전 &7유닛"
"quest","12449D23295CF9ED","11919EBB416B2BD0","relics.snbt","Maybe the oceans are hiding more than just fish...","난파선과 바다 유적에서 발견됨","","relics:jellyfish_necklace","해파리 목걸이","적용한 제목 정상화","바닷속에는 물고기 말고도 무언가 숨어 있을지 몰라요..."
"quest","12469CC0CCFBA1C5","0B826D13BAD43EEB","draconic_evolution.snbt","Chaotic Staff","","","draconicevolution:chaotic_staff","카오틱 힘의 지팡이","적용한 제목 정상화","카오틱 힘의 지팡이"
"quest","12498F8B5740F66E","76DF5FAA7961E5E7","iron_spells_and_spellbooks.snbt","&bWizard Gear","","","ftbfiltersystem:smart_filter","","적용한 제목 정상화","&b마법사 기어"
"quest","124CD4B8876B81F6","4EEDECACDE8F5A67","oritech.snbt","Store the power you generate","","","oritech:small_storage_block","휴대용 에너지 저장고","적용한 제목 정상화","생산한 전력을 저장하세요."
"quest","124CD4B8876B81F6","4EEDECACDE8F5A67","oritech.snbt","Storing Energy","","","oritech:small_storage_block","휴대용 에너지 저장고","적용한 제목 정상화","에너지 저장"
"quest","12749A25600C7FF3","51A2FE60D8B76FC6","extended__advanced_ae.snbt","Fully Automated Crafting: The Quantum Crafter","","","advanced_ae:quantum_crafter","퀀텀 제작기","적용한 제목 정상화","퀀텀 제작기"
"quest","127D085D6C9DB690","6AEC23C6D526F362","eternal_starlight.snbt","&eSaltpeter Powder","","","eternal_starlight:saltpeter_powder","초석 가루","적용한 제목 정상화","&e초석 가루"
"quest","127F9EAC7C305BF5","100C477F4E63F20A","create.snbt","&6Wrench","","","create:wrench","렌치","적용한 제목 정상화","&6렌치"
"quest","129E09C03E40BA57","0B826D13BAD43EEB","draconic_evolution.snbt","Fuel for our Reactor","","","draconicevolution:awakened_draconium_block","각성 드라코늄 블록","적용한 제목 정상화","원자로 연료"
"quest","12A43F82FC67A289","15AAF17B6665223D","refined_storage.snbt","Floppy Time!","","","refinedstorage:disk_drive","디스크 드라이브","적용한 제목 정상화","디스크의 시간!"
"quest","12BDE512C734D19A","0B826D13BAD43EEB","draconic_evolution.snbt","Basic (Draconium) Core","","","draconicevolution:draconium_core","드라코늄 코어","적용한 제목 정상화","기본(드라코늄) 코어"
"quest","131164DA08BB87B3","5D8E83698AEF1092","ice__fire.snbt","Rule the &bSkys&r with the Hippogryph","","","","","적용한 제목 정상화","히포그리프로 &b하늘&r을 지배하세요"
"quest","131AA933D59D3017","0B826D13BAD43EEB","draconic_evolution.snbt","Stores: 59,300,000,000 RF","","","draconicevolution:energy_core_stabilizer","에너지 코어 안정기","적용한 제목 정상화","저장 용량: 59,300,000,000 RF"
"quest","131AA933D59D3017","0B826D13BAD43EEB","draconic_evolution.snbt","Tier 5","","","draconicevolution:energy_core_stabilizer","에너지 코어 안정기","적용한 제목 정상화","등급 5"
"quest","1322907FDFF08ADA","1FAAEF0B9FD05CB9","productive_trees.snbt","Walnut + Wild Cherry/Silver Lime","호두 + 야생 벚나무/은색 연두색","","productivetrees:sweet_chestnut_sapling","유럽밤나무 묘목","적용한 제목 정상화","호두나무 + 야생 체리/은피나무"
"quest","1338EED4F26F3EFF","76DF5FAA7961E5E7","iron_spells_and_spellbooks.snbt","&3Spellbreaker","","","irons_spellbooks:spellbreaker","주문 파괴자","적용한 제목 정상화","&3주문 파괴자"
"quest","133CA315A1443A49","100C477F4E63F20A","create.snbt","&bMechanical Pump","","","create:mechanical_pump","기계식 펌프","적용한 제목 정상화","&b기계식 펌프"
"quest","13471E64CDE49D27","22C20C1827FE6805","immersive_engineering.snbt","&l&aRefinery","&l&a정제기","","immersiveengineering:light_engineering","경공학 블록","적용한 제목 정상화","&l&a정유기"
"quest","1351D0594F1E6551","5C4F10E65D86ED0E","mi_electric.snbt","Circuit Components","","","modern_industrialization:diode","다이오드","적용한 제목 정상화","회로 부품"
"quest","136C40D8350651DC","5D8E83698AEF1092","ice__fire.snbt","&cSiren Island","","","","","적용한 제목 정상화","&c세이렌 섬"
"quest","13A0714444BA79AB","15AAF17B6665223D","refined_storage.snbt","&bUltra Importer","","","cabletiers:ultra_importer","울트라 반입기","적용한 제목 정상화","&b울트라 반입기"
"quest","13A5748DF69D832E","0A093D8C4429B627","mekanism_reactors.snbt","&eQIO Dashboard","","","mekanism:qio_dashboard","QIO 대시보드","적용한 제목 정상화","&eQIO 대시보드"
"quest","13AA91D39A2CABF2","26E6ED94168A05C4","productive_bees.snbt","Productive Bees!","프로덕티브 비!","","minecraft:honeycomb","","적용한 제목 정상화","Productive Bees!"
"quest","13AEBC331F29BC3D","100C477F4E63F20A","create.snbt","&e&lItem Logistics","","","create:belt_connector","기계식 벨트","적용한 제목 정상화","&e&l아이템 물류"
"quest","13AFCD3B6F62B986","05E614FDA677D85E","food_and_farming.snbt","Ice Upgrade","얼음 강화","","cookingforblockheads:ice_unit","냉동 장치","적용한 제목 정상화","얼음 업그레이드"
"quest","13B338F377951032","13B172FA69904D9F","deeper_and_darker.snbt","&bSonorous Staff","","","deeperdarker:sonorous_staff","울림 지팡이","적용한 제목 정상화","&b울림 지팡이"
"quest","13C5C06278DD9C95","26E6ED94168A05C4","productive_bees.snbt","Alloy a Diamond Bee Spawn Egg with a Nickel Bee Spawn Egg","","","productivebees:configurable_honeycomb","벌집","적용한 제목 정상화","다이아몬드 벌 생성 알과 니켈 벌 생성 알을 합금하세요"
"quest","13C5C06278DD9C95","26E6ED94168A05C4","productive_bees.snbt","Adamant Bee","","","productivebees:configurable_honeycomb","벌집","적용한 제목 정상화","아다만트 벌"
"quest","13CAD46F4B229AB4","26E6ED94168A05C4","productive_bees.snbt","Crafted with Nature Altar","","","productivebees:configurable_honeycomb","벌집","적용한 제목 정상화","자연 제단으로 제작"
"quest","13CAD46F4B229AB4","26E6ED94168A05C4","productive_bees.snbt","Infused Iron Bee","","","productivebees:configurable_honeycomb","벌집","적용한 제목 정상화","주입 철 벌"
"quest","13E3DE157B89E847","48410B67C276ED1F","bumblezone.snbt","Ice Monolith","얼음 모놀리스","","","","적용한 제목 정상화","얼음 거석"
"quest","1403D677CF2815C3","0731FA8830F28280","apotheosis_gear.snbt","(Better) &5&lReforging Table&r","","","apotheosis:reforging_table","재련 작업대","적용한 제목 정상화","(상위) &5&l재련 작업대&r"
"quest","1404BB8956D5F8C7","26E6ED94168A05C4","productive_bees.snbt","The least big one of the big ones","","","ftbfiltersystem:smart_filter","","적용한 제목 정상화","큰 것 중 가장 작은 것"
"quest","1404BB8956D5F8C7","26E6ED94168A05C4","productive_bees.snbt","&9&lWeather Tolerance","","","ftbfiltersystem:smart_filter","","적용한 제목 정상화","&9&l날씨 내성"
"quest","140DE53DC0FCD9F4","07210DDF872160BA","applied_energistics_2.snbt","GET IN","탑승","","ae2:annihilation_plane","ME 소멸 평면","적용한 제목 정상화","들어가기"
"quest","141681FE9E524FB0","65A95C2312976E49","undergarden.snbt","&7Forgotten&r","&7잊혀진&r","","","","적용한 제목 정상화","&7잊힌&r"
"quest","141D68BAD039784B","0A093D8C4429B627","mekanism_reactors.snbt","&6Boiler Ports","","","mekanism:boiler_valve","보일러 밸브","적용한 제목 정상화","&6보일러 포트"
"quest","14385D3D359224BC","0A093D8C4429B627","mekanism_reactors.snbt","&dMeka-Tool","","","mekanism:meka_tool","메카툴","적용한 제목 정상화","&d메카툴"
"quest","144BB025516E0994","4293754F9B2D05F0","allthemodium.snbt","&3Vibranium Ingot&r","&3바이브라늄 주괴&r","","allthemodium:vibranium_ingot","Vibranium 주괴","적용한 제목 정상화","&3Vibranium 주괴&r"
"quest","145C8235BCCB9BA8","4C507C004144BFEE","occultism.snbt","R.I.P. Betsy","베치의 명복을 빕니다.","","occultism:afrit_essence","아프리트 에센스","적용한 제목 정상화","편히 잠들기를, 벳시"
"quest","145C8235BCCB9BA8","4C507C004144BFEE","occultism.snbt","&cRed Chalk","&c빨간색 분필","","occultism:afrit_essence","아프리트 에센스","적용한 제목 정상화","&c빨간 분필"
"quest","145E7D1A88B83DDD","7AF827D2D101D343","artifacts.snbt","Scarf (Necklace)","목도리 (목걸이)","","artifacts:scarf_of_invisibility","투명화 스카프","적용한 제목 정상화","스카프(목걸이)"
"quest","145E7D1A88B83DDD","7AF827D2D101D343","artifacts.snbt","&9Scarf of Invisibility&r","&9투명 스카프&r","","artifacts:scarf_of_invisibility","투명화 스카프","적용한 제목 정상화","&9투명화 스카프&r"
"quest","146AF0937D9C63DE","43BB00A7A7E1042C","mahou_tsukai.snbt","Strong Bow","강력한 활","","minecraft:bow","","적용한 제목 정상화","강화된 활"
"quest","148A33CC36B2563A","12AD9789D962B179","apothic_enchanting.snbt","&dDraconic Endshelf","&5용의 끝 선반","","apothic_enchanting:draconic_endshelf","용의 엔드 책장","적용한 제목 정상화","&d용의 엔드 책장"
"quest","14B3542ECB59869C","0A52D0932DA3F809","hostile_neural_networks.snbt","Creating &dLoot","&d전리품 생성 중","","hostilenetworks:loot_fabricator","전리품 제작기","적용한 제목 정상화","&d전리품 생성"
"quest","14B7EEBE0F6C2776","5103E2D95685ADFF","chapter_2_the_star.snbt","&dInfused Dragon's Breath","&d주입된 용의 숨결","","apothic_enchanting:infused_breath","주입된 드래곤의 숨결","적용한 제목 정상화","&d주입된 드래곤의 숨결"
"quest","14CF23064A6035CD","5D8E83698AEF1092","ice__fire.snbt","&aGhosts","","","","","적용한 제목 정상화","&a유령"
"quest","14E5349DD740D026","3C78926E5D301BA0","extreme_reactors.snbt","Fueling our Passive Reactor","패시브 리액터에 연료 공급하기","","alltheores:uranium_ingot","우라늄 주괴","적용한 제목 정상화","수동 냉각 원자로에 연료 공급하기"
"quest","14FC9E4A3C80C0AE","51A2FE60D8B76FC6","extended__advanced_ae.snbt","Reaction Efficency: The Reaction Chamber","","","advanced_ae:reaction_chamber","반응 챔버","적용한 제목 정상화","반응 챔버"
"quest","150FB369BEFFCBBF","26E6ED94168A05C4","productive_bees.snbt","Molten Lumium over Silver/Tin Bee Spawn Egg","은 + 주석","","productivebees:configurable_honeycomb","벌집","적용한 제목 정상화","은/주석 벌 생성 알 위에 용융 루미움 붓기"
"quest","151648179684B088","6AEDA2F9BEB57759","ars_nouveau.snbt","Placeable Spells","설치 가능한 마법","","ars_nouveau:runic_chalk","룬 분필","적용한 제목 정상화","설치 가능한 주문"
"quest","15195F456D8AD4C8","6AEC23C6D526F362","eternal_starlight.snbt","&aThioquartz","","","eternal_starlight:thioquartz_block","티오쿼츠 블록","적용한 제목 정상화","&a티오쿼츠"
"quest","151D836C7B0E6FAF","4293754F9B2D05F0","allthemodium.snbt","&3Vibranium Shield","&3바이브라늄 방패","","allthemodium:vibranium_shield","Vibranium 방패","적용한 제목 정상화","&3Vibranium 방패"
"quest","15288215A4BA2596","26E6ED94168A05C4","productive_bees.snbt","Feed a Rose Quartz Block to a Diamond Bee","","","productivebees:configurable_honeycomb","벌집","적용한 제목 정상화","다이아몬드 벌에게 장미 석영 블록을 먹이세요"
"quest","15288215A4BA2596","26E6ED94168A05C4","productive_bees.snbt","Rose Quartz Bee","","","productivebees:configurable_honeycomb","벌집","적용한 제목 정상화","장미 석영 벌"
"quest","1533D98B3B2A758E","6AEC23C6D526F362","eternal_starlight.snbt","&7Shattered Sword","","","eternal_starlight:shattered_sword","산산조각 검","적용한 제목 정상화","&7부서진 검"
"quest","1540A9CDE2ED77E8","26E6ED94168A05C4","productive_bees.snbt","Made with Energizer","","","productivebees:configurable_honeycomb","벌집","적용한 제목 정상화","에너자이저로 제작"
"quest","1540A9CDE2ED77E8","26E6ED94168A05C4","productive_bees.snbt","Spirited Crystal Bee","","","productivebees:configurable_honeycomb","벌집","적용한 제목 정상화","스피리티드 수정 벌"
"quest","154D9EA863FD2A32","0B826D13BAD43EEB","draconic_evolution.snbt","Chaotic Projectile Penetration Module","","","draconicevolution:item_chaotic_proj_penetration","카오스 발사체 관통 모듈","적용한 제목 정상화","카오스 발사체 관통 모듈"
"quest","1556777B07BD7C2B","1FAAEF0B9FD05CB9","productive_trees.snbt","European Larch + Sugar Maple","유럽 낙엽송 + 설탕 단풍나무","","productivetrees:sweetgum_sapling","풍나무 묘목","적용한 제목 정상화","유럽잎갈나무 + 설탕단풍나무"
"quest","15849165CA8C00F9","4EBB2171D5A3AAAC","forbidden__arcanus.snbt","&l&9Tier 5 &6Forge","&l&95단계 &6Forge","","","","적용한 제목 정상화","&l&9티어 5 &6대장간"
"quest","158B24939A269D83","1D42B373285DEF81","silent_gear.snbt","For when you don't find 3 Diamonds","다이아몬드 3개를 찾지 못했을 때를 대비하여","","sgearmetalworks:tip_cast","팁 주형","적용한 제목 정상화","다이아몬드 3개를 찾지 못했을 때"
"quest","158F872A3A2C3650","12AD9789D962B179","apothic_enchanting.snbt","&dInfused Dragon's Breath","","","apothic_enchanting:infused_breath","주입된 드래곤의 숨결","적용한 제목 정상화","&d주입된 드래곤의 숨결"
"quest","1591013DDD4766E1","7A5C327771634A7D","building_tips.snbt","&l&cCooking for Blockheads&r","&l&c멍청이도 가능한 요리&r","","ftbfiltersystem:smart_filter","","적용한 제목 정상화","&l&cCooking for Blockheads&r"
"quest","15C9CCCC8E06D430","26E6ED94168A05C4","productive_bees.snbt","Feed a Black Quartz Block to a Crystalline Bee","","","productivebees:configurable_honeycomb","벌집","적용한 제목 정상화","결정질 벌에게 검은 석영 블록을 먹이세요"
"quest","15C9CCCC8E06D430","26E6ED94168A05C4","productive_bees.snbt","Black Quartz Bee","","","productivebees:configurable_honeycomb","벌집","적용한 제목 정상화","블랙쿼츠 벌"
"quest","15CD4BFDC56E9510","1DB294A8F8686321","storage.snbt","More Filtering Options","기타 필터링 설정","","sophisticatedbackpacks:advanced_tool_swapper_upgrade","고급 도구 교체 업그레이드","적용한 제목 정상화","추가 필터 옵션"
"quest","15CD4BFDC56E9510","1DB294A8F8686321","storage.snbt","&eAdvanced Tool Swapper Upgrade","&e고급 도구 전환 기능","","sophisticatedbackpacks:advanced_tool_swapper_upgrade","고급 도구 교체 업그레이드","적용한 제목 정상화","&e고급 도구 교체 업그레이드"
"quest","15ECBC8E174FA39B","15AAF17B6665223D","refined_storage.snbt","On-The-Go Grid","","","refinedstorage:wireless_grid","무선 그리드","적용한 제목 정상화","휴대용 그리드"
"quest","160BD0185954C891","26E6ED94168A05C4","productive_bees.snbt","Lures a Gold Bee when placed in the Nether","네더에 설치하면 금 꿀벌을 유인합니다","","productivebees:nether_gold_nest","네더 골드 둥지","적용한 제목 정상화","네더에 설치하면 금 벌을 유인합니다"
"quest","161477ABCC437BD2","76DF5FAA7961E5E7","iron_spells_and_spellbooks.snbt","&bBoreal Blade","","","irons_spellbooks:boreal_blade","북풍의 칼날","적용한 제목 정상화","&b북풍의 칼날"
"quest","1617C1935F22FBD1","12AD9789D962B179","apothic_enchanting.snbt","We're infusing ANYTHING at this rate","","","apotheosis:god_fused_pearl","","적용한 제목 정상화","이쯤 되면 무엇이든 주입하겠네요"
"quest","1617C1935F22FBD1","12AD9789D962B179","apothic_enchanting.snbt","&6God-Fused Pearl","","","apotheosis:god_fused_pearl","","적용한 제목 정상화","&6신이 주입된 진주"
"quest","161A90E134592D0E","7AF827D2D101D343","artifacts.snbt","Unique","고유함","","artifacts:eternal_steak","영원의 스테이크","적용한 제목 정상화","고유"
"quest","161A90E134592D0E","7AF827D2D101D343","artifacts.snbt","&4Everlasting Steak","&4영원한 스테이크","","artifacts:eternal_steak","영원의 스테이크","적용한 제목 정상화","&4영원의 스테이크"
"quest","161E7D934A21F849","007B547630FF0478","theurgy.snbt","Step 1: Source Pedestal","1단계: 근원 받침대","","theurgy:reformation_source_pedestal","재구성 근원 받침대","적용한 제목 정상화","1단계: 소스 받침대"
"quest","161EDD68FF1A7F1B","4EEDECACDE8F5A67","oritech.snbt","Runs on lava","","","oritech:lava_generator_block","용암 발전기","적용한 제목 정상화","용암으로 작동합니다"
"quest","1625C3A30E69D634","7A5C327771634A7D","building_tips.snbt","&l&cRegions Unexplored&r Stones","&l&c리전스 언익스플로어드&r 돌","","ftbfiltersystem:smart_filter","","적용한 제목 정상화","&l&cRegions Unexplored&r 돌"
"quest","162807D14C173CB4","5C4F10E65D86ED0E","mi_electric.snbt","You spin my head right round right round..","","","modern_industrialization:centrifuge","원심분리기","적용한 제목 정상화","빙글빙글 머리가 돌아가요..."
"quest","16299B9AE87257DC","07210DDF872160BA","applied_energistics_2.snbt","This is what you're here for","이것이 당신이 여기에 온 이유입니다","","ae2:wireless_terminal","무선 터미널","적용한 제목 정상화","바로 이것을 위해 여기까지 왔습니다"
"quest","162CE44400A63575","23983F4DC524B14B","mekanism.snbt","The Starting Machine","시작 기계","","mekanism:metallurgic_infuser","금속공학 주입기","적용한 제목 정상화","스타팅 기계"
"quest","162CE44400A63575","23983F4DC524B14B","mekanism.snbt","&9&lMetallurgic Infuser","","","mekanism:metallurgic_infuser","금속공학 주입기","적용한 제목 정상화","&9&l금속공학 주입기"
"quest","162D2286A69D6E07","4293754F9B2D05F0","allthemodium.snbt","&6Allthemodium Arcanist Armor","&6올더모듐 비전술사 갑옷","","ftbfiltersystem:smart_filter","","적용한 제목 정상화","&6Allthemodium 비전술사 방어구"
"quest","1630CFBFB562C43B","4EEDECACDE8F5A67","oritech.snbt","Use liquid fuel to generate power","","","oritech:fuel_generator_block","연료 발전기","적용한 제목 정상화","액체 연료를 사용해 전력을 생산합니다"
"quest","16359196D49A6223","4791C8461B1B4D5F","basic_armor.snbt","&bFroststeel&r","&b프로스트강철&r","","undergarden:froststeel_ingot","서리철 주괴","적용한 제목 정상화","&b서리철&r"
"quest","164BBBD98163F64C","0B826D13BAD43EEB","draconic_evolution.snbt","Wyvern Hoe","","","draconicevolution:wyvern_hoe","와이번 괭이","적용한 제목 정상화","와이번 괭이"
"quest","165030137EF59299","0B826D13BAD43EEB","draconic_evolution.snbt","Wyvern Area-Of-Effect Module","","","draconicevolution:item_wyvern_aoe","와이번 효과 범위 모듈","적용한 제목 정상화","와이번 효과 범위 모듈"
"quest","166CE4243896A0CD","0731FA8830F28280","apotheosis_gear.snbt","Getting better &aGems","","","apotheosis:gem_cutting_table","보석 세공 작업대","적용한 제목 정상화","더 좋은 &a보석 만들기"
"quest","166D2A191871F80E","0B826D13BAD43EEB","draconic_evolution.snbt","Draconic Pickaxe","","","draconicevolution:draconic_pickaxe","용곡괭이","적용한 제목 정상화","용곡괭이"
"quest","1684D52FDAAC894B","193F91842D2ED7D9","industrial_foregoing.snbt","Ore Processing: Step 2","","","industrialforegoing:fermentation_station","발효 스테이션","적용한 제목 정상화","광석 처리: 2단계"
"quest","1695917695648018","59395B6806F2A98A","cataclysm.snbt","&3Abandoned Temple","","","","","적용한 제목 정상화","&3버려진 신전"
"quest","1697CC05D08B388D","05E614FDA677D85E","food_and_farming.snbt","Yummy Fried Chicken!","맛있는 치킨 프라이!","","minecraft:feather","","적용한 제목 정상화","맛있는 프라이드치킨!"
"quest","16A04B2FC3F0D902","65A95C2312976E49","undergarden.snbt","&7Cloggrum&r Tools","&7클로그럼&r 도구","","undergarden:cloggrum_pickaxe","클로그룸 곡괭이","적용한 제목 정상화","&7클로그룸&r 도구"
"quest","16A2CC83C99B1F86","13B172FA69904D9F","deeper_and_darker.snbt","&9Angler Fish","","","","","적용한 제목 정상화","&9초롱아귀"
"quest","16B0C1F7B951C19D","100C477F4E63F20A","create.snbt","&eCardboard Packages","","","ftbfiltersystem:smart_filter","","적용한 제목 정상화","&e골판지 소포"
"quest","16B88F46021E956D","007B547630FF0478","theurgy.snbt","Logistics with &cMercury&r","&c수은&r을 이용한 물류","","theurgy:copper_wire","수은 구리선","적용한 제목 정상화","&c수은&r를 사용한 물류"
"quest","16C74B5F99AD6724","0731FA8830F28280","apotheosis_gear.snbt","&8Common","","","apotheosis:mysterious_scrap_metal","","적용한 제목 정상화","&8일반"
"quest","16C74B5F99AD6724","0731FA8830F28280","apotheosis_gear.snbt","&8Mysterious Scrap Metals","","","apotheosis:mysterious_scrap_metal","","적용한 제목 정상화","&8신비로운 고철"
"quest","16DDAE318535D0F9","0A093D8C4429B627","mekanism_reactors.snbt","&bAtomic &cDissambler","","","mekanism:atomic_disassembler","원자 분해기","적용한 제목 정상화","&b원자 &c디스앰블러"
"quest","16FA120455D36B58","1FAAEF0B9FD05CB9","productive_trees.snbt","Orange + Mangrove","주황색 + 맹그로브","","productivetrees:mango_sapling","망고 묘목","적용한 제목 정상화","오렌지 + 맹그로브나무"
"quest","16FF2219F110F50A","0B826D13BAD43EEB","draconic_evolution.snbt","Wyvern Undying Module","","","draconicevolution:item_wyvern_undying","와이번 불멸 모듈","적용한 제목 정상화","와이번 불멸 모듈"
"quest","170C31F3BAF050BC","26E6ED94168A05C4","productive_bees.snbt","Made in Reprocessor","","","productivebees:configurable_honeycomb","벌집","적용한 제목 정상화","재처리기에서 제작됨"
"quest","170C31F3BAF050BC","26E6ED94168A05C4","productive_bees.snbt","Blutonium Bee","","","productivebees:configurable_honeycomb","벌집","적용한 제목 정상화","블루토늄 벌"
"quest","1712C3B3CF158843","100C477F4E63F20A","create.snbt","&ePrecision Mechanism","","","create:precision_mechanism","정밀 기계장치","적용한 제목 정상화","&e정밀 기계장치"
"quest","1713E5D74658F095","5D8E83698AEF1092","ice__fire.snbt","&cSirens","","","","","적용한 제목 정상화","&c세이렌"
"quest","1745124F83D033B9","5C4F10E65D86ED0E","mi_electric.snbt","Basic Components","","","modern_industrialization:piston","피스톤","적용한 제목 정상화","기본 부품"
"quest","175509632CBF8631","4EEDECACDE8F5A67","oritech.snbt","A better pulverizer","","","oritech:fragment_forge_block","파편 단조기","적용한 제목 정상화","더 나은 분쇄기"
"quest","1756F81ACFC56C58","4B9D26E0087CD163","basic_tools.snbt","Tier: &e5","티어: &e5","","justdirethings:eclipsealloy_pickaxe","이클립스 합금 곡괭이","적용한 제목 정상화","계층: &e5"
"quest","17598C171E610752","5103E2D95685ADFF","chapter_2_the_star.snbt","&6Large Advanced Motor","&6대형 발전된 모터","","modern_industrialization:large_advanced_motor","대형 고급 모터","적용한 제목 정상화","&6대형 고급 모터"
"quest","1759A4E2AF0D2C88","22C20C1827FE6805","immersive_engineering.snbt","&7Heavy Engineering Block","&7중형 엔지니어링 블록","","immersiveengineering:heavy_engineering","중공학 블록","적용한 제목 정상화","&7중공학 블록"
"quest","176ACC61DC206E55","26E6ED94168A05C4","productive_bees.snbt","Crimson Shroombee","진홍빛 슈룸비","","productivebees:configurable_honeycomb","벌집","적용한 제목 정상화","Crimson Shroombee"
"quest","176D31AF1B0925AA","5D8E83698AEF1092","ice__fire.snbt","&c&lFire DragonForge","","","iceandfire:dragon_bone_block","드래곤 뼈 블록","적용한 제목 정상화","&c&l화염 드래곤 대장간"
"quest","177199FED92C3B5B","26E6ED94168A05C4","productive_bees.snbt","Feed an Infused Diamond to a Diamond Bee","","","productivebees:configurable_honeycomb","벌집","적용한 제목 정상화","다이아몬드 벌에게 주입된 다이아몬드를 먹이세요"
"quest","177199FED92C3B5B","26E6ED94168A05C4","productive_bees.snbt","Dimensional Bee","","","productivebees:configurable_honeycomb","벌집","적용한 제목 정상화","차원 벌"
"quest","17920C436DDBBD07","15AAF17B6665223D","refined_storage.snbt","&2262kB Fluid Storage Part","","","extradisks:262144b_fluid_storage_part","262kB 유체 저장 부품","적용한 제목 정상화","&2262kB 유체 저장 부품"
"quest","1796E08BBDC09B84","23983F4DC524B14B","mekanism.snbt","&b&lDynamic &cTank&r Multiblock","","","mekanism:dynamic_tank","다이나믹 탱크","적용한 제목 정상화","&b&l다이내믹 &c탱크&r 멀티블록"
"quest","17A322C3B309A4D4","26E6ED94168A05C4","productive_bees.snbt","It seems Gold Bees like Music Discs","","","productivebees:configurable_honeycomb","벌집","적용한 제목 정상화","금 벌은 음악 디스크를 좋아하나 봐요"
"quest","17A322C3B309A4D4","26E6ED94168A05C4","productive_bees.snbt","Regalium Bee","","","productivebees:configurable_honeycomb","벌집","적용한 제목 정상화","레갈륨 벌"
"quest","17A8E4151DE37015","6AEC23C6D526F362","eternal_starlight.snbt","&cStarfire Template","","","eternal_starlight:starfire_upgrade_smithing_template","대장장이 형판","적용한 제목 정상화","&c스타파이어 형판"
"quest","17B18040EFA37F86","26E6ED94168A05C4","productive_bees.snbt","Feed a Polonium Pellet to a Radioactive Bee","","","productivebees:configurable_honeycomb","벌집","적용한 제목 정상화","방사성 벌에게 폴로늄 펠릿을 먹이세요"
"quest","17B18040EFA37F86","26E6ED94168A05C4","productive_bees.snbt","Wasted Radioactive Bee","","","productivebees:configurable_honeycomb","벌집","적용한 제목 정상화","피폭 방사성 벌"
"quest","17C87EB8ED8A27AB","0E81CBCD6B1D1895","apotheosis_2.snbt","Basic Modifications","","","apotheosis:spawner_rune","","적용한 제목 정상화","기초 개조"
"quest","17D82EEA20D02EC8","6AEC23C6D526F362","eternal_starlight.snbt","&5Dusted Gravel","","","eternal_starlight:dusted_gravel","가루 묻은 자갈","적용한 제목 정상화","&5먼지 낀 자갈"
"quest","17E2C05C48B03043","0A093D8C4429B627","mekanism_reactors.snbt","Sodium &bCoolant","","","mekanism:thermal_evaporation_block","열적 증발 블록","적용한 제목 정상화","나트륨 &b냉각재"
"quest","17EC65B33AC5F0B4","6AEC23C6D526F362","eternal_starlight.snbt","&8Thirst Walker","갈증 워커","","","","적용한 제목 정상화","&8갈증 보행자"
"quest","17F7964611D893BE","2FB24A5A597459FC","railcraft.snbt","Fluid Loader","액체 주입기","","railcraft:fluid_loader","유체 적재기","적용한 제목 정상화","유체 주입기"
"quest","17FE0C7748DD65CA","4B9D26E0087CD163","basic_tools.snbt","&5Harvest Tier 4","&54티어 수확","","minecraft:ancient_debris","","적용한 제목 정상화","&5수확 티어 4"
"quest","1815661333016983","1FAAEF0B9FD05CB9","productive_trees.snbt","Date Palm + Black Cherry","대추야자 + 검은 벚나무","","productivetrees:asai_palm_sapling","아사이야자 묘목","적용한 제목 정상화","대추야자 + 검은 체리"
"quest","1815A439BA9879B7","6AEC23C6D526F362","eternal_starlight.snbt","&dWarm Shore","따뜻한 해안","","","","적용한 제목 정상화","&d따뜻한 해안"
"quest","1830412AB77E9526","0B826D13BAD43EEB","draconic_evolution.snbt","Wyvern Projectile Accuracy Module","","","draconicevolution:item_wyvern_proj_accuracy","와이번 발사체 명중률 모듈","적용한 제목 정상화","와이번 발사체 명중률 모듈"
"quest","1831B35A3239B583","4EEDECACDE8F5A67","oritech.snbt","Doing multiple recipes at once","","","oritech:machine_processing_addon","보조 처리실 애드온","적용한 제목 정상화","여러 조합법을 한 번에 처리합니다"
"quest","183F6A790EC006B8","13B172FA69904D9F","deeper_and_darker.snbt","&bBlooming Wood","","","deeperdarker:blooming_stem","개화목 줄기","적용한 제목 정상화","&b개화목"
"quest","1848F431D0380DA9","4C507C004144BFEE","occultism.snbt","Free(ish) durability!","거의 공짜인 내구도!","","","","적용한 제목 정상화","자유로운(같은) 내구성!"
"quest","18499D33BA12A8A9","51A2FE60D8B76FC6","extended__advanced_ae.snbt","GET OUT: Active Edition","","","extendedae:active_formation_plane","ME 능동 형성 평면","적용한 제목 정상화","밖으로 내보내기: 능동형"
"quest","18499D33BA12A8A9","51A2FE60D8B76FC6","extended__advanced_ae.snbt","Actively Placing From The Network: The Active Formation Plane","","","extendedae:active_formation_plane","ME 능동 형성 평면","적용한 제목 정상화","네트워크에서 능동적으로 배치: ME 능동 형성 평면"
"quest","184F98BE0F6710E2","2FB24A5A597459FC","railcraft.snbt","&cTrack Kits&r for using Redstone","&c레드스톤 사용을 위한 궤도 키트&r","","ftbfiltersystem:smart_filter","","적용한 제목 정상화","&c레드스톤 사용을 위한 선로 키트&r"
"quest","185DBBDD252CBA0C","4EBB2171D5A3AAAC","forbidden__arcanus.snbt","&l&cTier 1 &6Forge","&l&c1티어 &6Forge","","","","적용한 제목 정상화","&l&c1티어 &6대장간"
"quest","18601369F049D10D","1FAAEF0B9FD05CB9","productive_trees.snbt","Ceylon Ebony + Purple Crepe Myrtle","실론 흑단 + 보라색 배롱나무","","productivetrees:persimmon_sapling","감나무 묘목","적용한 제목 정상화","실론흑단 + 보라색 배롱나무"
"quest","1873205CF5247E3E","12AD9789D962B179","apothic_enchanting.snbt","&dEndshelves","&5엔드쉘프","","apothic_enchanting:endshelf","엔드 책장","적용한 제목 정상화","&d엔드 책장"
"quest","18783C62009934DB","23983F4DC524B14B","mekanism.snbt","&9&lElectrolytic Separator","","","mekanism:electrolytic_separator","전해 분리기","적용한 제목 정상화","&9&l전해 분리기"
"quest","189018F641FBB44E","15AAF17B6665223D","refined_storage.snbt","&4Mega Autocrafter","","","cabletiers:mega_autocrafter","메가 자동 제작기","적용한 제목 정상화","&4메가 자동 제작기"
"quest","18914FDF9CF9EEA8","100C477F4E63F20A","create.snbt","&aClockwork Bearing","","","create:clockwork_bearing","시계 베어링","적용한 제목 정상화","&a시계 베어링"
"quest","18A2F6BA778D96B1","1FAAEF0B9FD05CB9","productive_trees.snbt","Bastion Chests","보루 상자","","productivetrees:black_ember_sapling","Black Ember 묘목","적용한 제목 정상화","보루 잔해 상자"
"quest","18A9392BBCF5A871","22C20C1827FE6805","immersive_engineering.snbt","&8&lImmersive Engineering&r Logistics","&8&l이머시브 엔지니어링&r 물류","","immersiveengineering:screwdriver","공학자의 드라이버","적용한 제목 정상화","&8&lImmersive Engineering&r 물류"
"quest","18AA0B2E9C3B912A","6AEC23C6D526F362","eternal_starlight.snbt","&9Shadow Snail","","","","","적용한 제목 정상화","&9그림자 달팽이"
"quest","18AA64DF63F68762","12AD9789D962B179","apothic_enchanting.snbt","Another Gate","","","","","적용한 제목 정상화","또 다른 관문"
"quest","18C0EF38430C3E67","5C4F10E65D86ED0E","mi_electric.snbt","The Digital Age","","","modern_industrialization:digital_circuit","디지털 회로","적용한 제목 정상화","디지털 시대"
"quest","18D4BE3AF7869DE2","1FAAEF0B9FD05CB9","productive_trees.snbt","Ceylon Ebony + Persimmon","실론 흑단 + 감","","productivetrees:myrtle_ebony_sapling","머틀 에보니 묘목","적용한 제목 정상화","실론흑단 + 감나무"
"quest","18DB8C875F2331B2","11919EBB416B2BD0","relics.snbt","Not all relics are meant to keep you grounded...","엔드 시티와 엔드 함선에서 발견되었습니다","","relics:kinetic_belt","운동력 허리띠","적용한 제목 정상화","모든 유물이 땅에 붙들어 두는 것은 아닙니다..."
"quest","18DB8C875F2331B2","11919EBB416B2BD0","relics.snbt","&dKinetic Belt&r","","","relics:kinetic_belt","운동력 허리띠","적용한 제목 정상화","&d운동력 허리띠&r"
"quest","18EADBAFC932F864","05E614FDA677D85E","food_and_farming.snbt","It's Clippin' Time","클리핑 시간입니다","","ftbfiltersystem:smart_filter","","적용한 제목 정상화","털 깎을 시간"
"quest","18EB2170CAC48E99","0A093D8C4429B627","mekanism_reactors.snbt","Meka-Tool","","","mekanism:module_teleportation_unit","","적용한 제목 정상화","메카툴"
"quest","18EB2170CAC48E99","0A093D8C4429B627","mekanism_reactors.snbt","&5Teleportation &7Unit","","","mekanism:module_teleportation_unit","","적용한 제목 정상화","&5텔레포트 &7유닛"
"quest","18F948FF9FE015FB","26E6ED94168A05C4","productive_bees.snbt","CreeBee","크리비","","productivebees:honeycomb_powdery","가루 벌집 조각","적용한 제목 정상화","CreeBee"
"quest","19065F9DB95FE9C0","0F96DC3563DA78EF","elmystical_agriculturerr.snbt","Tier: &b4","","","mysticalagriculture:steel_seeds","","적용한 제목 정상화","등급: &b4"
"quest","191A7F3C9FBA4C13","12AD9789D962B179","apothic_enchanting.snbt","&bCrystalline Seashelf","&b수정 해안","","apothic_enchanting:crystal_seashelf","수정질 바다 책장","적용한 제목 정상화","&b수정질 바다 책장"
"quest","1922623A26E08078","23983F4DC524B14B","mekanism.snbt","&cChemical Tanks","","","ftbfiltersystem:smart_filter","","적용한 제목 정상화","&c화학탱크"
"quest","19341B01E048ACAB","23983F4DC524B14B","mekanism.snbt","&a&lBasic Tier","","","minecraft:redstone","","적용한 제목 정상화","&a&l기본 등급"
"quest","195729280394ABFB","23983F4DC524B14B","mekanism.snbt","Really Only Good For 2 Things","정말로 딱 2가지 용도로만 쓸모있음","","mekanism:osmium_compressor","오스뮴 압축기","적용한 제목 정상화","2 것들에만 정말 좋은 것"
"quest","195729280394ABFB","23983F4DC524B14B","mekanism.snbt","&7&lOsmium Compressor","","","mekanism:osmium_compressor","오스뮴 압축기","적용한 제목 정상화","&7&l오스뮴 압축기"
"quest","196003E1486ABB31","13B172FA69904D9F","deeper_and_darker.snbt","&9Warden Upgrade Template","","","deeperdarker:warden_upgrade_smithing_template","대장장이 형판","적용한 제목 정상화","&9워든 업그레이드 형판"
"quest","196312DF0D2E2CB6","0731FA8830F28280","apotheosis_gear.snbt","&4Invaders/Bosses&r and &lWorld Tiers","","","","","적용한 제목 정상화","&4침략자/보스&r와 &l월드 티어"
"quest","196E55B64667AE35","26E6ED94168A05C4","productive_bees.snbt","Slapping down a Slab","반쪽 블록 내려놓기","","productivebees:feeder","먹이 반블록","적용한 제목 정상화","먹이 반블록 놓기"
"quest","1985CFD1F0425E88","1DB294A8F8686321","storage.snbt","More Filtering Options","기타 필터링 설정","","sophisticatedbackpacks:advanced_pickup_upgrade","고급 줍기 업그레이드","적용한 제목 정상화","추가 필터 옵션"
"quest","1985CFD1F0425E88","1DB294A8F8686321","storage.snbt","&eAdvanced Pickup Upgrade","&e고급 줍기 기능","","sophisticatedbackpacks:advanced_pickup_upgrade","고급 줍기 업그레이드","적용한 제목 정상화","&e고급 줍기 업그레이드"
"quest","19862DBCE9305DE3","65A95C2312976E49","undergarden.snbt","&3Spear","","","undergarden:spear","창","적용한 제목 정상화","&3창"
"quest","19891A8F26FBAB0A","76A0FBADACAD322B","neo_vitae.snbt","Any one proves the point.","","","neovitae:sigil_water","","적용한 제목 정상화","하나만으로도 충분히 알 수 있습니다."
"quest","19891A8F26FBAB0A","76A0FBADACAD322B","neo_vitae.snbt","A Belt Full of Sigils","","","neovitae:sigil_water","","적용한 제목 정상화","인장으로 가득한 허리띠"
"quest","198EDBAC1D6E2339","26E6ED94168A05C4","productive_bees.snbt","Prevents Bees from Teleporting in a Hive","꿀벌이 벌집에서 순간이동하는 것을 방지합니다","","productivelib:upgrade_anti_teleport","","적용한 제목 정상화","벌이 벌통 안에서 순간이동하지 못하게 합니다"
"quest","19A2016B54C6FA34","007B547630FF0478","theurgy.snbt","Man you're Hot!","어이, 너 정말 인기 많네!","","","","적용한 제목 정상화","너 정말 섹시해!"
"quest","19A2016B54C6FA34","007B547630FF0478","theurgy.snbt","Man you're Hot!","어이, 너 정말 인기 많네!","","","","적용한 제목 정상화","너 정말 섹시해!"
"quest","19B057DFF331E41C","76DF5FAA7961E5E7","iron_spells_and_spellbooks.snbt","&4Scarecrow Outfit","","","ftbfiltersystem:smart_filter","","적용한 제목 정상화","&4허수아비 의상"
"quest","19B8871B701F11F4","6AEC23C6D526F362","eternal_starlight.snbt","&dStarlit Diamond Pickaxe","","","eternal_starlight:starlit_diamond_pickaxe","별빛 다이아몬드 곡괭이","적용한 제목 정상화","&d별빛 다이아몬드 곡괭이"
"quest","19C22C5B247F4D7D","1FAAEF0B9FD05CB9","productive_trees.snbt","Ceylon Ebony + Kapok","실론 흑단 + 카폭","","productivetrees:yellow_meranti_sapling","노란 메란티 묘목","적용한 제목 정상화","실론흑단 + 카폭"
"quest","19E356E67EF17E4A","4293754F9B2D05F0","allthemodium.snbt","&6Allthemodium &5Alloy &3Paxel","&6올더모듐 &5합금 &3팩셀","","allthemodium:alloy_paxel","Allthemodium 합금 팩셀","적용한 제목 정상화","&6Allthemodium &5합금 &3팩셀"
"quest","19F7BAD1150A2107","6AEC23C6D526F362","eternal_starlight.snbt","&cStarfire","","","eternal_starlight:starfire","별불꽃","적용한 제목 정상화","&c스타파이어"
"quest","1A05C605A52A4218","4293754F9B2D05F0","allthemodium.snbt","&5Unobtainium&r - &6Allthemodium&r Alloy Ingot","&5언옵테이니움&r - &6올더모듐&r 합금 주괴","","allthemodium:unobtainium_allthemodium_alloy_ingot","Unobtainium-Allthemodium 합금 주괴","적용한 제목 정상화","&5Unobtainium&r-&6Allthemodium&r 합금 주괴"
"quest","1A0672C7509271B3","26E6ED94168A05C4","productive_bees.snbt","Feed Fluorite to a Diamond Bee","","","productivebees:configurable_honeycomb","벌집","적용한 제목 정상화","다이아몬드 벌에게 형석을 공급하세요"
"quest","1A0672C7509271B3","26E6ED94168A05C4","productive_bees.snbt","Fluorite Bee","","","productivebees:configurable_honeycomb","벌집","적용한 제목 정상화","형석 벌"
"quest","1A09AF508EFAE0EC","1FAAEF0B9FD05CB9","productive_trees.snbt","Citron + Key Lime","시트론 + 키 라임","","productivetrees:finger_lime_sapling","핑거라임 묘목","적용한 제목 정상화","시트론 + 키라임"
"quest","1A20BBBAFBEDF911","51A2FE60D8B76FC6","extended__advanced_ae.snbt","Co-Processing To Infinity: Quantum Computer Multi-Threader","","","advanced_ae:quantum_multi_threader","퀀텀 컴퓨터 멀티 스레더","적용한 제목 정상화","퀀텀 컴퓨터 멀티 스레더"
"quest","1A23BBF444D17A63","65A95C2312976E49","undergarden.snbt","&2Greater Dweller","","","","","적용한 제목 정상화","&2거대 토착종"
"quest","1A2EA742FDED54FF","13B172FA69904D9F","deeper_and_darker.snbt","&5Echo Soil","","","deeperdarker:echo_soil","메아리 흙","적용한 제목 정상화","&5메아리 흙"
"quest","1A46A97A00A31C03","007B547630FF0478","theurgy.snbt","Step 2: Target Pedestal","2단계: 과녁 받침대","","theurgy:reformation_target_pedestal","재구성 대상 받침대","적용한 제목 정상화","2단계: 대상 받침대"
"quest","1A4B1CA7EC15348E","1DB294A8F8686321","storage.snbt","Dimensional Drawer...","차원 Drawer...","","functionalstorage:ender_drawer","엔더 서랍","적용한 제목 정상화","차원의 서랍..."
"quest","1A4FAE5705B53753","26E6ED94168A05C4","productive_bees.snbt","Crafted with Enchanting Apparatus","","","productivebees:configurable_honeycomb","벌집","적용한 제목 정상화","마법 부여 장치로 제작"
"quest","1A4FAE5705B53753","26E6ED94168A05C4","productive_bees.snbt","Air Essence Bee","","","productivebees:configurable_honeycomb","벌집","적용한 제목 정상화","공기 에센스 벌"
"quest","1A53B6544782442E","0B826D13BAD43EEB","draconic_evolution.snbt","Wyvern Shield Control Module","","","draconicevolution:item_wyvern_shield_control","와이번 보호막 제어 모듈","적용한 제목 정상화","와이번 보호막 제어 모듈"
"quest","1A739D36D5E3B1AD","1DB294A8F8686321","storage.snbt","More Filtering Options","기타 필터링 설정","","sophisticatedbackpacks:advanced_feeding_upgrade","고급 식사 업그레이드","적용한 제목 정상화","추가 필터 옵션"
"quest","1A739D36D5E3B1AD","1DB294A8F8686321","storage.snbt","&eAdvanced Feeding Upgrade","&e고급 식사 기능","","sophisticatedbackpacks:advanced_feeding_upgrade","고급 식사 업그레이드","적용한 제목 정상화","&e고급 식사 업그레이드"
"quest","1A8440C0048EEB02","4791C8461B1B4D5F","basic_armor.snbt","&cBlazegold Armor","&c블레이즈골드 갑옷","","justdirethings:blazegold_helmet","블레이즈골드 투구","적용한 제목 정상화","&c블레이즈골드 방어구"
"quest","1A84DF4478D55C41","5C4F10E65D86ED0E","mi_electric.snbt","Same as steam as one","","","modern_industrialization:electric_wiremill","전기 선재 압연기","적용한 제목 정상화","증기 기계와 동일"
"quest","1A8F438DB8508276","59395B6806F2A98A","cataclysm.snbt","&3Frosted Prison&r: Home of the &3&lMaledictus","&3서리 감옥&r: &3&l말레딕투스의 집","","","","적용한 제목 정상화","&3서리 감옥&r: &3&l말레딕투스의 거처"
"quest","1A95BFE57029F9C4","6AEC23C6D526F362","eternal_starlight.snbt","&7Grimstone Golem","","","eternal_starlight:grimstone_bricks","그림스톤 벽돌","적용한 제목 정상화","&7그림스톤 골렘"
"quest","1A96C595CBA42840","219B7A003658D24F","xycraft.snbt","Kivi Automation","키위 자동화","","mysticalagriculture:kivi_seeds","","적용한 제목 정상화","키비 자동화"
"quest","1AAFC306507DFCF8","6AEC23C6D526F362","eternal_starlight.snbt","&bGlacite Scythe","","","eternal_starlight:glacite_scythe","글라사이트 대낫","적용한 제목 정상화","&b글라사이트 낫"
"quest","1ABD22AA58E093A6","23983F4DC524B14B","mekanism.snbt","Some of the best &5Machines&r!","","","mekanism:ultimate_control_circuit","궁극 제어 회로","적용한 제목 정상화","최고의 &5기계&r 중 일부!"
"quest","1ABEC7DE47BD6286","7A72E12C3839D165","natures_aura.snbt","&5Ender Crates and Oculars","&5엔더 상자와 오큘러스","","naturesaura:ender_crate","엔더 상자","적용한 제목 정상화","&5엔더 상자와 엔더 안구"
"quest","1ACB3EDBCB732514","26E6ED94168A05C4","productive_bees.snbt","Feed a Block of Monazite to a Sulfur Bee","","","productivebees:configurable_honeycomb","벌집","적용한 제목 정상화","황 벌에 모나자이트 블록 공급"
"quest","1ACB3EDBCB732514","26E6ED94168A05C4","productive_bees.snbt","Monazite Bee","","","productivebees:configurable_honeycomb","벌집","적용한 제목 정상화","모나자이트 벌"
"quest","1AEFF93A398B8BBF","23983F4DC524B14B","mekanism.snbt","&b&lElite Tier","","","mekanism:alloy_reinforced","강화 합금","적용한 제목 정상화","&b&l엘리트 등급"
"quest","1AFCA421A6A50DA4","6AEC23C6D526F362","eternal_starlight.snbt","&aFlowglaze Template","","","eternal_starlight:flowglaze_upgrade_smithing_template","대장장이 형판","적용한 제목 정상화","&a플로글레이즈 형판"
"quest","1B0087400B0B8B49","2A6EBEEBAB882679","powah.snbt","Reactor (Starter)","원자로 (초심자용)","","powah:reactor_starter","원자로 (초급)","적용한 제목 정상화","원자로 (초급)"
"quest","1B182A30604655E2","100C477F4E63F20A","create.snbt","&cBlaze Burner","","","create:blaze_burner","블레이즈 버너","적용한 제목 정상화","&c블레이즈 버너"
"quest","1B2BD489D5173B40","4EEDECACDE8F5A67","oritech.snbt","Loads of ways to get this","","","oritech:enderic_compound","엔더릭 화합물","적용한 제목 정상화","얻는 방법은 아주 많습니다"
"quest","1B5177A774FCEF64","4C507C004144BFEE","occultism.snbt","Preparing for a Ritual: &eChalk","의식 준비 중: &e분필","","occultism:chalk_white_impure","불순한 하얀색 분필","적용한 제목 정상화","의식 준비: &e분필"
"quest","1B6642BBDAEB2BD5","76A0FBADACAD322B","neo_vitae.snbt","Tier II: The Magician's Orb","","","neovitae:blood_orb_magician","","적용한 제목 정상화","티어 II: 마술사의 오브"
"quest","1B72E95569B07E18","1DB294A8F8686321","storage.snbt","x24 Storage Upgrade","x24 저장소 업그레이드","","functionalstorage:diamond_upgrade","다이아몬드 업그레이드","적용한 제목 정상화","x24 저장 업그레이드"
"quest","1B79F794EDAA810A","26E6ED94168A05C4","productive_bees.snbt","Making Babies 2: Electric Beegaloo","","","productivebees:breeding_chamber","교배실","적용한 제목 정상화","아기 만들기 2: 전기 비갈루"
"quest","1B7A15730657ED30","59395B6806F2A98A","cataclysm.snbt","&eDesert Site","","","","","적용한 제목 정상화","&e사막 유적지"
"quest","1B7B377CB757867E","24151251C8730F2E","aether.snbt","&dGravitite&r Tools","","","ftbfiltersystem:smart_filter","","적용한 제목 정상화","&d그래비타이트&r 도구"
"quest","1B90B94D07BBDD09","51A2FE60D8B76FC6","extended__advanced_ae.snbt","Complex Crafter: The Crystal Assembler","","","extendedae:crystal_assembler","결정 조립기","적용한 제목 정상화","복잡한 제작: 결정 조립기"
"quest","1BA11428DF7541AD","100C477F4E63F20A","create.snbt","&eSequenced Gearshift","","","create:sequenced_gearshift","순차 기어변환기","적용한 제목 정상화","&e순차 기어변환기"
"quest","1BBABB2106D321A4","76A0FBADACAD322B","neo_vitae.snbt","Early Blood Automation","","","neovitae:spike_trap","","적용한 제목 정상화","초기 피 자동화"
"quest","1BC611E39465B026","1FAAEF0B9FD05CB9","productive_trees.snbt","Wenge + Silver Lime","벵게 + 은색 연두색 라임","","productivetrees:ginkgo_sapling","은행나무 묘목","적용한 제목 정상화","웬지 + 은피나무"
"quest","1C0F4D1610530FEC","26E6ED94168A05C4","productive_bees.snbt","Made in Dragonsteel forge","","","productivebees:configurable_honeycomb","벌집","적용한 제목 정상화","드래곤스틸 대장간에서 제작"
"quest","1C0F4D1610530FEC","26E6ED94168A05C4","productive_bees.snbt","Fire Dragonsteel Bee","","","productivebees:configurable_honeycomb","벌집","적용한 제목 정상화","파이어 드래곤스틸 벌"
"quest","1C2309DB4B890E71","100C477F4E63F20A","create.snbt","&bSpout","","","create:spout","주입구","적용한 제목 정상화","&b주입구"
"quest","1C232674CD04024D","65A95C2312976E49","undergarden.snbt","Welcome to the &2&lUndergarden&r!","&2&l언더가든&r에 오신 것을 환영합니다!","","","","적용한 제목 정상화","&2&lThe Undergarden&r에 오신 것을 환영합니다!"
"quest","1C40B30823B2A254","26E6ED94168A05C4","productive_bees.snbt","Just fish for it","","","productivebees:configurable_honeycomb","벌집","적용한 제목 정상화","그냥 낚시하세요"
"quest","1C40B30823B2A254","26E6ED94168A05C4","productive_bees.snbt","Prismarine Bee","","","productivebees:configurable_honeycomb","벌집","적용한 제목 정상화","프리즈머린 벌"
"quest","1C474B46AECCCFE9","26E6ED94168A05C4","productive_bees.snbt","Spawned using a Gravel or Stone Nest","자갈 또는 돌 벌집을 사용하여 생성됨","","","","적용한 제목 정상화","자갈 또는 돌 둥지에서 생성"
"quest","1C8210712349A2E3","0B826D13BAD43EEB","draconic_evolution.snbt","Basic Damage Module","","","draconicevolution:item_draconium_damage","피해 모듈","적용한 제목 정상화","기본 피해 모듈"
"quest","1C829609915E0012","007B547630FF0478","theurgy.snbt","Making Power with &cMercury","&c수은으로 힘 만들기","","theurgy:mercury_catalyst","수은 촉매","적용한 제목 정상화","&c수은로 전력 공급"
"quest","1C863B4BC6EAD1CD","6AEC23C6D526F362","eternal_starlight.snbt","&9Malarite Sickle","","","eternal_starlight:malarite_sickle","말라라이트 낫","적용한 제목 정상화","&9말라라이트 손낫"
"quest","1C87535D3CDCDA5F","0A093D8C4429B627","mekanism_reactors.snbt","&4Laser Amplifying","","","mekanism:laser_amplifier","레이저 증폭기","적용한 제목 정상화","&4레이저 증폭"
"quest","1CB063BBEC35712B","5D8E83698AEF1092","ice__fire.snbt","&5Lightning Dragon Cave","","","","","적용한 제목 정상화","&5번개 드래곤 동굴"
"quest","1CD05CB4A3DB112A","0731FA8830F28280","apotheosis_gear.snbt","&c&lSalvaging Table","","","apotheosis:salvaging_table","분해 작업대","적용한 제목 정상화","&c&l분해 작업대"
"quest","1CF8263756EE8F2A","0F96DC3563DA78EF","elmystical_agriculturerr.snbt","&5Cognizant Dust&r","&5인지하는 가루&r","","mysticalagriculture:cognizant_dust","인지의 가루","적용한 제목 정상화","&5인지의 가루&r"
"quest","1D1ABA9BD978E8A1","1FAAEF0B9FD05CB9","productive_trees.snbt","Citron + Wild Cherry","시트론 + 야생 벚나무","","productivetrees:pomelo_sapling","포멜로 묘목","적용한 제목 정상화","시트론 + 야생 체리"
"quest","1D1FAA2F86695781","0731FA8830F28280","apotheosis_gear.snbt","&lWorld Tier: &eAscent","","","","","적용한 제목 정상화","&l월드 티어: &e상승"
"quest","1D2700821045CCF2","15AAF17B6665223D","refined_storage.snbt","&565536k Storage Part","","","extradisks:65536k_item_storage_part","65536k 저장 부품","적용한 제목 정상화","&565536k 저장 부품"
"quest","1D2C70F1750E84D0","65A95C2312976E49","undergarden.snbt","&cRotbelcher","","","","","적용한 제목 정상화","&c부패분출자"
"quest","1D2EF12FD7FDD217","05E614FDA677D85E","food_and_farming.snbt","...or am I?","...아니면 내가 그런가?","","minecraft:egg","","적용한 제목 정상화","...그럴까요?"
"quest","1D2EF12FD7FDD217","05E614FDA677D85E","food_and_farming.snbt","I'm not gonna make an Egg pun","달걀에 대한 말장난은 하지 않을 거예요.","","minecraft:egg","","적용한 제목 정상화","달걀 말장난은 안 할 거예요"
"quest","1D31C515533DAD36","1FAAEF0B9FD05CB9","productive_trees.snbt","Cave Dweller + Soul Tree","동굴 토착종 + 영혼 나무","","productivetrees:foggy_blast_sapling","Foggy Blast 묘목","적용한 제목 정상화","Cave Dweller + Soul Tree"
"quest","1D39634260A47C9A","7A72E12C3839D165","natures_aura.snbt","&bIngots of the Skies","&b하늘의 주괴","","naturesaura:sky_ingot","하늘 주괴","적용한 제목 정상화","&b하늘 주괴"
"quest","1D3E2363CFD4C5E0","0B826D13BAD43EEB","draconic_evolution.snbt","Basic Tier","","","draconicevolution:basic_crafting_injector","드라코늄 융합 제작 주입기","적용한 제목 정상화","기본 등급"
"quest","1D4973B187284CBB","48410B67C276ED1F","bumblezone.snbt","&aEssence of Life","&a생명의 라텍스","","the_bumblezone:essence_life","생명의 정수","적용한 제목 정상화","&a생명의 정수"
"quest","1D4E7F548431263A","22C20C1827FE6805","immersive_engineering.snbt","&4Redstone Engineering Block","&4레드스톤 엔지니어링 블록","","immersiveengineering:rs_engineering","레드스톤 공학 블록","적용한 제목 정상화","&4레드스톤 공학 블록"
"quest","1D6FAF0E25A0D596","1FAAEF0B9FD05CB9","productive_trees.snbt","Clove + Allspice","정향 + 올스파이스","","productivetrees:star_anise_sapling","팔각 묘목","적용한 제목 정상화","정향나무 + 올스파이스"
"quest","1D86B2E553503E53","6AEDA2F9BEB57759","ars_nouveau.snbt","Summoning Help!","소환 도움!","","ars_nouveau:dominion_wand","도미니언 완드","적용한 제목 정상화","소환수 다루기"
"quest","1D995548A159F291","26E6ED94168A05C4","productive_bees.snbt","Feed a Soulium Dagger to a Ghostly Bee","","","productivebees:configurable_honeycomb","벌집","적용한 제목 정상화","유령 벌에게 소울륨 단검 먹이기"
"quest","1D995548A159F291","26E6ED94168A05C4","productive_bees.snbt","Soulium Bee","","","productivebees:configurable_honeycomb","벌집","적용한 제목 정상화","소울륨 벌"
"quest","1D9A00C81C2A97F0","4EEDECACDE8F5A67","oritech.snbt","Underwhelming","","","oritech:nuke","맨해튼 모듈","적용한 제목 정상화","별거 없네요"
"quest","1DBF1D4061518B0B","4EEDECACDE8F5A67","oritech.snbt","Turning one into more","","","","","적용한 제목 정상화","하나를 여러 개로"
"quest","1DBF1D4061518B0B","4EEDECACDE8F5A67","oritech.snbt","Refining Ores","","","","","적용한 제목 정상화","광석 정제"
"quest","1DC407272D9D9CCE","26E6ED94168A05C4","productive_bees.snbt","Awakened Crafting","","","productivebees:configurable_honeycomb","벌집","적용한 제목 정상화","각성한 제작"
"quest","1DC407272D9D9CCE","26E6ED94168A05C4","productive_bees.snbt","Awakened Supremium Bee","","","productivebees:configurable_honeycomb","벌집","적용한 제목 정상화","각성 수프레뮴 벌"
"quest","1DCAA0310AA55F1C","05E614FDA677D85E","food_and_farming.snbt","The Start of a Fisher","어획기의 시작","","minecraft:fishing_rod","","적용한 제목 정상화","낚시꾼의 시작"
"quest","1DE0F289821F55D1","4C507C004144BFEE","occultism.snbt","&aChalking It Up","&a분필로 기록하기","","occultism:chalk_yellow_impure","불순한 노란색 분필","적용한 제목 정상화","&a분필 재료 마련"
"quest","1DF026030780AE96","26E6ED94168A05C4","productive_bees.snbt","Extracts Genes from Bees in Hives","벌집에 있는 꿀벌로부터 유전자를 추출합니다","","productivelib:upgrade_gene_sampler","","적용한 제목 정상화","벌통에 있는 벌에게서 유전자를 추출합니다"
"quest","1E0EF28175A7424F","5C4F10E65D86ED0E","mi_electric.snbt","Steam -> Electricity","","","modern_industrialization:lv_steam_turbine","LV 증기 터빈","적용한 제목 정상화","증기 -> 전기"
"quest","1E0F92F07FDD162E","0F96DC3563DA78EF","elmystical_agriculturerr.snbt","I'm all about that (Seed) Base","나는 그 (시드) 아래쪽 가로띠에 푹 빠져있어","","mysticalagriculture:prosperity_seed_base","번영 씨앗 기반재","적용한 제목 정상화","씨앗의 기반부터 다져요"
"quest","1E0F92F07FDD162E","0F96DC3563DA78EF","elmystical_agriculturerr.snbt","&bProsperity Seed Base","&b번영 씨앗 베이스","","mysticalagriculture:prosperity_seed_base","번영 씨앗 기반재","적용한 제목 정상화","&b번영 씨앗 기반재"
"quest","1E13D7CE5A9EFF74","65A95C2312976E49","undergarden.snbt","Frostfields","프로스트필드","","","","적용한 제목 정상화","서리 들판"
"quest","1E1EB7DC19DDCFB7","732824E03978A934","mainquestline_part_1.snbt","&6Netherite Template&r","&6네더라이트 템플릿&r","","minecraft:netherite_upgrade_smithing_template","","적용한 제목 정상화","&6네더라이트 강화 형판&r"
"quest","1E22A0D5F4B2EB0D","25344A9254E02C8E","mi_endgame.snbt","Freezing Argon with Helium","","","modern_industrialization:cryofluid_bucket","극저온 유체 양동이","적용한 제목 정상화","헬륨으로 아르곤 냉각"
"quest","1E2A9446594638E2","11919EBB416B2BD0","relics.snbt","Some paths are not meant to be walked...","엔드 시티와 엔드 함선에서 발견되었습니다.","","relics:chorus_staff","코러스 지팡이","적용한 제목 정상화","모든 길을 걸어서 갈 필요는 없습니다..."
"quest","1E2A9446594638E2","11919EBB416B2BD0","relics.snbt","&dChorus Staff&r","&5후렴 억제기","","relics:chorus_staff","코러스 지팡이","적용한 제목 정상화","&d코러스 지팡이&r"
"quest","1E3471513C75CC54","3456E0C530C0038E","evilcraft.snbt","Drying... &cBlood?","Drying... &c피?","","evilcraft:hardened_blood_shard","굳은 피 조각","적용한 제목 정상화","말라붙은... &c피?"
"quest","1E40ACF3E69A4100","7AF827D2D101D343","artifacts.snbt","Belt","벨트","","artifacts:antidote_vessel","해독 용기","적용한 제목 정상화","허리띠"
"quest","1E40ACF3E69A4100","7AF827D2D101D343","artifacts.snbt","&6Antidote Vessel&r","&6완화제&r","","artifacts:antidote_vessel","해독 용기","적용한 제목 정상화","&6해독 용기&r"
"quest","1E414D285E7A5FE2","0F96DC3563DA78EF","elmystical_agriculturerr.snbt","&cTertium Tools","&cTertium 도구","","ftbfiltersystem:smart_filter","","적용한 제목 정상화","&c터튬 도구"
"quest","1E41A5071854DEC8","0B826D13BAD43EEB","draconic_evolution.snbt","Wyvern Damage Module","","","draconicevolution:item_wyvern_damage","와이번 피해 모듈","적용한 제목 정상화","와이번 피해 모듈"
"quest","1E7B5CDF0D5F833F","6AEC23C6D526F362","eternal_starlight.snbt","&7Deepsilver Pickaxe","","","eternal_starlight:deepsilver_pickaxe","심층 은 곡괭이","적용한 제목 정상화","&7딥실버 곡괭이"
"quest","1E81B903137BB62A","65A95C2312976E49","undergarden.snbt","&7Cloggrum&r Weapons","&7클로그럼&r 무기","","undergarden:cloggrum_battleaxe","클로그룸 전투도끼","적용한 제목 정상화","&7클로그룸&r 무기"
"quest","1E9B2D814F50A265","100C477F4E63F20A","create.snbt","This blows!","","","create:encased_fan","선풍기","적용한 제목 정상화","바람이 분다!"
"quest","1E9B2D814F50A265","100C477F4E63F20A","create.snbt","&6Encased Fan","","","create:encased_fan","선풍기","적용한 제목 정상화","&6선풍기"
"quest","1EA98CFE85035939","6AEC23C6D526F362","eternal_starlight.snbt","&5Aethersent Bottoms","","","eternal_starlight:aethersent_bottoms","에테르센트 하의","적용한 제목 정상화","&5에테르센트 하의"
"quest","1EB04FE105ACA4BE","5103E2D95685ADFF","chapter_2_the_star.snbt","&9Heart of the Deep","&9심해의 심장","","deeperdarker:heart_of_the_deep","깊은 곳의 심장","적용한 제목 정상화","&9깊은 곳의 심장"
"quest","1EB887F8072439A3","4C507C004144BFEE","occultism.snbt","&bLight Blue Chalk","&b밝은 파란색 분필","","occultism:crushed_ice","분쇄된 얼음","적용한 제목 정상화","&b연한 파란색 분필"
"quest","1EBD5E4410A6DF34","26E6ED94168A05C4","productive_bees.snbt","Feed a Ghostly Bee a Soulium Dagger","유령 벌에게 소울륨 단검을 먹이세요","","productivebees:configurable_honeycomb","벌집","적용한 제목 정상화","유령 벌에게 소울륨 단검 먹이기"
"quest","1ECAEC7BE573BB9C","24151251C8730F2E","aether.snbt","&5&lAltar","","","aether:altar","제단","적용한 제목 정상화","&5&l제단"
"quest","1ECD4331DDFBBB52","6AEC23C6D526F362","eternal_starlight.snbt","&cTorreya Trees","","","eternal_starlight:torreya_sapling","개비자나무 묘목","적용한 제목 정상화","&c토레야 나무"
"quest","1EE5BFB935D345F3","44F441765D7CB182","auroral.snbt","&bFrozen Petals","","","auroral:frozen_petals","","적용한 제목 정상화","&b얼어붙은 꽃잎"
"quest","1EECA19DF9CF6A0C","5D045EF1AB73DF70","basic_power.snbt","Automated Flux Dust","","","xycraft_machines:extractor","추출기","적용한 제목 정상화","플럭스 가루 자동화"
"quest","1F139091C1B4E50B","4EEDECACDE8F5A67","oritech.snbt","A normal circuit","","","oritech:processing_unit","처리 장치","적용한 제목 정상화","평범한 회로"
"quest","1F146FE1002643B2","1FAAEF0B9FD05CB9","productive_trees.snbt","Brazilwood + Rose Gum","브라질우드 + 로즈 검","","productivetrees:pink_ivory_sapling","핑크 아이보리 묘목","적용한 제목 정상화","브라질우드 + 로즈 유칼립투스"
"quest","1F1B4948FCC14BB4","1FAAEF0B9FD05CB9","productive_trees.snbt","Silver Fir + Spruce","은 전나무 + 가문비나무","","productivetrees:douglas_fir_sapling","더글러스전나무 묘목","적용한 제목 정상화","은전나무 + 가문비나무"
"quest","1F21B578FAF4CCAC","5C4F10E65D86ED0E","mi_electric.snbt","Same as steam as one","","","modern_industrialization:electric_packer","전기 포장기","적용한 제목 정상화","증기 기계와 동일"
"quest","1F31EBF49079F9D3","18A429E7F56AF5A9","bounty_board.snbt","Overhauled Creepers","개편된 크리퍼","","","","적용한 제목 정상화","Creeper Overhaul"
"quest","1F3E18129B871C49","5C4F10E65D86ED0E","mi_electric.snbt","Same as steam as one","","","extended_industrialization:electric_alloy_smelter","전기 합금 제련기","적용한 제목 정상화","증기 기계와 동일"
"quest","1F446EF3AD20DC6B","24151251C8730F2E","aether.snbt","&5Hammer of Kingbdogz","","","aether:hammer_of_kingbdogz","Kingbdogz의 망치","적용한 제목 정상화","&5Kingbdogz의 망치"
"quest","1F55A483008F74FE","15AAF17B6665223D","refined_storage.snbt","&bUltra Constructor","","","cabletiers:ultra_constructor","울트라 설치기","적용한 제목 정상화","&b울트라 설치기"
"quest","1F6C8117F3CED939","4293754F9B2D05F0","allthemodium.snbt","&6Allthemodium Bow","&6올더모듐 활","","allthemodium:allthemodium_bow","Allthemodium 활","적용한 제목 정상화","&6Allthemodium 활"
"quest","1F748ACA3976A92F","12AD9789D962B179","apothic_enchanting.snbt","A Gate","","","","","적용한 제목 정상화","관문"
"quest","1F7591DB6D8EC1E7","0F96DC3563DA78EF","elmystical_agriculturerr.snbt","&5Insanium Apple","&5인세니움 사과","","mysticalagradditions:insanium_apple","인사늄 사과","적용한 제목 정상화","&5인사늄 사과"
"quest","1F7ACF813D8804A6","76A0FBADACAD322B","neo_vitae.snbt","Circle of Intent","","","","","적용한 제목 정상화","의도의 원"
"quest","1F7D147C9AF6A4FC","0B826D13BAD43EEB","draconic_evolution.snbt","Stores: 9,880,000,000 RF","","","draconicevolution:energy_core_stabilizer","에너지 코어 안정기","적용한 제목 정상화","저장 용량: 9,880,000,000 RF"
"quest","1F7D147C9AF6A4FC","0B826D13BAD43EEB","draconic_evolution.snbt","Tier 4","","","draconicevolution:energy_core_stabilizer","에너지 코어 안정기","적용한 제목 정상화","등급 4"
"quest","1F81EA5E45424308","5D045EF1AB73DF70","basic_power.snbt","&f&lTransferring Power","&f&l힘 전송 중","","minecraft:iron_ingot","","적용한 제목 정상화","&f&l전력 전송"
"quest","1F880C6A777B4199","44F441765D7CB182","auroral.snbt","&aAurora Blooms","","","auroral:aurora_bloom","","적용한 제목 정상화","&a오로라 꽃"
"quest","1F88C697817A7680","0F96DC3563DA78EF","elmystical_agriculturerr.snbt","&aInferium Apple","&a인페리움 사과","","mysticalagradditions:inferium_apple","인퍼륨 사과","적용한 제목 정상화","&a인퍼륨 사과"
"quest","1FA44E8FEE004AB4","22C20C1827FE6805","immersive_engineering.snbt","Safe for &6&lSkyhook&r usage!","&6&l엔지니어의 스카이훅&r 사용에 안전합니다!","","ftbfiltersystem:smart_filter","","적용한 제목 정상화","&6&l공학자의 스카이훅&r 사용에 안전합니다!"
"quest","1FAFDB20F504688E","12AD9789D962B179","apothic_enchanting.snbt","&5&lApothic Enchanting","아포틱 마법 부여","","ftbfiltersystem:smart_filter","","적용한 제목 정상화","&5&lApothic Enchanting"
"quest","1FC1588A131B6A4A","792AD692F1468B1F","achapter_2r_6the_atm_star.snbt","&6&lRunic Star Altar","&6&l룬 문자 별 제단","","modern_industrialization:star_altar","","적용한 제목 정상화","&6&l룬 별 제단"
"quest","1FC88A3BFCE6C9D7","0A093D8C4429B627","mekanism_reactors.snbt","Pants","","","mekanism:module_motorized_servo_unit","","적용한 제목 정상화","바지"
"quest","1FC88A3BFCE6C9D7","0A093D8C4429B627","mekanism_reactors.snbt","&8Motorized Servo &7Unit","","","mekanism:module_motorized_servo_unit","","적용한 제목 정상화","&8전동 서보 &7유닛"
"quest","1FCC474860587169","5103E2D95685ADFF","chapter_2_the_star.snbt","&6Smelter Prism","&6제련로 프리즘","","forbidden_arcanus:smelter_prism","제련 프리즘","적용한 제목 정상화","&6제련 프리즘"
"quest","1FCF946B7BE3C0BD","65A95C2312976E49","undergarden.snbt","&cUtheric&r Tools","&c유서릭&r 도구","","undergarden:utherium_sword","우테리움 검","적용한 제목 정상화","&c우테릭&r 도구"
"quest","1FD60B7448CED1EB","7A5C327771634A7D","building_tips.snbt","&b&lMacaw's Fences and Walls","&b&l마카우의 울타리 및 담장","","ftbfiltersystem:smart_filter","","적용한 제목 정상화","&b&lMacaw's Fences and Walls"
"quest","1FE052F643401232","1DB294A8F8686321","storage.snbt","The Base for Upgrades","업그레이드를 위한 기반","","sophisticatedbackpacks:upgrade_base","업그레이드 기반 부품","적용한 제목 정상화","업그레이드의 기반"
"quest","1FE47F03B5DF492D","4293754F9B2D05F0","allthemodium.snbt","&5Unobtainium Arcanist Armor","&5언옵테늄 비전술사 갑옷","","ftbfiltersystem:smart_filter","","적용한 제목 정상화","&5Unobtainium 비전술사 방어구"
"quest","1FFF00B5D90C3905","792AD692F1468B1F","achapter_2r_6the_atm_star.snbt","&bArcane Crystals","&b아케인 크리스탈","","forbidden_arcanus:arcane_crystal","비전 수정","적용한 제목 정상화","&b비전 수정"
"quest","2002AB7D061007FA","4EBB2171D5A3AAAC","forbidden__arcanus.snbt","&6Artisan Relic","&6장인의 유물","","forbidden_arcanus:artisan_relic","장인 유물","적용한 제목 정상화","&6장인 유물"
"quest","2002C7EB13626AE7","0731FA8830F28280","apotheosis_gear.snbt","&6Sigil of Enhancement","","","apotheosis:sigil_of_enhancement","향상의 인장","적용한 제목 정상화","&6향상의 인장"
"quest","20054D077AFE3F56","0A093D8C4429B627","mekanism_reactors.snbt","&3Plutonium Pellets","","","mekanism:pellet_plutonium","플루토늄 알갱이","적용한 제목 정상화","&3플루토늄 펠릿"
"quest","2011638351B67396","59395B6806F2A98A","cataclysm.snbt","&9Astrape","","","cataclysm:astrape","아스트라페","적용한 제목 정상화","&9아스트라페"
"quest","201E3E41018F9521","13B172FA69904D9F","deeper_and_darker.snbt","&6Gloomy Cacti","","","deeperdarker:gloomy_cactus","음울한 선인장","적용한 제목 정상화","&6음울한 선인장"
"quest","201EE3566D4D3123","4293754F9B2D05F0","allthemodium.snbt","&6Allthemodium Ingot","&6올더모듐 주괴","","allthemodium:allthemodium_ingot","Allthemodium 주괴","적용한 제목 정상화","&6Allthemodium 주괴"
"quest","205DE46ABA1CCC8F","26E6ED94168A05C4","productive_bees.snbt","Made in Alloy Smelter","","","productivebees:configurable_honeycomb","벌집","적용한 제목 정상화","합금 제련기에서 제작"
"quest","205DE46ABA1CCC8F","26E6ED94168A05C4","productive_bees.snbt","Conductive Alloy Bee","","","productivebees:configurable_honeycomb","벌집","적용한 제목 정상화","전도성 합금 벌"
"quest","206918773B0BD7A0","48410B67C276ED1F","bumblezone.snbt","A Last First Last","마지막 처음 마지막","","the_bumblezone:music_disc_a_last_first_last","음반","적용한 제목 정상화","A Last First Last"
"quest","2077D64428E9C067","07210DDF872160BA","applied_energistics_2.snbt","This has a use outside of crafting cables.","이것은 케이블 제작 외에도 다른 용도가 있습니다.","","ae2:quartz_fiber","석영 섬유","적용한 제목 정상화","케이블 제작 말고도 쓸모가 있어요"
"quest","2077D64428E9C067","07210DDF872160BA","applied_energistics_2.snbt","Forgot to Mention","언급하는 것을 잊었습니다","","ae2:quartz_fiber","석영 섬유","적용한 제목 정상화","빠뜨린 이야기"
"quest","2086C73688C8BA51","26E6ED94168A05C4","productive_bees.snbt","Feed a Bucket of Sulfuric Acid to Lava Bee","","","productivebees:configurable_honeycomb","벌집","적용한 제목 정상화","용암 벌에게 황산 양동이를 먹이세요"
"quest","2086C73688C8BA51","26E6ED94168A05C4","productive_bees.snbt","Sulfuric Acid Bee","","","productivebees:configurable_honeycomb","벌집","적용한 제목 정상화","황산 벌"
"quest","208F759905CF7744","4EEDECACDE8F5A67","oritech.snbt","Yes, there are drones","","","oritech:drone_port_block","드론 포트","적용한 제목 정상화","그래요, 드론도 있습니다"
"quest","20C2A09007E1309A","24151251C8730F2E","aether.snbt","&dGravitite","","","aether:enchanted_gravitite","마법이 부여된 그래비타이트","적용한 제목 정상화","&d그래비타이트"
"quest","20C3AADEE2D4800D","007B547630FF0478","theurgy.snbt","Fluid Movement","액체 이동","","theurgy:logistics_fluid_inserter","수은 유체 삽입기","적용한 제목 정상화","유체 이동"
"quest","20D705C99BD11F18","6AEC23C6D526F362","eternal_starlight.snbt","&cStarfire Axe","","","eternal_starlight:starfire_axe","별불꽃 도끼","적용한 제목 정상화","&c스타파이어 도끼"
"quest","20D8DA523E900A52","0B826D13BAD43EEB","draconic_evolution.snbt","Wireless Energy Link","","","draconicevolution:item_wyvern_energy_link","무선 에너지 연결기","적용한 제목 정상화","무선 에너지 연결기"
"quest","20D957B3C350CDE2","24151251C8730F2E","aether.snbt","&dGravitite&r Armor","","","ftbfiltersystem:smart_filter","","적용한 제목 정상화","&d그래비타이트&r 갑옷"
"quest","20DDAC076A2479A8","1FAAEF0B9FD05CB9","productive_trees.snbt","Purple Spiral + Sparkle Cherry","보라색 나선 + 반짝이 벚나무","","productivetrees:night_fuchsia_sapling","나이트 퓨샤 묘목","적용한 제목 정상화","Purple Spiral + Sparkle Cherry"
"quest","20E5C888891FBCFE","48410B67C276ED1F","bumblezone.snbt","&bEssence of Calming","&b진정 라텍스","","the_bumblezone:essence_calming","평온의 정수","적용한 제목 정상화","&b평온의 정수"
"quest","210542B036255FBF","5D8E83698AEF1092","ice__fire.snbt","&5&lLightning DragonForge","","","iceandfire:dragon_bone_block","드래곤 뼈 블록","적용한 제목 정상화","&5&l번개 드래곤 대장간"
"quest","212EC1F41227184D","7732CF7AAA63DB3A","twilight_forest.snbt","&9Scepter of Twilight","&9황혼의 지배","","twilightforest:twilight_scepter","황혼의 홀","적용한 제목 정상화","&9황혼의 홀"
"quest","212EF8601746C500","0F96DC3563DA78EF","elmystical_agriculturerr.snbt","&9Imperium Apple","&9임페리움 사과","","mysticalagradditions:imperium_apple","임퍼륨 사과","적용한 제목 정상화","&9임퍼륨 사과"
"quest","21398F45428CD1D1","13B172FA69904D9F","deeper_and_darker.snbt","&6Bloom Berries","","","deeperdarker:bloom_berries","개화 열매","적용한 제목 정상화","&6개화 열매"
"quest","2156C00E30424844","1D42B373285DEF81","silent_gear.snbt","&l&cFoundry&r &4Tanks","","","productivemetalworks:black_foundry_tank","검은색 주조소 탱크","적용한 제목 정상화","&c&l주조소&r &4탱크"
"quest","2158A566C2F54AA9","0B826D13BAD43EEB","draconic_evolution.snbt","Draconic Shield Control Module","","","draconicevolution:item_draconic_shield_control","드라코닉 보호막 제어 모듈","적용한 제목 정상화","드라코닉 보호막 제어 모듈"
"quest","216DA9782EBDFF34","5103E2D95685ADFF","chapter_2_the_star.snbt","&b&lOccultism","&b&l오컬티즘","","occultism:datura_seeds","악령의 꿈 씨앗","적용한 제목 정상화","&b&lOccultism"
"quest","2171DC0B13C4BD43","5103E2D95685ADFF","chapter_2_the_star.snbt","&a&lRoots Classic","&a&l루츠 클래식","","rootsclassic:verdant_sprig","초록빛 가지","적용한 제목 정상화","&a&lRoots Classic"
"quest","219932CB19258C16","07210DDF872160BA","applied_energistics_2.snbt","16k Storage Component","16k 저장소 구성 요소","","ae2:cell_component_16k","16k ME 저장 부품","적용한 제목 정상화","16k 저장 부품"
"quest","21A0FD474FBB49F7","59395B6806F2A98A","cataclysm.snbt","&dRuined Citadel&r: Home of the &d&lEnder Guardian&r","&d폐허가 된 성채&r: &d&l엔더 가디언&r의 Home","","","","적용한 제목 정상화","&d폐허가 된 성채&r: &d&l엔더 수호자&r의 거처"
"quest","21A4FE1741E4E78C","0D990A1D1E088701","mi_steam.snbt","Infinite Resources","","","modern_industrialization:steam_quarry","증기 채석기","적용한 제목 정상화","무한 자원"
"quest","21AB14A8553896E9","5103E2D95685ADFF","chapter_2_the_star.snbt","&2&lProductive Trees","&2&l프로덕티브 나무","","productivetrees:pollen","꽃가루","적용한 제목 정상화","&2&lProductive Trees"
"quest","21B96130EA516B82","4791C8461B1B4D5F","basic_armor.snbt","&8Pneumatic Armor","&8공압 갑옷","","pneumaticcraft:pneumatic_helmet","공압 헬멧","적용한 제목 정상화","&8공압 방어구"
"quest","21BEE9867796933A","11919EBB416B2BD0","relics.snbt","Call your mounts, store them safely, and master the ride","타이가 또는 눈 덮인 타이가의 마을에서 발견됩니다.","","relics:rider_flute","기수의 피리","적용한 제목 정상화","탈것을 부르고 안전하게 보관해 능숙하게 다루세요"
"quest","21BEE9867796933A","11919EBB416B2BD0","relics.snbt","&cRider Flute&r","&9양모 벙어리장갑","","relics:rider_flute","기수의 피리","적용한 제목 정상화","&c기수의 피리&r"
"quest","21BFDE6AD1C0F62A","48410B67C276ED1F","bumblezone.snbt","&8B&6e&8e&r Variants","&8벌&6의 &8종류&r","","","","적용한 제목 정상화","&8벌&6변&8종&r"
"quest","21C2458FED19363C","0E81CBCD6B1D1895","apotheosis_2.snbt","Industrial Foregoing's Spawner","","","industrialforegoing:mob_duplicator","몹 복제기","적용한 제목 정상화","Industrial Foregoing 생성기"
"quest","21D323D95F5A7DB3","43BB00A7A7E1042C","mahou_tsukai.snbt","Strong Stick","튼튼한 막대기","","minecraft:stick","","적용한 제목 정상화","강화된 막대기"
"quest","21D8B88155648EA6","23983F4DC524B14B","mekanism.snbt","&l&5Machines","","","mekanism:steel_casing","강철 케이싱","적용한 제목 정상화","&l&5기계"
"quest","21F3379C904BFD50","23983F4DC524B14B","mekanism.snbt","&6Resistive Heater","","","mekanism:resistive_heater","전기 저항 가열기","적용한 제목 정상화","&6전기 저항 가열기"
"quest","21FDF07571B5DCA7","26E6ED94168A05C4","productive_bees.snbt","Feed Primogel Goo to an Iron Bee","","","productivebees:configurable_honeycomb","벌집","적용한 제목 정상화","Primogel Goo를 철 벌에게 먹이세요"
"quest","21FDF07571B5DCA7","26E6ED94168A05C4","productive_bees.snbt","Ferricore Bee","","","productivebees:configurable_honeycomb","벌집","적용한 제목 정상화","페리코어 벌"
"quest","2215FB0777D7029D","7AF827D2D101D343","artifacts.snbt","&7Steadfast Boots&r","&7견고한 부츠&r","","artifacts:steadfast_spikes","견고한 스파이크","적용한 제목 정상화","&7견고한 스파이크&r"
"quest","22171982D22CE15F","0A093D8C4429B627","mekanism_reactors.snbt","Bodyarmor","","","mekanism:module_charge_distribution_unit","","적용한 제목 정상화","흉갑"
"quest","22171982D22CE15F","0A093D8C4429B627","mekanism_reactors.snbt","&aCharge Distribution &7Units","","","mekanism:module_charge_distribution_unit","","적용한 제목 정상화","&a전하 분배 &7단위"
"quest","2226555D9552236E","26E6ED94168A05C4","productive_bees.snbt","Spawns from most Wood Nests","대부분의 나무 둥지에서 스폰됩니다","","","","적용한 제목 정상화","대부분의 나무 둥지에서 생성됩니다"
"quest","224716A537F2FFA0","12AD9789D962B179","apothic_enchanting.snbt","&8Armor Tomes","","","ftbfiltersystem:smart_filter","","적용한 제목 정상화","&8방어구의 서"
"quest","224CE21E56703F6E","0F96DC3563DA78EF","elmystical_agriculturerr.snbt","&2Wand","&2지팡이","","mysticalagriculture:wand","마법봉","적용한 제목 정상화","&2마법봉"
"quest","22647504C37E547C","26E6ED94168A05C4","productive_bees.snbt","Feed a Cyanite Block to a Radioactive Bee","","","productivebees:configurable_honeycomb","벌집","적용한 제목 정상화","방사성 벌에게 시아나이트 블록 먹이기"
"quest","22647504C37E547C","26E6ED94168A05C4","productive_bees.snbt","Cyanite Bee","","","productivebees:configurable_honeycomb","벌집","적용한 제목 정상화","시아나이트 벌"
"quest","226B8B60AF864FEF","4293754F9B2D05F0","allthemodium.snbt","&3Vibranium Smithing Template&r","&3바이브라늄 대장장이 형판&r","","allthemodium:vibranium_upgrade_smithing_template","Vibranium 대장장이 형판","적용한 제목 정상화","&3Vibranium 대장장이 형판&r"
"quest","227BEFEF59977CC4","1FAAEF0B9FD05CB9","productive_trees.snbt","Rosewood + Teak","장미목 + 티크","","productivetrees:cinnamon_sapling","계피나무 묘목","적용한 제목 정상화","자단 + 티크"
"quest","227DBA8836021B0B","6AEDA2F9BEB57759","ars_nouveau.snbt","Storing Source","근원 저장 중","","ars_nouveau:source_jar","마나 단지","적용한 제목 정상화","마나 저장"
"quest","227E9783382527CA","23983F4DC524B14B","mekanism.snbt","&cFree Runners","","","mekanism:free_runners","프리 러너","적용한 제목 정상화","&c프리 러너"
"quest","2296CE4418AE62D4","4791C8461B1B4D5F","basic_armor.snbt","&6Allthemodium Arcanist Gear","&6올더모듐 비전술사 장비","","allthearcanistgear:allthemodium_hat","Allthemodium 비전술사 모자","적용한 제목 정상화","&6Allthemodium 비전술사 장비"
"quest","22A0A9C81A5C85A1","1D42B373285DEF81","silent_gear.snbt","Holding everything together","모든 것을 함께 잡고 있기","","silentgear:binding_blueprint","","적용한 제목 정상화","모든 부품을 하나로 묶기"
"quest","22AD9DF2BCC04575","5C4F10E65D86ED0E","mi_electric.snbt","Creating the energy","","","","","적용한 제목 정상화","에너지 만들기"
"quest","22AD9DF2BCC04575","5C4F10E65D86ED0E","mi_electric.snbt","Electricity Generation","","","","","적용한 제목 정상화","전기 생산"
"quest","22ADCF96AE3E609B","7A72E12C3839D165","natures_aura.snbt","Ancient Trees","고대의 나무","","naturesaura:ancient_sapling","고대 묘목","적용한 제목 정상화","고대 나무"
"quest","22B8D57337944D9C","56B11606F5F4DAB2","mi_digital.snbt","&#F069F0Titanium Ingot","","","modern_industrialization:titanium_ingot","티타늄 주괴","적용한 제목 정상화","&#F069F0티타늄 주괴"
"quest","22BB55249EF2E819","48410B67C276ED1F","bumblezone.snbt","Welcome to the Bumble!","Bumble에 오신 것을 환영합니다!","","ftbfiltersystem:smart_filter","","적용한 제목 정상화","윙윙거리는 세계에 오신 것을 환영합니다!"
"quest","22BB55249EF2E819","48410B67C276ED1F","bumblezone.snbt","&l&6The Bumblezone!","&l&6범블존!","","ftbfiltersystem:smart_filter","","적용한 제목 정상화","&l&6The Bumblezone!"
"quest","22C4318523A43B49","07210DDF872160BA","applied_energistics_2.snbt","[Linux user joke goes here]","[리눅스 사용자 농담이 여기에]","","ae2:terminal","ME 터미널","적용한 제목 정상화","[리눅스 사용자 농담이 들어갈 자리]"
"quest","22CB17C102BB6773","76A0FBADACAD322B","neo_vitae.snbt","Refining the Tau","","","neovitae:tau_oil","","적용한 제목 정상화","타우 정제"
"quest","22CF5AD56C1BB8D5","26E6ED94168A05C4","productive_bees.snbt","Feed a Dark Block to a Diamond Bee","","","productivebees:configurable_honeycomb","벌집","적용한 제목 정상화","다이아몬드 벌에게 다크 블록 먹이기"
"quest","22CF5AD56C1BB8D5","26E6ED94168A05C4","productive_bees.snbt","Dark Gem Bee","","","productivebees:configurable_honeycomb","벌집","적용한 제목 정상화","다크 젬 벌"
"quest","22D383BAEF8A2B39","0B826D13BAD43EEB","draconic_evolution.snbt","Draconic Staff","","","draconicevolution:draconic_staff","드라코닉 힘의 지팡이","적용한 제목 정상화","드라코닉 힘의 지팡이"
"quest","22E007025C19EC0A","7A5C327771634A7D","building_tips.snbt","&l&7Railcraft&r Stones","&l&7레일크래프트&r 돌","","ftbfiltersystem:smart_filter","","적용한 제목 정상화","&l&7Railcraft&r 돌"
"quest","22F80D267321BFC5","15AAF17B6665223D","refined_storage.snbt","&3Managing Autocrafters","","","refinedstorage:autocrafter_manager","자동 제작기 관리자","적용한 제목 정상화","&3자동 제작기 관리"
"quest","2329AA0AFBEF1E13","3DEB33F78398EAD6","basic_logistics.snbt","&l&ePipez","&l&e파이프즈","","pipez:wrench","파이프 렌치","적용한 제목 정상화","&l&ePipez"
"quest","234DC1702333EB18","07210DDF872160BA","applied_energistics_2.snbt","I'm not writing the Toy Story line","나는 토이 스토리 대사를 쓰는 게 아니야","","aeinfinitybooster:infinity_card","무한 범위 부스터","적용한 제목 정상화","토이 스토리 대사는 안 쓸 거예요"
"quest","234DC1702333EB18","07210DDF872160BA","applied_energistics_2.snbt","Infinity Booster","무한 부스터","","aeinfinitybooster:infinity_card","무한 범위 부스터","적용한 제목 정상화","무한 범위 부스터"
"quest","235E3C386E8D36A3","12AD9789D962B179","apothic_enchanting.snbt","&9Deepshelf","&9깊은 선반","","apothic_enchanting:deepshelf","깊은 책장","적용한 제목 정상화","&9깊은 책장"
"quest","236C936FE3BA8396","0B826D13BAD43EEB","draconic_evolution.snbt","Chaotic Flight Module","","","draconicevolution:item_chaotic_flight","카오틱 비행 모듈","적용한 제목 정상화","카오틱 비행 모듈"
"quest","23708582B1064C9D","0D990A1D1E088701","mi_steam.snbt","Capacitance and Resistance","","","modern_industrialization:resistor","저항","적용한 제목 정상화","정전 용량과 저항"
"quest","23820B0DCEC022D1","26E6ED94168A05C4","productive_bees.snbt","Resin + Lumber","","","productivebees:configurable_honeycomb","벌집","적용한 제목 정상화","수지 + 벌목"
"quest","23820B0DCEC022D1","26E6ED94168A05C4","productive_bees.snbt","Plastic Bee","","","productivebees:configurable_honeycomb","벌집","적용한 제목 정상화","플라스틱 벌"
"quest","23A5F5C9BC7B5CC7","1FAAEF0B9FD05CB9","productive_trees.snbt","Plum + Walnut","자두 + 호두","","productivetrees:almond_sapling","아몬드 묘목","적용한 제목 정상화","자두 + 호두나무"
"quest","23AE395433AED3C0","5103E2D95685ADFF","chapter_2_the_star.snbt","&6&lThe Star's&r Casing","&6&l별의&r 케이스","","allthemodium:unobtainium_allthemodium_alloy_block","Unobtainium-Allthemodium 합금 블록","적용한 제목 정상화","&6&l별의&r 외장"
"quest","23B68F19A04AF5D7","0A093D8C4429B627","mekanism_reactors.snbt","Pants","","","mekanism:module_gyroscopic_stabilization_unit","","적용한 제목 정상화","바지"
"quest","23B68F19A04AF5D7","0A093D8C4429B627","mekanism_reactors.snbt","Gyroscopic Stabilization &7Unit","","","mekanism:module_gyroscopic_stabilization_unit","","적용한 제목 정상화","자이로스코프 안정화 &7유닛"
"quest","23F691FC053F2319","15AAF17B6665223D","refined_storage.snbt","No more Manipulation!","","","refinedstorage:disk_interface","디스크 인터페이스","적용한 제목 정상화","이제 디스크 조작은 그만!"
"quest","23FDFA44A162023A","22C20C1827FE6805","immersive_engineering.snbt","&6Engineer's Workbench","&6엔지니어의 워크벤치","","immersiveengineering:workbench","공학자의 작업대","적용한 제목 정상화","&6공학자의 작업대"
"quest","24042326B4632DD4","5E31DF282998B992","pneumaticcraft.snbt","Transporting Items/Fluids","아이템/액체 운송","","pneumaticcraft:logistics_core","물류 코어","적용한 제목 정상화","아이템/유체 운송"
"quest","24285F25F9563B02","0D990A1D1E088701","mi_steam.snbt","Basics of Electronics","","","modern_industrialization:analog_circuit","아날로그 회로","적용한 제목 정상화","전자 공학의 기초"
"quest","242C183437A4CCD4","24151251C8730F2E","aether.snbt","&7Sentry Boots","","","aether:sentry_boots","센트리 장화","적용한 제목 정상화","&7센트리 장화"
"quest","24310BEACE75749D","4EEDECACDE8F5A67","oritech.snbt","Making it worth","","","","","적용한 제목 정상화","쓸모 있게 만들기"
"quest","24391162F4FF0587","12AD9789D962B179","apothic_enchanting.snbt","&bInfused Seashelf","&b주입된 바다 선반","","apothic_enchanting:infused_seashelf","주입된 바다 책장","적용한 제목 정상화","&b주입된 바다 책장"
"quest","244ACD7024566001","26E6ED94168A05C4","productive_bees.snbt","Feed a Sweat Bee Ice","땀샘 꿀벌 아이스에게 먹이를 주세요","","productivebees:configurable_honeycomb","벌집","적용한 제목 정상화","땀 벌에게 얼음 먹이기"
"quest","244ACD7024566001","26E6ED94168A05C4","productive_bees.snbt","Frosty Bee","프로스티 벌","","productivebees:configurable_honeycomb","벌집","적용한 제목 정상화","서리 벌"
"quest","24599D45F5D1606E","7A72E12C3839D165","natures_aura.snbt","&bAura Trove","&b오라 트로브","","naturesaura:aura_trove","오라 저장고","적용한 제목 정상화","&b오라 저장고"
"quest","24846776077B52C3","26E6ED94168A05C4","productive_bees.snbt","Infusion Crafting","","","productivebees:configurable_honeycomb","벌집","적용한 제목 정상화","주입 제작"
"quest","24846776077B52C3","26E6ED94168A05C4","productive_bees.snbt","Supremium Bee","","","productivebees:configurable_honeycomb","벌집","적용한 제목 정상화","수프레뮴 벌"
"quest","24888CAD50B32B04","26E6ED94168A05C4","productive_bees.snbt","Spawned using a Stone Nest","돌 둥지를 사용하여 생성됨","","","","적용한 제목 정상화","돌 둥지에서 생성"
"quest","249E5C6893387E15","2FB24A5A597459FC","railcraft.snbt","&cTrack Kits&r for stopping &7Carts&r","&c카트&r를 멈추기 위한 &7선로 키트&r","","ftbfiltersystem:smart_filter","","적용한 제목 정상화","&c광산 수레&r를 멈추기 위한 &7선로 키트&r"
"quest","24B147D251D0CFFF","26E6ED94168A05C4","productive_bees.snbt","Feed Blazebloom Goo to Gold Bee","","","productivebees:configurable_honeycomb","벌집","적용한 제목 정상화","Blazebloom Goo를 금 벌에게 먹이세요."
"quest","24B147D251D0CFFF","26E6ED94168A05C4","productive_bees.snbt","Blazegold Bee","","","productivebees:configurable_honeycomb","벌집","적용한 제목 정상화","블레이즈골드 벌"
"quest","24BA664B60E49461","23983F4DC524B14B","mekanism.snbt","&6Cardboard Box","","","mekanism:cardboard_box","골판지 상자","적용한 제목 정상화","&6골판지 상자"
"quest","24C0619EB4A13CA3","76A0FBADACAD322B","neo_vitae.snbt","Laying the Veins","","","neovitae:routing_conduit","","적용한 제목 정상화","혈관 깔기"
"quest","24C757B8AA6841F6","12AD9789D962B179","apothic_enchanting.snbt","Making a real &3Trident","진짜 삼지창 만들기","","apothic_enchanting:inert_trident","불활성 삼지창","적용한 제목 정상화","진짜 &3삼지창 만들기"
"quest","24D11ED5F4EEDC48","0731FA8830F28280","apotheosis_gear.snbt","&9Sigil of Socketing","","","apotheosis:sigil_of_socketing","소켓의 인장","적용한 제목 정상화","&9소켓의 인장"
"quest","24D3F605315ADB03","15AAF17B6665223D","refined_storage.snbt","&dWireless Universal Grid","","","universalgrid:wireless_universal_grid","무선 통합 그리드","적용한 제목 정상화","&d무선 통합 그리드"
"quest","24E124F12CFF2A50","24151251C8730F2E","aether.snbt","&l&7The Slider","","","","","적용한 제목 정상화","&l&7슬라이더"
"quest","24E658BA47367A44","100C477F4E63F20A","create.snbt","&aRope Pulley","","","create:rope_pulley","밧줄 도르래","적용한 제목 정상화","&a밧줄 도르래"
"quest","24E800EEC2CAD626","0A093D8C4429B627","mekanism_reactors.snbt","Bodyarmor","","","mekanism:module_geiger_unit","","적용한 제목 정상화","흉갑"
"quest","24E800EEC2CAD626","0A093D8C4429B627","mekanism_reactors.snbt","&2Geiger &7Unit","","","mekanism:module_geiger_unit","","적용한 제목 정상화","&2가이거 &7유닛"
"quest","24F3E90C14BFD1B4","5103E2D95685ADFF","chapter_2_the_star.snbt","&7&lModern Industrialization","&7&l모던 인더스트리얼라이제이션","","modern_industrialization:forge_hammer","단조 망치","적용한 제목 정상화","&7&lModern Industrialization"
"quest","24FCFF18296ED907","12AD9789D962B179","apothic_enchanting.snbt","&9Soul-Touched Sculkshelf","&9영혼이 깃든 스컬크 책장","","apothic_enchanting:soul_touched_sculkshelf","영혼에 닿은 스컬크 책장","적용한 제목 정상화","&9영혼에 닿은 스컬크 책장"
"quest","24FDA15A7ACDF021","4791C8461B1B4D5F","basic_armor.snbt","&5Unobtainium Mage Outfit","&5언옵테늄 마법사 복장","","allthewizardgear:unobtainium_mage_helmet","Unobtainium 마법사 모자","적용한 제목 정상화","&5Unobtainium 마법사 장비"
"quest","25080E3295B1DF01","73180B829B960E63","generators.snbt","&5Unobtainium Furnace","&5언옵테늄 화로","","ironfurnaces:unobtainium_furnace","Unobtainium 화로","적용한 제목 정상화","&5Unobtainium 화로"
"quest","252AD9C886DE45C8","6AEC23C6D526F362","eternal_starlight.snbt","&9Twilight Gaze","황혼 응시","","","","적용한 제목 정상화","&9황혼의 시선"
"quest","256C3DBA392B4236","5C4F10E65D86ED0E","mi_electric.snbt","9 Tiny Dusts give 1 Dust","","","modern_industrialization:chromium_dust","크롬 가루","적용한 제목 정상화","작은 가루 9개로 가루 1개"
"quest","257893DD23BF5017","65A95C2312976E49","undergarden.snbt","&3Rogdorium","","","undergarden:rogdorium","로그도리움","적용한 제목 정상화","&3로그도리움"
"quest","2580135392DEF522","193F91842D2ED7D9","industrial_foregoing.snbt","HNN but for crops?","","","industrialforegoing:hydroponic_simulation_processor","수경 재배 모의 처리기","적용한 제목 정상화","HNN이지만 농작물용인가요?"
"quest","2580135392DEF522","193F91842D2ED7D9","industrial_foregoing.snbt","Simulated Hydroponic Bed","","","industrialforegoing:hydroponic_simulation_processor","수경 재배 모의 처리기","적용한 제목 정상화","모의 수경 재배대"
"quest","2583E4890619044E","6AEC23C6D526F362","eternal_starlight.snbt","&6Thermal Springstone Sword","","","eternal_starlight:thermal_springstone_sword","열기 스프링스톤 검","적용한 제목 정상화","&6온천석 검"
"quest","258B4890CF13D199","76DF5FAA7961E5E7","iron_spells_and_spellbooks.snbt","&aMagehunter","","","irons_spellbooks:magehunter","마법사 사냥꾼","적용한 제목 정상화","&a마법사 사냥꾼"
"quest","25B45E8FBC9705B3","6AEC23C6D526F362","eternal_starlight.snbt","&dStarlit Diamond Axe","","","eternal_starlight:starlit_diamond_axe","별빛 다이아몬드 도끼","적용한 제목 정상화","&d별빛 다이아몬드 도끼"
"quest","25D4406CB86C8CBB","3C78926E5D301BA0","extreme_reactors.snbt","The Fluidizer","액체화 장치","","bigreactors:fluidizercontroller","유체화기 제어기","적용한 제목 정상화","유체화기"
"quest","25DBA00422301EDC","07210DDF872160BA","applied_energistics_2.snbt","4M Storage Component","4M 저장소 구성 요소","","megacells:cell_component_4m","4M MEGA 저장 부품","적용한 제목 정상화","4M MEGA 저장 부품"
"quest","25E782DB4309A1B8","6AEC23C6D526F362","eternal_starlight.snbt","&3Aurora Deer Antlers","","","eternal_starlight:aurora_deer_antler","오로라 사슴뿔","적용한 제목 정상화","&3오로라 사슴 뿔"
"quest","25EFC21A3C48E0B6","2A6EBEEBAB882679","powah.snbt","Tier: &2Spirited","티어: &2활발한","","powah:crystal_spirited","스피리티드 수정","적용한 제목 정상화","등급: &2스피리티드"
"quest","25F4D4A723B298A4","1FAAEF0B9FD05CB9","productive_trees.snbt","Red Delicious Apple + Birch","레드 딜리셔스 사과 + 자작나무","","productivetrees:prairie_crabapple_sapling","프레리 크랩애플 묘목","적용한 제목 정상화","Red Delicious Apple + 자작나무"
"quest","25F79B40579B3909","76DF5FAA7961E5E7","iron_spells_and_spellbooks.snbt","&5Decrepit Flamberge","","","irons_spellbooks:keeper_flamberge","오래된 플람베르주","적용한 제목 정상화","&5오래된 플람베르주"
"quest","2607F3DC07049785","7AF827D2D101D343","artifacts.snbt","&6Plastic Drinking Hat","&6양산형 플라스틱 모자","","artifacts:plastic_drinking_hat","플라스틱 음료 모자","적용한 제목 정상화","&6플라스틱 음료 모자"
"quest","260C7F3C1F51221D","4791C8461B1B4D5F","basic_armor.snbt","&aArchevoker Outfit","&a고대 소환사의 복장","","irons_spellbooks:archevoker_helmet","대소환사의 모자","적용한 제목 정상화","&a대소환사의 복장"
"quest","262B307753106817","48410B67C276ED1F","bumblezone.snbt","Drowning in Despair","절망 속에 익사하기","","the_bumblezone:music_disc_drowning_in_despair","음반","적용한 제목 정상화","Drowning in Despair"
"quest","263860CADB3D76C6","0E81CBCD6B1D1895","apotheosis_2.snbt","EnderIO's Spawner","","","enderio:powered_spawner","동력 스포너","적용한 제목 정상화","Ender IO 스포너"
"quest","263FBD9ED2756190","1FAAEF0B9FD05CB9","productive_trees.snbt","Walnut + Coconut","호두 + 코코넛","","productivetrees:pandanus_sapling","판다누스 묘목","적용한 제목 정상화","호두나무 + 코코넛"
"quest","264BFB8C5F79616F","26E6ED94168A05C4","productive_bees.snbt","Lures the Sweat Bee in Cold Biomes","차가운 생물 군계에서 땀샘 꿀벌을 유인합니다.","","productivebees:snow_nest","눈 둥지","적용한 제목 정상화","추운 생물 군계에서 땀 벌 유인"
"quest","265D0DB0E8CED73B","0B826D13BAD43EEB","draconic_evolution.snbt","Draconic Projectile Gravity Compensation Module","","","draconicevolution:item_draconic_proj_grav_comp","드라코닉 발사체 중력 보상 모듈","적용한 제목 정상화","드라코닉 발사체 중력 보상 모듈"
"quest","2664373E8977E7BE","76DF5FAA7961E5E7","iron_spells_and_spellbooks.snbt","&4Vampiric Spellbook","","","irons_spellbooks:cursed_doll_spell_book","흡혈귀의 주문서","적용한 제목 정상화","&4뱀파이어 주문서"
"quest","268768465119632A","1FAAEF0B9FD05CB9","productive_trees.snbt","Aspen + Alder","아스펜 + 오리나무","","productivetrees:elderberry_sapling","엘더베리 묘목","적용한 제목 정상화","사시나무 + 오리나무"
"quest","26988E22BD019628","1DB294A8F8686321","storage.snbt","&eAuto-Blasting Upgrade","&e자동 용광로 기능","","sophisticatedbackpacks:auto_blasting_upgrade","자동 용광로 업그레이드","적용한 제목 정상화","&e자동 용광로 업그레이드"
"quest","26B3AE1E77A84BCB","26E6ED94168A05C4","productive_bees.snbt","Sky Osmium Bee","","","productivebees:configurable_honeycomb","벌집","적용한 제목 정상화","스카이 오스뮴 벌"
"quest","26B462F2F41A77C7","007B547630FF0478","theurgy.snbt","&bPlant Salt","&b소금 심기","","theurgy:alchemical_salt_plant","연금술 소금 %s","적용한 제목 정상화","&b식물 소금"
"quest","26B9909717528D5E","26E6ED94168A05C4","productive_bees.snbt","Found in the Undergarden","","","productivebees:configurable_honeycomb","벌집","적용한 제목 정상화","The Undergarden에서 발견"
"quest","26B9909717528D5E","26E6ED94168A05C4","productive_bees.snbt","Utheric Bee","","","productivebees:configurable_honeycomb","벌집","적용한 제목 정상화","우테릭 벌"
"quest","26D6FC091B7A8B38","24151251C8730F2E","aether.snbt","&eSilver Key","","","aether:silver_dungeon_key","은 열쇠","적용한 제목 정상화","&e은 열쇠"
"quest","26DF1427AC3966DE","0B826D13BAD43EEB","draconic_evolution.snbt","Draconic Evolution","","","draconicevolution:draconium_dust","드라코늄 가루","적용한 제목 정상화","Draconic Evolution"
"quest","26F9DB31A835B69C","1D42B373285DEF81","silent_gear.snbt","Casting Items","","","productivemetalworks:casting_table","주조대","적용한 제목 정상화","아이템 주조"
"quest","26FADB78B04F592B","7A5C327771634A7D","building_tips.snbt","&l&aBuilding Gadgets&r","&l&a건축 도구&r","","ftbfiltersystem:smart_filter","","적용한 제목 정상화","&l&aBuilding Gadgets&r"
"quest","26FB7A789981BD3C","26E6ED94168A05C4","productive_bees.snbt","Feed a Graphite Block to a Coal Bee","","","productivebees:configurable_honeycomb","벌집","적용한 제목 정상화","석탄 벌에게 흑연 블록 먹이기"
"quest","26FB7A789981BD3C","26E6ED94168A05C4","productive_bees.snbt","Graphite Bee","","","productivebees:configurable_honeycomb","벌집","적용한 제목 정상화","석묵 벌"
"quest","270498437D938DD4","48410B67C276ED1F","bumblezone.snbt","Potion Candle","향초","","the_bumblezone:potion_candle","물약 양초","적용한 제목 정상화","물약 양초"
"quest","27195E9A3482C158","0A093D8C4429B627","mekanism_reactors.snbt","Helmet","","","mekanism:module_inhalation_purification_unit","","적용한 제목 정상화","헬멧"
"quest","27195E9A3482C158","0A093D8C4429B627","mekanism_reactors.snbt","&bInhalation Purification &7Unit","","","mekanism:module_inhalation_purification_unit","","적용한 제목 정상화","&b흡입정제 &7단위"
"quest","271A112ABDD923A6","6AEC23C6D526F362","eternal_starlight.snbt","&9Banyin Trees","","","eternal_starlight:banyin_sapling","바닌나무 묘목","적용한 제목 정상화","&9바닌 나무"
"quest","272CF280BAE6870E","4293754F9B2D05F0","allthemodium.snbt","&6Allthemodium Mage Armor","&6올더모듐 마법사 갑옷","","ftbfiltersystem:smart_filter","","적용한 제목 정상화","&6Allthemodium 마법사 방어구"
"quest","2738184B6A688D2C","5D8E83698AEF1092","ice__fire.snbt","&8Stmphalian Arrows","","","iceandfire:stymphalian_arrow","스팀팔리안 새의 화살","적용한 제목 정상화","&8스탬팔리안 화살"
"quest","2747AEE1F7F97848","0A093D8C4429B627","mekanism_reactors.snbt","Pants","","","mekanism:module_locomotive_boosting_unit","","적용한 제목 정상화","바지"
"quest","2747AEE1F7F97848","0A093D8C4429B627","mekanism_reactors.snbt","&eLocomotive Boosting &7Unit","","","mekanism:module_locomotive_boosting_unit","","적용한 제목 정상화","&e기관차 부스팅 &7유닛"
"quest","27512B0434531195","23983F4DC524B14B","mekanism.snbt","&c&lChemical Injection Chamber","","","mekanism:chemical_injection_chamber","화학 주입실","적용한 제목 정상화","&c&l화학 주입실"
"quest","2782EA80C1C74EBD","193F91842D2ED7D9","industrial_foregoing.snbt","Endless Gateway Crusher, too","","","industrialforegoing:mob_crusher","몹 분쇄기","적용한 제목 정상화","끝없는 게이트웨이 크러셔도 마찬가지입니다."
"quest","2790EB2E347D28DE","59395B6806F2A98A","cataclysm.snbt","Defeat all Cataclysm bosses","","","","","적용한 제목 정상화","L_Ender's Cataclysm의 모든 보스를 쓰러뜨리세요"
"quest","27CF1A2587321A2C","76DF5FAA7961E5E7","iron_spells_and_spellbooks.snbt","&5Unobtainium&r Spell Book","&5언옵테늄&r 주문서","","allthewizardgear:unobtainium_spell_book","Unobtainium 주문서","적용한 제목 정상화","&5Unobtainium&r 주문서"
"quest","27D8E62556F7CE8D","6AEC23C6D526F362","eternal_starlight.snbt","&6Thermal Springstone Hoe","","","eternal_starlight:thermal_springstone_hoe","열기 스프링스톤 괭이","적용한 제목 정상화","&6온천석 괭이"
"quest","27E951F4F4F6F847","7AF827D2D101D343","artifacts.snbt","&cFlame Pendant&r","&c화염 펜던트&r","","artifacts:flame_pendant","불꽃 펜던트","적용한 제목 정상화","&c불꽃 펜던트&r"
"quest","27F62C4B42B16015","24151251C8730F2E","aether.snbt","&eAether Portal","","","minecraft:glowstone","","적용한 제목 정상화","&eThe Aether 차원문"
"quest","27FC0C092EE00532","51A2FE60D8B76FC6","extended__advanced_ae.snbt","not to be confused with the me caner","","","extendedae:caner","ME 주입기","적용한 제목 정상화","영문명 Canner와 Caner를 혼동하지 마세요"
"quest","27FC0C092EE00532","51A2FE60D8B76FC6","extended__advanced_ae.snbt","Can this Liquid: The ME Canner","","","extendedae:caner","ME 주입기","적용한 제목 정상화","이 유체를 담아 보세요: ME 주입기"
"quest","282AEEC832FFC8D7","6AEC23C6D526F362","eternal_starlight.snbt","&4Amaramber Axe","","","eternal_starlight:amaramber_axe","아마램버 도끼","적용한 제목 정상화","&4아마램버 도끼"
"quest","282CE3A088AE5CFB","732824E03978A934","mainquestline_part_1.snbt","Putting the Craft in Minecraft","Minecraft에 제작을 더하다","","minecraft:crafting_table","","적용한 제목 정상화","Minecraft의 핵심, 제작"
"quest","2837E05AD0B67189","1BE666F01EFFC00D","tips_and_tricks.snbt","A way to get Spawn Eggs","","","mob_grinding_utils:mob_swab","몹 면봉","적용한 제목 정상화","스폰 알을 얻는 방법"
"quest","285656AF1F870AF8","0B826D13BAD43EEB","draconic_evolution.snbt","Draconium Chest","","","draconicevolution:draconium_chest","드라코늄 상자","적용한 제목 정상화","드라코늄 상자"
"quest","285B3FB38B12F8CA","007B547630FF0478","theurgy.snbt","Making &dSal Ammoniac","&d염화암모늄 만들기","","theurgy:sal_ammoniac_accumulator","염화 암모늄 농축기","적용한 제목 정상화","&d염화 암모늄 제조"
"quest","2869AB982799CF0C","2FB24A5A597459FC","railcraft.snbt","&cTrack Kit&r One Way","&c궤도 키트&r 단방향","","railcraft:one_way_track_kit","단방향 선로 키트","적용한 제목 정상화","&c선로 키트&r 단방향"
"quest","2872C4229702B077","6AEC23C6D526F362","eternal_starlight.snbt","&bGlacite Pickaxe","","","eternal_starlight:glacite_pickaxe","글라사이트 곡괭이","적용한 제목 정상화","&b글라사이트 곡괭이"
"quest","288406DE6DA31BA6","22C20C1827FE6805","immersive_engineering.snbt","&8&lImmersive Engineering&r Power!","&8&l이머시브 엔지니어링&r 힘!","","immersiveengineering:wirecutter","공학자의 전선 절단기","적용한 제목 정상화","&8&lImmersive Engineering&r 힘!"
"quest","2893F483C10293E6","07210DDF872160BA","applied_energistics_2.snbt","Virtual Storage System","버추얼 스토리지 시스템","","ftbfiltersystem:smart_filter","","적용한 제목 정상화","가상 저장 시스템"
"quest","2893F483C10293E6","07210DDF872160BA","applied_energistics_2.snbt","Applied Energistics 2","어플라이드 에너제틱스 2","","ftbfiltersystem:smart_filter","","적용한 제목 정상화","Applied Energistics 2"
"quest","28AE3B536D23E138","26E6ED94168A05C4","productive_bees.snbt","Infusion Crafting","","","productivebees:configurable_honeycomb","벌집","적용한 제목 정상화","주입 제작"
"quest","28AE3B536D23E138","26E6ED94168A05C4","productive_bees.snbt","Inferium Bee","","","productivebees:configurable_honeycomb","벌집","적용한 제목 정상화","인퍼륨 벌"
"quest","28AF8DD34412CBAA","0B826D13BAD43EEB","draconic_evolution.snbt","Draconic Speed Module","","","draconicevolution:item_draconic_speed","드라코닉 속도 모듈","적용한 제목 정상화","드라코닉 속도 모듈"
"quest","28DB59B20109D0D4","5103E2D95685ADFF","chapter_2_the_star.snbt","&6&lOritech","","","oritech:magnetic_coil","자기 코일","적용한 제목 정상화","&6&lOritech"
"quest","28E60192912BEBAD","1BE666F01EFFC00D","tips_and_tricks.snbt","Villagers, made easy","쉬운 주민","","easy_villagers:villager","주민","적용한 제목 정상화","주민 관리가 쉬워집니다"
"quest","28E60192912BEBAD","1BE666F01EFFC00D","tips_and_tricks.snbt","&l&2Easy Villagers","&l&2쉬운 주민","","easy_villagers:villager","주민","적용한 제목 정상화","&l&2Easy Villagers"
"quest","28E99A6E17E86709","22C20C1827FE6805","immersive_engineering.snbt","Moving &bFluids","액체 &b이동","","immersiveengineering:fluid_pipe","유체 파이프","적용한 제목 정상화","유체 &b이동"
"quest","290C1416EA2B5DF2","4EEDECACDE8F5A67","oritech.snbt","They seem a bit dry","","","oritech:silicon_wafer","실리콘 웨이퍼","적용한 제목 정상화","좀 건조한 것 같아"
"quest","29131C3532610ADF","1D42B373285DEF81","silent_gear.snbt","Tier 2 Starlight Charger Pillar Cap","2티어 별빛 충전기 기둥 덮개","","silentgear:azure_electrum_block","하늘빛 호박금 블록","적용한 제목 정상화","2단계 별빛 충전기 기둥 덮개"
"quest","291C76140DE97E3C","59395B6806F2A98A","cataclysm.snbt","&bIgnitium","&b이그니티움","","cataclysm:ignitium_ingot","이그니티움 주괴","적용한 제목 정상화","&b이그니티움 주괴"
"quest","291EE514A1602C46","1FAAEF0B9FD05CB9","productive_trees.snbt","Balsa + Flowering Azalea","발사 + 꽃 핀 진달래","","productivetrees:rose_gum_sapling","로즈 유칼립투스 묘목","적용한 제목 정상화","발사 + 꽃 핀 철쭉"
"quest","29283BF1B6ED3634","6AEC23C6D526F362","eternal_starlight.snbt","&7Mechanical &3Crossbow","","","eternal_starlight:mechanical_crossbow","기계식 쇠뇌","적용한 제목 정상화","&7기계식 &3쇠뇌"
"quest","29434DB0CC2E30E6","4EBB2171D5A3AAAC","forbidden__arcanus.snbt","&6Deorum","&6Deorum","","forbidden_arcanus:deorum_ingot","데오룸 주괴","적용한 제목 정상화","&6데오룸"
"quest","294418130521FDF4","76DF5FAA7961E5E7","iron_spells_and_spellbooks.snbt","Getting &bMithril","","","irons_spellbooks:raw_mithril","미스릴 원석","적용한 제목 정상화","&b미스릴 얻기"
"quest","295C77EEC89000FC","6AEDA2F9BEB57759","ars_nouveau.snbt","Generates Source from Mob Deaths and Animal Breeding","몹 죽음과 동물 번식으로부터 근원을 생성합니다","","ars_nouveau:vitalic_sourcelink","생명의 마나링크","적용한 제목 정상화","몹 처치와 동물 번식으로 마나 생성"
"quest","295EB6CFEC029AE2","0B826D13BAD43EEB","draconic_evolution.snbt","Adding OP to items","","","draconicevolution:energy_transfuser","에너지 전송기","적용한 제목 정상화","아이템에 OP 추가"
"quest","29605960803BE885","76DF5FAA7961E5E7","iron_spells_and_spellbooks.snbt","&dAmethyst Rapier","","","irons_spellbooks:amethyst_rapier","자수정 레이피어","적용한 제목 정상화","&d자수정 레이피어"
"quest","2960FFE0C53DFEB1","4C507C004144BFEE","occultism.snbt","The ""Even More Everything"" Ritual","""훨씬 더 많은 모든 것"" 의식","","minecraft:wither_rose","","적용한 제목 정상화","""더 많은 것"" 의식"
"quest","2960FFE0C53DFEB1","4C507C004144BFEE","occultism.snbt","&cSevira's Permanent Confinement","&c세비라의 영구 감금","","minecraft:wither_rose","","적용한 제목 정상화","&cSevira's Permanent Confinement"
"quest","2982D38BD5EE6349","26E6ED94168A05C4","productive_bees.snbt","Warped Shroombee","뒤틀린 슈룸비","","productivebees:configurable_honeycomb","벌집","적용한 제목 정상화","Warped Shroombee"
"quest","298458E916F65407","76A0FBADACAD322B","neo_vitae.snbt","The Aura Between Worlds","","","neovitae:vas_maleficum","","적용한 제목 정상화","세계 사이의 오라"
"quest","298963543B99734E","6AEC23C6D526F362","eternal_starlight.snbt","Coral Blocks","","","eternal_starlight:dead_tentacles_coral_block","죽은 촉수 산호 블록","적용한 제목 정상화","산호 블록"
"quest","298A7BED5C2C7582","0A093D8C4429B627","mekanism_reactors.snbt","Storage","","","ftbfiltersystem:smart_filter","","적용한 제목 정상화","저장"
"quest","298A7BED5C2C7582","0A093D8C4429B627","mekanism_reactors.snbt","&aInduction Cells","","","ftbfiltersystem:smart_filter","","적용한 제목 정상화","&a유도세포"
"quest","29917E6196649F5D","100C477F4E63F20A","create.snbt","Speed","","","create:speedometer","속도 계측기","적용한 제목 정상화","속도"
"quest","2993EAB4850B7172","1FAAEF0B9FD05CB9","productive_trees.snbt","White Willow + Cherry","하얀색 버드나무 + 벚나무","","productivetrees:sour_cherry_sapling","사워 체리 묘목","적용한 제목 정상화","흰버드나무 + 벚나무"
"quest","29A1E1FF02BD9219","6AEC23C6D526F362","eternal_starlight.snbt","&3Starlight Forest","별빛 숲","","","","적용한 제목 정상화","&3별빛 숲"
"quest","29A71E780923874E","26E6ED94168A05C4","productive_bees.snbt","Nomad + Reed","","","productivebees:configurable_honeycomb","벌집","적용한 제목 정상화","유목민 + 갈대"
"quest","29A71E780923874E","26E6ED94168A05C4","productive_bees.snbt","Silicon Bee","","","productivebees:configurable_honeycomb","벌집","적용한 제목 정상화","실리콘 벌"
"quest","29BDCF3C1B11B4C6","76DF5FAA7961E5E7","iron_spells_and_spellbooks.snbt","&6Pyrium Staff","","","irons_spellbooks:pyrium_staff","파이리움 지팡이","적용한 제목 정상화","&6파이리움 지팡이"
"quest","29C83B00AC4AFC23","4C507C004144BFEE","occultism.snbt","What's Next?","다음은 무엇일까요?","","","","적용한 제목 정상화","다음은 무엇입니까?"
"quest","29C9F8719DA63D8D","22C20C1827FE6805","immersive_engineering.snbt","&2&lBuzzsaw","&2&l원형 톱","","immersiveengineering:buzzsaw","원형톱","적용한 제목 정상화","&2&l원형톱"
"quest","29D28983E0200A3C","5103E2D95685ADFF","chapter_2_the_star.snbt","&d&lArs Nouveau","&d&l아르스 누보","","ars_nouveau:source_gem","마나 보석","적용한 제목 정상화","&d&lArs Nouveau"
"quest","29DF2E7D0402284F","48410B67C276ED1F","bumblezone.snbt","Radiance","광채","","the_bumblezone:music_disc_radiance_renren","음반","적용한 제목 정상화","Radiance"
"quest","29E2033EA65E706E","48410B67C276ED1F","bumblezone.snbt","A ""Slime Rancher""","""슬라임 랜처""","","","","적용한 제목 정상화","""슬라임 목장주"""
"quest","29E6EFC8C19912BD","24151251C8730F2E","aether.snbt","&7Sentries","","","","","적용한 제목 정상화","&7센트리"
"quest","29E9E361DDC8041B","48410B67C276ED1F","bumblezone.snbt","Sun Banner Pattern","해 현수막 무늬","","the_bumblezone:banner_pattern_sun","현수막 무늬","적용한 제목 정상화","태양 현수막 무늬"
"quest","29EA8E178F8F8FDB","0731FA8830F28280","apotheosis_gear.snbt","&9&lSimple Reforging Table","","","apotheosis:simple_reforging_table","간이 재련 작업대","적용한 제목 정상화","&9&l간이 재련 작업대"
"quest","29EC143D7E0347DE","6AEC23C6D526F362","eternal_starlight.snbt","&8Dagger of Hunger","","","eternal_starlight:dagger_of_hunger","허기의 단검","적용한 제목 정상화","&8굶주림의 단검"
"quest","29EE878BC8D3A742","26E6ED94168A05C4","productive_bees.snbt","Capturing Bees!","벌 변환!","","productivebees:bee_cage","벌 케이지","적용한 제목 정상화","벌 포획!"
"quest","2A032EC573B5316C","0731FA8830F28280","apotheosis_gear.snbt","&lWorld Tier: &2Frontier","","","","","적용한 제목 정상화","&l월드 티어: &2개척지"
"quest","2A14A47E40A97329","6AEC23C6D526F362","eternal_starlight.snbt","&aAlchemist Mask","","","eternal_starlight:alchemist_mask","연금술사 가면","적용한 제목 정상화","&a연금술사 가면"
"quest","2A1BFB2E0F1F3312","22C20C1827FE6805","immersive_engineering.snbt","&5&lRailgun&r Ammo from &2&lMinecraft","&5&l레일건&r 탄약, &2&lMinecraft 에서","","ftbfiltersystem:smart_filter","","적용한 제목 정상화","&5&l레일건&r 탄약: &2&lMinecraft에서 획득"
"quest","2A2041098C069772","65A95C2312976E49","undergarden.snbt","&7Denizen","","","","","적용한 제목 정상화","&7거주민"
"quest","2A26CE0E88B62002","5D8E83698AEF1092","ice__fire.snbt","&4Eye of Cyclops","","","iceandfire:cyclops_eye","키클롭스의 눈","적용한 제목 정상화","&4키클롭스의 눈"
"quest","2A3683BF7E50EF83","4C507C004144BFEE","occultism.snbt","Tools of the Trade: Infused Pickaxe","직업의 도구: 주입된 곡괭이","","occultism:infused_pickaxe","주입된 곡괭이","적용한 제목 정상화","전문 도구: 주입된 곡괭이"
"quest","2A444F4CCC72545D","5103E2D95685ADFF","chapter_2_the_star.snbt","&5Abyssal Sacrifice","","","cataclysm:abyssal_sacrifice","심연의 제물","적용한 제목 정상화","&5심연의 제물"
"quest","2A5004EB99AE4F96","4C507C004144BFEE","occultism.snbt","Quit eating that fruit!","그 과일 먹는 것을 그만둬!","","occultism:otherworld_goggles","이계 고글","적용한 제목 정상화","그 과일 그만 먹어!"
"quest","2A5004EB99AE4F96","4C507C004144BFEE","occultism.snbt","Tools of the Trade: Spectral Goggles","거래의 도구: 분광 고글","","occultism:otherworld_goggles","이계 고글","적용한 제목 정상화","거래 도구: 이계 고글"
"quest","2A559D527BC88DEC","26E6ED94168A05C4","productive_bees.snbt","Sky Steel Bee","","","productivebees:configurable_honeycomb","벌집","적용한 제목 정상화","스카이 스틸 벌"
"quest","2A5C5B44E9643A5D","0B826D13BAD43EEB","draconic_evolution.snbt","Chaotic Speed Module","","","draconicevolution:item_chaotic_speed","카오틱 속도 모듈","적용한 제목 정상화","카오틱 속도 모듈"
"quest","2A69272FD3C57924","4EEDECACDE8F5A67","oritech.snbt","Slightly better","","","oritech:machine_core_3","개량 기계 핵","적용한 제목 정상화","약간 더 좋음"
"quest","2A793B35FE25003C","23983F4DC524B14B","mekanism.snbt","&c&lChemical &eOxidizer","","","mekanism:chemical_oxidizer","화학적 산화 장치","적용한 제목 정상화","&c&l&e화학적 산화 장치"
"quest","2A95F4F998835B43","56B11606F5F4DAB2","mi_digital.snbt","9 Nuggets -> 1 Ingot","","","modern_industrialization:tungsten_ingot","텅스텐 주괴","적용한 제목 정상화","조각 9개 -> 주괴 1개"
"quest","2AA08313F927981E","0B826D13BAD43EEB","draconic_evolution.snbt","Wyvern Speed Module","","","draconicevolution:item_wyvern_speed","와이번 속도 모듈","적용한 제목 정상화","와이번 속도 모듈"
"quest","2AA407EB0BF2922E","1FAAEF0B9FD05CB9","productive_trees.snbt","Sweetgum + Loblolly","스위트검 + 로블롤리","","productivetrees:rubber_tree_sapling","고무나무 묘목","적용한 제목 정상화","풍나무 + 로블로리"
"quest","2AAE61752728EA8D","0B826D13BAD43EEB","draconic_evolution.snbt","Mining Stabilizer Module","","","draconicevolution:item_wyvern_mining_stability","채굴 안정기 모듈","적용한 제목 정상화","채굴 안정기 모듈"
"quest","2AB0FA084739827A","2FB24A5A597459FC","railcraft.snbt","&9Tunnel Bore, Bore Head","&9터널 보어, 보어 헤드","","ftbfiltersystem:smart_filter","","적용한 제목 정상화","&9터널 굴착기, 굴착기 헤드"
"quest","2AB2456B6B8EEAD8","44F441765D7CB182","auroral.snbt","&5Shimmerweave Armor","","","ftbfiltersystem:smart_filter","","적용한 제목 정상화","&5쉬머위브 방어구"
"quest","2AD68066C1948C90","4C507C004144BFEE","occultism.snbt","Maximum Summon","최대 소환","","minecraft:diamond_block","","적용한 제목 정상화","최대 소환수"
"quest","2AD68066C1948C90","4C507C004144BFEE","occultism.snbt","&9Fatma's Incentivized Attraction","&9Fatma의 인센티브 매력","","minecraft:diamond_block","","적용한 제목 정상화","&9Fatma's Incentivized Attraction"
"quest","2AD78E22988A92D3","7AF827D2D101D343","artifacts.snbt","&2Night Vision Goggles","&2야간 투시 고글","","artifacts:night_vision_goggles","야간 투시경","적용한 제목 정상화","&2야간 투시경"
"quest","2AEA51044AD44BE8","100C477F4E63F20A","create.snbt","&eDepot","","","create:depot","보관소","적용한 제목 정상화","&e보관소"
"quest","2AEC294578952BFD","26E6ED94168A05C4","productive_bees.snbt","Lapis + Skeletal","","","ftbfiltersystem:smart_filter","","적용한 제목 정상화","청금석 + 골격"
"quest","2AEC294578952BFD","26E6ED94168A05C4","productive_bees.snbt","Dye Bee","","","ftbfiltersystem:smart_filter","","적용한 제목 정상화","염료 벌"
"quest","2AED15E3AC0346FE","5E31DF282998B992","pneumaticcraft.snbt","Simple Upgrades","간단한 상위 버전으로 변환","","minecraft:lapis_lazuli","","적용한 제목 정상화","간단한 업그레이드"
"quest","2AEEDCC6826CF4AB","26E6ED94168A05C4","productive_bees.snbt","Fishy Business","","","productivebees:configurable_honeycomb","벌집","적용한 제목 정상화","수상한 물고기 벌 장사"
"quest","2AEEDCC6826CF4AB","26E6ED94168A05C4","productive_bees.snbt","Oily Bee","","","productivebees:configurable_honeycomb","벌집","적용한 제목 정상화","기름 벌"
"quest","2AFAE2215A774DBA","44F441765D7CB182","auroral.snbt","&5Shimmerweave Fabric","","","auroral:shimmerweave_fabric","","적용한 제목 정상화","&5쉬머위브 원단"
"quest","2B08B19B35EEBCBA","11919EBB416B2BD0","relics.snbt","Hope you brought fire resistance... you didn’t? Good luck.","","","","","적용한 제목 정상화","화염 저항을 챙겼겠죠... 안 챙겼다고요? 행운을 빌어요."
"quest","2B0C3AAAA6D0B0D2","5103E2D95685ADFF","chapter_2_the_star.snbt","&aUranium Quad Fuel Rods","&a우라늄 사중 연료 막대","","modern_industrialization:uranium_fuel_rod_quad","우라늄 사중 연료봉","적용한 제목 정상화","&a우라늄 사중 연료봉"
"quest","2B27E4E04A628C60","15AAF17B6665223D","refined_storage.snbt","&eSpeeding Everything Up!","","","refinedstorage:speed_upgrade","속도 업그레이드","적용한 제목 정상화","&e모든 작업을 더 빠르게!"
"quest","2B2BB53FA86A07B7","5D8E83698AEF1092","ice__fire.snbt","Ice Bucket Challenge!","","","minecraft:water_bucket","","적용한 제목 정상화","아이스 버킷 챌린지!"
"quest","2B4801CD3E90BD40","7A5C327771634A7D","building_tips.snbt","&l&3Handcrafted&r","&l&3수제&r","","ftbfiltersystem:smart_filter","","적용한 제목 정상화","&l&3Handcrafted&r"
"quest","2B4D4E741D855B5A","7A72E12C3839D165","natures_aura.snbt","&dIngots of the Depths","&d심해의 주괴","","naturesaura:depth_ingot","심연 주괴","적용한 제목 정상화","&d심연 주괴"
"quest","2B50E9FC93812730","59395B6806F2A98A","cataclysm.snbt","&eDesert Temple","","","","","적용한 제목 정상화","&e사막 신전"
"quest","2B57C8D2F98A9279","5103E2D95685ADFF","chapter_2_the_star.snbt","&l&7Pocket Storage","&l&7포켓 보관함","","pocketstorage:psu_1","포켓 저장 장치 등급: 1","적용한 제목 정상화","&l&7Pocket Storage"
"quest","2B5E14A47062F83C","219B7A003658D24F","xycraft.snbt","The R in Roy G. Biv","Roy G. Biv의 R","","xycraft_world:xychorium_gem_red","빨간색 자이코륨 보석","적용한 제목 정상화","ROYGBIV의 R"
"quest","2B5E14A47062F83C","219B7A003658D24F","xycraft.snbt","&cRed Xychorium Gems","&c붉은 자이코륨 젬","","xycraft_world:xychorium_gem_red","빨간색 자이코륨 보석","적용한 제목 정상화","&c빨간색 자이코륨 보석"
"quest","2B6D71DAF72EAFA4","0B826D13BAD43EEB","draconic_evolution.snbt","Wyvern Capacitor","","","draconicevolution:wyvern_capacitor","와이번 커패시터","적용한 제목 정상화","와이번 커패시터"
"quest","2B84A4377688B189","5D8E83698AEF1092","ice__fire.snbt","&9Sea Serpent Scales &fand &9Fangs","","","ftbfiltersystem:smart_filter","","적용한 제목 정상화","&9바다뱀 비늘 &f및 &9송곳니"
"quest","2B864D741F7C7549","7A5C327771634A7D","building_tips.snbt","&lProductive Trees","&l프로덕티브 트리","","ftbfiltersystem:smart_filter","","적용한 제목 정상화","&lProductive Trees"
"quest","2B901ECF97FFA181","76DF5FAA7961E5E7","iron_spells_and_spellbooks.snbt","9th Class","","","irons_spellbooks:eldritch_manuscript","엘드리치 필사본","적용한 제목 정상화","9번째 학파"
"quest","2B90982E3B1E545C","5D8E83698AEF1092","ice__fire.snbt","In game Guide","","","iceandfire:bestiary","괴물 도감","적용한 제목 정상화","게임 가이드에서"
"quest","2BB3DB19D5EFC7E2","100C477F4E63F20A","create.snbt","&dClutch","","","create:clutch","클러치","적용한 제목 정상화","&d클러치"
"quest","2BB910B217DF3A12","76DF5FAA7961E5E7","iron_spells_and_spellbooks.snbt","&dEnder&r Upgrade Orb","&d엔더&r 강화 구슬","","irons_spellbooks:ender_upgrade_orb","엔더 업그레이드 구슬","적용한 제목 정상화","&d엔더 업그레이드 구슬&r"
"quest","2BD077EFE77B8EBB","18A429E7F56AF5A9","bounty_board.snbt","Zombie Variants","좀비 종류","","","","적용한 제목 정상화","좀비 변종"
"quest","2BE538246C672689","26E6ED94168A05C4","productive_bees.snbt","Unobtainium Bee","언옵테이니움 벌","","productivebees:configurable_honeycomb","벌집","적용한 제목 정상화","Unobtainium 벌"
"quest","2BF119DD5D977409","1D42B373285DEF81","silent_gear.snbt","Tier 2 Starlight Charger Catalyst","2티어 별빛 충전기 촉매","","silentgear:azure_silver_dust","하늘빛 은 가루","적용한 제목 정상화","2단계 별빛 충전기 촉매제"
"quest","2C0984E03F308959","1FAAEF0B9FD05CB9","productive_trees.snbt","Pink Ipe + Luck","분홍색 이페 + 행운","","productivetrees:purple_ipe_sapling","보라색 이페 묘목","적용한 제목 정상화","분홍 이페 + 행운"
"quest","2C0DF8D6ED259E5F","59395B6806F2A98A","cataclysm.snbt","&cBron&9tes","","","cataclysm:brontes","브론테스","적용한 제목 정상화","&c브론&9테스"
"quest","2C2958E38293717E","100C477F4E63F20A","create.snbt","&6&lCreate&r 1.21","","","create:cardboard","골판지","적용한 제목 정상화","&6&lCreate&r 1.21"
"quest","2C29683DA28A8D47","26E6ED94168A05C4","productive_bees.snbt","Made in Reprocessor","","","productivebees:configurable_honeycomb","벌집","적용한 제목 정상화","재처리기에서 제작됨"
"quest","2C29683DA28A8D47","26E6ED94168A05C4","productive_bees.snbt","Insanite Bee","","","productivebees:configurable_honeycomb","벌집","적용한 제목 정상화","인새나이트 벌"
"quest","2C387BFA6EE6FDB7","4791C8461B1B4D5F","basic_armor.snbt","&cUtherium Armor","&c유테리움 갑옷","","undergarden:utherium_helmet","우테리움 헬멧","적용한 제목 정상화","&c우테리움 갑옷"
"quest","2C4ECA4F5B1639F4","219B7A003658D24F","xycraft.snbt","&fLight Field","&f빛의 밭","","xycraft_machines:light_field","광원장","적용한 제목 정상화","&f광원장"
"quest","2C7D62231AD6406A","219B7A003658D24F","xycraft.snbt","&bFluid Storage and Manipulation","&b액체 저장 및 조작","","xycraft_machines:port_fluid","유체 포트","적용한 제목 정상화","&b유체 저장 및 운반"
"quest","2C9C4BFF1D89EF82","59395B6806F2A98A","cataclysm.snbt","&3Abandoned Village","","","","","적용한 제목 정상화","&3버려진 마을"
"quest","2CA2B3A1783B4040","1FAAEF0B9FD05CB9","productive_trees.snbt","Aspen + Alder","아스펜 + 오리나무","","productivetrees:rowan_sapling","마가목 묘목","적용한 제목 정상화","사시나무 + 오리나무"
"quest","2CA4D7253DA1825F","26E6ED94168A05C4","productive_bees.snbt","Spawned using a Wood Nest","나무 둥지를 사용하여 생성됨","","","","적용한 제목 정상화","나무 둥지에서 생성"
"quest","2CB69634F6A6E53E","3456E0C530C0038E","evilcraft.snbt","&l&0Dark Temples","&l&0어둠의 사원","","","","적용한 제목 정상화","&l&0다크 신전"
"quest","2CF6EA138B53CE1B","4293754F9B2D05F0","allthemodium.snbt","&5Unobtainium&r - &3Vibranium&r Alloy Ingot","&5언옵테이니움&r - &3바이브라늄&r 합금 주괴","","allthemodium:unobtainium_vibranium_alloy_ingot","Unobtainium-Vibranium 합금 주괴","적용한 제목 정상화","&5Unobtainium&r-&3Vibranium&r 합금 주괴"
"quest","2CF96A264EB5522C","4C507C004144BFEE","occultism.snbt","&9Uphyxes' Inverted Tower","&9Uphyxes의 반전된 탑","","minecraft:dragon_breath","","적용한 제목 정상화","&9Uphyxes' Inverted Tower"
"quest","2CFEE04BA574921E","15AAF17B6665223D","refined_storage.snbt","Placing Blocks!","","","refinedstorage:constructor","설치기","적용한 제목 정상화","블록 설치!"
"quest","2D00F85379A4D591","2FB24A5A597459FC","railcraft.snbt","Item Loader","아이템 로더","","railcraft:item_loader","아이템 적재기","적용한 제목 정상화","아이템 적재기"
"quest","2D0CF18C8B2ABB7D","6AEDA2F9BEB57759","ars_nouveau.snbt","Creates Source using the growth of Plants","식물의 성장을 이용하여 근원을 생성합니다","","ars_nouveau:agronomic_sourcelink","농작물 마나링크","적용한 제목 정상화","식물 성장으로 마나 생성"
"quest","2D1CBCEC82F1B37D","23983F4DC524B14B","mekanism.snbt","&6Fuelwood Heater","","","mekanism:fuelwood_heater","장작 가열기","적용한 제목 정상화","&6장작 가열기"
"quest","2D41B04C75FA02BC","100C477F4E63F20A","create.snbt","&6Mechanical Press","","","create:mechanical_press","기계식 압착기","적용한 제목 정상화","&6기계식 압착기"
"quest","2D457E53BB6D63C7","6AEC23C6D526F362","eternal_starlight.snbt","Permafrost Forest","영구 동토 숲","","","","적용한 제목 정상화","영구동토 숲"
"quest","2D4749DF9642F334","5D045EF1AB73DF70","basic_power.snbt","The power of the Sun, in the palm of your hand","","","dysoncubeproject:em_railejector_controller","","적용한 제목 정상화","손안에 담은 태양의 힘"
"quest","2D4749DF9642F334","5D045EF1AB73DF70","basic_power.snbt","&eDyson Cube","","","dysoncubeproject:em_railejector_controller","","적용한 제목 정상화","&e다이슨 큐브"
"quest","2D69B48F1EFCC9A5","59395B6806F2A98A","cataclysm.snbt","&3Sturdy Boots","","","cataclysm:sturdy_boots","단단한 부츠","적용한 제목 정상화","&3단단한 부츠"
"quest","2D71532A99C167AA","5D8E83698AEF1092","ice__fire.snbt","&3Ampitheres","","","iceandfire:amphithere_feather","암피테레의 깃털","적용한 제목 정상화","&3암피테레"
"quest","2D8026E10FBA7A72","4293754F9B2D05F0","allthemodium.snbt","&6Allthemodium &5Alloy &3Pick","&6올더모듐 &5합금 &3곡괭이","","allthemodium:alloy_pick","Allthemodium 합금 곡괭이","적용한 제목 정상화","&6Allthemodium &5합금 &3곡괭이"
"quest","2D93888313B03029","4791C8461B1B4D5F","basic_armor.snbt","&9Blue Starlight Crystal&r","&9파란색 별빛 수정&r","","eternal_starlight:blue_starlight_crystal_shard","푸른 별빛 수정 조각","적용한 제목 정상화","&9푸른 별빛 수정&r"
"quest","2D96965317D3CFEC","100C477F4E63F20A","create.snbt","&5Conductors","","","create:schedule","열차 운행 일정","적용한 제목 정상화","&5기관사"
"quest","2D9AF97C03C5AEC7","0B826D13BAD43EEB","draconic_evolution.snbt","Advanced Stabilizers","","","draconicevolution:energy_core_stabilizer","에너지 코어 안정기","적용한 제목 정상화","고급 안정기"
"quest","2DA8CE213AC3869B","6AEC23C6D526F362","eternal_starlight.snbt","&bStarlight &dCrystals","","","eternal_starlight:blue_starlight_crystal_block","푸른 별빛 수정 블록","적용한 제목 정상화","&b별빛 &d수정"
"quest","2DB2A4A1182FE0BB","0B826D13BAD43EEB","draconic_evolution.snbt","Stores: 356,000,000,000 RF","","","draconicevolution:energy_core_stabilizer","에너지 코어 안정기","적용한 제목 정상화","저장 용량: 356,000,000,000 RF"
"quest","2DB2A4A1182FE0BB","0B826D13BAD43EEB","draconic_evolution.snbt","Tier 6","","","draconicevolution:energy_core_stabilizer","에너지 코어 안정기","적용한 제목 정상화","등급 6"
"quest","2DC4446A644A4079","0A093D8C4429B627","mekanism_reactors.snbt","&6Hazmat Suit","","","mekanism:hazmat_mask","방호복 마스크","적용한 제목 정상화","&6방호복"
"quest","2DC639C39AE90272","1FAAEF0B9FD05CB9","productive_trees.snbt","Yellow Meranti + Rose Gum","노란색 메란티 + 로즈 검","","productivetrees:swamp_gum_sapling","늪지 유칼립투스 묘목","적용한 제목 정상화","노란 메란티 + 로즈 유칼립투스"
"quest","2DFFEB29B6CBFD99","26E6ED94168A05C4","productive_bees.snbt","Iron + Blue Banded","철 + 파란띠무늬","","productivebees:configurable_honeycomb","벌집","적용한 제목 정상화","철 + 파란색 줄무늬"
"quest","2E0275C21D3F0DA3","26E6ED94168A05C4","productive_bees.snbt","Wyvern Fusion Crafting","","","productivebees:configurable_honeycomb","벌집","적용한 제목 정상화","와이번 퓨전 크래프팅"
"quest","2E0275C21D3F0DA3","26E6ED94168A05C4","productive_bees.snbt","Draconium Bee","","","productivebees:configurable_honeycomb","벌집","적용한 제목 정상화","드라코늄 벌"
"quest","2E05F4FB1A1FDE2D","24151251C8730F2E","aether.snbt","&9Blue Swet","","","","","적용한 제목 정상화","&9푸른 스웨트"
"quest","2E22A601DC126B7B","76A0FBADACAD322B","neo_vitae.snbt","The crystalline cradle.","","","neovitae:crystallarium_maleficum","","적용한 제목 정상화","수정이 태어나는 요람."
"quest","2E22A601DC126B7B","76A0FBADACAD322B","neo_vitae.snbt","Crystals from Nothing","","","neovitae:crystallarium_maleficum","","적용한 제목 정상화","무에서 태어난 수정"
"quest","2E2811D1A0F2A492","15AAF17B6665223D","refined_storage.snbt","Better Signal","","","refinedstorage:range_upgrade","범위 업그레이드","적용한 제목 정상화","더 좋은 신호"
"quest","2E2811D1A0F2A492","15AAF17B6665223D","refined_storage.snbt","&bIncreasing Wifi Range","","","refinedstorage:range_upgrade","범위 업그레이드","적용한 제목 정상화","&b무선 범위 확장"
"quest","2E29DC243E8AD61E","6AEC23C6D526F362","eternal_starlight.snbt","&9Shimmer Lacewing","쉬머 레이스윙","","","","적용한 제목 정상화","&9쉬머 풀잠자리"
"quest","2E51F09F6D9E5EF8","26E6ED94168A05C4","productive_bees.snbt","Farmer + Rancher","농부 + 목장장","","","","적용한 제목 정상화","농부 + 목장주"
"quest","2E61219FC0BAB675","51A2FE60D8B76FC6","extended__advanced_ae.snbt","Up to +5 Reach","","","advanced_ae:reach_card","도달 거리 카드","적용한 제목 정상화","도달 거리 최대 +5"
"quest","2E6F1C8718EB8C66","76DF5FAA7961E5E7","iron_spells_and_spellbooks.snbt","&4Blood&r Upgrade Orb","&4피&r 강화 구슬","","irons_spellbooks:blood_upgrade_orb","피 업그레이드 구슬","적용한 제목 정상화","&4피 업그레이드 구슬&r"
"quest","2E6F761585C1FB4D","1FAAEF0B9FD05CB9","productive_trees.snbt","Ash + Silver Lime","재 + 은색 라임","","productivetrees:elm_sapling","느릅나무 묘목","적용한 제목 정상화","물푸레나무 + 은피나무"
"quest","2E74B5149D4BD0A0","0B826D13BAD43EEB","draconic_evolution.snbt","Basic Energy Relay Crystal","","","draconicevolution:basic_relay_crystal","기본 에너지 중계 수정","적용한 제목 정상화","기본 에너지 중계 수정"
"quest","2E7D6A54B361B727","5D8E83698AEF1092","ice__fire.snbt","&8Stymphalian Dagger","","","iceandfire:stymphalian_bird_dagger","스팀팔리안 새 단검","적용한 제목 정상화","&8스팀팔리안 단검"
"quest","2E85D6E2CFCC356E","73180B829B960E63","generators.snbt","&3Vibranium Furnace","&3바이브라늄 화로","","ironfurnaces:vibranium_furnace","Vibranium 화로","적용한 제목 정상화","&3Vibranium 화로"
"quest","2E89A03BA809634E","22C20C1827FE6805","immersive_engineering.snbt","&9Specialized Projectiles Blueprints ","&9특수 투사체 청사진","","immersiveengineering:blueprint","공학자의 설계도","적용한 제목 정상화","&9특수 투사체 설계도"
"quest","2E8F851A4E98F741","5E31DF282998B992","pneumaticcraft.snbt","Compressed Iron Man","압축된 아이언 맨","","pneumaticcraft:pneumatic_helmet","공압 헬멧","적용한 제목 정상화","압축 아이언맨"
"quest","2E8F851A4E98F741","5E31DF282998B992","pneumaticcraft.snbt","Pneumatic Armor","공압 갑옷","","pneumaticcraft:pneumatic_helmet","공압 헬멧","적용한 제목 정상화","공압 방어구"
"quest","2E9C035EEE7E5C34","05E614FDA677D85E","food_and_farming.snbt","We're doing this the Old Fashioned way","우리는 이 일을 옛날 방식으로 하고 있습니다.","","minecraft:lead","","적용한 제목 정상화","옛날 방식대로"
"quest","2E9D1131DC21CC5B","22C20C1827FE6805","immersive_engineering.snbt","&8&lImmersive Engineering","&8&l이머시브 엔지니어링","","immersiveengineering:hammer","공학자의 망치","적용한 제목 정상화","&8&lImmersive Engineering"
"quest","2E9D3DA2DF3E3AC9","6AEC23C6D526F362","eternal_starlight.snbt","&5Petal &bScythe","","","eternal_starlight:petal_scythe","꽃잎 대낫","적용한 제목 정상화","&5꽃잎 &b낫"
"quest","2EA0C74AE7366656","23983F4DC524B14B","mekanism.snbt","&aPortable Teleporter","","","mekanism:portable_teleporter","휴대용 텔레포터","적용한 제목 정상화","&a휴대용 텔레포터"
"quest","2EB96FF06627FD9A","1D42B373285DEF81","silent_gear.snbt","Breaking down (some) items!","(몇몇) 아이템 분해!","","silentgear:salvager","회수기","적용한 제목 정상화","(일부) 아이템 분해!"
"quest","2EB96FF06627FD9A","1D42B373285DEF81","silent_gear.snbt","Salvager","분해기","","silentgear:salvager","회수기","적용한 제목 정상화","회수기"
"quest","2EE8FCB63A338BC4","73180B829B960E63","generators.snbt","&zRainbow Furnace","&c레&6인&e보&2우 &3용&9광&5로&c &6화&e로&2&3 &9 &5","","ironfurnaces:million_furnace","무지개 화로","적용한 제목 정상화","&z무지개 화로"
"quest","2EEBCCE507CF5D67","44F441765D7CB182","auroral.snbt","&dCold Brewing Stand","","","auroral:cold_brewing_stand","","적용한 제목 정상화","&d냉기 양조기"
"quest","2EF0C033C540A7B1","5C4F10E65D86ED0E","mi_electric.snbt","Ruby Processing","","","modern_industrialization:chromium_crushed_dust","분쇄된 크롬 가루","적용한 제목 정상화","루비 처리"
"quest","2F2597122C6202EF","26E6ED94168A05C4","productive_bees.snbt","Made in the Atomic Forge","","","productivebees:configurable_honeycomb","벌집","적용한 제목 정상화","원자 제련소에서 제작"
"quest","2F2597122C6202EF","26E6ED94168A05C4","productive_bees.snbt","Prometheum Bee","","","productivebees:configurable_honeycomb","벌집","적용한 제목 정상화","프로메테움 벌"
"quest","2F4458E9921DEB86","3DEB33F78398EAD6","basic_logistics.snbt","&aGas Pipez&r","&a가스 파이프z&r","","pipez:gas_pipe","가스 파이프","적용한 제목 정상화","&a가스 파이프&r"
"quest","2F5263A4166BFCD6","5712300EF4E5E846","pylons.snbt","Accidental Destruction no more!","","","pylons:protection_pylon","보호 파일런","적용한 제목 정상화","이제 실수로 파괴하지 마세요!"
"quest","2FB231069D2E4E77","07210DDF872160BA","applied_energistics_2.snbt","Creating your first Storage Cell","첫 번째 저장소 셀 생성 중","","ae2:cell_component_1k","1k ME 저장 부품","적용한 제목 정상화","첫 저장 셀 만들기"
"quest","2FB85057F0F9CE7A","44F441765D7CB182","auroral.snbt","&dAurora Shards","","","auroral:aurora_shard","","적용한 제목 정상화","&d오로라 파편"
"quest","2FC15D3916DBF4E4","1DB294A8F8686321","storage.snbt","More Filtering Options","기타 필터링 설정","","sophisticatedbackpacks:advanced_void_upgrade","고급 제거 업그레이드","적용한 제목 정상화","추가 필터 옵션"
"quest","2FC15D3916DBF4E4","1DB294A8F8686321","storage.snbt","&eAdvanced Void Upgrade","&e고급 공허 업그레이드","","sophisticatedbackpacks:advanced_void_upgrade","고급 제거 업그레이드","적용한 제목 정상화","&e고급 제거 업그레이드"
"quest","2FD22502E6481269","4C507C004144BFEE","occultism.snbt","Trinity Gem","삼위일체 젬","","occultism:trinity_gem","트리니티 젬","적용한 제목 정상화","트리니티 젬"
"quest","2FE088899C1AF39B","26E6ED94168A05C4","productive_bees.snbt","Made in Alloy Smelter","","","productivebees:configurable_honeycomb","벌집","적용한 제목 정상화","합금 제련기에서 제작"
"quest","2FE088899C1AF39B","26E6ED94168A05C4","productive_bees.snbt","Dark Steel Bee","","","productivebees:configurable_honeycomb","벌집","적용한 제목 정상화","다크 스틸 벌"
"quest","3003598CE8B1FAAA","56B11606F5F4DAB2","mi_digital.snbt","Better Technology","","","modern_industrialization:advanced_pump","고급 펌프","적용한 제목 정상화","더 나은 기술"
"quest","3003598CE8B1FAAA","56B11606F5F4DAB2","mi_digital.snbt","More Advanced Components","","","modern_industrialization:advanced_pump","고급 펌프","적용한 제목 정상화","더욱 고급인 부품"
"quest","300F2E45D185A9A1","76DF5FAA7961E5E7","iron_spells_and_spellbooks.snbt","&lIron's Spells 'N Spellbooks","&l아이언의 마법과 주문서","","irons_spellbooks:arcane_essence","비전 정수","적용한 제목 정상화","&lIron's Spells 'n Spellbooks"
"quest","3029E1E133B91ED8","100C477F4E63F20A","create.snbt","&6Mechanical Drill","","","create:mechanical_drill","기계식 드릴","적용한 제목 정상화","&6기계식 드릴"
"quest","302E9BC711779A4A","0A093D8C4429B627","mekanism_reactors.snbt","Preparing &aUranium","","","mekanism:enrichment_chamber","농축기","적용한 제목 정상화","&a우라늄 준비"
"quest","3054D016D2EF25FF","26E6ED94168A05C4","productive_bees.snbt","Molten Electrum over Gold/Silver Bee Spawn Egg","금 + 은","","productivebees:configurable_honeycomb","벌집","적용한 제목 정상화","금/은 벌 생성 알 위에 용융 일렉트럼 붓기"
"quest","3054D016D2EF25FF","26E6ED94168A05C4","productive_bees.snbt","Electrum Bee","호박금 벌","","productivebees:configurable_honeycomb","벌집","적용한 제목 정상화","일렉트럼 벌"
"quest","30582B5FBED35FD1","65A95C2312976E49","undergarden.snbt","&cUtheric&r","&c유서릭&r","","undergarden:utherium_crystal","우테리움 수정","적용한 제목 정상화","&c우테릭&r"
"quest","306A5B38B52F65F3","6AEC23C6D526F362","eternal_starlight.snbt","&4Amaramber Pickaxe","","","eternal_starlight:amaramber_pickaxe","아마램버 곡괭이","적용한 제목 정상화","&4아마램버 곡괭이"
"quest","30700E99091B712A","15AAF17B6665223D","refined_storage.snbt","&cRegulator Upgrade","","","refinedstorage:regulator_upgrade","조절 업그레이드","적용한 제목 정상화","&c조절 업그레이드"
"quest","309059DEDEE7AECD","26E6ED94168A05C4","productive_bees.snbt","Feed a Collector Bee a Shulker Shell","수집가 꿀벌에게 셜커 껍데기를 먹이세요","","minecraft:shulker_shell","","적용한 제목 정상화","수집 벌에게 셜커 껍데기 먹이기"
"quest","309059DEDEE7AECD","26E6ED94168A05C4","productive_bees.snbt","Hoarder Bee","비축벌","","minecraft:shulker_shell","","적용한 제목 정상화","비축 벌"
"quest","309B0B2898893B4E","5103E2D95685ADFF","chapter_2_the_star.snbt","&l&bSteve's Carts","&l&b스티브의 카트","","stevescarts:component_stabilized_metal","","적용한 제목 정상화","&l&bSteve's Carts"
"quest","30A238E87F013CBB","26E6ED94168A05C4","productive_bees.snbt","To make the ultimate bee","","","ftbfiltersystem:smart_filter","","적용한 제목 정상화","궁극의 벌을 만들려면"
"quest","30A238E87F013CBB","26E6ED94168A05C4","productive_bees.snbt","Gene Samples","","","ftbfiltersystem:smart_filter","","적용한 제목 정상화","유전자 샘플"
"quest","30AC43222FF9B18A","100C477F4E63F20A","create.snbt","&5Train Signals","","","create:track_signal","열차 신호기","적용한 제목 정상화","&5열차 신호기"
"quest","30B0240543253EFB","5712300EF4E5E846","pylons.snbt","&lPylons","&l파일런","","minecraft:polished_blackstone","","적용한 제목 정상화","&lPylons"
"quest","30B3BC91460C9B19","7A5C327771634A7D","building_tips.snbt","&bMacaw's Mods","&b마카우의 모드","","ftbfiltersystem:smart_filter","","적용한 제목 정상화","&bMacaw's Mods"
"quest","30C5D432C810F904","59395B6806F2A98A","cataclysm.snbt","&9Eye of Storm","","","cataclysm:storm_eye","폭풍의 눈","적용한 제목 정상화","&9폭풍의 눈"
"quest","30CC20E33EFA2EDA","5103E2D95685ADFF","chapter_2_the_star.snbt","&cBlaze Burner","","","create:blaze_burner","블레이즈 버너","적용한 제목 정상화","&c블레이즈 버너"
"quest","30E9255DEC69C061","0F96DC3563DA78EF","elmystical_agriculturerr.snbt","&4Supremium Tools","&4슈프리뮴 도구","","ftbfiltersystem:smart_filter","","적용한 제목 정상화","&4수프레뮴 도구"
"quest","30F97EB743B0A07F","0B826D13BAD43EEB","draconic_evolution.snbt","Wyvern Axe","","","draconicevolution:wyvern_axe","와이번 액스","적용한 제목 정상화","와이번 액스"
"quest","310236F1631C6F7D","0F96DC3563DA78EF","elmystical_agriculturerr.snbt","Tier: &63","","","mysticalagriculture:quartz_enriched_iron_seeds","","적용한 제목 정상화","등급: &63"
"quest","310969B8FE0A94DE","0E81CBCD6B1D1895","apotheosis_2.snbt","Apothic Spawners","아포틱 스포너","","minecraft:spawner","","적용한 제목 정상화","Apothic Spawners"
"quest","310FA9380CB3E0BB","4EEDECACDE8F5A67","oritech.snbt","Allows additions of fluids to centrifuge","","","oritech:machine_fluid_addon","유체 애드온","적용한 제목 정상화","원심 분리기에 유체를 넣을 수 있습니다"
"quest","3124D945A54938C2","6AEC23C6D526F362","eternal_starlight.snbt","&9Malarite","","","eternal_starlight:malarite","말라라이트","적용한 제목 정상화","&9말라라이트"
"quest","3157BD833FCE8CD3","26E6ED94168A05C4","productive_bees.snbt","Feed a Bucket of Sheol Fire to a Lava Bee","","","productivebees:configurable_honeycomb","벌집","적용한 제목 정상화","용암 벌에게 스올 불 한 통을 먹이세요"
"quest","3157BD833FCE8CD3","26E6ED94168A05C4","productive_bees.snbt","Sheol fire Bee","","","productivebees:configurable_honeycomb","벌집","적용한 제목 정상화","스올 불 벌"
"quest","315913D32319F010","5D8E83698AEF1092","ice__fire.snbt","Enslavement of &dPixies","","","iceandfire:pixie_jar_empty","유리병","적용한 제목 정상화","&d픽시의 노예화"
"quest","315F1CB8158DFB92","6AEC23C6D526F362","eternal_starlight.snbt","&5Aethersent Hood","","","eternal_starlight:aethersent_hood","에테르센트 두건","적용한 제목 정상화","&5에테르센트 두건"
"quest","3166CA00032C18F7","5D8E83698AEF1092","ice__fire.snbt","Taming &b&lIce &fand &cFire&r Mobs","","","minecraft:stick","","적용한 제목 정상화","&b&lIce &fand &cFire&r 몹 길들이기"
"quest","3181D07337DEFD14","76DF5FAA7961E5E7","iron_spells_and_spellbooks.snbt","Him again?","","","minecraft:ominous_bottle","","적용한 제목 정상화","또 저 왕인가요?"
"quest","3181D07337DEFD14","76DF5FAA7961E5E7","iron_spells_and_spellbooks.snbt","&lThe Ominous Dead King","","","minecraft:ominous_bottle","","적용한 제목 정상화","&l불길한 죽은 왕"
"quest","318A2CC03D1D0B04","7A5C327771634A7D","building_tips.snbt","&l&6Construction Sticks","&l&6건설 막대기","","ftbfiltersystem:smart_filter","","적용한 제목 정상화","&l&6Construction Sticks"
"quest","31A2B9C5C0962160","24151251C8730F2E","aether.snbt","&cFlaming Sword","","","aether:flaming_sword","화염검","적용한 제목 정상화","&c화염검"
"quest","31B73D16C0199785","23983F4DC524B14B","mekanism.snbt","&5Refined Obsidian","정제된 흑요석","","mekanism:ingot_refined_obsidian","정제된 흑요석 주괴","적용한 제목 정상화","&5정제된 흑요석"
"quest","31CB278B4BA7B25E","56B11606F5F4DAB2","mi_digital.snbt","It makes sense","","","modern_industrialization:oxygen_bucket","산소 양동이","적용한 제목 정상화","그럴듯하네요"
"quest","31CB278B4BA7B25E","56B11606F5F4DAB2","mi_digital.snbt","Centrifuging Air","","","modern_industrialization:oxygen_bucket","산소 양동이","적용한 제목 정상화","공기 원심분리"
"quest","31DDEA54B6E81EEE","6AEC23C6D526F362","eternal_starlight.snbt","&7Deepsilver Helmet","","","eternal_starlight:deepsilver_helmet","심층 은 투구","적용한 제목 정상화","&7딥실버 투구"
"quest","31E7F7464D79F881","12AD9789D962B179","apothic_enchanting.snbt","Other &d&lInfusion&r Items","기타 주입 아이템","","minecraft:lapis_lazuli","","적용한 제목 정상화","다른 &d&l주입&r 아이템"
"quest","31ED0C236C41A837","26E6ED94168A05C4","productive_bees.snbt","Feed a Lava Bucket to a Magmatic Bee","","","productivebees:configurable_honeycomb","벌집","적용한 제목 정상화","용암 양동이를 마그마틱 벌에 먹이기"
"quest","31ED0C236C41A837","26E6ED94168A05C4","productive_bees.snbt","Lava Bee","","","productivebees:configurable_honeycomb","벌집","적용한 제목 정상화","용암 벌"
"quest","31FD9EA513E0D010","3456E0C530C0038E","evilcraft.snbt","&aWelcome to &cEvilCraft&r!","&a&c이블크래프트&r에 오신 것을 환영합니다!","","evilcraft:dark_gem","다크 젬","적용한 제목 정상화","&a&cEvilCraft&r에 오신 것을 환영합니다!"
"quest","321C15EBBE2D3D30","0E81CBCD6B1D1895","apotheosis_2.snbt","Blowing up Spawners","","","apotheosis:spawner_chain","","적용한 제목 정상화","스포너 폭파하기"
"quest","321F16645640C462","7AF827D2D101D343","artifacts.snbt","Belt","벨트","","artifacts:warp_drive","워프 드라이브","적용한 제목 정상화","허리띠"
"quest","3235FBD9CE21D5EE","0B826D13BAD43EEB","draconic_evolution.snbt","Wyvern Shovel","","","draconicevolution:wyvern_shovel","와이번 삽","적용한 제목 정상화","와이번 삽"
"quest","326452FFA7F5C6CA","24151251C8730F2E","aether.snbt","&eGolden Swet","","","","","적용한 제목 정상화","&e황금 스웨트"
"quest","327587EEEF6849BE","1FAAEF0B9FD05CB9","productive_trees.snbt","Silver Fir + European Larch","은 전나무 + 유럽 낙엽송","","productivetrees:cedar_sapling","삼나무 묘목","적용한 제목 정상화","은전나무 + 유럽잎갈나무"
"quest","32992E3534B86521","5D8E83698AEF1092","ice__fire.snbt","&lStage 1-3 &cFire Dragon","","","ftbfiltersystem:smart_filter","","적용한 제목 정상화","&l1-3단계 &c화염 드래곤"
"quest","32ABE5D734703B9C","0A093D8C4429B627","mekanism_reactors.snbt","Bodyarmor","","","mekanism:module_elytra_unit","","적용한 제목 정상화","흉갑"
"quest","32ABE5D734703B9C","0A093D8C4429B627","mekanism_reactors.snbt","&7Elytra Unit","","","mekanism:module_elytra_unit","","적용한 제목 정상화","&7겉날개 유닛"
"quest","32B01BD789F0B037","0F96DC3563DA78EF","elmystical_agriculturerr.snbt","Automating Awakened Supremium","각성된 수프레뮴 자동화","","productivebees:spawn_egg_configurable_bee","","적용한 제목 정상화","각성 수프레뮴 자동화"
"quest","32C45C6C811FB5F9","5D8E83698AEF1092","ice__fire.snbt","Befriending &dPixies","","","minecraft:cake","","적용한 제목 정상화","&d픽시와 친구가 되기"
"quest","32D2CE292E088939","76DF5FAA7961E5E7","iron_spells_and_spellbooks.snbt","&cFire&r Upgrade Orb","&c화염&r 상위 버전 오브","","irons_spellbooks:fire_upgrade_orb","화염 업그레이드 구슬","적용한 제목 정상화","&c화염 업그레이드 구슬&r"
"quest","32E52AD6EF194A60","5712300EF4E5E846","pylons.snbt","Get off my lawn!","내 잔디밭에서 나가!","","pylons:expulsion_pylon","추방 파일런","적용한 제목 정상화","내 땅에서 나가!"
"quest","32EBB3D53AA91E09","0B826D13BAD43EEB","draconic_evolution.snbt","Night Vision Module","","","draconicevolution:item_wyvern_night_vision","야간 투시 모듈","적용한 제목 정상화","야간 투시 모듈"
"quest","32ECD93A8F2FAB8F","1BE666F01EFFC00D","tips_and_tricks.snbt","&l&6Iron Jetpacks","&l&6철 제트팩","","ironjetpacks:jetpack","%s 제트팩","적용한 제목 정상화","&l&6Iron Jetpacks"
"quest","32FDC5FFA000DAF8","26E6ED94168A05C4","productive_bees.snbt","Showing Off Bees","벌 표시 중","","productivebees:jar_oak","벌 단지","적용한 제목 정상화","벌 자랑하기"
"quest","33105698C75093C2","15AAF17B6665223D","refined_storage.snbt","&4Mega Destructor","","","cabletiers:mega_destructor","메가 파괴기","적용한 제목 정상화","&4메가 파괴기"
"quest","33106E24A3B5DDD8","4C507C004144BFEE","occultism.snbt","&cIesnium: Ore of the Otherworld","&c아이에스니움: 아더월드의 광석","","ftbfiltersystem:smart_filter","","적용한 제목 정상화","&c이에스늄: 이계의 광석"
"quest","3311B79A8F6C6ADD","12AD9789D962B179","apothic_enchanting.snbt","Quoth the Raven ""Nevermore""","","","apothic_enchanting:raven_enchanting_table","","적용한 제목 정상화","큰까마귀가 말했습니다. ""다시는."""
"quest","3311B79A8F6C6ADD","12AD9789D962B179","apothic_enchanting.snbt","&6&lEnchanting Table of the Raven","","","apothic_enchanting:raven_enchanting_table","","적용한 제목 정상화","&6&l까마귀의 마법 부여대"
"quest","3314FBC4FEAE1D08","100C477F4E63F20A","create.snbt","Poke","","","create:deployer","배치기","적용한 제목 정상화","콕 찌르기"
"quest","3314FBC4FEAE1D08","100C477F4E63F20A","create.snbt","&6Deployer","","","create:deployer","배치기","적용한 제목 정상화","&6배치기"
"quest","332A3C7BA261DBFC","07210DDF872160BA","applied_energistics_2.snbt","For more accuracy","","","ars_nouveau:dowsing_rod","수맥봉","적용한 제목 정상화","더 정확하게 찾기"
"quest","3331EBE1BB4BF64D","5103E2D95685ADFF","chapter_2_the_star.snbt","&a&lExtreme Reactors","&a&l익스트림 리액터","","alltheores:uranium_ingot","우라늄 주괴","적용한 제목 정상화","&a&lExtreme Reactors"
"quest","333682022948E2F3","4791C8461B1B4D5F","basic_armor.snbt","&2Thioquartz&r","&2싸이오쿼츠&r","","eternal_starlight:thioquartz_shard","티오쿼츠 조각","적용한 제목 정상화","&2티오쿼츠&r"
"quest","3339445194568D77","0F96DC3563DA78EF","elmystical_agriculturerr.snbt","&2Prudentium Tools","&2프루덴티움 도구","","ftbfiltersystem:smart_filter","","적용한 제목 정상화","&2프루덴튬 도구"
"quest","33415CB421F7620A","23983F4DC524B14B","mekanism.snbt","&b&lPurification Chamber","","","mekanism:purification_chamber","정화기","적용한 제목 정상화","&b&l정화기"
"quest","33422FBDAE11AE82","26E6ED94168A05C4","productive_bees.snbt","Feed a Spatial Bee a Fluix Pearl","시공 벌에게 액정 진주를 먹이세요","","productivebees:configurable_honeycomb","벌집","적용한 제목 정상화","공간 벌에게 플루익스 진주를 먹이세요"
"quest","33422FBDAE11AE82","26E6ED94168A05C4","productive_bees.snbt","Fluix Bee","액정 벌","","productivebees:configurable_honeycomb","벌집","적용한 제목 정상화","플루익스 벌"
"quest","33433A443B65D252","3DEB33F78398EAD6","basic_logistics.snbt","&bFluid Pipez","&b유체 파이프즈","","pipez:fluid_pipe","유체 파이프","적용한 제목 정상화","&b유체 파이프"
"quest","33436ED0D9F128BD","73180B829B960E63","generators.snbt","&4Augment&r: Smoking","&4증강&r: 훈연기","","ironfurnaces:augment_smoking","훈연 증강","적용한 제목 정상화","&4훈연 증강&r"
"quest","3347CB6478F486C6","51A2FE60D8B76FC6","extended__advanced_ae.snbt","Cell Workbench Wherever You Go","","","advanced_ae:portable_workbench_card","휴대용 작업대 카드","적용한 제목 정상화","어디서나 셀 작업대 사용"
"quest","334AB2ED426108C7","4EEDECACDE8F5A67","oritech.snbt","Call it what you want, it grinds","","","oritech:pulverizer_block","분쇄기","적용한 제목 정상화","뭐라고 부르든, 갈아 버립니다"
"quest","3371570F189DF994","7732CF7AAA63DB3A","twilight_forest.snbt","Summons Shields","방패 소환수","","twilightforest:fortification_scepter","요새화의 홀","적용한 제목 정상화","방패를 소환합니다"
"quest","3371570F189DF994","7732CF7AAA63DB3A","twilight_forest.snbt","&6Scepter of Fortification","&6무장의 지배","","twilightforest:fortification_scepter","요새화의 홀","적용한 제목 정상화","&6요새화의 홀"
"quest","337D376BE2653F0F","6AEC23C6D526F362","eternal_starlight.snbt","&bGlacite Boots","","","eternal_starlight:glacite_boots","글라사이트 부츠","적용한 제목 정상화","&b글라사이트 부츠"
"quest","339384ADC9CDB944","48410B67C276ED1F","bumblezone.snbt","Knowing","알고 있음","","the_bumblezone:music_disc_knowing_renren","음반","적용한 제목 정상화","Knowing"
"quest","339DF320DDCAD98B","193F91842D2ED7D9","industrial_foregoing.snbt","Item \& Fluid Transport","아이템 및 액체 전송","","industrialforegoing:item_transporter_type","아이템 수송기","적용한 제목 정상화","아이템 및 유체 전송"
"quest","33C69B5934BE4D64","23983F4DC524B14B","mekanism.snbt","Fluids","","","ftbfiltersystem:smart_filter","","적용한 제목 정상화","유체"
"quest","33C69B5934BE4D64","23983F4DC524B14B","mekanism.snbt","&bMechanical Pipes","","","ftbfiltersystem:smart_filter","","적용한 제목 정상화","&b기계파이프"
"quest","33D2901594655A77","0B826D13BAD43EEB","draconic_evolution.snbt","Chaotic Area-Of-Effect Module","","","draconicevolution:item_chaotic_aoe","카오틱 효과 범위 모듈","적용한 제목 정상화","카오틱 효과 범위 모듈"
"quest","33F4A7613764A016","69299302373C4CBC","integrated_dynamics.snbt","Exporting","내보내는 중","","ftbfiltersystem:smart_filter","","적용한 제목 정상화","출력하기"
"quest","3403D7502F7BC897","4791C8461B1B4D5F","basic_armor.snbt","&eQuantum &bArmor&r (&l&7MI&r)","&e퀀텀 &b갑옷&r (&l&7MI&r)","","modern_industrialization:quantum_helmet","양자 투구","적용한 제목 정상화","&e양자 &b방어구&r (&l&7MI&r)"
"quest","340CDF4357E22A43","5103E2D95685ADFF","chapter_2_the_star.snbt","&e&lIron's Spells and Spellbooks","&e&l아이언의 마법과 주문서","","irons_spellbooks:arcane_essence","비전 정수","적용한 제목 정상화","&e&lIron's Spells 'n Spellbooks"
"quest","34119FC1728B75B9","6AEC23C6D526F362","eternal_starlight.snbt","&4Amaramber Helmet","","","eternal_starlight:amaramber_mask","아마램버 가면","적용한 제목 정상화","&4아마램버 투구"
"quest","341486C9F277FEB7","2A6EBEEBAB882679","powah.snbt","Reactor (Spirited)","원자로 (활기찬)","","powah:reactor_spirited","원자로 (스피리티드)","적용한 제목 정상화","원자로 (스피리티드)"
"quest","3417FF406CF0479E","24151251C8730F2E","aether.snbt","&2Skyroot Trees","","","aether:skyroot_log","스카이루트 원목","적용한 제목 정상화","&2스카이루트 나무"
"quest","342EEB042DEC2B8C","6AEC23C6D526F362","eternal_starlight.snbt","Magma and Geysers","","","eternal_starlight:cryobyssal_magma_block","냉기심연 마그마 블록","적용한 제목 정상화","마그마와 간헐천"
"quest","3446803FB59D8875","7AF827D2D101D343","artifacts.snbt","&aThorn Pendant&r","&a가시달린 펜던트&r","","artifacts:thorn_pendant","가시 펜던트","적용한 제목 정상화","&a가시 펜던트&r"
"quest","3466C70EB256026B","26E6ED94168A05C4","productive_bees.snbt","Crafted with Enchanting Apparatus","","","productivebees:configurable_honeycomb","벌집","적용한 제목 정상화","마법 부여 장치로 제작"
"quest","3466C70EB256026B","26E6ED94168A05C4","productive_bees.snbt","Fire Essence Bee","","","productivebees:configurable_honeycomb","벌집","적용한 제목 정상화","불의 정수 벌"
"quest","3497C2E05DF5A87C","7A5C327771634A7D","building_tips.snbt","&l&bChipped&r Gem Blocks","&l&b금 간&r 마나 보석 블록","","ftbfiltersystem:smart_filter","","적용한 제목 정상화","&l&bChipped&r 보석 블록"
"quest","349D19F2FCC34B84","26E6ED94168A05C4","productive_bees.snbt","Lures in a Magmatic Bee when placed in the Nether","네더에 설치했을 때 마그마 벌을 꾀는 미끼","","productivebees:nether_brick_nest","네더 벽돌 둥지","적용한 제목 정상화","네더에서 마그마틱 벌 유인"
"quest","34AA079FFAFC64BD","193F91842D2ED7D9","industrial_foregoing.snbt","Ore Processing: Step 3","","","industrialforegoing:fluid_sieving_machine","유체 체질기","적용한 제목 정상화","광석 처리: 3단계"
"quest","34D3F6D54F5B26C2","0B826D13BAD43EEB","draconic_evolution.snbt","Draconic Hoe","","","draconicevolution:draconic_hoe","드라코닉 괭이","적용한 제목 정상화","드라코닉 괭이"
"quest","34D7CA6F99B29C87","6AEC23C6D526F362","eternal_starlight.snbt","&2Air Sac Mask","","","eternal_starlight:air_sac_mask","공기 주머니 가면","적용한 제목 정상화","&2공기 주머니 가면"
"quest","34FBD04361657724","51A2FE60D8B76FC6","extended__advanced_ae.snbt","not to be confused with time crystals","","","extendedae:entro_seed","엔트로 씨앗","적용한 제목 정상화","시간 수정과 혼동하지 마세요"
"quest","34FBD04361657724","51A2FE60D8B76FC6","extended__advanced_ae.snbt","The Crystals of Space and Time: Entro Crystals","","","extendedae:entro_seed","엔트로 씨앗","적용한 제목 정상화","시공간의 결정: 엔트로 결정"
"quest","34FC02F47F52887F","76DF5FAA7961E5E7","iron_spells_and_spellbooks.snbt","&bFrostbanded Spellbook","","","irons_spellbooks:ice_spell_book","서리 시린 주문서","적용한 제목 정상화","&b서리줄 마법서"
"quest","3512A883CD4E007C","1FAAEF0B9FD05CB9","productive_trees.snbt","Bull Pine + Spruce","황소 소나무 + 가문비나무","","productivetrees:lawson_cypress_sapling","로손편백 묘목","적용한 제목 정상화","폰데로사소나무 + 가문비나무"
"quest","3512F47DADC07EAE","4791C8461B1B4D5F","basic_armor.snbt","&5Unobtainium Arcanist Gear","&5언옵테늄 비전술사 장비","","allthearcanistgear:unobtainium_hat","Unobtainium 비전술사 모자","적용한 제목 정상화","&5Unobtainium 비전술사 장비"
"quest","3514E9C1A8C7400C","193F91842D2ED7D9","industrial_foregoing.snbt","Tier: &b2","티어: &b2","","industrialforegoing:machine_frame_simple","기본 기계 프레임","적용한 제목 정상화","등급: &b2"
"quest","3514E9C1A8C7400C","193F91842D2ED7D9","industrial_foregoing.snbt","&bSimple Machine Frame","&b간단한 기계 프레임","","industrialforegoing:machine_frame_simple","기본 기계 프레임","적용한 제목 정상화","&b기본 기계 프레임"
"quest","351769579833FA9E","48410B67C276ED1F","bumblezone.snbt","Bee-laxing with the Hom-bees","벌들과 함께하는 벌-러킹","","the_bumblezone:music_disc_bee_laxing_with_the_hom_bees","음반","적용한 제목 정상화","Bee-laxing with the Hom-bees"
"quest","3525D5DCC3A534D9","7AF827D2D101D343","artifacts.snbt","&9Digging Claws&r","&9두더쥐 발톱&r","","artifacts:digging_claws","굴착 발톱","적용한 제목 정상화","&9굴착 발톱&r"
"quest","3526D444F81AD6D9","0A093D8C4429B627","mekanism_reactors.snbt","Meka-Tool","","","mekanism:module_attack_amplification_unit","","적용한 제목 정상화","메카툴"
"quest","3526D444F81AD6D9","0A093D8C4429B627","mekanism_reactors.snbt","&4Attack Amplification &7Unit","","","mekanism:module_attack_amplification_unit","","적용한 제목 정상화","&4공격 증폭 &7유닛"
"quest","3543563DF036D461","4C507C004144BFEE","occultism.snbt","&#AD00C8Magenta Chalk","자홍색 분필","","occultism:dragonyst_dust","드래고니스트 먼지","적용한 제목 정상화","&#AD00C8마젠타 분필"
"quest","356102D5B5F3CA1E","4EBB2171D5A3AAAC","forbidden__arcanus.snbt","&5Obsidiansteel&r","&5흑요석 강철&r","","forbidden_arcanus:obsidiansteel_ingot","흑요석강 주괴","적용한 제목 정상화","&5흑요석강&r"
"quest","3561A33758A1E8C3","0A093D8C4429B627","mekanism_reactors.snbt","Combining 2 Elements into 1","","","mekanismgenerators:fusion_reactor_controller","핵융합로 제어기","적용한 제목 정상화","2 요소를 1로 결합"
"quest","3561A33758A1E8C3","0A093D8C4429B627","mekanism_reactors.snbt","&c&lFusion Reactor","","","mekanismgenerators:fusion_reactor_controller","핵융합로 제어기","적용한 제목 정상화","&c&l핵융합로"
"quest","35629CB10DBDE340","13B172FA69904D9F","deeper_and_darker.snbt","The only structure","","","","","적용한 제목 정상화","유일한 구조물"
"quest","35629CB10DBDE340","13B172FA69904D9F","deeper_and_darker.snbt","&6Ancient Temples","","","","","적용한 제목 정상화","&6고대 사원"
"quest","3567306F2B66BD20","26E6ED94168A05C4","productive_bees.snbt","Infusion Crafting","","","productivebees:configurable_honeycomb","벌집","적용한 제목 정상화","주입 제작"
"quest","3567306F2B66BD20","26E6ED94168A05C4","productive_bees.snbt","Imperium Bee","","","productivebees:configurable_honeycomb","벌집","적용한 제목 정상화","임퍼륨 벌"
"quest","35767977FB9E0B1B","0B826D13BAD43EEB","draconic_evolution.snbt","Stores: 273,000,000 RF","","","draconicevolution:energy_core_stabilizer","에너지 코어 안정기","적용한 제목 정상화","저장 용량: 273,000,000 RF"
"quest","35767977FB9E0B1B","0B826D13BAD43EEB","draconic_evolution.snbt","Tier 2","","","draconicevolution:energy_core_stabilizer","에너지 코어 안정기","적용한 제목 정상화","등급 2"
"quest","358D4F507521075F","48410B67C276ED1F","bumblezone.snbt","&eHive&r Temple","&e벌집&r 사원","","","","적용한 제목 정상화","&e벌집&r 신전"
"quest","35A674E2C6F66673","0B826D13BAD43EEB","draconic_evolution.snbt","Chaotic Projectile Accuracy Module","","","draconicevolution:item_chaotic_proj_accuracy","카오틱 발사체 명중률 모듈","적용한 제목 정상화","카오틱 발사체 명중률 모듈"
"quest","35ABB0DEE70DF7FD","5D045EF1AB73DF70","basic_power.snbt","More &aPowah&r!","더 많은 &a파와&r!","","powah:uraninite","우라니나이트","적용한 제목 정상화","더 많은 &aPowah!&r!"
"quest","35BC118040E7428F","4EEDECACDE8F5A67","oritech.snbt","Don't use around cats","","","oritech:laser_arm_block","엔더릭 레이저","적용한 제목 정상화","고양이 주변에서는 사용하지 마세요."
"quest","35CC898E0E49FE58","5D045EF1AB73DF70","basic_power.snbt","The Ultimate Wireless Power Solution","최고급 무선 전력 솔루션","","fluxnetworks:flux_dust","플럭스 가루","적용한 제목 정상화","궁극의 무선 전력 솔루션"
"quest","35CC898E0E49FE58","5D045EF1AB73DF70","basic_power.snbt","&8Flux Networks","&8플럭스 네트워크","","fluxnetworks:flux_dust","플럭스 가루","적용한 제목 정상화","&8Flux Networks"
"quest","35D9CD19EAADED6C","0A093D8C4429B627","mekanism_reactors.snbt","All Armor","","","mekanism:module_radiation_shielding_unit","","적용한 제목 정상화","모든 방어구"
"quest","35D9CD19EAADED6C","0A093D8C4429B627","mekanism_reactors.snbt","&aRadiation Shielding &7Unit","","","mekanism:module_radiation_shielding_unit","","적용한 제목 정상화","&a방사선 차폐 &7유닛"
"quest","35E8F1CC0080E45E","26E6ED94168A05C4","productive_bees.snbt","RuBee","루비","","productivebees:configurable_honeycomb","벌집","적용한 제목 정상화","RuBee"
"quest","35FA55BE8DF49EE8","3456E0C530C0038E","evilcraft.snbt","&dGarmonbozia","&dGarmonbozia","","evilcraft:garmonbozia","가몬보지아","적용한 제목 정상화","&d가몬보지아"
"quest","35FE9C3395491433","26E6ED94168A05C4","productive_bees.snbt","Pressurize the Iron Bee Spawn Egg","","","productivebees:configurable_honeycomb","벌집","적용한 제목 정상화","철 벌 생성 알에 압력을 가하세요."
"quest","35FE9C3395491433","26E6ED94168A05C4","productive_bees.snbt","Compressed Iron Bee","","","productivebees:configurable_honeycomb","벌집","적용한 제목 정상화","압축 철 벌"
"quest","360B150190A5C894","792AD692F1468B1F","achapter_2r_6the_atm_star.snbt","&5&lRunic Enchanter","&5&l룬 마법 부여대","","modern_industrialization:runic_enchanter","","적용한 제목 정상화","&5&l룬 마법부여기"
"quest","36149E69A8C264E4","13B172FA69904D9F","deeper_and_darker.snbt","&bIce Lilies","","","deeperdarker:ice_lily","얼음 수련","적용한 제목 정상화","&b얼음 수련"
"quest","361C9D90617E6D38","4791C8461B1B4D5F","basic_armor.snbt","Traded with Gatekeeper","문지기와 거래했습니다","","eternal_starlight:keeper_armor_trim_smithing_template","대장장이 형판","적용한 제목 정상화","문지기와 거래"
"quest","361C9D90617E6D38","4791C8461B1B4D5F","basic_armor.snbt","Keeper Armor Trim","관리인 갑옷 장식","","eternal_starlight:keeper_armor_trim_smithing_template","대장장이 형판","적용한 제목 정상화","수호자 갑옷 장식"
"quest","3621155A4138EBCA","51A2FE60D8B76FC6","extended__advanced_ae.snbt","Matter Condenser in a Cell: The Void Cell","","","extendedae:void_cell","ME 소거 셀","적용한 제목 정상화","셀 안의 물질 응축기: ME 소거 셀"
"quest","362F529D5E7C37A4","24151251C8730F2E","aether.snbt","&5Obsidian Armor","","","ftbfiltersystem:smart_filter","","적용한 제목 정상화","&5흑요석 갑옷"
"quest","36541A2179A7E76B","26E6ED94168A05C4","productive_bees.snbt","Feed Benitoite Ore to BlazBee","","","productivebees:configurable_honeycomb","벌집","적용한 제목 정상화","BlazBee에게 베니토아이트 광석 먹이기"
"quest","36541A2179A7E76B","26E6ED94168A05C4","productive_bees.snbt","Benitoite Bee","","","productivebees:configurable_honeycomb","벌집","적용한 제목 정상화","베니토아이트 벌"
"quest","3666C6DA23E15F78","24151251C8730F2E","aether.snbt","&6Phoenix Bow","","","aether:phoenix_bow","피닉스 활","적용한 제목 정상화","&6피닉스 활"
"quest","367E891A50991436","4C507C004144BFEE","occultism.snbt","Black Chalk","검은색 분필","","occultism:witherite_dust","메마른 먼지","적용한 제목 정상화","검은 분필"
"quest","36836AD948F96B9F","3DEB33F78398EAD6","basic_logistics.snbt","&eItem Pipez","&e아이템 파이프즈","","pipez:item_pipe","아이템 파이프","적용한 제목 정상화","&e아이템 파이프"
"quest","3697AAF8F281B247","100C477F4E63F20A","create.snbt","&bSteam Engine","","","create:steam_engine","증기 기관","적용한 제목 정상화","&b증기 기관"
"quest","369DADE3B3D8416F","0A093D8C4429B627","mekanism_reactors.snbt","T","","","mekanism:thermal_evaporation_block","열적 증발 블록","적용한 제목 정상화","티"
"quest","369DADE3B3D8416F","0A093D8C4429B627","mekanism_reactors.snbt","&aTritium","","","mekanism:thermal_evaporation_block","열적 증발 블록","적용한 제목 정상화","&a트리튬"
"quest","36B283532D70776A","76DF5FAA7961E5E7","iron_spells_and_spellbooks.snbt","&aBoots of Speed","","","irons_spellbooks:speed_boots","신속의 신발","적용한 제목 정상화","&a신속의 신발"
"quest","36BCCF7395658A5C","6AEC23C6D526F362","eternal_starlight.snbt","Finding the Bosses","보스 찾기","","eternal_starlight:seeking_eye","탐색의 눈","적용한 제목 정상화","우두머리 찾기"
"quest","36BCE35215B2B6E9","1DB294A8F8686321","storage.snbt","&eAuto-Smoking Upgrade","&e자동 훈연기 기능","","sophisticatedbackpacks:auto_smoking_upgrade","자동 훈연기 업그레이드","적용한 제목 정상화","&e자동 훈연기 업그레이드"
"quest","36D35C35BBC0A555","56B11606F5F4DAB2","mi_digital.snbt","The most efficient one","","","modern_industrialization:le_mox_dust","LE MOX 가루","적용한 제목 정상화","가장 효율적인 방법"
"quest","36D9FB96D3557266","24151251C8730F2E","aether.snbt","&9Moa","","","","","적용한 제목 정상화","&9모아"
"quest","36DAFC3FECC67406","0B826D13BAD43EEB","draconic_evolution.snbt","Chaotic Capacitor","","","draconicevolution:chaotic_capacitor","카오틱 축전기","적용한 제목 정상화","카오틱 축전기"
"quest","36F123B2A6B52A01","0B826D13BAD43EEB","draconic_evolution.snbt","Draconic Energy Relay Crystal","","","draconicevolution:draconic_relay_crystal","드라코닉 에너지 중계 수정","적용한 제목 정상화","드라코닉 에너지 중계 수정"
"quest","36FB694262102CFD","51A2FE60D8B76FC6","extended__advanced_ae.snbt","The Sink but in cell form","","","ftbfiltersystem:smart_filter","","적용한 제목 정상화","싱크대를 셀로 만든 것"
"quest","36FB694262102CFD","51A2FE60D8B76FC6","extended__advanced_ae.snbt","More Resources than you ever need: Infinity Cells","","","ftbfiltersystem:smart_filter","","적용한 제목 정상화","필요 이상으로 많은 자원: 무한 셀"
"quest","3705D303CF423804","7AF827D2D101D343","artifacts.snbt","&ePower Glove&r","&e힘의 장갑&r","","artifacts:power_glove","파워 글러브","적용한 제목 정상화","&e파워 글러브&r"
"quest","3707C3EDA1C5A0B2","1FAAEF0B9FD05CB9","productive_trees.snbt","Firecracker + Flickering Sun","폭죽 + 깜박이는 태양","","productivetrees:thunder_bolt_sapling","Thunder Bolt 묘목","적용한 제목 정상화","Firecracker + Flickering Sun"
"quest","371A34B297C8A8EF","5E31DF282998B992","pneumaticcraft.snbt","PneumaticCraft: Repressurized","뉴매틱크래프트: 재가압","","pneumaticcraft:ingot_iron_compressed","압축 철 주괴","적용한 제목 정상화","PneumaticCraft: 재가압"
"quest","371E09ED2A3F6BDC","26E6ED94168A05C4","productive_bees.snbt","Spawns in empty Advanced Beehives in Dark Places","어두운 곳의 비어 있는 고급 벌통에서 스폰됩니다.","","productivebees:configurable_honeycomb","벌집","적용한 제목 정상화","어두운 곳의 빈 고급 벌통에서 생성"
"quest","371E09ED2A3F6BDC","26E6ED94168A05C4","productive_bees.snbt","ZomBee","좀비","","productivebees:configurable_honeycomb","벌집","적용한 제목 정상화","ZomBee"
"quest","37355F60E45777FE","6AEC23C6D526F362","eternal_starlight.snbt","&3Orb of Prophecy","","","eternal_starlight:orb_of_prophecy","예언의 구체","적용한 제목 정상화","&3예언의 오브"
"quest","37367101B3DAA70F","26E6ED94168A05C4","productive_bees.snbt","Spawns from a Dirt Nest","흙 둥지에서 스폰됩니다","","","","적용한 제목 정상화","흙 둥지에서 생성됩니다"
"quest","373CA701008A9584","6AEC23C6D526F362","eternal_starlight.snbt","&4Wilted Crossbow","","","eternal_starlight:wilted_crossbow","시든 쇠뇌","적용한 제목 정상화","&4시든 쇠뇌"
"quest","373EBEB2E96D9361","76DF5FAA7961E5E7","iron_spells_and_spellbooks.snbt","&bIce Spider Den","","","","","적용한 제목 정상화","&b얼음 거미 소굴"
"quest","3751015CD5C84134","15AAF17B6665223D","refined_storage.snbt","&b4096B Fluid Storage Part","","","refinedstorage:4096b_fluid_storage_part","4096B 유체 저장 부품","적용한 제목 정상화","&b4096B 유체 저장 부품"
"quest","375F0A098589CF29","6AEC23C6D526F362","eternal_starlight.snbt","&bGolem Forge","골렘 forge","","","","적용한 제목 정상화","&b골렘 대장간"
"quest","376532CD98D39781","23983F4DC524B14B","mekanism.snbt","&c&lChemical Infuser","","","mekanism:chemical_infuser","화학적 반응 장치","적용한 제목 정상화","&c&l화학적 반응 장치"
"quest","3765485408041FC6","0B826D13BAD43EEB","draconic_evolution.snbt","Wyvern Pickaxe","","","draconicevolution:wyvern_pickaxe","와이번 곡괭이","적용한 제목 정상화","와이번 곡괭이"
"quest","376D154F27A00BCD","0B826D13BAD43EEB","draconic_evolution.snbt","Wyvern Projectile Gravity Compensation Module","","","draconicevolution:item_wyvern_proj_grav_comp","와이번 발사체 중력 보상 모듈","적용한 제목 정상화","와이번 발사체 중력 보상 모듈"
"quest","377A41499D8218C9","0731FA8830F28280","apotheosis_gear.snbt","&lWorld Tier: &9Haven","","","","","적용한 제목 정상화","&l월드 티어: &9안식처"
"quest","377D6CF86BC1C64F","12AD9789D962B179","apothic_enchanting.snbt","All Enchantments, breaks Item","","","apothic_enchanting:improved_scrap_tome","고급 폐기의 서","적용한 제목 정상화","모든 마법 부여 추출, 아이템 파괴"
"quest","377D6CF86BC1C64F","12AD9789D962B179","apothic_enchanting.snbt","&8Tome of Superior Scrapping","","","apothic_enchanting:improved_scrap_tome","고급 폐기의 서","적용한 제목 정상화","&8고급 폐기의 서"
"quest","3781DB4807A89375","24151251C8730F2E","aether.snbt","&5Zanite&r Weapons","","","ftbfiltersystem:smart_filter","","적용한 제목 정상화","&5자나이트&r 무기"
"quest","378A7484CF999F03","6AEC23C6D526F362","eternal_starlight.snbt","&dSpiral Kelp","","","eternal_starlight:spiral_kelp","나선 켈프","적용한 제목 정상화","&d나선 다시마"
"quest","379B33D0BCBC47AA","26E6ED94168A05C4","productive_bees.snbt","Made in Reprocessor","","","productivebees:configurable_honeycomb","벌집","적용한 제목 정상화","재처리기에서 제작됨"
"quest","379B33D0BCBC47AA","26E6ED94168A05C4","productive_bees.snbt","Magentite Bee","","","productivebees:configurable_honeycomb","벌집","적용한 제목 정상화","마젠타이트 벌"
"quest","37AD651E91FE3E20","1FAAEF0B9FD05CB9","productive_trees.snbt","Pomelo + Key Lime","포멜로 + 키 라임","","productivetrees:lime_sapling","라임 묘목","적용한 제목 정상화","포멜로 + 키라임"
"quest","37B297640F537383","0F96DC3563DA78EF","elmystical_agriculturerr.snbt","&fUnattuned Augment","&f조율이 안된 부적","","mysticalagriculture:unattuned_augment","미조율 증강","적용한 제목 정상화","&f미조율 증강"
"quest","37CC51B689CB8A40","0B826D13BAD43EEB","draconic_evolution.snbt","Wyvern Shield Capacity Module","","","draconicevolution:item_wyvern_shield_capacity","와이번 보호막 용량 모듈","적용한 제목 정상화","와이번 보호막 용량 모듈"
"quest","37CD9BF281903F56","26E6ED94168A05C4","productive_bees.snbt","Red Shroombee","붉은 슈룸비","","productivebees:configurable_honeycomb","벌집","적용한 제목 정상화","Red Shroombee"
"quest","37D4E5ACB35D8BF1","23983F4DC524B14B","mekanism.snbt","&cJetpack","","","mekanism:jetpack","제트팩","적용한 제목 정상화","&c제트팩"
"quest","37DB7871590921CF","5D8E83698AEF1092","ice__fire.snbt","&mManatee&r &bHippocampus&r Taming","","","minecraft:kelp","","적용한 제목 정상화","&m해우&r &b히포캄푸스&r 길들이기"
"quest","37E49A1A6BA0E28D","6AEC23C6D526F362","eternal_starlight.snbt","&5Aethersent Cape","","","eternal_starlight:aethersent_cape","에테르센트 망토","적용한 제목 정상화","&5에테르센트 망토"
"quest","37E556B4A730E5AA","12AD9789D962B179","apothic_enchanting.snbt","Why is my Eterna capped to 30?","","","","","적용한 제목 정상화","왜 에테르나가 30에서 막히나요?"
"quest","37E556B4A730E5AA","12AD9789D962B179","apothic_enchanting.snbt","The &2&lFrontier&r Calls","","","","","적용한 제목 정상화","&2&l개척지&r가 부릅니다"
"quest","37EBB8E0D6E5F821","0A52D0932DA3F809","hostile_neural_networks.snbt","Welcome to &9Hostile Neural Networks&r!","&9호스타일 뉴럴 네트워크&r에 오신 것을 환영합니다!","","minecraft:redstone","","적용한 제목 정상화","&9Hostile Neural Networks&r에 오신 것을 환영합니다!"
"quest","3804364077F4BAD4","5D8E83698AEF1092","ice__fire.snbt","&dPixie Wand","","","iceandfire:pixie_wand","픽시의 지팡이","적용한 제목 정상화","&d픽시 지팡이"
"quest","383F7F715C60252B","76A0FBADACAD322B","neo_vitae.snbt","Tier II: The Second Ring","","","neovitae:blood_orb_magician","","적용한 제목 정상화","티어 II: 두 번째 고리"
"quest","38451B61E3FC075B","2FB24A5A597459FC","railcraft.snbt","Coke Oven","코크스 오븐","","railcraft:coke_oven_bricks","코크스로 벽돌","적용한 제목 정상화","코크스로"
"quest","38622692756F1F27","26E6ED94168A05C4","productive_bees.snbt","Crystalline + Ender","","","productivebees:configurable_honeycomb","벌집","적용한 제목 정상화","결정질 + 엔더"
"quest","38622692756F1F27","26E6ED94168A05C4","productive_bees.snbt","Spatial Bee","","","productivebees:configurable_honeycomb","벌집","적용한 제목 정상화","공간 벌"
"quest","3887FD4B14BB993D","24151251C8730F2E","aether.snbt","&cRegeneration Stone","","","aether:regeneration_stone","재생석","적용한 제목 정상화","&c재생석"
"quest","3889D0255074CE85","7A5C327771634A7D","building_tips.snbt","&l&bMacaw's Lights and Lamps&r","&l&b마카우의 조명과 전등&r","","ftbfiltersystem:smart_filter","","적용한 제목 정상화","&l&bMacaw's Lights and Lamps&r"
"quest","38956DC28E317DEF","0731FA8830F28280","apotheosis_gear.snbt","&dSigil of Rebirth","","","apotheosis:sigil_of_rebirth","재탄생의 인장","적용한 제목 정상화","&d재탄생의 인장"
"quest","389655CD41C7A691","0B826D13BAD43EEB","draconic_evolution.snbt","Stores: 45,500,000 RF","","","draconicevolution:energy_core_stabilizer","에너지 코어 안정기","적용한 제목 정상화","저장 용량: 45,500,000 RF"
"quest","389655CD41C7A691","0B826D13BAD43EEB","draconic_evolution.snbt","Tier 1","","","draconicevolution:energy_core_stabilizer","에너지 코어 안정기","적용한 제목 정상화","등급 1"
"quest","38A1295878B68F83","4C507C004144BFEE","occultism.snbt","Hot Demons!","화끈한 악마들!","","occultism:iesnium_ingot","이스늄괴","적용한 제목 정상화","뜨거운 악마!"
"quest","38A1295878B68F83","4C507C004144BFEE","occultism.snbt","&6Kandar's Opened Conjure","&6Abras의 Open Conjure","","occultism:iesnium_ingot","이스늄괴","적용한 제목 정상화","&6Kandar's Opened Conjure"
"quest","38AD547C36BDF4C4","0B826D13BAD43EEB","draconic_evolution.snbt","Draconic Projectile Accuracy Module","","","draconicevolution:item_draconic_proj_accuracy","드라코닉 발사체 명중률 모듈","적용한 제목 정상화","드라코닉 발사체 명중률 모듈"
"quest","38C236042AB5DDB9","1FAAEF0B9FD05CB9","productive_trees.snbt","Bull Pine + Silver Fir","황소 소나무 + 은 전나무","","productivetrees:western_hemlock_sapling","서부솔송나무 묘목","적용한 제목 정상화","폰데로사소나무 + 은전나무"
"quest","38CAB3EF0D89B8F4","5D8E83698AEF1092","ice__fire.snbt","&8Cockatrice","","","iceandfire:witherbone","시들어버린 뼈","적용한 제목 정상화","&8코카트리스"
"quest","38CB5044AB3F859B","100C477F4E63F20A","create.snbt","&aSuper-Glue","","","create:super_glue","강력 접착제","적용한 제목 정상화","&a초강력 접착제"
"quest","38CF9E6E7490BD50","6AEC23C6D526F362","eternal_starlight.snbt","&6Thermal Springstone Hammer","","","eternal_starlight:thermal_springstone_hammer","열기 스프링스톤 망치","적용한 제목 정상화","&6온천석 망치"
"quest","38E3ABEEFCE6A0B9","24151251C8730F2E","aether.snbt","&9Shield of Repulsion","","","aether:shield_of_repulsion","반발의 방패","적용한 제목 정상화","&9반발의 방패"
"quest","38F4448F9603FE68","4EEDECACDE8F5A67","oritech.snbt","2 more steps to greatness","","","oritech:advanced_computing_engine","고급 연산 엔진","적용한 제목 정상화","위대함까지 2단계 남았습니다"
"quest","3907E68572324333","43BB00A7A7E1042C","mahou_tsukai.snbt","Power Consolidation Ritual","힘 통합 의식","","mahoutsukai:powdered_diamond","빻은 다이아몬드","적용한 제목 정상화","힘의 집약 의식"
"quest","3908F7C80154D9CA","7732CF7AAA63DB3A","twilight_forest.snbt","&2Zombie Scepter","&2불사의 지배","","twilightforest:zombie_scepter","좀비의 홀","적용한 제목 정상화","&2좀비의 홀"
"quest","39100B3867E9C01E","13B172FA69904D9F","deeper_and_darker.snbt","&cGloomy Geyser","","","","","적용한 제목 정상화","&c음울한 간헐천"
"quest","39107884D6C80D41","5D8E83698AEF1092","ice__fire.snbt","&aPhantasmal Blade","","","iceandfire:ghost_sword","환영의 검","적용한 제목 정상화","&a환상적인 칼날"
"quest","3916B48D7F294932","51A2FE60D8B76FC6","extended__advanced_ae.snbt","Branches of Connections: The Wireless Hub","","","extendedae:wireless_hub","ME 무선 허브","적용한 제목 정상화","연결의 분기: ME 무선 허브"
"quest","3917DECAEF56A06A","4B9D26E0087CD163","basic_tools.snbt","&fHarvest Tier 2","&f2티어 수확","","minecraft:raw_iron","","적용한 제목 정상화","&f수확 티어 2"
"quest","3924975B48F5A482","193F91842D2ED7D9","industrial_foregoing.snbt","Soulplied Energistics","","","ae2:interface","ME 인터페이스","적용한 제목 정상화","Soulplied Energistics"
"quest","393DA9C9D808A851","007B547630FF0478","theurgy.snbt","I thought this was a magic mod...","나는 이것이 마법이라고 생각했다 mod...","","theurgy:mercurial_wand","머큐리얼 지팡이","적용한 제목 정상화","마법모드인줄 알았는데..."
"quest","393DA9C9D808A851","007B547630FF0478","theurgy.snbt","Of course there's a Wrench","물론 렌치가 있습니다.","","theurgy:mercurial_wand","머큐리얼 지팡이","적용한 제목 정상화","물론 렌치도 있어요"
"quest","3942B5F5FD8ADF89","1FAAEF0B9FD05CB9","productive_trees.snbt","Sycamore + Breadfruit","시카모어 + 빵나무열매","","productivetrees:cempedak_sapling","쳄페닥 묘목","적용한 제목 정상화","시커모어 무화과 + 빵나무"
"quest","395417A7ABC3658F","5D8E83698AEF1092","ice__fire.snbt","&2Gorgon Head","","","iceandfire:gorgon_head","고르곤의 머리","적용한 제목 정상화","&2고르곤 머리"
"quest","395668FBCB6537AF","11919EBB416B2BD0","relics.snbt","Not all defense is meant to block...","파괴된 차원문, 네더 요새, 그리고 요새에서 발견됩니다.","","relics:reflective_necklace","반사 목걸이","적용한 제목 정상화","모든 방어가 막아 내기 위한 것은 아닙니다..."
"quest","395668FBCB6537AF","11919EBB416B2BD0","relics.snbt","&9Reflective Necklace","&e바스티온 링","","relics:reflective_necklace","반사 목걸이","적용한 제목 정상화","&9반사 목걸이"
"quest","39647A2473F6F7D7","4C507C004144BFEE","occultism.snbt","Put some Demon Dust™ on it!","악마 가루™를 좀 뿌려 보세요!","","minecraft:experience_bottle","","적용한 제목 정상화","악마 가루™를 그 위에 올려보세요!"
"quest","396CEB9D05700927","48410B67C276ED1F","bumblezone.snbt","Unbeelievable","정말 믿을 수 없어","","","","적용한 제목 정상화","믿기 힘들군요"
"quest","396E7A2078F2CBC5","1FAAEF0B9FD05CB9","productive_trees.snbt","Ash + Whitebeam","재 + 화이트빔","","productivetrees:hornbeam_sapling","서어나무 묘목","적용한 제목 정상화","물푸레나무 + 화이트빔"
"quest","3972EE0ECB215843","51A2FE60D8B76FC6","extended__advanced_ae.snbt","Extended \& Advanced AE","","","ae2:fluix_crystal","플루익스 수정","적용한 제목 정상화","Extended AE 및 Advanced AE"
"quest","39796595B42BB41E","6AEC23C6D526F362","eternal_starlight.snbt","&7Energy &bBoomerang","","","eternal_starlight:energy_boomerang","에너지 부메랑","적용한 제목 정상화","&7에너지 &b부메랑"
"quest","397E2D14BDE7DED0","26E6ED94168A05C4","productive_bees.snbt","4x Comb","빗 4개","","productivelib:upgrade_block","","적용한 제목 정상화","벌집 조각 4배"
"quest","39865681B03CABAA","0B826D13BAD43EEB","draconic_evolution.snbt","Aqua Adapt Module","","","draconicevolution:item_wyvern_aqua_adapt","수중 채굴 모듈","적용한 제목 정상화","수중 채굴 모듈"
"quest","3991EEEFDD263A91","6AEC23C6D526F362","eternal_starlight.snbt","&9Nightfall Spiders","밤그늘 거미","","","","적용한 제목 정상화","&9해질녘 거미"
"quest","399882F3C51DD282","26E6ED94168A05C4","productive_bees.snbt","Feed a Skeletal Bee a Withered Rose","해골 벌에게 시든 장미를 먹이세요","","productivebees:configurable_honeycomb","벌집","적용한 제목 정상화","골격 벌에게 위더 장미를 먹이세요"
"quest","39A19138C501B16F","26E6ED94168A05C4","productive_bees.snbt","&9Requires Slimy Nest","&9끈적한 벌집 필요","","productivebees:configurable_honeycomb","벌집","적용한 제목 정상화","&9점액질 둥지 필요"
"quest","39A19138C501B16F","26E6ED94168A05C4","productive_bees.snbt","Slimy Bee","끈적한 벌","","productivebees:configurable_honeycomb","벌집","적용한 제목 정상화","슬라임 벌"
"quest","39A7619B4C5592BE","100C477F4E63F20A","create.snbt","&bItem Drain","","","create:item_drain","아이템 배수구","적용한 제목 정상화","&b아이템 배수구"
"quest","39AF9B1A996DA949","0B826D13BAD43EEB","draconic_evolution.snbt","Chaotic Sword","","","draconicevolution:chaotic_sword","카오틱 검","적용한 제목 정상화","카오틱 검"
"quest","39B6D9FD21419776","4293754F9B2D05F0","allthemodium.snbt","&3Vibranium Mage Armor","&3비브라늄 마법사 갑옷","","ftbfiltersystem:smart_filter","","적용한 제목 정상화","&3Vibranium 마법사 방어구"
"quest","39BED5DD9D24F98E","13B172FA69904D9F","deeper_and_darker.snbt","&3Sculk Grime","","","deeperdarker:grime_ball","스컬크 진흙 덩어리","적용한 제목 정상화","&3스컬크 진흙"
"quest","39C8E1705EF1CD31","15AAF17B6665223D","refined_storage.snbt","&e256B Fluid Storage Part","","","refinedstorage:256b_fluid_storage_part","256B 유체 저장 부품","적용한 제목 정상화","&e256B 유체 저장 부품"
"quest","39DAC0592300992A","22C20C1827FE6805","immersive_engineering.snbt","&9Metal Press Molds Blueprints ","&9금속 압축기 몰드 설계도","","immersiveengineering:blueprint","공학자의 설계도","적용한 제목 정상화","&9금속 프레스 몰드 설계도"
"quest","39E1211455224291","24151251C8730F2E","aether.snbt","&bZephyr","","","","","적용한 제목 정상화","&b제피르"
"quest","39E822440E7D2E04","0E81CBCD6B1D1895","apotheosis_2.snbt","Mob Grinding Utils' Spawner","","","mob_grinding_utils:entity_spawner","엔티티 스포너","적용한 제목 정상화","Mob Grinding Utils 스포너"
"quest","3A1D07AED2A841E4","1DB294A8F8686321","storage.snbt","&eAuto-Smelting Upgrade","&e자동 화로 기능","","sophisticatedbackpacks:auto_smelting_upgrade","자동 화로 업그레이드","적용한 제목 정상화","&e자동 화로 업그레이드"
"quest","3A2249D94C019F0E","1FAAEF0B9FD05CB9","productive_trees.snbt","Silver Lime + Cherry","은 연두색 + 벚나무","","productivetrees:dogwood_sapling","층층나무 묘목","적용한 제목 정상화","은피나무 + 벚나무"
"quest","3A33514BD62CD7D9","6AEC23C6D526F362","eternal_starlight.snbt","&bGlacite Axe","","","eternal_starlight:glacite_axe","글라사이트 도끼","적용한 제목 정상화","&b글라사이트 도끼"
"quest","3A4C17878FC8315B","73180B829B960E63","generators.snbt","&6Allthemodium Furnace","&6올더모듐 화로","","ironfurnaces:allthemodium_furnace","Allthemodium 화로","적용한 제목 정상화","&6Allthemodium 화로"
"quest","3A4C62865C7CC862","100C477F4E63F20A","create.snbt","&bFluid Tanks","","","create:fluid_tank","유체 탱크","적용한 제목 정상화","&b유체 탱크"
"quest","3A6C912577A615EE","6AEC23C6D526F362","eternal_starlight.snbt","&dStarlit Diamond Sword","","","eternal_starlight:starlit_diamond_sword","별빛 다이아몬드 검","적용한 제목 정상화","&d별빛 다이아몬드 검"
"quest","3A85110725E81CDF","76DF5FAA7961E5E7","iron_spells_and_spellbooks.snbt","&lArmor","","","irons_spellbooks:magic_cloth","비전 천","적용한 제목 정상화","&l갑옷"
"quest","3A8AF52A5AE7C6CB","24151251C8730F2E","aether.snbt","&7Iron Bubble","","","aether:iron_bubble","철 공기방울","적용한 제목 정상화","&7철 공기방울"
"quest","3AAB71E9BDFD4C1E","5103E2D95685ADFF","chapter_2_the_star.snbt","&4&lPneumaticCraft","&4&l뉴매틱크래프트","","pneumaticcraft:ingot_iron_compressed","압축 철 주괴","적용한 제목 정상화","&4&lPneumaticCraft"
"quest","3AB0822F02350DA3","25344A9254E02C8E","mi_endgame.snbt","Infinite Damage","","","modern_industrialization:quantum_sword","양자 검","적용한 제목 정상화","무한 피해"
"quest","3AD8A3E543ADABD1","44F441765D7CB182","auroral.snbt","&bShimmer Smithing Templates","","","auroral:shimmersteel_upgrade_smithing_template","","적용한 제목 정상화","&b쉬머 대장장이 형판"
"quest","3ADC0CBB059FF927","48410B67C276ED1F","bumblezone.snbt","&eEssence of Radiance","&e광채 라텍스","","the_bumblezone:essence_radiance","광휘의 정수","적용한 제목 정상화","&e광휘의 정수"
"quest","3AF1DC02E9A0010C","23983F4DC524B14B","mekanism.snbt","Chemicals, Pigments, Infuse Types","","","ftbfiltersystem:smart_filter","","적용한 제목 정상화","화학 물질, 안료, 주입 유형"
"quest","3AF1DC02E9A0010C","23983F4DC524B14B","mekanism.snbt","&cPressurized Tubes","","","ftbfiltersystem:smart_filter","","적용한 제목 정상화","&c압력튜브"
"quest","3AF2BC9A0E298882","100C477F4E63F20A","create.snbt","&6&lMachines","","","create:andesite_casing","안산암 케이싱","적용한 제목 정상화","&6&l기계"
"quest","3AF7446592D19FA6","65A95C2312976E49","undergarden.snbt","&eRegalium&r","&e리가리움&r","","undergarden:regalium_crystal","레갈륨 수정","적용한 제목 정상화","&e레갈륨&r"
"quest","3AFEE53B4276F8CA","6AEC23C6D526F362","eternal_starlight.snbt","&3Underminer","","","eternal_starlight:underminer","언더마이너","적용한 제목 정상화","&3언더마이너"
"quest","3B062B9EC2CEF592","15AAF17B6665223D","refined_storage.snbt","&4Mega Exporter","","","cabletiers:mega_exporter","메가 반출기","적용한 제목 정상화","&4메가 반출기"
"quest","3B3B38B17CF5D81C","100C477F4E63F20A","create.snbt","&ePackage Frogport","","","create:package_frogport","소포 개구리항","적용한 제목 정상화","&e소포 개구리항"
"quest","3B3BD39BA02DCA13","7AF827D2D101D343","artifacts.snbt","&6Pocket Piston&r","&6휴대용 피스톤&r","","artifacts:pocket_piston","주머니 피스톤","적용한 제목 정상화","&6주머니 피스톤&r"
"quest","3B3F1DE1AF6EBC1E","51A2FE60D8B76FC6","extended__advanced_ae.snbt","+10 Strength","","","advanced_ae:strength_card","힘 카드","적용한 제목 정상화","힘 +10"
"quest","3B42CCC19D23EC6D","07210DDF872160BA","applied_energistics_2.snbt","4k Storage Component","4k 저장소 부품","","ae2:cell_component_4k","4k ME 저장 부품","적용한 제목 정상화","4k 저장 부품"
"quest","3B4511E7DC788AB3","4791C8461B1B4D5F","basic_armor.snbt","&dTenacious Petal&r","&d끈기 있는 꽃잎&r","","eternal_starlight:tenacious_petal","끈질긴 꽃잎","적용한 제목 정상화","&d끈질긴 꽃잎&r"
"quest","3B4BF42C55C8BBBF","1BE666F01EFFC00D","tips_and_tricks.snbt","&l&9Simple &4Magnets","&l&9일반 &4자석","","simplemagnets:basicmagnet","","적용한 제목 정상화","&l&9Simple &4Magnets"
"quest","3B4CEE8A8CE0D6CB","0B826D13BAD43EEB","draconic_evolution.snbt","Stores: 2,140,000,000,000 RF","","","draconicevolution:energy_core_stabilizer","에너지 코어 안정기","적용한 제목 정상화","저장 용량: 2,140,000,000,000 RF"
"quest","3B4CEE8A8CE0D6CB","0B826D13BAD43EEB","draconic_evolution.snbt","Tier 7","","","draconicevolution:energy_core_stabilizer","에너지 코어 안정기","적용한 제목 정상화","등급 7"
"quest","3B5095CEDD9FB323","26E6ED94168A05C4","productive_bees.snbt","Made with Energizer","","","productivebees:configurable_honeycomb","벌집","적용한 제목 정상화","에너자이저로 만든"
"quest","3B5095CEDD9FB323","26E6ED94168A05C4","productive_bees.snbt","Energized Steel Bee","","","productivebees:configurable_honeycomb","벌집","적용한 제목 정상화","에너지화 강철 벌"
"quest","3B560B2ECE331CAF","1D42B373285DEF81","silent_gear.snbt","Tier 3 Starlight Charger Pillar Cap","3티어 별빛 충전기 기둥 덮개","","silentgear:tyrian_steel_block","티리안 강철 블록","적용한 제목 정상화","3단계 별빛 충전기 기둥 덮개"
"quest","3B570B3DB5F6D2CB","1DB294A8F8686321","storage.snbt","x16 Storage Upgrade","x16 저장소 업그레이드","","functionalstorage:gold_upgrade","금 업그레이드","적용한 제목 정상화","x16 저장 업그레이드"
"quest","3B5DEB942752B3BF","4EBB2171D5A3AAAC","forbidden__arcanus.snbt","Automatic Hephaestus Forge does not work without upgrades","","","ftbfiltersystem:smart_filter","","적용한 제목 정상화","자동 헤파이스토스 대장간은 업그레이드 없이 작동하지 않습니다"
"quest","3B5DEB942752B3BF","4EBB2171D5A3AAAC","forbidden__arcanus.snbt","Upgrades","","","ftbfiltersystem:smart_filter","","적용한 제목 정상화","업그레이드"
"quest","3B7BB08D6AA2E7FE","48410B67C276ED1F","bumblezone.snbt","&cRed Sempiternal Sanctum&r","&c붉은 영원한 성소&r","","","","적용한 제목 정상화","&c붉은 영원 성소&r"
"quest","3B84215240D9F2CB","15AAF17B6665223D","refined_storage.snbt","Secure your Grid!","","","refinedstorage:security_manager","보안 관리자","적용한 제목 정상화","그리드를 안전하게!"
"quest","3B84215240D9F2CB","15AAF17B6665223D","refined_storage.snbt","&3Security Manager","","","refinedstorage:security_manager","보안 관리자","적용한 제목 정상화","&3보안 관리자"
"quest","3B936CA3F0F7B26B","0A093D8C4429B627","mekanism_reactors.snbt","&l&7Digital Miner","","","mekanism:digital_miner","디지털 채굴기","적용한 제목 정상화","&l&7디지털 채굴기"
"quest","3B99290BE63F2968","25344A9254E02C8E","mi_endgame.snbt","Compressing Carbon Dust","","","modern_industrialization:carbon_plate","탄소 판","적용한 제목 정상화","탄소 가루 압축"
"quest","3B9D9CB589DB2003","5C4F10E65D86ED0E","mi_electric.snbt","This will help","","","","","적용한 제목 정상화","알아 두면 유용합니다"
"quest","3B9E6FBEDABA4F7E","48410B67C276ED1F","bumblezone.snbt","&6Honey&r Cave Room","&6꿀&r 동굴방","","","","적용한 제목 정상화","&6꿀&r 동굴 방"
"quest","3BAEF1A3FDB818A4","1FAAEF0B9FD05CB9","productive_trees.snbt","European Larch + Red Maple","유럽 낙엽송 + 붉은 단풍나무","","productivetrees:sugar_maple_sapling","설탕단풍나무 묘목","적용한 제목 정상화","유럽잎갈나무 + 붉은 단풍나무"
"quest","3BAF4078F5776809","6AEC23C6D526F362","eternal_starlight.snbt","&6Thermal Springstone Chestplate","","","eternal_starlight:thermal_springstone_chestplate","열기 스프링스톤 흉갑","적용한 제목 정상화","&6온천석 흉갑"
"quest","3BB3AA6C29285837","0F96DC3563DA78EF","elmystical_agriculturerr.snbt","&2Prudentium Apple","&2프루덴티움 사과","","mysticalagradditions:prudentium_apple","프루덴튬 사과","적용한 제목 정상화","&2프루덴튬 사과"
"quest","3BD304D851F49EC0","1FAAEF0B9FD05CB9","productive_trees.snbt","Elderberry + Silver Fir","엘더베리 + 은 전나무","","productivetrees:juniper_sapling","향나무 묘목","적용한 제목 정상화","엘더베리 + 은전나무"
"quest","3BD73FEAE853D350","11919EBB416B2BD0","relics.snbt","Unite with your pets and unleash a deadly pack!","타이가 또는 눈 덮인 타이가의 마을에서 발견됩니다.","","relics:hunting_belt","사냥 허리띠","적용한 제목 정상화","반려동물과 힘을 합쳐 치명적인 무리를 이끄세요!"
"quest","3BD73FEAE853D350","11919EBB416B2BD0","relics.snbt","&2Hunting Belt&r","&b아이스 스케이트","","relics:hunting_belt","사냥 허리띠","적용한 제목 정상화","&2사냥 허리띠&r"
"quest","3BDB94F17765EE77","5D045EF1AB73DF70","basic_power.snbt","More Power Than You'll Need","필요 이상으로 강력한 힘","","minecraft:netherite_ingot","","적용한 제목 정상화","필요 이상으로 많은 전력"
"quest","3BDB94F17765EE77","5D045EF1AB73DF70","basic_power.snbt","End Game Power Options","최종 게임 파워 설정","","minecraft:netherite_ingot","","적용한 제목 정상화","후반 전력 선택지"
"quest","3BE3B54B4A681668","0B826D13BAD43EEB","draconic_evolution.snbt","Chaotic Axe","","","draconicevolution:chaotic_axe","카오틱 도끼","적용한 제목 정상화","카오틱 도끼"
"quest","3BF5B8DE7A1CC4D7","0731FA8830F28280","apotheosis_gear.snbt","&6&lApotheosis Adventure","","","ftbfiltersystem:smart_filter","","적용한 제목 정상화","&6&lApotheosis 모험"
"quest","3C0671BE5E94730E","5D8E83698AEF1092","ice__fire.snbt","The &4&lCyclops","","","","","적용한 제목 정상화","&4&l키클롭스"
"quest","3C0F8EB779E56F2A","59395B6806F2A98A","cataclysm.snbt","&9Chitin Claw","","","cataclysm:chitin_claw","키틴 클로","적용한 제목 정상화","&9키틴 클로"
"quest","3C37018123D3653C","6AEC23C6D526F362","eternal_starlight.snbt","&2Air Sac Boots","","","eternal_starlight:air_sac_boots","공기 주머니 부츠","적용한 제목 정상화","&2공기 주머니 부츠"
"quest","3C413D4A210A3BDE","48410B67C276ED1F","bumblezone.snbt","Honey Bee","꿀벌","","the_bumblezone:music_disc_honey_bee_rat_faced_boy","음반","적용한 제목 정상화","Honey Bee"
"quest","3C62EDBB44D83A41","24151251C8730F2E","aether.snbt","&5Nature Staff","","","aether:nature_staff","자연의 지팡이","적용한 제목 정상화","&5자연의 지팡이"
"quest","3C74DAE7EC844A98","6AEC23C6D526F362","eternal_starlight.snbt","&3Lunar Berries","","","eternal_starlight:lunar_berries","달빛 열매","적용한 제목 정상화","&3루나 열매"
"quest","3C892B33758B7BA6","100C477F4E63F20A","create.snbt","&dCog&r Teamwork!","","","create:large_cogwheel","큰 톱니바퀴","적용한 제목 정상화","&d톱니바퀴&r 협동!"
"quest","3C8D9278B81BB37A","23983F4DC524B14B","mekanism.snbt","&eSpeed &8Upgrade","","","mekanism:upgrade_speed","속도 업그레이드","적용한 제목 정상화","&e속도 &8업그레이드"
"quest","3C99017FD32B6DE2","100C477F4E63F20A","create.snbt","&eBrass Casing","","","create:brass_casing","황동 케이싱","적용한 제목 정상화","&e황동 케이싱"
"quest","3CA324BE8531F253","76A0FBADACAD322B","neo_vitae.snbt","The Weak Blood Shard","","","neovitae:weak_blood_shard","","적용한 제목 정상화","약한 피의 파편"
"quest","3CAD0701EC16C2D8","6AEC23C6D526F362","eternal_starlight.snbt","&9Dark Swamp","어두운 늪","","","","적용한 제목 정상화","&9어두운 늪"
"quest","3CB7AB928D3E1CC6","26E6ED94168A05C4","productive_bees.snbt","Made with Energizer","","","productivebees:configurable_honeycomb","벌집","적용한 제목 정상화","에너자이저로 만든"
"quest","3CB7AB928D3E1CC6","26E6ED94168A05C4","productive_bees.snbt","Blazing Crystal Bee","","","productivebees:configurable_honeycomb","벌집","적용한 제목 정상화","타오르는 수정 벌"
"quest","3CB8F5F1D33C8F9F","0B826D13BAD43EEB","draconic_evolution.snbt","Wyvern Large Shield Capacity Module","","","draconicevolution:item_wyvern_large_shield_capacity","와이번 대용량 보호막 용량 모듈","적용한 제목 정상화","와이번 대용량 보호막 용량 모듈"
"quest","3CCBE9BBCA8ADA38","0A093D8C4429B627","mekanism_reactors.snbt","&dSupercharged Coils","","","mekanism:supercharged_coil","과충전 코일","적용한 제목 정상화","&d과급 코일"
"quest","3CD307DDD6A5F5A3","4B9D26E0087CD163","basic_tools.snbt","&f4 &cAttack Damage","&f4 &c공격 피해","","minecolonies:chiefsword","대장의 검","적용한 제목 정상화","&f4 &c공격력"
"quest","3CE3D9245F8EC005","07210DDF872160BA","applied_energistics_2.snbt","64M Storage Component","64M 저장소 요소","","megacells:cell_component_64m","64M MEGA 저장 부품","적용한 제목 정상화","64M MEGA 저장 부품"
"quest","3CF2DFB7F0CE065B","13B172FA69904D9F","deeper_and_darker.snbt","&cOvercast Columns","","","","","적용한 제목 정상화","&c음침한 기둥"
"quest","3CF32F2314839B1D","51A2FE60D8B76FC6","extended__advanced_ae.snbt","Get-Yer-Crystals-Fixed: The Crystal Fixer","","","extendedae:crystal_fixer","결정 복원기","적용한 제목 정상화","열화된 결정 복원: 결정 복원기"
"quest","3D1D5CB45D81A6E4","7A5C327771634A7D","building_tips.snbt","&b&lMacaw's Trapdoors","&b&lMacaw의 다락문","","ftbfiltersystem:smart_filter","","적용한 제목 정상화","&b&lMacaw's Trapdoors"
"quest","3D26E7BFE0AA964A","6AEC23C6D526F362","eternal_starlight.snbt","Luminofish","루미노피쉬","","","","적용한 제목 정상화","루미노피시"
"quest","3D2A03EB2B91E9C1","100C477F4E63F20A","create.snbt","&eChute","","","create:chute","슈트","적용한 제목 정상화","&e슈트"
"quest","3D2B4BF905CB606F","0F96DC3563DA78EF","elmystical_agriculturerr.snbt","Tier: &56","","","mysticalagriculture:awakened_draconium_seeds","","적용한 제목 정상화","등급: &56"
"quest","3D2B4D9FD2086B9B","0A093D8C4429B627","mekanism_reactors.snbt","&2Fission Reactor Logic Adapter","","","mekanismgenerators:fission_reactor_logic_adapter","핵분열로 로직 어댑터","적용한 제목 정상화","&2핵분열로 로직 어댑터"
"quest","3D31B94CC42BCE43","12AD9789D962B179","apothic_enchanting.snbt","All Enchantments, doesn't break","","","apothic_enchanting:extraction_tome","추출의 서","적용한 제목 정상화","모든 마법 부여 추출, 아이템 보존"
"quest","3D4032E7119AF8B7","6AEC23C6D526F362","eternal_starlight.snbt","&5Sonar Bomb","","","eternal_starlight:sonar_bomb","음파 폭탄","적용한 제목 정상화","&5소나 폭탄"
"quest","3D41D0092D94636B","4C507C004144BFEE","occultism.snbt","The Flames of &9The Otherworld","&9아더월드&9의 화염","","minecraft:flint_and_steel","","적용한 제목 정상화","&9이계의 불꽃"
"quest","3D4D88B8BE881351","6AEDA2F9BEB57759","ars_nouveau.snbt","Upgrading Spells","마법 업그레이드","","ars_nouveau:scribes_table","필기 작업대","적용한 제목 정상화","주문 업그레이드"
"quest","3D579A1F7EFEDD5C","13B172FA69904D9F","deeper_and_darker.snbt","Kill the &9&lWarden&r","","","","","적용한 제목 정상화","&9&l워든&r 처치"
"quest","3D63868AC4393EBC","26E6ED94168A05C4","productive_bees.snbt","Lapis + Emerald","","","productivebees:configurable_honeycomb","벌집","적용한 제목 정상화","청금석 + 에메랄드"
"quest","3D63868AC4393EBC","26E6ED94168A05C4","productive_bees.snbt","Experience Bee","","","productivebees:configurable_honeycomb","벌집","적용한 제목 정상화","경험 벌"
"quest","3D7480E4F9063E93","26E6ED94168A05C4","productive_bees.snbt","Lumber + Sweat","목재 + 땀","","productivebees:honeycomb_milky","우유 벌집 조각","적용한 제목 정상화","벌목 + 땀"
"quest","3D7480E4F9063E93","26E6ED94168A05C4","productive_bees.snbt","Rancher Bee","목장 일꾼 벌","","productivebees:honeycomb_milky","우유 벌집 조각","적용한 제목 정상화","목장주 벌"
"quest","3D755073C56274BE","792AD692F1468B1F","achapter_2r_6the_atm_star.snbt","Lens of &3Certain Death","필멸의 &3렌즈","","actuallyadditions:lens_of_certain_death","필멸의 렌즈","적용한 제목 정상화","&3필멸의 렌즈"
"quest","3D7CEED6B974ED8C","6AEC23C6D526F362","eternal_starlight.snbt","&5Aethersent Boots","","","eternal_starlight:aethersent_boots","에테르센트 부츠","적용한 제목 정상화","&5에테르센트 부츠"
"quest","3D82C6639A6371CB","4EBB2171D5A3AAAC","forbidden__arcanus.snbt","&7Quantum Injector&r","&7퀀텀 주입기&r","","forbidden_arcanus:quantum_injector","Quantum 주입기","적용한 제목 정상화","&7Quantum 주입기&r"
"quest","3DA5F622E3266AE5","26E6ED94168A05C4","productive_bees.snbt","Made in Reprocessor","","","productivebees:configurable_honeycomb","벌집","적용한 제목 정상화","재처리기에서 제작됨"
"quest","3DA5F622E3266AE5","26E6ED94168A05C4","productive_bees.snbt","Ridiculite Bee","","","productivebees:configurable_honeycomb","벌집","적용한 제목 정상화","리디큘라이트 벌"
"quest","3DB036804AD70497","24151251C8730F2E","aether.snbt","&7Bronze Key","","","aether:bronze_dungeon_key","청동 열쇠","적용한 제목 정상화","&7청동 열쇠"
"quest","3DB5874FA93FDA50","26E6ED94168A05C4","productive_bees.snbt","Electrolyze 3 Emerald Bee Spawn Eggs into a Beryllium Bee Spawn Egg","","","productivebees:configurable_honeycomb","벌집","적용한 제목 정상화","에메랄드 벌 생성 알 3개를 전기분해해 베릴륨 벌 생성 알 만들기"
"quest","3DB5874FA93FDA50","26E6ED94168A05C4","productive_bees.snbt","Beryllium Bee","","","productivebees:configurable_honeycomb","벌집","적용한 제목 정상화","베릴륨 벌"
"quest","3DCD38634176BD92","76DF5FAA7961E5E7","iron_spells_and_spellbooks.snbt","&3Vibranium&r Spell Book","&3바이브라늄&r 주문서","","allthewizardgear:vibranium_spell_book","Vibranium 주문서","적용한 제목 정상화","&3Vibranium&r 주문서"
"quest","3DD27DED791C6A0B","4EEDECACDE8F5A67","oritech.snbt","Maximum output","","","ftbfiltersystem:smart_filter","","적용한 제목 정상화","최대 출력"
"quest","3DD27DED791C6A0B","4EEDECACDE8F5A67","oritech.snbt","Ore Processing","","","ftbfiltersystem:smart_filter","","적용한 제목 정상화","광석 처리"
"quest","3DDB0DDA7571B2C1","07210DDF872160BA","applied_energistics_2.snbt","ME Level Emitter","ME 레벨 측정기","","ae2:level_emitter","ME 레벨 방출기","적용한 제목 정상화","ME 레벨 방출기"
"quest","3DDF87A1E5F5D009","2A6EBEEBAB882679","powah.snbt","The &9Energizing Orb","&9에너자이징 오브","","powah:energizing_orb","에너지 주입 오브","적용한 제목 정상화","&9에너지 주입 오브"
"quest","3DF1435A15515DA9","4EBB2171D5A3AAAC","forbidden__arcanus.snbt","Automatic Souls","자동 영혼","","justdirethings:blockbreakert2","고급 블록 파괴기","적용한 제목 정상화","영혼 자동화"
"quest","3DF794EBCAA7AE1A","0B826D13BAD43EEB","draconic_evolution.snbt","Draconic Tree Harvester","","","draconicevolution:item_draconic_tree_harvest","드라코닉 산림 정리 모듈","적용한 제목 정상화","드라코닉 산림 정리 모듈"
"quest","3E0643EA9183CDAE","7AF827D2D101D343","artifacts.snbt","&9Novelty Drinking Hat","&9넘버-원 음료수 모자","","artifacts:novelty_drinking_hat","장난감 음료 모자","적용한 제목 정상화","&9장난감 음료 모자"
"quest","3E1A3BC8642390B3","7AF827D2D101D343","artifacts.snbt","Unique","고유함","","artifacts:umbrella","우산","적용한 제목 정상화","고유"
"quest","3E3CBDCEAB0FF28F","0A52D0932DA3F809","hostile_neural_networks.snbt","&aLearning Mobs","&a학습 몹","","hostilenetworks:deep_learner","심층 학습기","적용한 제목 정상화","&a몹 학습"
"quest","3E4B27759C973006","7A5C327771634A7D","building_tips.snbt","&l&6Framed Blocks&r","&l&6틀 블록&r","","ftbfiltersystem:smart_filter","","적용한 제목 정상화","&l&6FramedBlocks&r"
"quest","3E5BE6D6422F682C","0A093D8C4429B627","mekanism_reactors.snbt","&9&lTurbine&r Inputs and Outputs","","","mekanismgenerators:turbine_valve","터빈 밸브","적용한 제목 정상화","&9&l터빈&r 입력 및 출력"
"quest","3E6706BC4C318A40","193F91842D2ED7D9","industrial_foregoing.snbt","Fresh from the Manure Field, your spookiness","","","industrialforegoing:sewer","오물통","적용한 제목 정상화","거름밭에서 막 나온 너의 으스스함"
"quest","3E75AFE3482834C5","2FB24A5A597459FC","railcraft.snbt","&7&lRailCraft","&7&l레일크래프트","","minecraft:rail","","적용한 제목 정상화","&7&lRailcraft"
"quest","3E76BC1D0FC3E9A8","7A5C327771634A7D","building_tips.snbt","Electric Set","전기 세트","","ftbfiltersystem:smart_filter","","적용한 제목 정상화","전력 설비"
"quest","3E89034E0CB8D687","22C20C1827FE6805","immersive_engineering.snbt","Storing &eItems","&e아이템 저장 중","","ftbfiltersystem:smart_filter","","적용한 제목 정상화","&e아이템 저장"
"quest","3E890BABC4C41370","15AAF17B6665223D","refined_storage.snbt","Wirelessly Connecting Networks","","","refinedstorage:network_transmitter","네트워크 송신기","적용한 제목 정상화","네트워크 무선 연결"
"quest","3E890BABC4C41370","15AAF17B6665223D","refined_storage.snbt","&3Grid Networks","","","refinedstorage:network_transmitter","네트워크 송신기","적용한 제목 정상화","&3그리드 네트워크"
"quest","3E89BC6875790952","43BB00A7A7E1042C","mahou_tsukai.snbt","&7Scroll of Proximity Projection","&7「접근사출」두루마리","","mahoutsukai:powdered_diamond","빻은 다이아몬드","적용한 제목 정상화","&7「근접 투영」두루마리"
"quest","3E8BA5E075ABD136","11919EBB416B2BD0","relics.snbt","Turn the heat of battle into nourishment","타이가 또는 눈 덮인 타이가의 마을에서 발견됩니다.","","relics:chef_hat","요리사 모자","적용한 제목 정상화","전투의 열기를 든든한 한 끼로 바꾸세요"
"quest","3E8BA5E075ABD136","11919EBB416B2BD0","relics.snbt","&fChef's Hat&r","아이스 브레이커","","relics:chef_hat","요리사 모자","적용한 제목 정상화","&f요리사 모자&r"
"quest","3E970E76372AB094","219B7A003658D24F","xycraft.snbt","&2Accelerated Planter","&2가속화된 큰 화분","","xycraft_machines:planter","가속 화분","적용한 제목 정상화","&2가속 화분"
"quest","3EA883C0BB7BD38F","05E614FDA677D85E","food_and_farming.snbt","Whose Fleece was....Rainbow?","누구의 양털이 was....무지개색일까요?","","ftbfiltersystem:smart_filter","","적용한 제목 정상화","누구의 양털이... 무지개색이었지?"
"quest","3EB34CC8A3B0DB3C","4EEDECACDE8F5A67","oritech.snbt","Doesn't work as hamster feed","","","oritech:plutonium_pellet","플루토늄 펠릿","적용한 제목 정상화","햄스터 먹이로는 쓸 수 없습니다"
"quest","3EB63AF53E70C931","007B547630FF0478","theurgy.snbt","Step 4: Powering it","4단계: 전력 공급하기","","theurgy:sulfuric_flux_emitter","유황 플럭스 방출기","적용한 제목 정상화","4단계: 전원 공급"
"quest","3EB6CBA0B1374BDD","26E6ED94168A05C4","productive_bees.snbt","Made in Dragonsteel forge","","","productivebees:configurable_honeycomb","벌집","적용한 제목 정상화","드래곤스틸 대장간에서 제작"
"quest","3EB6CBA0B1374BDD","26E6ED94168A05C4","productive_bees.snbt","Lightning Dragonsteel Bee","","","productivebees:configurable_honeycomb","벌집","적용한 제목 정상화","라이트닝 드래곤스틸 벌"
"quest","3EC90ADA4E322B14","7A72E12C3839D165","natures_aura.snbt","&6Tainted Gold","&6오염된 금","","naturesaura:tainted_gold","타락한 금 주괴","적용한 제목 정상화","&6타락한 금"
"quest","3ED40CC40458087E","22C20C1827FE6805","immersive_engineering.snbt","&c&lAccumulator Backpack","&c&l축전지 가방","","immersiveengineering:powerpack","축전기 배낭","적용한 제목 정상화","&c&l축전기 배낭"
"quest","3EE51A812E593135","24151251C8730F2E","aether.snbt","&c&lIncubator","","","aether:incubator","부화기","적용한 제목 정상화","&c&l부화기"
"quest","3EE95747CA6DFB1A","22C20C1827FE6805","immersive_engineering.snbt","&l&7Metal Press","&l&7금속 압축기","","immersiveengineering:steel_scaffolding_standard","강철 비계","적용한 제목 정상화","&l&7금속 프레스"
"quest","3EEF17C57375CC39","7A5C327771634A7D","building_tips.snbt","&lSimply Light&r","&l심플리 라이트&r","","ftbfiltersystem:smart_filter","","적용한 제목 정상화","&lSimply Light&r"
"quest","3F02EF19112D23BE","100C477F4E63F20A","create.snbt","&6Crushing Wheels","","","create:crushing_wheel","분쇄 바퀴","적용한 제목 정상화","&6분쇄 바퀴"
"quest","3F0CD2C03CD7D730","4791C8461B1B4D5F","basic_armor.snbt","Dropped from Starlight Golem","별빛 골렘에게서 드롭됨","","eternal_starlight:forge_armor_trim_smithing_template","대장장이 형판","적용한 제목 정상화","별빛 골렘이 떨어뜨림"
"quest","3F0CD2C03CD7D730","4791C8461B1B4D5F","basic_armor.snbt","Forge Armor Trim","Forge 갑옷 트리밍","","eternal_starlight:forge_armor_trim_smithing_template","대장장이 형판","적용한 제목 정상화","제련소 갑옷 장식"
"quest","3F2C1A81C17D2D67","100C477F4E63F20A","create.snbt","Why do it yourself when Robot can do it better?","","","create:mechanical_arm","기계식 팔","적용한 제목 정상화","로봇이 더 잘하는데 직접 할 이유가 있나요?"
"quest","3F2C1A81C17D2D67","100C477F4E63F20A","create.snbt","&6Mechanical Arm","","","create:mechanical_arm","기계식 팔","적용한 제목 정상화","&6기계식 팔"
"quest","3F2FE793CE5052F0","76A0FBADACAD322B","neo_vitae.snbt","Rerouting the Network","","","neovitae:node_router","","적용한 제목 정상화","네트워크 경로 변경"
"quest","3F3F3174BD9D03BD","0A52D0932DA3F809","hostile_neural_networks.snbt","No Generative AI was used to make this quest","","","hostilenetworks:data_center","데이터 센터","적용한 제목 정상화","이 퀘스트를 만드는 데 생성형 AI는 사용되지 않았습니다"
"quest","3F3F3174BD9D03BD","0A52D0932DA3F809","hostile_neural_networks.snbt","The &dData &5Center","","","hostilenetworks:data_center","데이터 센터","적용한 제목 정상화","&d데이터 &5센터"
"quest","3F55F3CC8519D783","0E81CBCD6B1D1895","apotheosis_2.snbt","Mystical Agriculture's Spawner","","","mysticalagriculture:soulium_spawner","소울륨 소환기","적용한 제목 정상화","Mystical Agriculture의 소환기"
"quest","3F5B5D6B788E0A73","5103E2D95685ADFF","chapter_2_the_star.snbt","&4&lEvilCraft","&4&l이블크래프트","","evilcraft:dark_gem","다크 젬","적용한 제목 정상화","&4&lEvilCraft"
"quest","3F663416E824720C","100C477F4E63F20A","create.snbt","&cCopper Casings","","","create:copper_casing","구리 케이싱","적용한 제목 정상화","&c구리 케이싱"
"quest","3F68BA498E877C8C","219B7A003658D24F","xycraft.snbt","&aGreen Xychorium Gems","&a초록색 자이코륨 젬","","xycraft_world:xychorium_gem_green","초록색 자이코륨 보석","적용한 제목 정상화","&a초록색 자이코륨 보석"
"quest","3F8D515D7B81B0E3","4293754F9B2D05F0","allthemodium.snbt","&5Unobtainium Smithing Template","&5언옵테이니움 대장장이 형판","","allthemodium:unobtainium_upgrade_smithing_template","Unobtainium 대장장이 형판","적용한 제목 정상화","&5Unobtainium 대장장이 형판"
"quest","3F8EEE1AD4420702","15AAF17B6665223D","refined_storage.snbt","&b64k Storage Part","","","refinedstorage:64k_storage_part","64k 저장 부품","적용한 제목 정상화","&b64k 저장 부품"
"quest","3FBCBBEBB78B83FC","100C477F4E63F20A","create.snbt","Constructing &5Trains","","","create:controls","열차 조종석","적용한 제목 정상화","&5열차 조립하기"
"quest","3FD19A001899D8C6","0B826D13BAD43EEB","draconic_evolution.snbt","Draconic Flight Module","","","draconicevolution:item_draconic_flight","드라코닉 비행 모듈","적용한 제목 정상화","드라코닉 비행 모듈"
"quest","3FD801D7DE9176FB","15AAF17B6665223D","refined_storage.snbt","&e4k Storage Part","","","refinedstorage:4k_storage_part","4k 저장 부품","적용한 제목 정상화","&e4k 저장 부품"
"quest","3FE2A649F07DF28D","56B11606F5F4DAB2","mi_digital.snbt","You can crush Extreme Reactors Blutonium for Plutonium Dust","","","","","적용한 제목 정상화","Extreme Reactors 블루토늄을 분쇄해 플루토늄 가루를 얻을 수 있습니다"
"quest","3FE489E6B1FAC24B","56B11606F5F4DAB2","mi_digital.snbt","Recycling the Depleted Rods","","","modern_industrialization:plutonium_tiny_dust","작은 플루토늄 가루","적용한 제목 정상화","소모된 연료봉 재활용"
"quest","3FE489E6B1FAC24B","56B11606F5F4DAB2","mi_digital.snbt","Getting Plutonium","","","modern_industrialization:plutonium_tiny_dust","작은 플루토늄 가루","적용한 제목 정상화","플루토늄 얻기"
"quest","3FE739EA7E297DF3","51A2FE60D8B76FC6","extended__advanced_ae.snbt","Faster and Bigger: Extended Devices","","","ftbfiltersystem:smart_filter","","적용한 제목 정상화","더 빠르고 더 크게: 확장 장치"
"quest","3FE994532AF53ABB","24151251C8730F2E","aether.snbt","&3Lightning Sword","","","aether:lightning_sword","번개검","적용한 제목 정상화","&3번개검"
"quest","3FF61A4D7A250AE1","792AD692F1468B1F","achapter_2r_6the_atm_star.snbt","Unlimited Powah!","무제한 파와!","","powah:energy_cell_creative","에너지 셀 (크리에이티브)","적용한 제목 정상화","무제한 Powah!"
"quest","3FF97A4B5029C0E7","43BB00A7A7E1042C","mahou_tsukai.snbt","&7Scroll of Weapon Projectiles","&7「무기사출」두루마리","","mahoutsukai:powdered_gold","빻은 금","적용한 제목 정상화","&7「무기 사출」두루마리"
"quest","4007DFA7CC3A5FF2","1DB294A8F8686321","storage.snbt","The Base for Upgrades","업그레이드를 위한 기반","","sophisticatedstorage:upgrade_base","업그레이드 기반 부품","적용한 제목 정상화","업그레이드의 기반"
"quest","401A3FD6A3511870","5C4F10E65D86ED0E","mi_electric.snbt","Open Sesame","","","modern_industrialization:and_gate","AND 게이트","적용한 제목 정상화","열려라 참깨"
"quest","401A3FD6A3511870","5C4F10E65D86ED0E","mi_electric.snbt","Gates","","","modern_industrialization:and_gate","AND 게이트","적용한 제목 정상화","논리 게이트"
"quest","401BB95B740385B7","76DF5FAA7961E5E7","iron_spells_and_spellbooks.snbt","&6Holy&r Upgrade Orb","&6신성&r 상위 버전 오브","","irons_spellbooks:holy_upgrade_orb","신성 업그레이드 구슬","적용한 제목 정상화","&6신성 업그레이드 구슬&r"
"quest","4040BFCD4BE56621","48410B67C276ED1F","bumblezone.snbt","No Vacancy","빈 방 없음","","","","적용한 제목 정상화","빈방 없음"
"quest","4040BFCD4BE56621","48410B67C276ED1F","bumblezone.snbt","Honitel","호니텔","","","","적용한 제목 정상화","허니텔"
"quest","406433F7FF3B0E7B","5D8E83698AEF1092","ice__fire.snbt","&bIce Dragonsteel","","","iceandfire:dragonsteel_ice_ingot","얼음 드래곤 스틸 주괴","적용한 제목 정상화","&b얼음 용강철"
"quest","40786B63E2901D11","6AEC23C6D526F362","eternal_starlight.snbt","&9Cursed Garden","저주받은 정원","","","","적용한 제목 정상화","&9저주받은 정원"
"quest","408D8B1CFBA22BAF","0F96DC3563DA78EF","elmystical_agriculturerr.snbt","&0Witherproof Blocks","&0위더프루프 블록","","ftbfiltersystem:smart_filter","","적용한 제목 정상화","&0위더 방호 블록"
"quest","408EBED932656006","5C4F10E65D86ED0E","mi_electric.snbt","Doped Silicone","","","modern_industrialization:silicon_p_doped_plate","P 도핑 실리콘 판","적용한 제목 정상화","도핑된 실리콘"
"quest","40AB457E37919ABE","11919EBB416B2BD0","relics.snbt","Some relics grant power. This one tests your soul!","파괴된 차원문, 네더 요새, 그리고 요새에서 발견됩니다.","","relics:ring_of_the_seven_deadly_sins","칠대 죄악의 반지","적용한 제목 정상화","어떤 유물은 힘을 줍니다. 이 유물은 영혼을 시험하죠!"
"quest","40AB457E37919ABE","11919EBB416B2BD0","relics.snbt","&cRing of the Seven Deadly Sins","&5블레이징 플라스크","","relics:ring_of_the_seven_deadly_sins","칠대 죄악의 반지","적용한 제목 정상화","&c칠대 죄악의 반지"
"quest","40AD1851C6851925","24151251C8730F2E","aether.snbt","Whoops!","","","","","적용한 제목 정상화","이런!"
"quest","40B24676E11D9410","0A093D8C4429B627","mekanism_reactors.snbt","Meka-Tool","","","mekanism:module_fortune_unit","","적용한 제목 정상화","메카툴"
"quest","40B24676E11D9410","0A093D8C4429B627","mekanism_reactors.snbt","&dOre Refinement &7Unit","","","mekanism:module_fortune_unit","","적용한 제목 정상화","&d광석 정제 &7유닛"
"quest","40C32A4F6DE4B782","76A0FBADACAD322B","neo_vitae.snbt","The Athanor","","","neovitae:athanor","","적용한 제목 정상화","Athanor"
"quest","40C776497D68367F","6AEC23C6D526F362","eternal_starlight.snbt","&9&lMonstrosity&r Items","괴물 아이템","","ftbfiltersystem:smart_filter","","적용한 제목 정상화","&9&l괴수&r 탐색 아이템"
"quest","40E8940C92668D4F","0A093D8C4429B627","mekanism_reactors.snbt","D","","","mekanism:electric_pump","전동 펌프","적용한 제목 정상화","디"
"quest","40E8940C92668D4F","0A093D8C4429B627","mekanism_reactors.snbt","&cDeuterium","","","mekanism:electric_pump","전동 펌프","적용한 제목 정상화","&c중수소"
"quest","40F34EBE09DA7752","0B826D13BAD43EEB","draconic_evolution.snbt","Basic Auto Feed Module","","","draconicevolution:item_draconium_auto_feed","자동 섭취 모듈","적용한 제목 정상화","기본 자동 섭취 모듈"
"quest","40F8A44DF4D8DBD6","26E6ED94168A05C4","productive_bees.snbt","Magmatic + Nomad","","","productivebees:configurable_honeycomb","벌집","적용한 제목 정상화","마그마틱 + 유목민"
"quest","40F8A44DF4D8DBD6","26E6ED94168A05C4","productive_bees.snbt","BlazBee","","","productivebees:configurable_honeycomb","벌집","적용한 제목 정상화","BlazBee"
"quest","4101F8275B41C79B","15AAF17B6665223D","refined_storage.snbt","&61k Storage Part","","","refinedstorage:1k_storage_part","1k 저장 부품","적용한 제목 정상화","&61k 저장 부품"
"quest","4104ABDC0E577350","76DF5FAA7961E5E7","iron_spells_and_spellbooks.snbt","&2Nature&r Upgrade Orb","&2자연&r 강화 구슬","","irons_spellbooks:nature_upgrade_orb","자연 업그레이드 구슬","적용한 제목 정상화","&2자연 업그레이드 구슬&r"
"quest","4104C5D003D4705A","22C20C1827FE6805","immersive_engineering.snbt","&l&6Automated Workbench","&l&6자동화된 작업대","","immersiveengineering:light_engineering","경공학 블록","적용한 제목 정상화","&l&6자동 공학자의 작업대"
"quest","41197BEBED4A9B69","6AEC23C6D526F362","eternal_starlight.snbt","&7Deepsilver Hoe","","","eternal_starlight:deepsilver_hoe","심층 은 괭이","적용한 제목 정상화","&7딥실버 괭이"
"quest","411A463E98C3B102","51A2FE60D8B76FC6","extended__advanced_ae.snbt","Quantum Ingredients","","","advanced_ae:shattered_singularity","부서진 특이점","적용한 제목 정상화","퀀텀 재료"
"quest","413F338DB07BA88C","5C4F10E65D86ED0E","mi_electric.snbt","Same as steam one","","","modern_industrialization:electric_unpacker","전기 포장 해제기","적용한 제목 정상화","증기 기계와 동일"
"quest","4141EF8B8C316118","65A95C2312976E49","undergarden.snbt","&7Cloggrum&r","&7클로그럼&r","","undergarden:cloggrum_ingot","클로그룸 주괴","적용한 제목 정상화","&7클로그룸&r"
"quest","4147D247E4D754D0","6AEC23C6D526F362","eternal_starlight.snbt","&7Gleech","글리치","","","","적용한 제목 정상화","&7글리치"
"quest","418E0A23EC74F320","4EEDECACDE8F5A67","oritech.snbt","You spin my head right round...","","","oritech:centrifuge_block","원심 분리기","적용한 제목 정상화","빙글빙글 돌려요..."
"quest","4194397DFD0199C2","100C477F4E63F20A","create.snbt","&6Mechanical Crafter","","","create:mechanical_crafter","기계식 조합기","적용한 제목 정상화","&6기계식 조합기"
"quest","4195800B4D7631E2","5103E2D95685ADFF","chapter_2_the_star.snbt","&6Stable Wormhole","&6안정한 웜홀","","occultism:stable_wormhole","안정한 웜홀","적용한 제목 정상화","&6안정된 웜홀"
"quest","419C808FE10DB496","1FAAEF0B9FD05CB9","productive_trees.snbt","Balsa + Wenge","발사 + 벵게","","productivetrees:grandidiers_baobab_sapling","그랜디디어스 바오밥 묘목","적용한 제목 정상화","발사 + 웬지"
"quest","419DB4A2A5A5FC58","76A0FBADACAD322B","neo_vitae.snbt","The Foreman","","","neovitae:mine_key","","적용한 제목 정상화","감독관"
"quest","41A0BE357C8A74E1","6AEDA2F9BEB57759","ars_nouveau.snbt","Power through Potions","물약으로 힘내세요","","ars_nouveau:alchemical_sourcelink","연금술 마나링크","적용한 제목 정상화","물약으로 마나 생성"
"quest","41B99DBD03EB74FF","22C20C1827FE6805","immersive_engineering.snbt","&l&4Improved Blast Furnace","&l&4강화된 용광로","","immersiveengineering:blastbrick_reinforced","강화 용광로 벽돌","적용한 제목 정상화","&l&4개량 용광로"
"quest","41BD497108CA109F","0B826D13BAD43EEB","draconic_evolution.snbt","Awakened Draconium","","","draconicevolution:awakened_draconium_block","각성 드라코늄 블록","적용한 제목 정상화","각성 드라코늄"
"quest","41C70F0873E14307","6AEC23C6D526F362","eternal_starlight.snbt","&8Dead Lunar Log","","","eternal_starlight:dead_lunar_log","죽은 달빛나무 원목","적용한 제목 정상화","&8죽은 루나 원목"
"quest","41C7DEAB41F4B700","5D8E83698AEF1092","ice__fire.snbt","A &2&lGorgon","","","","","적용한 제목 정상화","&2&l고르곤"
"quest","41D0CC616B762F4C","26E6ED94168A05C4","productive_bees.snbt","Entro Bee","","","productivebees:configurable_honeycomb","벌집","적용한 제목 정상화","엔트로 벌"
"quest","41D539DA3B3EC287","48410B67C276ED1F","bumblezone.snbt","Goliath &6Honey&r Fountain","골리앗 &6꿀&r 분수","","","","적용한 제목 정상화","거대 &6꿀&r 분수"
"quest","41F9CC26C7D86AE9","5D8E83698AEF1092","ice__fire.snbt","&bHippocampus Slapper","","","iceandfire:hippocampus_slapper","히포캄푸스의 찰싹대","적용한 제목 정상화","&b히포캄푸스 슬래퍼"
"quest","41FD145B911BD625","26E6ED94168A05C4","productive_bees.snbt","Silver Bee Spawn Egg into Spiritfire","","","productivebees:configurable_honeycomb","벌집","적용한 제목 정상화","은 벌 생성 알을 영혼불에 던지기"
"quest","41FD145B911BD625","26E6ED94168A05C4","productive_bees.snbt","Iesnium Bee","","","productivebees:configurable_honeycomb","벌집","적용한 제목 정상화","이에스늄 벌"
"quest","420CB9502DF8E1BC","76DF5FAA7961E5E7","iron_spells_and_spellbooks.snbt","&b&lIce Spider","","","irons_spellbooks:icy_fang","서리 송곳니","적용한 제목 정상화","&b&l얼음 거미"
"quest","420FE84DEE12CCE0","73180B829B960E63","generators.snbt","&eGolden Furnace","&e황금 화로","","ironfurnaces:gold_furnace","금 화로","적용한 제목 정상화","&e금 화로"
"quest","4211F29561F21643","0A093D8C4429B627","mekanism_reactors.snbt","Moving parts","","","mekanismgenerators:turbine_rotor","터빈 로터","적용한 제목 정상화","움직이는 부품"
"quest","421851D4D39910DB","26E6ED94168A05C4","productive_bees.snbt","One of the less important ones","","","ftbfiltersystem:smart_filter","","적용한 제목 정상화","덜 중요한 것 중 하나"
"quest","421851D4D39910DB","26E6ED94168A05C4","productive_bees.snbt","&b&lEndurance","","","ftbfiltersystem:smart_filter","","적용한 제목 정상화","&b&l지구력"
"quest","421954D7D46FAAD6","0B826D13BAD43EEB","draconic_evolution.snbt","Energy Core Stabilizers","","","draconicevolution:energy_core_stabilizer","에너지 코어 안정기","적용한 제목 정상화","에너지 코어 안정기"
"quest","424B3E3B299D3999","23983F4DC524B14B","mekanism.snbt","Gauge &8Dropper","","","mekanism:gauge_dropper","스포이트","적용한 제목 정상화","&8스포이트"
"quest","42626A0CD814353D","5D8E83698AEF1092","ice__fire.snbt","&5Lightning Dragon Roost","","","","","적용한 제목 정상화","&5번개 드래곤 둥지"
"quest","427014BDE06DE631","7AF827D2D101D343","artifacts.snbt","&cFire Gauntlet&r","&c화염 건틀렛&r","","artifacts:fire_gauntlet","화염 건틀릿","적용한 제목 정상화","&c화염 건틀릿&r"
"quest","42746659C66CF17F","12AD9789D962B179","apothic_enchanting.snbt","Just imagine if Rome never burned...","","","apothic_enchanting:ender_library","알렉산드리아 도서관","적용한 제목 정상화","로마가 불타지 않았다고 상상해 보세요..."
"quest","42746659C66CF17F","12AD9789D962B179","apothic_enchanting.snbt","&6&oLibrary of Alexandria","","","apothic_enchanting:ender_library","알렉산드리아 도서관","적용한 제목 정상화","&6&o알렉산드리아 도서관"
"quest","4274E777FB60BA28","23983F4DC524B14B","mekanism.snbt","&a&lChargepad","","","mekanism:chargepad","충전 패드","적용한 제목 정상화","&a&l충전 패드"
"quest","427B9C6D95885DE2","1FAAEF0B9FD05CB9","productive_trees.snbt","Red Delicious Apple + Flowering Azalea","레드 딜리셔스 사과 + 꽃 핀 진달래","","productivetrees:sand_pear_sapling","동양배 묘목","적용한 제목 정상화","Red Delicious Apple + 꽃 핀 철쭉"
"quest","427BBEB1F24E9DEE","792AD692F1468B1F","achapter_2r_6the_atm_star.snbt","&5Corrupti Dust","&5Corrupti 가루","","forbidden_arcanus:corrupti_dust","코럽티 가루","적용한 제목 정상화","&5코럽티 가루"
"quest","427C3AFC0FF131CD","193F91842D2ED7D9","industrial_foregoing.snbt","Fluids","액체","","industrialforegoing:fluid_placer","유체 배치기","적용한 제목 정상화","유체"
"quest","4285510271B5223D","100C477F4E63F20A","create.snbt","&dGearbox","","","create:gearbox","기어박스","적용한 제목 정상화","&d기어박스"
"quest","429785E8F64929CE","6AEC23C6D526F362","eternal_starlight.snbt","The Gatekeeper and The Gate","문지기와 문","","","","적용한 제목 정상화","문지기와 차원문"
"quest","429B5A81DF6C43FE","4C507C004144BFEE","occultism.snbt","How... Fleshy...","How... Fleshy...","","minecraft:gilded_blackstone","","적용한 제목 정상화","어떻게... 살찐..."
"quest","429B5A81DF6C43FE","4C507C004144BFEE","occultism.snbt","&6Odus' Open Convocation","&6Abras의 Open Commanding Conjure","","minecraft:gilded_blackstone","","적용한 제목 정상화","&6Odus' Open Convocation"
"quest","42AAEC41F2BC2474","4791C8461B1B4D5F","basic_armor.snbt","&bGlacite&r","&b글래사이트&r","","eternal_starlight:glacite_shard","글라사이트 조각","적용한 제목 정상화","&b글라사이트&r"
"quest","42D173B9FF8D16E4","5D045EF1AB73DF70","basic_power.snbt","Starter Power","스타터 힘","","minecraft:coal","","적용한 제목 정상화","초반 전력"
"quest","42D173B9FF8D16E4","5D045EF1AB73DF70","basic_power.snbt","&8&lEarly Game Power Options","&8&l초반 게임 전력 설정","","minecraft:coal","","적용한 제목 정상화","&8&l초반 전력 선택지"
"quest","42D7C8CD8E6F5CD7","0E81CBCD6B1D1895","apotheosis_2.snbt","No AI","인공지능 없음","","apotheosis:no_ai_spawner_rune","","적용한 제목 정상화","AI 없음"
"quest","42F50CE7FE715583","4C507C004144BFEE","occultism.snbt","&aUpgrading Our Magical Storage","&a마법 저장소 업그레이드 중","","ftbfiltersystem:smart_filter","","적용한 제목 정상화","&a마법 저장소 업그레이드"
"quest","43008E93B34F4F06","5D8E83698AEF1092","ice__fire.snbt","&9Tide Arrows","","","iceandfire:sea_serpent_arrow","해류 화살","적용한 제목 정상화","&9조수 화살"
"quest","43167C59036E79A7","12AD9789D962B179","apothic_enchanting.snbt","&8Tool Tomes","","","ftbfiltersystem:smart_filter","","적용한 제목 정상화","&8도구의 서"
"quest","431C62A6F8ECB4EC","22C20C1827FE6805","immersive_engineering.snbt","&5&lRailgun&r Ammo from &8&lIE&r","&5&l레일건&r &8&lIE&r의 탄약","","ftbfiltersystem:smart_filter","","적용한 제목 정상화","&5&l레일건&r 탄약: &8&lIE&r"
"quest","435890CE1A1B3C04","5D8E83698AEF1092","ice__fire.snbt","&4Cyclop's Cave","","","","","적용한 제목 정상화","&4키클롭스의 동굴"
"quest","43630EF0B85AE7E1","5D8E83698AEF1092","ice__fire.snbt","&cFire Dragon Cave","","","","","적용한 제목 정상화","&c화염 드래곤 동굴"
"quest","436E4E3515BCCDE9","7AF827D2D101D343","artifacts.snbt","Belt","벨트","","artifacts:cloud_in_a_bottle","병 속의 구름","적용한 제목 정상화","허리띠"
"quest","436E4E3515BCCDE9","7AF827D2D101D343","artifacts.snbt","&bCloud in a Bottle&r","&b병에 들어있는 구름&r","","artifacts:cloud_in_a_bottle","병 속의 구름","적용한 제목 정상화","&b병 속의 구름&r"
"quest","437DB2CE10D33A08","26E6ED94168A05C4","productive_bees.snbt","Glowing Bee","발광 꿀벌","","productivebees:configurable_honeycomb","벌집","적용한 제목 정상화","빛나는 벌"
"quest","438F734D16DA9638","0A093D8C4429B627","mekanism_reactors.snbt","&aPolonium Pellets","","","mekanism:pellet_polonium","폴로늄 알갱이","적용한 제목 정상화","&a폴로늄 펠릿"
"quest","43922DB543DC05C0","5D8E83698AEF1092","ice__fire.snbt","&lStage 1-3 &bIce Dragon","","","ftbfiltersystem:smart_filter","","적용한 제목 정상화","&l1-3단계 &b얼음 드래곤"
"quest","4393ADF3E4C8B0D4","76A0FBADACAD322B","neo_vitae.snbt","Any one aspect proves the craft.","","","neovitae:spiritus_ruina_shard","","적용한 제목 정상화","Aspect 하나만으로도 기술을 증명할 수 있습니다."
"quest","4393ADF3E4C8B0D4","76A0FBADACAD322B","neo_vitae.snbt","The Five Aspects","","","neovitae:spiritus_ruina_shard","","적용한 제목 정상화","다섯 Aspect"
"quest","4394AEF0823FB4D2","24151251C8730F2E","aether.snbt","&2Skyroot&r Tools","","","ftbfiltersystem:smart_filter","","적용한 제목 정상화","&2스카이루트&r 도구"
"quest","439B5FDAC84271A2","26E6ED94168A05C4","productive_bees.snbt","Diamond + Iron","","","productivebees:configurable_honeycomb","벌집","적용한 제목 정상화","다이아몬드 + 철"
"quest","439B5FDAC84271A2","26E6ED94168A05C4","productive_bees.snbt","Titanium Bee","","","productivebees:configurable_honeycomb","벌집","적용한 제목 정상화","티탄 벌"
"quest","43C2B07AB25C708E","0B826D13BAD43EEB","draconic_evolution.snbt","Draconic Bow","","","draconicevolution:draconic_bow","드라코닉 활","적용한 제목 정상화","드라코닉 활"
"quest","43D83CFA824B0A70","5D045EF1AB73DF70","basic_power.snbt","&9Mekanism: &dFusion Reactor","&9Mekanism: &d융합 원자로","","mekanismgenerators:fusion_reactor_controller","핵융합로 제어기","적용한 제목 정상화","&9Mekanism: &d핵융합로"
"quest","43DB0CFC5F5B0967","0A093D8C4429B627","mekanism_reactors.snbt","Bodyarmor","","","mekanism:module_dosimeter_unit","","적용한 제목 정상화","흉갑"
"quest","43DB0CFC5F5B0967","0A093D8C4429B627","mekanism_reactors.snbt","&aDosimeter &7Unit","","","mekanism:module_dosimeter_unit","","적용한 제목 정상화","&a선량계 &7단위"
"quest","43E8912CB307E421","15AAF17B6665223D","refined_storage.snbt","Don't go off the Grid","","","refinedstorage:grid","그리드","적용한 제목 정상화","그리드에서 벗어나지 마세요"
"quest","43E8912CB307E421","15AAF17B6665223D","refined_storage.snbt","&3The Grid","","","refinedstorage:grid","그리드","적용한 제목 정상화","&3그리드"
"quest","43F08B510FC1C06F","219B7A003658D24F","xycraft.snbt","Where Items come and go","아이템이 오고 가는 곳","","xycraft_machines:item_io","아이템 입출력기","적용한 제목 정상화","아이템이 드나드는 곳"
"quest","43F08B510FC1C06F","219B7A003658D24F","xycraft.snbt","Item IOs","아이템 IO","","xycraft_machines:item_io","아이템 입출력기","적용한 제목 정상화","아이템 입출력기"
"quest","4447EEEB8D762721","0A093D8C4429B627","mekanism_reactors.snbt","All Armor","","","mekanism:module_laser_dissipation_unit","","적용한 제목 정상화","모든 방어구"
"quest","4447EEEB8D762721","0A093D8C4429B627","mekanism_reactors.snbt","&4Laser Dissipation &7Unit","","","mekanism:module_laser_dissipation_unit","","적용한 제목 정상화","&4레이저 소산 &7단위"
"quest","445C21949ADA1FE3","76DF5FAA7961E5E7","iron_spells_and_spellbooks.snbt","&6Allthemodium&r Spell Book","&6올더모듐&r 주문서","","allthewizardgear:allthemodium_spell_book","Allthemodium 주문서","적용한 제목 정상화","&6Allthemodium&r 주문서"
"quest","445CC9AAA6F8AAB6","23983F4DC524B14B","mekanism.snbt","Tier 2 Ore Processing","","","mekanism:electric_pump","전동 펌프","적용한 제목 정상화","2단계 광석 처리"
"quest","445CC9AAA6F8AAB6","23983F4DC524B14B","mekanism.snbt","Making &bOxygen &ffor &b&lPurifier","","","mekanism:electric_pump","전동 펌프","적용한 제목 정상화","&b&l정수기를 위한 &b산소 &f만들기"
"quest","445DB66B81146E91","5D8E83698AEF1092","ice__fire.snbt","&3Amphithere Macuahuitl","","","iceandfire:amphithere_macuahuitl","암피테레 도검","적용한 제목 정상화","&3암피테레 마쿠아후이틀"
"quest","447CAC472A99835B","26E6ED94168A05C4","productive_bees.snbt","Spawns from a Snow Nest","눈 벌집에서 스폰됩니다","","","","적용한 제목 정상화","눈 둥지에서 생성됩니다"
"quest","44881E39AB1D62AA","15AAF17B6665223D","refined_storage.snbt","Automated crafting!","","","refinedstorage:autocrafter","자동 제작기","적용한 제목 정상화","자동 제작!"
"quest","44881E39AB1D62AA","15AAF17B6665223D","refined_storage.snbt","&3Autocrafter","","","refinedstorage:autocrafter","자동 제작기","적용한 제목 정상화","&3자동 제작기"
"quest","44D5EDB8711EC7A0","4293754F9B2D05F0","allthemodium.snbt","&6Allthemodium Mace","&6올더모듐 철퇴","","allthemodium:allthemodium_mace","Allthemodium 철퇴","적용한 제목 정상화","&6Allthemodium 철퇴"
"quest","44E8D5DAD7E22724","76DF5FAA7961E5E7","iron_spells_and_spellbooks.snbt","&cNetherite Battlemage Armor","","","ftbfiltersystem:smart_filter","","적용한 제목 정상화","&c네더라이트 전투마법사 갑옷"
"quest","44F9B8F285546B2C","13B172FA69904D9F","deeper_and_darker.snbt","&bBlooming Moss","","","deeperdarker:blooming_moss_block","개화 이끼 블록","적용한 제목 정상화","&b개화 이끼"
"quest","44FEE957BD333241","1FAAEF0B9FD05CB9","productive_trees.snbt","Silver Lime + Sour Cherry","은 라임 + 신맛 벚나무","","productivetrees:citron_sapling","시트론 묘목","적용한 제목 정상화","은피나무 + 사워 체리"
"quest","45068FB6758D3BA1","5D8E83698AEF1092","ice__fire.snbt","&b&lIce DragonForge","","","iceandfire:dragon_bone_block","드래곤 뼈 블록","적용한 제목 정상화","&b&l얼음 용철로"
"quest","45084D3A3E5DB63B","5D8E83698AEF1092","ice__fire.snbt","&8Troll Leather &fand &8Tusks","","","iceandfire:troll_tusk","트롤의 어금니","적용한 제목 정상화","&8트롤 가죽 &f및 &8엄니"
"quest","4510FD92BACF00FF","1FAAEF0B9FD05CB9","productive_trees.snbt","Plum + Sweet Chestnut","자두 + 달콤한 밤","","productivetrees:peach_sapling","복숭아 묘목","적용한 제목 정상화","자두 + 유럽밤나무"
"quest","45161821C221EF0B","12AD9789D962B179","apothic_enchanting.snbt","&4Infused Hellshelves","&4주입된 지옥선반","","apothic_enchanting:infused_hellshelf","주입된 지옥 책장","적용한 제목 정상화","&4주입된 지옥 책장"
"quest","454AC491FDFC3FDB","48410B67C276ED1F","bumblezone.snbt","No Royal Jelly Slimes?","로열 젤리 슬라임이 없나요?","","","","적용한 제목 정상화","로열 젤리 슬라임은 없나요?"
"quest","45647395169978ED","0731FA8830F28280","apotheosis_gear.snbt","&9Gem Dust","","","apotheosis:gem_dust","보석 가루","적용한 제목 정상화","&9보석 가루"
"quest","4564B577CB4EC046","7AF827D2D101D343","artifacts.snbt","Unique","고유한","","artifacts:everlasting_beef","영원의 생고기","적용한 제목 정상화","고유"
"quest","4564B577CB4EC046","7AF827D2D101D343","artifacts.snbt","&cEverlasting Beef&r","&c영원한 익히지 않은 소고기&r","","artifacts:everlasting_beef","영원의 생고기","적용한 제목 정상화","&c영원의 생고기&r"
"quest","4567A27C53A01903","76DF5FAA7961E5E7","iron_spells_and_spellbooks.snbt","&c&lEcho of Tyros, First Flamebearer","","","irons_spellbooks:divine_soulshard","신성한 영혼 파편","적용한 제목 정상화","&c&l첫 불꽃지기, 티로스의 메아리"
"quest","458265FCD6B3068E","22C20C1827FE6805","immersive_engineering.snbt","&6Engineer's Crafting Table","&6엔지니어의 제작대","","immersiveengineering:craftingtable","공학자의 제작대","적용한 제목 정상화","&6공학자의 제작대"
"quest","45899579D9B92D91","1D42B373285DEF81","silent_gear.snbt","&c&lFoundry&r &aController","","","productivemetalworks:black_foundry_controller","검은색 주조소 제어기","적용한 제목 정상화","&c&l주조소&r &a제어기"
"quest","45996B848792379E","007B547630FF0478","theurgy.snbt","Why do we need Machines if we can just Mine it?","그냥 광산에서 캘 수 있다면 왜 기계가 필요할까요?","","theurgy:sal_ammoniac_crystal","염화 암모늄 크리스탈","적용한 제목 정상화","채굴만 할 수 있는데 왜 기계가 필요한가요?"
"quest","459AEC4C2A611824","0A093D8C4429B627","mekanism_reactors.snbt","Helmet","","","mekanism:module_vision_enhancement_unit","","적용한 제목 정상화","헬멧"
"quest","459AEC4C2A611824","0A093D8C4429B627","mekanism_reactors.snbt","&aVision Enhancement &7Unit","","","mekanism:module_vision_enhancement_unit","","적용한 제목 정상화","&a시력 강화 &7유닛"
"quest","459BA85E48B343AE","100C477F4E63F20A","create.snbt","&aRadial Chasis","","","create:radial_chassis","방사형 섀시","적용한 제목 정상화","&a방사형 섀시"
"quest","459BB5B4CDB21773","4791C8461B1B4D5F","basic_armor.snbt","&9Swamp Silver Armor","&9늪 은 갑옷","","eternal_starlight:swamp_silver_helmet","","적용한 제목 정상화","&9늪지 은 갑옷"
"quest","45AA690C89BF6845","6AEC23C6D526F362","eternal_starlight.snbt","&6Thermal Springstone Leggings","","","eternal_starlight:thermal_springstone_leggings","열기 스프링스톤 레깅스","적용한 제목 정상화","&6온천석 하의"
"quest","45B0442B80A7C7FB","6AEC23C6D526F362","eternal_starlight.snbt","&9Malarite Axe","","","eternal_starlight:malarite_axe","말라라이트 도끼","적용한 제목 정상화","&9말라라이트 도끼"
"quest","45C9D975E3731DFE","13B172FA69904D9F","deeper_and_darker.snbt","&9Reinforced Echo Shard","","","deeperdarker:reinforced_echo_shard","강화된 메아리 조각","적용한 제목 정상화","&9강화된 메아리 조각"
"quest","45D10F53CA18B8EE","5103E2D95685ADFF","chapter_2_the_star.snbt","&5Lightning&r Upgrade Orb","&5번개&r 상위 버전 오브","","irons_spellbooks:lightning_upgrade_orb","번개 업그레이드 구슬","적용한 제목 정상화","&5번개 업그레이드 구슬&r"
"quest","45D1FFB263CD722D","1FAAEF0B9FD05CB9","productive_trees.snbt","Teak + Clove","티크 + 정향","","productivetrees:nutmeg_sapling","육두구 묘목","적용한 제목 정상화","티크 + 정향나무"
"quest","45D73CA0A7BE4666","6AEC23C6D526F362","eternal_starlight.snbt","&eLush Shallow Sea","","","","","적용한 제목 정상화","&e무성한 얕은 바다"
"quest","45EC31812FB9934D","100C477F4E63F20A","create.snbt","&aMechanical Pistons","기계식 피스톤","","ftbfiltersystem:smart_filter","","적용한 제목 정상화","&a기계식 피스톤"
"quest","45EE60207C466D6C","0B826D13BAD43EEB","draconic_evolution.snbt","Finding Chaos Island","","","","","적용한 제목 정상화","카오스 섬 찾기"
"quest","45EE60207C466D6C","0B826D13BAD43EEB","draconic_evolution.snbt","Where is he?","","","","","적용한 제목 정상화","카오스 가디언은 어디에?"
"quest","45F83C2750F70F9B","05E614FDA677D85E","food_and_farming.snbt","Totally won't catch on fire...","전혀 유행하지 않을 거예요 fire...","","cookingforblockheads:recipe_book","Cooking for Blockheads I","적용한 제목 정상화","절대 불붙지 않을 거예요..."
"quest","45F83C2750F70F9B","05E614FDA677D85E","food_and_farming.snbt","Making a Kitchen, with a Book","책과 함께 주방 만들기","","cookingforblockheads:recipe_book","Cooking for Blockheads I","적용한 제목 정상화","책으로 주방 만들기"
"quest","45FBEABEBA7CC09E","59395B6806F2A98A","cataclysm.snbt","&5Sunken City&r: Home of &5&lThe Leviathan&r","&5가라앉은 도시&r: &5&l레비아탄&r의 Home","","","","적용한 제목 정상화","&5가라앉은 도시&r: &5&l레비아탄&r의 거처"
"quest","460A8F17F3ED6CAF","07210DDF872160BA","applied_energistics_2.snbt","1M Storage Component","1M 저장소 요소","","megacells:cell_component_1m","1M MEGA 저장 부품","적용한 제목 정상화","1M MEGA 저장 부품"
"quest","46122A9389875512","76A0FBADACAD322B","neo_vitae.snbt","Rites and Rituals","","","neovitae:master_ritual_stone","","적용한 제목 정상화","의식과 제례"
"quest","462D173D576A8D91","59395B6806F2A98A","cataclysm.snbt","&eAncient Metal","&e고대의 금속","","cataclysm:ancient_metal_ingot","고대 금속 주괴","적용한 제목 정상화","&e고대 금속 주괴"
"quest","4638F21544D6D337","0B826D13BAD43EEB","draconic_evolution.snbt","Chaos-Entangled Quantum Energy Tunnel","","","draconicevolution:item_chaotic_energy_link","카오스 얽힘 양자 에너지 통로","적용한 제목 정상화","카오스 얽힘 양자 에너지 통로"
"quest","46567ED894E9883C","4EBB2171D5A3AAAC","forbidden__arcanus.snbt","&e&lTier 3 &6Forge","&e&l3티어 &6forge","","","","적용한 제목 정상화","&e&l3티어 &6대장간"
"quest","4664AFCFB5618CEB","4791C8461B1B4D5F","basic_armor.snbt","&bGlacite Armor","&b글래사이트 갑옷","","eternal_starlight:glacite_helmet","글라사이트 투구","적용한 제목 정상화","&b글라사이트 갑옷"
"quest","4694863405CFB97B","76A0FBADACAD322B","neo_vitae.snbt","The Mines","","","neovitae:mine_entrance_key","","적용한 제목 정상화","광산"
"quest","46AADB01BBD156D2","5D8E83698AEF1092","ice__fire.snbt","Won the staring contest","","","","","적용한 제목 정상화","쳐다보기 대회에서 우승했다"
"quest","46C816844C513D5D","0B826D13BAD43EEB","draconic_evolution.snbt","Draconic Shovel","","","draconicevolution:draconic_shovel","드라코닉 삽","적용한 제목 정상화","드라코닉 삽"
"quest","46DCB235D3FEDA61","65A95C2312976E49","undergarden.snbt","&bFroststeel&r Tools","&b프로스트강철&r 도구","","undergarden:froststeel_sword","서리철 검","적용한 제목 정상화","&b서리철&r 도구"
"quest","46E32356964E56A0","6AEC23C6D526F362","eternal_starlight.snbt","&7Deepsilver Leggings","","","eternal_starlight:deepsilver_leggings","심층 은 레깅스","적용한 제목 정상화","&7딥실버 하의"
"quest","46EFCAE81C09368A","4EEDECACDE8F5A67","oritech.snbt","All machines use machine cores","","","oritech:machine_core_1","초급 기계 핵","적용한 제목 정상화","모든 기계에 기계 핵을 사용합니다"
"quest","46EFCAE81C09368A","4EEDECACDE8F5A67","oritech.snbt","Machine Cores","","","oritech:machine_core_1","초급 기계 핵","적용한 제목 정상화","기계 핵"
"quest","47043AF7D1FABC43","1BE666F01EFFC00D","tips_and_tricks.snbt","&l&bDisenchanting Methods","&l&b마법 해제 작업대","","ftbfiltersystem:smart_filter","","적용한 제목 정상화","&l&b마법 해제 방법"
"quest","470EA6870DBBB352","6AEC23C6D526F362","eternal_starlight.snbt","&7Deepsilver Chestplate","","","eternal_starlight:deepsilver_chestplate","심층 은 흉갑","적용한 제목 정상화","&7딥실버 흉갑"
"quest","4718C2728C0CA40F","48410B67C276ED1F","bumblezone.snbt","&5Essence of Knowledge","&5지식의 라텍스","","the_bumblezone:essence_knowing","통찰의 정수","적용한 제목 정상화","&5통찰의 정수"
"quest","47358ADC1470C82A","4C507C004144BFEE","occultism.snbt","Get Ready for a Trip","여행을 떠날 준비를 하세요","","occultism:datura","악령의 꿈 열매","적용한 제목 정상화","여행 준비하기"
"quest","47358ADC1470C82A","4C507C004144BFEE","occultism.snbt","&cDemon Fruit","&c악마 열매","","occultism:datura","악령의 꿈 열매","적용한 제목 정상화","&c악마의 열매"
"quest","4745152F6FF242B3","3C78926E5D301BA0","extreme_reactors.snbt","Waste Not Want Not or something....","아껴 쓰고 낭비하지 않기 또는 something....","","bigreactors:cyanite_ingot","시아나이트 주괴","적용한 제목 정상화","아끼면 부족하지 않다... 뭐, 그런 말이죠"
"quest","474C8AF9D536D4E7","6AEC23C6D526F362","eternal_starlight.snbt","&6Thermal Springstone Shovel","","","eternal_starlight:thermal_springstone_shovel","열기 스프링스톤 삽","적용한 제목 정상화","&6온천석 삽"
"quest","476755275B948A5F","3C78926E5D301BA0","extreme_reactors.snbt","Building An Actively Cooled Reactor","냉각되는 원자로 건설하기","","bigreactors:reinforced_reactorcasing","원자로 외장 (강화)","적용한 제목 정상화","능동 냉각 원자로 건설하기"
"quest","476C7317510198D9","100C477F4E63F20A","create.snbt","&eWeighted Ejector","","","create:weighted_ejector","무게 추 달린 배출기","적용한 제목 정상화","&e무게 추 달린 배출기"
"quest","47764EFC822E462A","05E614FDA677D85E","food_and_farming.snbt","Phenomenal Milking Powers....Itty bitty living space","경이로운 우유 짜기 Powers....아주 작은 리빙 space","","cookingforblockheads:cow_jar","소가 든 병","적용한 제목 정상화","엄청난 착유 능력... 아주 작은 생활 공간"
"quest","47897D827C50629D","100C477F4E63F20A","create.snbt","Why only move so far?","","","create:piston_extension_pole","피스톤 연장봉","적용한 제목 정상화","왜 거기까지만 움직이나요?"
"quest","47897D827C50629D","100C477F4E63F20A","create.snbt","&aPiston Extension","","","create:piston_extension_pole","피스톤 연장봉","적용한 제목 정상화","&a피스톤 연장"
"quest","47A57DF7964D71B9","26E6ED94168A05C4","productive_bees.snbt","You just craft it","","","productivebees:configurable_honeycomb","벌집","적용한 제목 정상화","그냥 만드시면 됩니다"
"quest","47A57DF7964D71B9","26E6ED94168A05C4","productive_bees.snbt","Bloody Bee","","","productivebees:configurable_honeycomb","벌집","적용한 제목 정상화","피의 벌"
"quest","47A6769B6BF1A46D","100C477F4E63F20A","create.snbt","&eAndesite Funnel","","","create:andesite_funnel","안산암 깔때기","적용한 제목 정상화","&e안산암 깔때기"
"quest","47A7F4972D58A7D5","5D8E83698AEF1092","ice__fire.snbt","Feeding your &c&lDragon","","","iceandfire:dragon_meal","드래곤 먹이","적용한 제목 정상화","&c&l용에게 먹이 주기"
"quest","47A91A89E9879863","0F96DC3563DA78EF","elmystical_agriculturerr.snbt","Tier: &a2","","","mysticalagriculture:rubber_seeds","","적용한 제목 정상화","등급: &a2"
"quest","47CB136D7764B86D","6AEC23C6D526F362","eternal_starlight.snbt","&eTorreya Vines","","","eternal_starlight:torreya_vines","개비자나무 덩굴","적용한 제목 정상화","&e토레야 덩굴"
"quest","47DF2314B10146E9","6AEC23C6D526F362","eternal_starlight.snbt","&6Thermal Springstone Pickaxe","","","eternal_starlight:thermal_springstone_pickaxe","열기 스프링스톤 곡괭이","적용한 제목 정상화","&6온천석 곡괭이"
"quest","47E4BA6643A4BA85","5D8E83698AEF1092","ice__fire.snbt","Taming the &3Amphithere","","","","","적용한 제목 정상화","&3원형 길들이기"
"quest","47E79DFD123BF617","23983F4DC524B14B","mekanism.snbt","&eScuba Set","","","mekanism:scuba_tank","스쿠버 탱크","적용한 제목 정상화","&e스쿠버 세트"
"quest","47F38E606AD3FF53","23983F4DC524B14B","mekanism.snbt","&4Crushed &fto Dust!","","","ftbfiltersystem:smart_filter","","적용한 제목 정상화","&4부러진 &f가루로!"
"quest","47F734CDD5793F26","4293754F9B2D05F0","allthemodium.snbt","&5Unobtainium Crossbow","&5언옵테이니움 쇠뇌","","allthemodium:unobtainium_crossbow","Unobtainium 쇠뇌","적용한 제목 정상화","&5Unobtainium 쇠뇌"
"quest","481205F0C9B08200","1FAAEF0B9FD05CB9","productive_trees.snbt","Teak + Clove","티크 + 정향","","productivetrees:allspice_sapling","올스파이스 묘목","적용한 제목 정상화","티크 + 정향나무"
"quest","4818C8387C0DBBE7","51A2FE60D8B76FC6","extended__advanced_ae.snbt","ExtendedAE","","","ae2:fluix_block","플루익스 블록","적용한 제목 정상화","Extended AE"
"quest","48357A7486125C52","51A2FE60D8B76FC6","extended__advanced_ae.snbt","Blocks to Circuits: The Circuit Slicer","","","extendedae:circuit_cutter","회로 절단기","적용한 제목 정상화","블록을 회로로: 회로 절단기"
"quest","483892F0A0F75B97","100C477F4E63F20A","create.snbt","&bFluid Pipe","","","create:fluid_pipe","유체 파이프","적용한 제목 정상화","&b유체 파이프"
"quest","4840F41B536529E3","76A0FBADACAD322B","neo_vitae.snbt","A Sharper Point","","","neovitae:tipped_throwing_dagger","","적용한 제목 정상화","더 날카로운 끝"
"quest","484ABFF266C8791E","6AEC23C6D526F362","eternal_starlight.snbt","&eOrbflora","","","eternal_starlight:orbflora_light","구체꽃 조명","적용한 제목 정상화","&e오브플로라"
"quest","485D5664A17E16DF","1DB294A8F8686321","storage.snbt","x8 Storage Upgrade","x8 저장소 업그레이드","","functionalstorage:copper_upgrade","구리 업그레이드","적용한 제목 정상화","x8 저장 업그레이드"
"quest","486060882E507CF1","26E6ED94168A05C4","productive_bees.snbt","Spawns from a Dirt Nest","흙 둥지에서 스폰됩니다","","","","적용한 제목 정상화","흙 둥지에서 생성됩니다"
"quest","4869D9DBDD1A15CD","0A093D8C4429B627","mekanism_reactors.snbt","All Armor","","","mekanism:module_color_modulation_unit","","적용한 제목 정상화","모든 방어구"
"quest","4869D9DBDD1A15CD","0A093D8C4429B627","mekanism_reactors.snbt","&cC&6o&el&ao&br &cM&6o&ed&au&bl&ca&6t&ei&ao&bn &7Unit","","","mekanism:module_color_modulation_unit","","적용한 제목 정상화","&cC&6o&el&ao&br &cM&6o&ed&au&bl&ca&6t&ei&ao&bn &7단위"
"quest","486B5A605D79EA10","5103E2D95685ADFF","chapter_2_the_star.snbt","&cManhattan &aModule","&c화염&r 상위 버전 오브","","oritech:nuke","맨해튼 모듈","적용한 제목 정상화","&c맨해튼 &a모듈"
"quest","488DBE69595F38F8","23983F4DC524B14B","mekanism.snbt","Mekanism's Powered Furnace","Mekanism의 동력 화로","","mekanism:energized_smelter","전동 제련기","적용한 제목 정상화","Mekanism의 동력로"
"quest","488DBE69595F38F8","23983F4DC524B14B","mekanism.snbt","&6&lEnergized Smelter","","","mekanism:energized_smelter","전동 제련기","적용한 제목 정상화","&6&l전동 제련기"
"quest","4897C7BB3139C6C6","26E6ED94168A05C4","productive_bees.snbt","Lumber + Rancher","벌목꾼 + 목장주","","","","적용한 제목 정상화","벌목 + 목장주"
"quest","489833A2A6C39151","76DF5FAA7961E5E7","iron_spells_and_spellbooks.snbt","&bCryomancer Outfit","&b크라이오맨서 의상","","irons_spellbooks:cryomancer_helmet","냉기술사의 후드","적용한 제목 정상화","&b냉기술사 의상"
"quest","48B1BD7D86CAC4A0","5D8E83698AEF1092","ice__fire.snbt","&7The Other Soul Sand Valley","","","","","적용한 제목 정상화","&7다른 영혼모래 계곡"
"quest","48B97E3C2A93BC46","1FAAEF0B9FD05CB9","productive_trees.snbt","Aspen + Beech","아스펜 + 너도밤나무","","productivetrees:hazel_sapling","개암나무 묘목","적용한 제목 정상화","사시나무 + 너도밤나무"
"quest","48BA8ACFADE3C8CE","1FAAEF0B9FD05CB9","productive_trees.snbt","Citron + Wild Cherry","시트론 + 야생 벚나무","","productivetrees:plum_sapling","자두 묘목","적용한 제목 정상화","시트론 + 야생 체리"
"quest","48BE7DAC5082044D","100C477F4E63F20A","create.snbt","Stress","","","create:stressometer","피로도 계측기","적용한 제목 정상화","피로도"
"quest","48BF71269DEA1AB1","0F96DC3563DA78EF","elmystical_agriculturerr.snbt","&4Supremium Farmland","&4슈프리뮴 농지","","mysticalagriculture:supremium_farmland","수프레뮴 경작지","적용한 제목 정상화","&4수프레뮴 경작지"
"quest","48D358470A019E7A","1D42B373285DEF81","silent_gear.snbt","Tier 1 Starlight Charger Catalyst","1티어 별빛 충전기 촉매","","silentgear:blaze_gold_dust","블레이즈 금 가루","적용한 제목 정상화","1단계 별빛 충전기 촉매제"
"quest","48F496BD0FFE5A34","0A093D8C4429B627","mekanism_reactors.snbt","Boots","","","mekanism:module_magnetic_attraction_unit","","적용한 제목 정상화","부츠"
"quest","48F496BD0FFE5A34","0A093D8C4429B627","mekanism_reactors.snbt","&4Magnetic &9Attraction &7Unit","","","mekanism:module_magnetic_attraction_unit","","적용한 제목 정상화","&4마그네틱 &9어트랙션 &7유닛"
"quest","48F77A0BE1F33B29","0D990A1D1E088701","mi_steam.snbt","Dire Wire","","","modern_industrialization:copper_wire","구리 선","적용한 제목 정상화","전선이 절실해"
"quest","4903BDC389C73082","0B826D13BAD43EEB","draconic_evolution.snbt","Draconic Projectile Damage Module","","","draconicevolution:item_draconic_proj_damage","드라코닉 발사체 피해 모듈","적용한 제목 정상화","드라코닉 발사체 피해 모듈"
"quest","4926C95DD02F1410","0A093D8C4429B627","mekanism_reactors.snbt","&4Lasers","","","mekanism:laser","레이저","적용한 제목 정상화","&4레이저"
"quest","4933CF4675E77D50","7AF827D2D101D343","artifacts.snbt","Belt","벨트","","artifacts:obsidian_skull","흑요석 두개골","적용한 제목 정상화","허리띠"
"quest","4933CF4675E77D50","7AF827D2D101D343","artifacts.snbt","&5Obsidian Skull&r","&5흑요석 해골&r","","artifacts:obsidian_skull","흑요석 두개골","적용한 제목 정상화","&5흑요석 두개골&r"
"quest","4935209D870E25F2","23983F4DC524B14B","mekanism.snbt","&a&lPower!","","","mekanism:energy_tablet","에너지 태블릿","적용한 제목 정상화","&a&l힘!"
"quest","495B0CC178B4CFA9","100C477F4E63F20A","create.snbt","&eBrass Funnel","","","create:brass_funnel","황동 깔때기","적용한 제목 정상화","&e황동 깔때기"
"quest","4966162FBA933453","15AAF17B6665223D","refined_storage.snbt","&4262m Storage Part","","","extradisks:262144k_item_storage_part","262m 저장 부품","적용한 제목 정상화","&4262m 저장 부품"
"quest","4974F265003DAEC9","24151251C8730F2E","aether.snbt","&eValkyrie Tools","","","ftbfiltersystem:smart_filter","","적용한 제목 정상화","&e발키리 도구"
"quest","49772923B8AF0F1F","15AAF17B6665223D","refined_storage.snbt","&b1048kB Fluid Storage Part","","","extradisks:1048576b_fluid_storage_part","1048kB 유체 저장 부품","적용한 제목 정상화","&b1048kB 유체 저장 부품"
"quest","49776AC58E535E6A","26E6ED94168A05C4","productive_bees.snbt","Made in Reprocessor","","","productivebees:configurable_honeycomb","벌집","적용한 제목 정상화","재처리기에서 제작됨"
"quest","49776AC58E535E6A","26E6ED94168A05C4","productive_bees.snbt","Inanite Bee","","","productivebees:configurable_honeycomb","벌집","적용한 제목 정상화","이나나이트 벌"
"quest","4978A9B616362CCE","3456E0C530C0038E","evilcraft.snbt","&aRank 2&r: More &cBlood","&a등급 2&r: 기타 &c피","","evilcraft:promise_acceptor_gold","금 약속 수락기","적용한 제목 정상화","&a등급 2&r: 더 많은 &c피"
"quest","497FA7CA04117995","48410B67C276ED1F","bumblezone.snbt","Life","생명","","the_bumblezone:music_disc_life_renren","음반","적용한 제목 정상화","Life"
"quest","498483750C18FCD6","4791C8461B1B4D5F","basic_armor.snbt","&eRegalium&r","&e리가리움&r","","undergarden:regalium_crystal","레갈륨 수정","적용한 제목 정상화","&e레갈륨&r"
"quest","499CF9F39CED8899","69299302373C4CBC","integrated_dynamics.snbt","&bIntegrated Dynamics","&bIntegerated Dynamics","","ftbfiltersystem:smart_filter","","적용한 제목 정상화","&bIntegrated Dynamics"
"quest","49D03933633D6A45","4EEDECACDE8F5A67","oritech.snbt","It's AI","","","oritech:super_ai_chip","슈퍼 AI 칩","적용한 제목 정상화","AI입니다"
"quest","49D0B6D3ED3DCCCD","4EBB2171D5A3AAAC","forbidden__arcanus.snbt","&bArcane Crystal Dust","&b아케인 크리스탈 가루","","forbidden_arcanus:arcane_crystal_dust","비전 수정 가루","적용한 제목 정상화","&b비전 수정 가루"
"quest","49DC0BD7DC1B893C","6AEC23C6D526F362","eternal_starlight.snbt","&5The Abyss","심연","","","","적용한 제목 정상화","&5심연"
"quest","49E3C40B3C24C36A","0F96DC3563DA78EF","elmystical_agriculturerr.snbt","Tier: &c5","","","mysticalagriculture:yellorium_seeds","","적용한 제목 정상화","등급: &c5"
"quest","49F08DE190AAD0D8","73180B829B960E63","generators.snbt","&3Augment&r: Factory","&3증강&r: 공장","","ironfurnaces:augment_factory","공장 증강","적용한 제목 정상화","&3공장 증강&r"
"quest","49FDD8666356A3E7","5103E2D95685ADFF","chapter_2_the_star.snbt","Either or &2Blastproof Casings&f and 256M Portable Item Cells","","","ftbfiltersystem:smart_filter","","적용한 제목 정상화","&2폭발내성 케이싱&f 또는 256M 휴대용 아이템 셀"
"quest","4A01C5F5DCF32C19","13B172FA69904D9F","deeper_and_darker.snbt","&3Soul Elytra","","","deeperdarker:soul_elytra","영혼 겉날개","적용한 제목 정상화","&3영혼 겉날개"
"quest","4A079D40C0AF6BC3","4293754F9B2D05F0","allthemodium.snbt","&5Unobtainium Ingot&r","&5언옵테이니움 주괴&r","","allthemodium:unobtainium_ingot","Unobtainium 주괴","적용한 제목 정상화","&5Unobtainium 주괴&r"
"quest","4A198E875A6B0A64","15AAF17B6665223D","refined_storage.snbt","&bUltra Autocrafter","","","cabletiers:ultra_autocrafter","울트라 자동 제작기","적용한 제목 정상화","&b울트라 자동 제작기"
"quest","4A3A5684302C8627","0B826D13BAD43EEB","draconic_evolution.snbt","Chaotic Shield Capacity Module","","","draconicevolution:item_chaotic_shield_capacity","카오틱 보호막 용량 모듈","적용한 제목 정상화","카오틱 보호막 용량 모듈"
"quest","4A54288FD22C903D","6AEC23C6D526F362","eternal_starlight.snbt","&2Velvetumoss &fand &4Red &fversion","","","eternal_starlight:velvetumoss","벨베투모스","적용한 제목 정상화","&2벨베투모스 &f및 &4빨간색 &f종류"
"quest","4A5A143A79809BB6","5C4F10E65D86ED0E","mi_electric.snbt","Battery Alloy","","","modern_industrialization:battery_alloy_ingot","배터리 합금 주괴","적용한 제목 정상화","배터리 합금"
"quest","4A5A143A79809BB6","5C4F10E65D86ED0E","mi_electric.snbt","The Electric Age","","","modern_industrialization:battery_alloy_ingot","배터리 합금 주괴","적용한 제목 정상화","전기 시대"
"quest","4A5EA948F5DCEB73","6AEC23C6D526F362","eternal_starlight.snbt","&7Deepsilver","","","eternal_starlight:deepsilver_ingot","심층 은 주괴","적용한 제목 정상화","&7딥실버"
"quest","4A5F84912C755688","48410B67C276ED1F","bumblezone.snbt","Dance Floor","댄스 플로어","","","","적용한 제목 정상화","무도장"
"quest","4A618CA66AD6223D","56B11606F5F4DAB2","mi_digital.snbt","Even more power input","","","modern_industrialization:turbo_machine_hull","터보 기계 외피","적용한 제목 정상화","더욱 많은 전력 입력"
"quest","4A7AEBEB87CEC274","7AF827D2D101D343","artifacts.snbt","&cRunning Shoes&r","&c운동화&r","","artifacts:running_shoes","러닝화","적용한 제목 정상화","&c러닝화&r"
"quest","4A84C8578C2F7F71","5D8E83698AEF1092","ice__fire.snbt","&eDeath Worm Gauntlet","","","ftbfiltersystem:smart_filter","","적용한 제목 정상화","&e데스 웜 건틀릿"
"quest","4A88472F1581EE7E","43BB00A7A7E1042C","mahou_tsukai.snbt","&4&lMahou Tsukai","&4&l마호 츠카이","","","","적용한 제목 정상화","&4&lMahou Tsukai"
"quest","4A99CAB529BB9F75","15AAF17B6665223D","refined_storage.snbt","&4Mega Constructor","","","cabletiers:mega_constructor","메가 설치기","적용한 제목 정상화","&4메가 설치기"
"quest","4A9CB8778D37049F","4791C8461B1B4D5F","basic_armor.snbt","&6Awakened Supremium Armor","&6각성된 슈프리뮴 갑옷","","mysticalagriculture:awakened_supremium_helmet","각성 수프레뮴 투구","적용한 제목 정상화","&6각성 수프레뮴 갑옷"
"quest","4AAADEC52D16461A","0B826D13BAD43EEB","draconic_evolution.snbt","Hill Step Module","","","draconicevolution:item_wyvern_hill_step","자동 오르기 모듈","적용한 제목 정상화","자동 오르기 모듈"
"quest","4AB0DD227471FDBF","5D045EF1AB73DF70","basic_power.snbt","All The Power!","모든 힘!","","minecraft:redstone","","적용한 제목 정상화","모든 전력!"
"quest","4AB0DD227471FDBF","5D045EF1AB73DF70","basic_power.snbt","&cBasic Power","&c기본 힘","","minecraft:redstone","","적용한 제목 정상화","&c기본 전력"
"quest","4AB564420C48579B","0B826D13BAD43EEB","draconic_evolution.snbt","Wyvern Chestplate","","","draconicevolution:wyvern_chestpiece","와이번 흉갑","적용한 제목 정상화","와이번 흉갑"
"quest","4ABACE222E647E2C","4C507C004144BFEE","occultism.snbt","Source Substitutes Sacrifice","","","ars_ocultas:altar","희생 제단","적용한 제목 정상화","마나로 희생물 대체"
"quest","4ABEF61DADBD0640","0B826D13BAD43EEB","draconic_evolution.snbt","Auto Fire Module","","","draconicevolution:item_wyvern_auto_fire","자동 발사 모듈","적용한 제목 정상화","자동 발사 모듈"
"quest","4AC3EA41234BC5F0","51A2FE60D8B76FC6","extended__advanced_ae.snbt","+20 Max HP","","","advanced_ae:hp_buffer_card","체력 버퍼 카드","적용한 제목 정상화","최대 체력 +20"
"quest","4AD4FDF70B9BFCC9","7A72E12C3839D165","natures_aura.snbt","Upgraded Tokens","개선된 조각","","naturesaura:token_euphoria","희열의 토큰","적용한 제목 정상화","업그레이드된 토큰"
"quest","4AE0C2D2D8D145F6","76A0FBADACAD322B","neo_vitae.snbt","Deeper Locks","","","neovitae:mine_key","","적용한 제목 정상화","더 깊은 자물쇠"
"quest","4AE8D8826F894EC7","7A5C327771634A7D","building_tips.snbt","&l&5Domun Ornamentum&r","&l&5도문 오르나멘툼&r","","domum_ornamentum:architectscutter","건축가의 절단기","적용한 제목 정상화","&l&5Domum Ornamentum&r"
"quest","4AEB4BF7624ABA0F","1FAAEF0B9FD05CB9","productive_trees.snbt","Firecracker + Soul Tree","폭죽 + 영혼 나무","","productivetrees:sparkle_cherry_sapling","Sparkle Cherry 묘목","적용한 제목 정상화","Firecracker + Soul Tree"
"quest","4AED9EF9E0F68483","24151251C8730F2E","aether.snbt","&7Holystone&r Tools","","","ftbfiltersystem:smart_filter","","적용한 제목 정상화","&7홀리스톤&r 도구"
"quest","4AFDC9ACAC926654","5D8E83698AEF1092","ice__fire.snbt","&0Rotten Egg","","","iceandfire:rotten_egg","썩은 달걀","적용한 제목 정상화","&0썩은 알"
"quest","4B097031A3EE930B","6AEC23C6D526F362","eternal_starlight.snbt","&bGlacite Hoe","","","eternal_starlight:glacite_hoe","글라사이트 괭이","적용한 제목 정상화","&b글라사이트 괭이"
"quest","4B13835110F1FE82","6AEC23C6D526F362","eternal_starlight.snbt","&7Deepsilver Sickle","","","eternal_starlight:deepsilver_sickle","심층 은 낫","적용한 제목 정상화","&7딥실버 낫"
"quest","4B2146C9527C54E7","4293754F9B2D05F0","allthemodium.snbt","&6&lAllthemodium","&6&l올더모듐","","minecraft:netherite_ingot","","적용한 제목 정상화","&6&lAllthemodium"
"quest","4B2835706B593E9A","0A093D8C4429B627","mekanism_reactors.snbt","&d&lAntiprotonic &5Nucleosynethesizer","","","mekanism:antiprotonic_nucleosynthesizer","반양성자 핵합성기","적용한 제목 정상화","&d&l반양성자성 &5핵합성효소"
"quest","4B35C01F5D0AAC58","23983F4DC524B14B","mekanism.snbt","&8Steel ","","","alltheores:steel_ingot","강철 주괴","적용한 제목 정상화","&8강철 "
"quest","4B62AF0405F68041","1DB294A8F8686321","storage.snbt","All Stocked up","모두 보관 완료","","sophisticatedbackpacks:restock_upgrade","재입고 업그레이드","적용한 제목 정상화","가득 채워 두기"
"quest","4B65720872B062F8","5D8E83698AEF1092","ice__fire.snbt","&lStage 1-3 &5Lightning Dragon","","","ftbfiltersystem:smart_filter","","적용한 제목 정상화","&l1-3단계 &5번개 드래곤"
"quest","4B7840F1A8CF1378","0B826D13BAD43EEB","draconic_evolution.snbt","Fusion Crafting","","","draconicevolution:crafting_core","융합 제작 코어","적용한 제목 정상화","융합 제작"
"quest","4B7D387CEFF9667E","5103E2D95685ADFF","chapter_2_the_star.snbt","&6&lCreate","","","minecraft:andesite","","적용한 제목 정상화","&6&lCreate"
"quest","4B81E84CAE814BA9","15AAF17B6665223D","refined_storage.snbt","&664B Fluid Storage Part","","","refinedstorage:64b_fluid_storage_part","64B 유체 저장 부품","적용한 제목 정상화","&664B 유체 저장 부품"
"quest","4B9FF9E972B0E530","0B826D13BAD43EEB","draconic_evolution.snbt","Quantum Energy Tunnel","","","draconicevolution:item_draconic_energy_link","양자 에너지 통로","적용한 제목 정상화","양자 에너지 통로"
"quest","4BADD8A0FD85DB33","11919EBB416B2BD0","relics.snbt","Even the smallest treasures can change fate!","","","relics:golden_tooth","황금 이빨","적용한 제목 정상화","아무리 작은 보물도 운명을 바꿀 수 있습니다!"
"quest","4BADD8A0FD85DB33","11919EBB416B2BD0","relics.snbt","&eGolden Tooth","","","relics:golden_tooth","황금 이빨","적용한 제목 정상화","&e황금 이빨"
"quest","4BAF44FCA0894DE8","0A093D8C4429B627","mekanism_reactors.snbt","Using the &eSun&r to make &aPolonium","","","mekanism:solar_neutron_activator","태양열 중성자 활성기","적용한 제목 정상화","&e태양&r을 사용하여 &a폴로늄을 만듭니다."
"quest","4BD203AD481DDE8F","5103E2D95685ADFF","chapter_2_the_star.snbt","&4Meat Shredder","","","cataclysm:meat_shredder","미트 슈레더","적용한 제목 정상화","&4미트 슈레더"
"quest","4BE209D5DAF1F321","4EBB2171D5A3AAAC","forbidden__arcanus.snbt","&bAureal","&b오렐","","forbidden_arcanus:aureal_bottle","아우레알 병","적용한 제목 정상화","&b아우레알"
"quest","4BF0BB763BFFACF0","07210DDF872160BA","applied_energistics_2.snbt","Fluix","Fluix","","ae2:fluix_dust","플루익스 가루","적용한 제목 정상화","플루익스"
"quest","4BF7F82F1C8680B9","24151251C8730F2E","aether.snbt","&7Bronze Dungeon","","","","","적용한 제목 정상화","&7청동 던전"
"quest","4C0EAB9F795686D0","1DB294A8F8686321","storage.snbt","More Filtering Options","기타 필터링 설정","","sophisticatedbackpacks:advanced_deposit_upgrade","고급 보관 업그레이드","적용한 제목 정상화","추가 필터 옵션"
"quest","4C0EAB9F795686D0","1DB294A8F8686321","storage.snbt","&eAdvanced Deposit Upgrade","&e고급 꺼내기 기능","","sophisticatedbackpacks:advanced_deposit_upgrade","고급 보관 업그레이드","적용한 제목 정상화","&e고급 보관 업그레이드"
"quest","4C1F13F5A0E273EF","15AAF17B6665223D","refined_storage.snbt","&6256k Storage Part","","","extradisks:256k_item_storage_part","256k 저장 부품","적용한 제목 정상화","&6256k 저장 부품"
"quest","4C23D7E3DC8327C2","6AEC23C6D526F362","eternal_starlight.snbt","Burn it!","태워 버려!","","ftbfiltersystem:smart_filter","","적용한 제목 정상화","불태우세요!"
"quest","4C31649D721F76B5","100C477F4E63F20A","create.snbt","&6Mechanical Harvester","","","create:mechanical_harvester","기계식 수확기","적용한 제목 정상화","&6기계식 수확기"
"quest","4C47EB9D2CE26BC6","26E6ED94168A05C4","productive_bees.snbt","Spawns from a Quartz Nest in the Nether","네더의 석영 둥지에서 스폰됩니다","","productivebees:configurable_honeycomb","벌집","적용한 제목 정상화","네더의 석영 둥지에서 생성됩니다"
"quest","4C47EB9D2CE26BC6","26E6ED94168A05C4","productive_bees.snbt","Crystalline Bee","크리스탈린 벌","","productivebees:configurable_honeycomb","벌집","적용한 제목 정상화","결정질 벌"
"quest","4C4C9ADAC6107F89","22C20C1827FE6805","immersive_engineering.snbt","&eLight Engineering Block","&e경형 엔지니어링 블록","","immersiveengineering:light_engineering","경공학 블록","적용한 제목 정상화","&e경공학 블록"
"quest","4C647369D976E67E","43BB00A7A7E1042C","mahou_tsukai.snbt","&c&lExplosive Mana Condensation","&c&l폭발적인 마나 응축","","mahoutsukai:mystic_staff","폭발성 마력 응축의 지팡이","적용한 제목 정상화","&c&l폭발성 마력 응축"
"quest","4C72D2BB6785CC78","6AEC23C6D526F362","eternal_starlight.snbt","&cStarfire Shovel","","","eternal_starlight:starfire_shovel","별불꽃 삽","적용한 제목 정상화","&c스타파이어 삽"
"quest","4C77ABCD41383F32","100C477F4E63F20A","create.snbt","&cBlaze Cakes","","","create:blaze_cake","블레이즈 케이크","적용한 제목 정상화","&c블레이즈 케이크"
"quest","4C873491F6F0FFAF","4C507C004144BFEE","occultism.snbt","&dSpiritfire&r Conversions","&d영혼 불&r 변환","","occultism:otherstone","내세석","적용한 제목 정상화","&d정령불&r 변환"
"quest","4CD2ADD3601B8191","0B826D13BAD43EEB","draconic_evolution.snbt","Wyvern Shield Recovery Module","","","draconicevolution:item_wyvern_shield_recovery","와이번 보호막 복구 모듈","적용한 제목 정상화","와이번 보호막 복구 모듈"
"quest","4CD83943865018EA","15AAF17B6665223D","refined_storage.snbt","Exporting Items!","","","refinedstorage:exporter","반출기","적용한 제목 정상화","아이템 반출!"
"quest","4CE571F942461909","4C507C004144BFEE","occultism.snbt","Tools of the Trade: Artisanal Ritual Satchel","직업의 도구: 수제 의식 휴대 가방","","occultism:ritual_satchel_t2","장인 의식 가방","적용한 제목 정상화","무역 도구: 장인 의식용 가방"
"quest","4CFA7EE8174E3FD8","4EEDECACDE8F5A67","oritech.snbt","Increase energy input rate","","","oritech:machine_acceptor_addon","입력 애드온","적용한 제목 정상화","에너지 입력 속도 증가"
"quest","4D0B50731FED3CEE","6AEC23C6D526F362","eternal_starlight.snbt","&bCrescent &5Spear","","","eternal_starlight:crescent_spear","초승달 창","적용한 제목 정상화","&b초승달 &5창"
"quest","4D3379D38237F830","7AF827D2D101D343","artifacts.snbt","&bAqua-Dashers&r","&b아쿠아-날쌘돌이&r","","artifacts:aqua_dashers","아쿠아 대셔","적용한 제목 정상화","&b아쿠아 대셔&r"
"quest","4D4DE266A2A325B0","6AEC23C6D526F362","eternal_starlight.snbt","&l&bGolem&r Items","골렘 아이템","","ftbfiltersystem:smart_filter","","적용한 제목 정상화","&l&b골렘&r 탐색 아이템"
"quest","4D53D9BBD8279282","6AEC23C6D526F362","eternal_starlight.snbt","&3Lunar Trees","","","eternal_starlight:lunar_sapling","달빛나무 묘목","적용한 제목 정상화","&3루나 나무"
"quest","4D562F5D72038083","1FAAEF0B9FD05CB9","productive_trees.snbt","Alder + European Larch","오리나무 + 유럽 낙엽송","","productivetrees:balsam_fir_sapling","발삼전나무 묘목","적용한 제목 정상화","오리나무 + 유럽잎갈나무"
"quest","4D57A07592AED307","13B172FA69904D9F","deeper_and_darker.snbt","&3&lStalker","","","","","적용한 제목 정상화","&3&l스토커"
"quest","4D836B9D9E3B898F","65A95C2312976E49","undergarden.snbt","&aStoneborn&r","&2돌결속&r","","","","적용한 제목 정상화","&a돌인간&r"
"quest","4DA0725E089D7C91","7732CF7AAA63DB3A","twilight_forest.snbt","&cR&6a&em&2i&3f&9i&5c&ca&6t&ei&2o&3n","&cR&6a&em&2i&3f&9i&5c&ca&6t&ei&2o&3n","","twilightforest:quest_ram_trophy","퀘스팅 램 트로피","적용한 제목 정상화","&c퀘&6스&e팅 &2램&3의 &9화&5려&c한 &6변&e신&2!&3!"
"quest","4DBC3B4D38CC6152","6AEC23C6D526F362","eternal_starlight.snbt","&dCrystallized Moth","결정화된 나방","","","","적용한 제목 정상화","&d수정화 나방"
"quest","4DC4FFD69B1688BF","1FAAEF0B9FD05CB9","productive_trees.snbt","Balsa + Rose Gum","","","productivetrees:rainbow_gum_sapling","레인보우 유칼립투스 묘목","적용한 제목 정상화","발사 + 로즈 유칼립투스"
"quest","4DD66E31859EA593","4791C8461B1B4D5F","basic_armor.snbt","&3Vibranium Mage Outfit","&3비브라늄 마법사 의상","","allthewizardgear:vibranium_mage_helmet","Vibranium 마법사 모자","적용한 제목 정상화","&3Vibranium 마법사 장비"
"quest","4DF0D7B85065ADC9","4C507C004144BFEE","occultism.snbt","Hack and slash!","마구 베고 썰어!","","occultism:butcher_knife","도살자 칼","적용한 제목 정상화","해킹 앤 슬래시!"
"quest","4DF0D7B85065ADC9","4C507C004144BFEE","occultism.snbt","Tools of the Trade: Butcher's Knife","직업의 도구: 도살자 칼","","occultism:butcher_knife","도살자 칼","적용한 제목 정상화","거래 도구: 정육점 칼"
"quest","4E014B495668A601","4EBB2171D5A3AAAC","forbidden__arcanus.snbt","&aXP Fluid&r","&aXP 액체&r","","justdirethings:xp_fluid_bucket","경험치 유체 양동이","적용한 제목 정상화","&a경험치 유체&r"
"quest","4E18E28BDF6B7983","0A093D8C4429B627","mekanism_reactors.snbt","&cFusion Reactor Ports","","","mekanismgenerators:fusion_reactor_port","핵융합로 포트","적용한 제목 정상화","&c핵융합로 포트"
"quest","4E27182763DA83DC","0B826D13BAD43EEB","draconic_evolution.snbt","Draconic Chestplate","","","draconicevolution:draconic_chestpiece","드라코닉 흉갑","적용한 제목 정상화","드라코닉 흉갑"
"quest","4E28B67554CBDAB7","4293754F9B2D05F0","allthemodium.snbt","&6Allthemodium &5Alloy &3Sword","&6올더모듐 &5합금 &3검","","allthemodium:alloy_sword","Allthemodium 합금 칼날","적용한 제목 정상화","&6Allthemodium &5합금 &3칼날"
"quest","4E3D548E5D8D7D26","65A95C2312976E49","undergarden.snbt","Forgotten Fields","잊혀진 평야","","","","적용한 제목 정상화","잊힌 평야"
"quest","4E737C490DCC5D6C","4293754F9B2D05F0","allthemodium.snbt","&5Unobtainium Armor","&5언옵테이니움 갑옷","","ftbfiltersystem:smart_filter","","적용한 제목 정상화","&5Unobtainium 방어구"
"quest","4E7823C2FCEBE4DC","23983F4DC524B14B","mekanism.snbt","&3Electric Bow","","","mekanism:electric_bow","전동 활","적용한 제목 정상화","&3전동 활"
"quest","4E7B1B16C7CDA84C","5C4F10E65D86ED0E","mi_electric.snbt","Same as steam as one","","","modern_industrialization:electric_compressor","전기 압축기","적용한 제목 정상화","증기 기계와 동일"
"quest","4E802144C6E40D43","1FAAEF0B9FD05CB9","productive_trees.snbt","Ceylon Ebony + Cherry","실론 흑단 + 벚나무","","productivetrees:purple_crepe_myrtle_sapling","보라색 배롱나무 묘목","적용한 제목 정상화","실론흑단 + 벚나무"
"quest","4E847B0288265DA3","24151251C8730F2E","aether.snbt","&dCockatrice","","","","","적용한 제목 정상화","&d코카트리스"
"quest","4E8860056D068610","22C20C1827FE6805","immersive_engineering.snbt","&9Arc Furnace Electrodes Blueprints ","&9아크 화로 전극 청사진","","immersiveengineering:blueprint","공학자의 설계도","적용한 제목 정상화","&9아크 화로 전극 설계도"
"quest","4E895C54651A3CB3","12AD9789D962B179","apothic_enchanting.snbt","&8&lTomes","","","minecraft:book","","적용한 제목 정상화","&8&l마법 부여의 서"
"quest","4E8C32CD6057A1AB","5103E2D95685ADFF","chapter_2_the_star.snbt","&cBlaze Burner&f or &aUranium Quad Fuel Rods","","","ftbfiltersystem:smart_filter","","적용한 제목 정상화","&c블레이즈 버너&f 또는 &a우라늄 쿼드 연료봉"
"quest","4E9DDDBD8263D0E3","0731FA8830F28280","apotheosis_gear.snbt","&7Sigil of Unnaming","","","apotheosis:sigil_of_unnaming","무명의 인장","적용한 제목 정상화","&7무명의 인장"
"quest","4EA2DB12E8F0068F","7A5C327771634A7D","building_tips.snbt","&l&aOh The Biomes We've Gone&r Wood","&l&a오 더 바이옴스 위브 곤&r 나무","","ftbfiltersystem:smart_filter","","적용한 제목 정상화","&l&aOh The Biomes We've Gone&r 목재"
"quest","4EAD06B0B3AD7D6E","4EEDECACDE8F5A67","oritech.snbt","Fragment raw ores","","","ftbfiltersystem:smart_filter","","적용한 제목 정상화","가공 전 광석을 파편으로 만듭니다"
"quest","4EAD06B0B3AD7D6E","4EEDECACDE8F5A67","oritech.snbt","Clumps","","","ftbfiltersystem:smart_filter","","적용한 제목 정상화","덩어리"
"quest","4EBC5B191A7B12D9","76A0FBADACAD322B","neo_vitae.snbt","Blank Runes","","","neovitae:rune_blank","","적용한 제목 정상화","빈 룬"
"quest","4ED01E04D55999D9","26E6ED94168A05C4","productive_bees.snbt","Pour Molten Uru over a BeeBee Spawn Egg","","","productivebees:configurable_honeycomb","벌집","적용한 제목 정상화","BeeBee 생성 알 위에 용융 우루 붓기"
"quest","4ED01E04D55999D9","26E6ED94168A05C4","productive_bees.snbt","Uru Metal Bee","","","productivebees:configurable_honeycomb","벌집","적용한 제목 정상화","우루 금속 벌"
"quest","4ED29ACF4A699E1B","4EEDECACDE8F5A67","oritech.snbt","Its betterer","","","oritech:machine_core_4","고급 기계 핵","적용한 제목 정상화","더더 좋습니다"
"quest","4ED6B18DF7D51E13","5D8E83698AEF1092","ice__fire.snbt","&eDeath Worms","","","","","적용한 제목 정상화","&e데스 웜"
"quest","4EDD96EB60EF5814","23983F4DC524B14B","mekanism.snbt","Generates about 480FE/t","약 410FE/t를 생성합니다","","mekanismgenerators:advanced_solar_generator","고급 태양광 발전기","적용한 제목 정상화","약 480FE/t 생성"
"quest","4EDD96EB60EF5814","23983F4DC524B14B","mekanism.snbt","&l&e&oAdvanced Solar Generator","","","mekanismgenerators:advanced_solar_generator","고급 태양광 발전기","적용한 제목 정상화","&l&e&o고급 태양광 발전기"
"quest","4EE10B8E194F5CA9","100C477F4E63F20A","create.snbt","&5&lTrains","","","create:railway_casing","열차 케이싱","적용한 제목 정상화","&5&l열차"
"quest","4EE580588CC10C4E","76A0FBADACAD322B","neo_vitae.snbt","Demonite","","","neovitae:raw_demonite","","적용한 제목 정상화","데모나이트"
"quest","4EE6824A970EEB35","12AD9789D962B179","apothic_enchanting.snbt","&d&lInfusing&r Spawner Runes","","","apotheosis:infused_spawner_rune","","적용한 제목 정상화","생성기 룬 &d&l주입&r"
"quest","4EF5DE3FBA2A7AE3","0F96DC3563DA78EF","elmystical_agriculturerr.snbt","&aInferium Tools","&a인페리움 도구","","ftbfiltersystem:smart_filter","","적용한 제목 정상화","&a인퍼륨 도구"
"quest","4EFFE300EC781C3E","0B826D13BAD43EEB","draconic_evolution.snbt","Modules!","","","draconicevolution:module_core","모듈 코어","적용한 제목 정상화","모듈!"
"quest","4F03B152479C4AC0","7A72E12C3839D165","natures_aura.snbt","&bStaff of Riches","&b농축된 지팡이","","naturesaura:loot_finder","재물의 지팡이","적용한 제목 정상화","&b재물의 지팡이"
"quest","4F144E5F70932C7D","48410B67C276ED1F","bumblezone.snbt","Phantasm Aviary","환영의 새장","","","","적용한 제목 정상화","환영 새장"
"quest","4F1FFC02F4EAA2E6","2A6EBEEBAB882679","powah.snbt","Tier: &4Nitro","티어: &4니트로","","powah:crystal_nitro","니트로 수정","적용한 제목 정상화","등급: &4니트로"
"quest","4F35D04721DFC9FF","4C507C004144BFEE","occultism.snbt","Aviar's Circle","아비아르의 원형","","occultism:book_of_binding_bound_foliot","구속의 책: 폴리엇 (구속)","적용한 제목 정상화","아비아르 서클"
"quest","4F4C1A349F953013","26E6ED94168A05C4","productive_bees.snbt","Found in the Undergarden","","","productivebees:configurable_honeycomb","벌집","적용한 제목 정상화","The Undergarden에서 발견"
"quest","4F4C1A349F953013","26E6ED94168A05C4","productive_bees.snbt","Forgotten Bee","","","productivebees:configurable_honeycomb","벌집","적용한 제목 정상화","잊힌 벌"
"quest","4F5A2E2A5C7F4837","65A95C2312976E49","undergarden.snbt","&aForgotten&r","&a잊혀진&r","","undergarden:forgotten_ingot","잊힌 주괴","적용한 제목 정상화","&a잊힌&r"
"quest","4F66DF6B494BEFF3","7732CF7AAA63DB3A","twilight_forest.snbt","&eMagic Map Focus","&e마법의 지도 깃털","","twilightforest:magic_map_focus","마법 지도 초점","적용한 제목 정상화","&e마법 지도 초점"
"quest","4F6A9F1AEFD535F5","0B826D13BAD43EEB","draconic_evolution.snbt","Draconic Large Shield Capacity Module","","","draconicevolution:item_draconic_large_shield_capacity","드라코닉 대형 보호막 용량 모듈","적용한 제목 정상화","드라코닉 대형 보호막 용량 모듈"
"quest","4F77EDCEB49EB67F","76A0FBADACAD322B","neo_vitae.snbt","Doubling Down on Runes","","","neovitae:hellforged_parts","","적용한 제목 정상화","룬 효과 두 배로 만들기"
"quest","4F780343E3FFA43E","25344A9254E02C8E","mi_endgame.snbt","This is the End","","","modern_industrialization:quantum_upgrade","양자 업그레이드","적용한 제목 정상화","여기가 끝입니다"
"quest","4F7F8F4ED1CA0550","0E81CBCD6B1D1895","apotheosis_2.snbt","Burning","타는 소리","","apotheosis:burning_spawner_rune","","적용한 제목 정상화","불타는"
"quest","4F89C04CEBF812F9","4EEDECACDE8F5A67","oritech.snbt","Smelt gems into ingots","","","ftbfiltersystem:smart_filter","","적용한 제목 정상화","보석을 주괴로 제련하세요"
"quest","4F89C04CEBF812F9","4EEDECACDE8F5A67","oritech.snbt","Ingots","","","ftbfiltersystem:smart_filter","","적용한 제목 정상화","주괴"
"quest","4F9C8D90ACF563F5","0A093D8C4429B627","mekanism_reactors.snbt","Pants","","","mekanism:module_hydrostatic_repulsor_unit","","적용한 제목 정상화","바지"
"quest","4F9C8D90ACF563F5","0A093D8C4429B627","mekanism_reactors.snbt","&9Hydrostatic Repulsor &7Unit","","","mekanism:module_hydrostatic_repulsor_unit","","적용한 제목 정상화","&9정수압 리펄서 &7유닛"
"quest","4FA6BEA4E646B742","3C78926E5D301BA0","extreme_reactors.snbt","Hardened Carbon","강화된 탄소","","bigreactors:graphite_ingot","흑연 주괴","적용한 제목 정상화","단단한 탄소"
"quest","4FA6BEA4E646B742","3C78926E5D301BA0","extreme_reactors.snbt","Graphite for Casings","케이싱용 흑연","","bigreactors:graphite_ingot","흑연 주괴","적용한 제목 정상화","외장용 흑연"
"quest","4FBAB3A0FBF8CE2F","3DEB33F78398EAD6","basic_logistics.snbt","&5Universal Pipez","&5범용 파이프즈","","pipez:universal_pipe","범용 파이프","적용한 제목 정상화","&5범용 파이프"
"quest","50013DD7370F8EDB","0B826D13BAD43EEB","draconic_evolution.snbt","Chaotic Jump Module","","","draconicevolution:item_chaotic_jump","카오틱 점프 모듈","적용한 제목 정상화","카오틱 점프 모듈"
"quest","5003365C2A7B4B53","6AEC23C6D526F362","eternal_starlight.snbt","&cStarfire Sword","","","eternal_starlight:starfire_sword","별불꽃 검","적용한 제목 정상화","&c스타파이어 검"
"quest","50150380043F97F9","48410B67C276ED1F","bumblezone.snbt","Flight of the Bumblebee","왕벌의 비행","","the_bumblezone:music_disc_flight_of_the_bumblebee_rimsky_korsakov","음반","적용한 제목 정상화","Flight of the Bumblebee"
"quest","501C6B7580453410","3C78926E5D301BA0","extreme_reactors.snbt","Fluidizer Construction","유동화 장치 건설","","bigreactors:fluidizercasing","유체화기 외장","적용한 제목 정상화","유체화기 건설"
"quest","5021D159A5EC2315","0B826D13BAD43EEB","draconic_evolution.snbt","Draconic Energy Module","","","draconicevolution:item_draconic_energy","용 에너지 모듈","적용한 제목 정상화","용 에너지 모듈"
"quest","50243E5CF1B156ED","4EEDECACDE8F5A67","oritech.snbt","From Uranite to Plutonium","","","oritech:plutonium_dust","플루토늄 가루","적용한 제목 정상화","우라나이트에서 플루토늄까지"
"quest","5030F1D96457202E","1FAAEF0B9FD05CB9","productive_trees.snbt","European Larch + Spruce","유럽 낙엽송 + 가문비나무","","productivetrees:yew_sapling","주목 묘목","적용한 제목 정상화","유럽잎갈나무 + 가문비나무"
"quest","503AC506720FC59E","0E81CBCD6B1D1895","apotheosis_2.snbt","Advanced Modifications","","","apotheosis:infused_spawner_rune","","적용한 제목 정상화","고급 개조"
"quest","5040B3D29F238BC0","7AF827D2D101D343","artifacts.snbt","&dBunny Hoppers&r","&d토끼 슬리퍼&r","","artifacts:bunny_hoppers","토끼 점프화","적용한 제목 정상화","&d토끼 점프화&r"
"quest","50429F57480F44DA","4791C8461B1B4D5F","basic_armor.snbt","&cThermal Springstone Armor","&c써멀 스프링스톤 갑옷","","eternal_starlight:thermal_springstone_helmet","열기 스프링스톤 투구","적용한 제목 정상화","&c열기 스프링스톤 갑옷"
"quest","504752A1C9EFED76","1FAAEF0B9FD05CB9","productive_trees.snbt","Citron + Wild Cherry","시트론 + 야생 벚나무","","productivetrees:key_lime_sapling","키라임 묘목","적용한 제목 정상화","시트론 + 야생 체리"
"quest","505799C894C771B2","0A093D8C4429B627","mekanism_reactors.snbt","Upgraded, Un-Upgradable &5Machines","","","","","적용한 제목 정상화","업그레이드되었지만 업그레이드할 수 없는 &5기계"
"quest","5064D5F99E2C69C8","4791C8461B1B4D5F","basic_armor.snbt","&4Supremium Armor","&4슈프리뮴 갑옷","","mysticalagriculture:supremium_helmet","수프레뮴 투구","적용한 제목 정상화","&4수프레뮴 갑옷"
"quest","50674FE3C6BE9990","6AEC23C6D526F362","eternal_starlight.snbt","&3Dense Starlight Forest","울창한 별빛 숲","","","","적용한 제목 정상화","&3빽빽한 별빛 숲"
"quest","50A32AC6EDBC5854","7AF827D2D101D343","artifacts.snbt","&6Onion Ring&r","&6양파링&r","","artifacts:onion_ring","양파 링","적용한 제목 정상화","&6양파 링&r"
"quest","50C9CB8FB16E453D","59395B6806F2A98A","cataclysm.snbt","&bBurning Arena&r: Home of the &b&lIgnis&r","&b불타는 경기장&r: &b&l이그니스&r의 고향","","","","적용한 제목 정상화","&b타오르는 경기장&r: &b&l이그니스&r의 거처"
"quest","50DBB87E53017E60","100C477F4E63F20A","create.snbt","&bFluid Valve","","","create:fluid_valve","유체 밸브","적용한 제목 정상화","&b유체 밸브"
"quest","50EC8F8CD04D9598","6AEC23C6D526F362","eternal_starlight.snbt","&5Rage of Stars","","","eternal_starlight:rage_of_stars","별의 격노","적용한 제목 정상화","&5별의 분노"
"quest","50ED69AEEE808B24","26E6ED94168A05C4","productive_bees.snbt","Feed Liquid Lithium Bucket to a Water Bee","","","productivebees:configurable_honeycomb","벌집","적용한 제목 정상화","물 벌에게 액체 리튬 양동이 먹이기"
"quest","50ED69AEEE808B24","26E6ED94168A05C4","productive_bees.snbt","Lithium Bee","","","productivebees:configurable_honeycomb","벌집","적용한 제목 정상화","리튬 벌"
"quest","51236544BFEF487B","07210DDF872160BA","applied_energistics_2.snbt","'COMIC #42: shearching 4 bobby [Fischer]'","만화 #42: 바비 [피셔]를 털을 깎으며 찾는 중","","ae2:meteorite_compass","운석 나침반","적용한 제목 정상화","'만화 #42: 바비 [피셔] 찾기'"
"quest","51236544BFEF487B","07210DDF872160BA","applied_energistics_2.snbt","Meteorite hunting","운석 사냥","","ae2:meteorite_compass","운석 나침반","적용한 제목 정상화","운석 찾기"
"quest","512396B331108BAF","4B9D26E0087CD163","basic_tools.snbt","Tier: &e5","티어: &e5","","mekanismtools:refined_obsidian_pickaxe","흑요석 곡괭이","적용한 제목 정상화","등급: &e5"
"quest","513060836057E5B7","48410B67C276ED1F","bumblezone.snbt","&e&lPollinated Fields","&e&l꽃가루 들판","","","","적용한 제목 정상화","&e&l꽃가루받이 들판"
"quest","5134C81D96C55375","100C477F4E63F20A","create.snbt","&5Train Observer","","","create:track_observer","열차 감지기","적용한 제목 정상화","&5열차 감지기"
"quest","5149BDF6BC4B3857","43BB00A7A7E1042C","mahou_tsukai.snbt","Durability Exchange","내구도 변환","","mahoutsukai:powdered_diamond","빻은 다이아몬드","적용한 제목 정상화","내구도 교환"
"quest","5151CDD8FCDE7A07","4B9D26E0087CD163","basic_tools.snbt","All The Tools","모든 도구들","","minecraft:stick","","적용한 제목 정상화","모든 도구"
"quest","515A60B89ED5440D","23983F4DC524B14B","mekanism.snbt","&7Stone Generator &8Upgrade","","","mekanism:upgrade_stone_generator","돌 생성 업그레이드","적용한 제목 정상화","&7&8돌 생성 업그레이드"
"quest","516289A040EE9FDC","26E6ED94168A05C4","productive_bees.snbt","Crystalline + Neon Cuckoo","","","productivebees:configurable_honeycomb","벌집","적용한 제목 정상화","결정질 + 네온 뻐꾸기 벌"
"quest","516289A040EE9FDC","26E6ED94168A05C4","productive_bees.snbt","Menril Bee","","","productivebees:configurable_honeycomb","벌집","적용한 제목 정상화","멘릴 벌"
"quest","516AC1F0E0BCAE55","6AEC23C6D526F362","eternal_starlight.snbt","&bFrozen Tubes","","","eternal_starlight:frozen_tube","냉동관","적용한 제목 정상화","&b얼어붙은 관"
"quest","516E66BE01EE5B31","12AD9789D962B179","apothic_enchanting.snbt","&8Weapon Tomes","","","ftbfiltersystem:smart_filter","","적용한 제목 정상화","&8무기의 서"
"quest","5180CDD196518F64","2FB24A5A597459FC","railcraft.snbt","&6Strap Iron Tracks","&6스트랩 철로","","railcraft:strap_iron_track","띠철 선로","적용한 제목 정상화","&6띠철 선로"
"quest","5189D72ED3808DC6","4EEDECACDE8F5A67","oritech.snbt","Charge amethyst with the laser","","","oritech:fluxite","플럭사이트","적용한 제목 정상화","레이저로 자수정 충전"
"quest","5194A067BEA98E79","0A093D8C4429B627","mekanism_reactors.snbt","Spinning for &3Plutonium","","","mekanism:isotopic_centrifuge","동위원소 원심분리기","적용한 제목 정상화","&3플루토늄을 위한 회전"
"quest","51A57E142C686C8F","07210DDF872160BA","applied_energistics_2.snbt","256M Storage Component","256M 저장소 요소","","megacells:cell_component_256m","256M MEGA 저장 부품","적용한 제목 정상화","256M MEGA 저장 부품"
"quest","51B1AF28328FFBAD","6AEC23C6D526F362","eternal_starlight.snbt","&cSpiral Kelp Forest","","","","","적용한 제목 정상화","&c나선 다시마 숲"
"quest","51B24CC5E9332C1E","3456E0C530C0038E","evilcraft.snbt","Revenge of the &dSpirits","&d영혼의 복수","","evilcraft:vengeance_ring","복수 반지","적용한 제목 정상화","&d복수령의 복수"
"quest","51B6D203E28D92BE","6AEC23C6D526F362","eternal_starlight.snbt","&5Aetherstrike Rocket","","","eternal_starlight:aetherstrike_rocket","에테르 폭격 로켓","적용한 제목 정상화","&5에테르스트라이크 로켓"
"quest","51CF09EC333DB1A3","0B826D13BAD43EEB","draconic_evolution.snbt","Wyvern Tier","","","draconicevolution:wyvern_crafting_injector","와이번 융합 제작 주입기","적용한 제목 정상화","와이번 등급"
"quest","51E2728C5E35A152","65A95C2312976E49","undergarden.snbt","&bFroststeel&r","&b프로스트강철&r","","undergarden:froststeel_ingot","서리철 주괴","적용한 제목 정상화","&b서리철&r"
"quest","51E554305FFEBA1D","12AD9789D962B179","apothic_enchanting.snbt","&4Blazing Hellshelf","&4타오르는 지옥장","","apothic_enchanting:blazing_hellshelf","타오르는 지옥 책장","적용한 제목 정상화","&4타오르는 지옥 책장"
"quest","51EA6B1452883AB2","100C477F4E63F20A","create.snbt","&aLinear Chasis","","","create:linear_chassis","선형 섀시","적용한 제목 정상화","&a선형 섀시"
"quest","52007C01B52F7295","24151251C8730F2E","aether.snbt","10 &eVictory Medals","","","aether:victory_medal","승리의 메달","적용한 제목 정상화","10 &e승리의 메달"
"quest","5212A4D67B1851EF","43BB00A7A7E1042C","mahou_tsukai.snbt","&7&lKeys of Proximity Projection","&7&l접근사출의 열쇠","","mahoutsukai:proximity_projection_keys","근접 투영의 적흑 열쇠","적용한 제목 정상화","&7&l근접 투영의 적흑 열쇠"
"quest","5233A447BAA4593C","07210DDF872160BA","applied_energistics_2.snbt","Advanced Cabling","고급 케이블 연결","","ftbfiltersystem:smart_filter","","적용한 제목 정상화","고급 케이블"
"quest","523853C1C4E688BA","07210DDF872160BA","applied_energistics_2.snbt","64k Storage Component","64k 저장 요소","","ae2:cell_component_64k","64k ME 저장 부품","적용한 제목 정상화","64k 저장 부품"
"quest","523DC411241B470A","12AD9789D962B179","apothic_enchanting.snbt","&6Negative Enchantments Removal","&6부정적인 마법 부여 제거","","apothic_enchanting:geode_shelf","정동으로 감싼 안정성의 책장","적용한 제목 정상화","&6부정적 마법 부여 방지"
"quest","5244B2D6B5FA0487","6AEC23C6D526F362","eternal_starlight.snbt","&5Crystallized Desert","결정화된 사막","","","","적용한 제목 정상화","&5수정화 사막"
"quest","525F25F4ADE45B50","07210DDF872160BA","applied_energistics_2.snbt","GET OUT","나가!","","ae2:formation_plane","ME 형성 평면","적용한 제목 정상화","꺼내기"
"quest","526A9655A62C93F4","1FAAEF0B9FD05CB9","productive_trees.snbt","European Larch + Bull Pine","유럽 낙엽송 + 황소 소나무","","productivetrees:sequoia_sapling","세쿼이아 묘목","적용한 제목 정상화","유럽잎갈나무 + 폰데로사소나무"
"quest","526CED9509FAA79B","1FAAEF0B9FD05CB9","productive_trees.snbt","Blue Yonder + Firecracker","푸른 창공 + 폭죽","","productivetrees:purple_spiral_sapling","Purple Spiral 묘목","적용한 제목 정상화","Blue Yonder + Firecracker"
"quest","5282190D0C0C2AA9","6AEC23C6D526F362","eternal_starlight.snbt","&dStarlit Diamond","","","eternal_starlight:starlit_diamond","별빛 다이아몬드","적용한 제목 정상화","&d별빛 다이아몬드"
"quest","529123A789D790E3","0B826D13BAD43EEB","draconic_evolution.snbt","Wyvern Jump Module","","","draconicevolution:item_wyvern_jump","와이번 점프 모듈","적용한 제목 정상화","와이번 점프 모듈"
"quest","52ACADDFCB0E22AB","15AAF17B6665223D","refined_storage.snbt","&a4096k Storage Part","","","extradisks:4096k_item_storage_part","4096k 저장 부품","적용한 제목 정상화","&a4096k 저장 부품"
"quest","52AFABA08674B6A8","4791C8461B1B4D5F","basic_armor.snbt","&3Vibranium Arcanist Gear","&3바이브라늄 비전술사 장비","","allthearcanistgear:vibranium_hat","Vibranium 비전술사 모자","적용한 제목 정상화","&3Vibranium 비전술사 장비"
"quest","52B22C07818981D0","26E6ED94168A05C4","productive_bees.snbt","Constantan Bee","콘스탄탄 꿀벌","","productivebees:configurable_honeycomb","벌집","적용한 제목 정상화","콘스탄탄 벌"
"quest","52B2ADE472707372","1FAAEF0B9FD05CB9","productive_trees.snbt","Golden Declious Apple + Granny Smith Apple","골든 딜리셔스 사과 + 그래니 스미스 사과","","productivetrees:beliy_naliv_apple_sapling","Beliy Naliv Apple 묘목","적용한 제목 정상화","Golden Delicious Apple + 그래니 스미스 사과"
"quest","52B3955A80DB0B4A","0A093D8C4429B627","mekanism_reactors.snbt","Meka-Tool","","","mekanism:module_blasting_unit","","적용한 제목 정상화","메카툴"
"quest","52B3955A80DB0B4A","0A093D8C4429B627","mekanism_reactors.snbt","&6Blasting &7Unit","","","mekanism:module_blasting_unit","","적용한 제목 정상화","&6블라스팅 &7유닛"
"quest","52BB58D470560219","0F96DC3563DA78EF","elmystical_agriculturerr.snbt","&6Awakened Supremium Growth Accelerator","&6각성된 슈프리뮴 성장 가속기","","mysticalagriculture:awakened_supremium_growth_accelerator","각성 수프레뮴 성장 가속기","적용한 제목 정상화","&6각성 수프레뮴 성장 가속기"
"quest","52C301DF1776E0D8","0B826D13BAD43EEB","draconic_evolution.snbt","Chaotic Projectile Damage Module","","","draconicevolution:item_chaotic_proj_damage","카오틱 발사체 피해 모듈","적용한 제목 정상화","카오틱 발사체 피해 모듈"
"quest","52C3F61D678B00F5","0B826D13BAD43EEB","draconic_evolution.snbt","Chaotic Hoe","","","draconicevolution:chaotic_hoe","카오틱 괭이","적용한 제목 정상화","카오틱 괭이"
"quest","52C7FAA044E07628","48410B67C276ED1F","bumblezone.snbt","&fEssence of Continuity","&f연속성의 라텍스","","the_bumblezone:essence_continuity","지속의 정수","적용한 제목 정상화","&f지속의 정수"
"quest","52CD31F48715B17C","51A2FE60D8B76FC6","extended__advanced_ae.snbt","Connections across long distances: The Wireless Connector","","","extendedae:wireless_connect","ME 무선 연결기","적용한 제목 정상화","장거리 연결: ME 무선 연결기"
"quest","52EA9793A7100E75","0B826D13BAD43EEB","draconic_evolution.snbt","Chaotic Undying Module","","","draconicevolution:item_chaotic_undying","카오틱 불멸 모듈","적용한 제목 정상화","카오틱 불멸 모듈"
"quest","52FAF122466FDDC9","0E81CBCD6B1D1895","apotheosis_2.snbt","Draconic Evolution's Spawner","","","draconicevolution:stabilized_spawner","안정화된 스포너","적용한 제목 정상화","Draconic Evolution 스포너"
"quest","53149C516E544FE9","6AEC23C6D526F362","eternal_starlight.snbt","Mobs from out of space? Aliens?","","","eternal_starlight:creteor_hide","크리에터 가죽","적용한 제목 정상화","우주에서 온 몹? 외계인?"
"quest","53149C516E544FE9","6AEC23C6D526F362","eternal_starlight.snbt","&5Creteors","","","eternal_starlight:creteor_hide","크리에터 가죽","적용한 제목 정상화","&5크레테오르"
"quest","53154550397E9704","59395B6806F2A98A","cataclysm.snbt","&c&lNetherite Monstrosity&r","&c&l네더라이트 괴물&r","","","","적용한 제목 정상화","&c&l네더라이트 몬스트로시티&r"
"quest","5316DF321B45D2CA","4C507C004144BFEE","occultism.snbt","&dDreaming of &cDemons","&d악마를 &c꿈꾸며","","occultism:datura_seeds","악령의 꿈 씨앗","적용한 제목 정상화","&d&c악마를 꿈꾸다"
"quest","532229D285CA4858","15AAF17B6665223D","refined_storage.snbt","Importing Items!","","","refinedstorage:importer","반입기","적용한 제목 정상화","아이템 반입!"
"quest","53292D808E8F5218","1FAAEF0B9FD05CB9","productive_trees.snbt","Blackthorn + Luck","블랙손 + 행운","","productivetrees:purple_blackthorn_sapling","보라색 야생자두나무 묘목","적용한 제목 정상화","야생자두나무 + 행운"
"quest","532F3E6868A29037","26E6ED94168A05C4","productive_bees.snbt","Sonic everything but Bees","소닉 벌을 제외한 모든 것","","productivelib:upgrade_time_2","","적용한 제목 정상화","벌 빼고 모두 초고속"
"quest","534D827A628907F4","51A2FE60D8B76FC6","extended__advanced_ae.snbt","Better Pattern Access: The Extended Pattern Access Terminal","","","extendedae:ex_pattern_access_part","ME 확장 패턴 접근 터미널","적용한 제목 정상화","더 나은 패턴 접근: ME 확장 패턴 접근 터미널"
"quest","53518D4ED99A242F","5E31DF282998B992","pneumaticcraft.snbt","Want to make your setup look cool?","당신의 설정을 멋지게 보이도록 만들고 싶으신가요?","","pneumaticcraft:camo_applicator","위장 도포기","적용한 제목 정상화","장치를 멋지게 꾸미고 싶나요?"
"quest","53594EBA9F7BA840","2FB24A5A597459FC","railcraft.snbt","Advanced Item Unloader","고급 아이템 언로더","","railcraft:advanced_item_unloader","고급 아이템 하역기","적용한 제목 정상화","고급 아이템 하역기"
"quest","5372264ED2D55143","26E6ED94168A05C4","productive_bees.snbt","Industrially squeeze some Coal Bee Spawn Eggs","","","productivebees:configurable_honeycomb","벌집","적용한 제목 정상화","석탄 벌 생성 알을 산업용 기계로 짜내세요"
"quest","5372264ED2D55143","26E6ED94168A05C4","productive_bees.snbt","HOP Graphite Bee","","","productivebees:configurable_honeycomb","벌집","적용한 제목 정상화","HOP 흑연 벌"
"quest","537B39B42C7D21ED","7A5C327771634A7D","building_tips.snbt","&l&aOh The Biomes We've Gone&r Stones","&l&a오 더 바이옴스 위브 곤&r 돌","","ftbfiltersystem:smart_filter","","적용한 제목 정상화","&l&aOh The Biomes We've Gone&r 돌"
"quest","538186D01429F05F","193F91842D2ED7D9","industrial_foregoing.snbt","Using AE2","","","ftbfiltersystem:smart_filter","","적용한 제목 정상화","AE2 사용"
"quest","538186D01429F05F","193F91842D2ED7D9","industrial_foregoing.snbt","Automating the Potion Brewer","","","ftbfiltersystem:smart_filter","","적용한 제목 정상화","물약 양조기 자동화"
"quest","53829B3E51936ACD","43BB00A7A7E1042C","mahou_tsukai.snbt","Strong Sword","강력한 검","","minecraft:diamond_sword","","적용한 제목 정상화","강화된 검"
"quest","53880926982968FD","4EEDECACDE8F5A67","oritech.snbt","Say my name","","","oritech:heisenberg_compensator","하이젠베르크 보정기","적용한 제목 정상화","내 이름을 말해봐"
"quest","538821E23E39BE97","73180B829B960E63","generators.snbt","&2Augment&r: Fuel Efficiency","&2증강&r: 연료 효율","","ironfurnaces:augment_fuel","연료 효율 증강","적용한 제목 정상화","&2연료 효율 증강&r"
"quest","53BA0C64804ADD24","1FAAEF0B9FD05CB9","productive_trees.snbt","Pomelo + Wild Cherry","포멜로 + 야생 벚나무","","productivetrees:mandarin_sapling","만다린 묘목","적용한 제목 정상화","포멜로 + 야생 체리"
"quest","53BDD0459F7B1D60","1FAAEF0B9FD05CB9","productive_trees.snbt","Coffea + Teak","코페아 + 티크","","productivetrees:clove_sapling","정향나무 묘목","적용한 제목 정상화","커피나무 + 티크"
"quest","53C167AF34694F8F","25344A9254E02C8E","mi_endgame.snbt","Conducting superly","","","modern_industrialization:superconductor_ingot","초전도 주괴","적용한 제목 정상화","초전도하기"
"quest","53CA0D6B4D5A17D5","15AAF17B6665223D","refined_storage.snbt","&616384B Fluid Storage Part","","","extradisks:16384b_fluid_storage_part","16384B 유체 저장 부품","적용한 제목 정상화","&616384B 유체 저장 부품"
"quest","53D5A6F210DF199C","4EEDECACDE8F5A67","oritech.snbt","Smoothly transfer 10k rf/t","","","oritech:energy_pipe","에너지 파이프","적용한 제목 정상화","10k RF/t를 안정적으로 전송합니다"
"quest","53D5A6F210DF199C","4EEDECACDE8F5A67","oritech.snbt","Transfering Energy","","","oritech:energy_pipe","에너지 파이프","적용한 제목 정상화","에너지 전송"
"quest","53DEA3DFEDC4809E","4C507C004144BFEE","occultism.snbt","Is it a Bird? Is it a Plane? No, it's an unbound &9Marid&r!","새인가? 비행기인가? 아닙니다, 구속되지 않은 &9마리드&r입니다!","","minecraft:prismarine_crystals","","적용한 제목 정상화","새인가? 비행기인가요? 아니요, 속박되지 않은 &9마리드&r입니다!"
"quest","53DEA3DFEDC4809E","4C507C004144BFEE","occultism.snbt","&4Tibira's Attraction","&4아브라스의 강화된 소환 마법","","minecraft:prismarine_crystals","","적용한 제목 정상화","&4Tibira's Attraction"
"quest","53E2BEA626B35BFC","4EBB2171D5A3AAAC","forbidden__arcanus.snbt","&6Spectral &4Eye &7Amulet","&6분광 &4눈 &7아뮬렛","","forbidden_arcanus:spectral_eye_amulet","영체 눈 부적","적용한 제목 정상화","&6&4&7영체 눈 부적"
"quest","53E929BF89209CFC","0A093D8C4429B627","mekanism_reactors.snbt","Import and Export","","","mekanism:qio_exporter","QIO 방출기","적용한 제목 정상화","가져오기 및 내보내기"
"quest","53EC96FA0E7C4ED4","3DEB33F78398EAD6","basic_logistics.snbt","&cEnergy Pipez","&c에너지 파이프즈","","pipez:energy_pipe","에너지 파이프","적용한 제목 정상화","&c에너지 파이프"
"quest","53F861876B991C36","1DB294A8F8686321","storage.snbt","Now we're jammin","자, 이제 신나게 즐겨 보자.","","sophisticatedbackpacks:jukebox_upgrade","주크박스 업그레이드","적용한 제목 정상화","이제 음악을 즐겨 볼까요?"
"quest","541446863A72B96C","76DF5FAA7961E5E7","iron_spells_and_spellbooks.snbt","&7Common&r Ink","&7일반&r 잉크","","irons_spellbooks:common_ink","일반 잉크","적용한 제목 정상화","&7일반 잉크&r"
"quest","5424A0E1292B13EE","6AEC23C6D526F362","eternal_starlight.snbt","&6Thermal Springstone","","","eternal_starlight:thermal_springstone_ingot","열기 스프링스톤 주괴","적용한 제목 정상화","&6온천석"
"quest","542AD6FD1927C3E6","0B826D13BAD43EEB","draconic_evolution.snbt","Draconic Undying Module","","","draconicevolution:item_draconic_undying","드라코닉 불멸 모듈","적용한 제목 정상화","드라코닉 불멸 모듈"
"quest","543F00603790AD3E","1FAAEF0B9FD05CB9","productive_trees.snbt","Please don't","그러지 마세요","","productivetrees:stripper","원목 박피기","적용한 제목 정상화","제발 하지 마세요"
"quest","543F00603790AD3E","1FAAEF0B9FD05CB9","productive_trees.snbt","Stripping","벗겨내기","","productivetrees:stripper","원목 박피기","적용한 제목 정상화","원목 박피"
"quest","5443E15E226DFC86","0B826D13BAD43EEB","draconic_evolution.snbt","Power comes and goes through these","","","draconicevolution:energy_pylon","에너지 파일런","적용한 제목 정상화","OP가 드나드는 장치"
"quest","544BF7E113635C8F","0F96DC3563DA78EF","elmystical_agriculturerr.snbt","Tier: &c5","","","mysticalagriculture:draconium_seeds","","적용한 제목 정상화","등급: &c5"
"quest","54735C5FCD2077B3","0F96DC3563DA78EF","elmystical_agriculturerr.snbt","&aMystical Agriculture!","&a신비농업!","","ftbfiltersystem:smart_filter","","적용한 제목 정상화","&aMystical Agriculture!"
"quest","54822638CC243004","11919EBB416B2BD0","relics.snbt","Power is not always taken... sometimes, it is given.","파괴된 차원문, 네더 요새, 그리고 요새에서 발견됩니다.","","relics:sphere_of_self_sacrifice","자기희생의 구체","적용한 제목 정상화","힘은 언제나 빼앗는 것이 아닙니다... 때로는 내어 주는 것이죠."
"quest","54822638CC243004","11919EBB416B2BD0","relics.snbt","&cSphere of Self-Sacrifice&r","&9반사 목걸이","","relics:sphere_of_self_sacrifice","자기희생의 구체","적용한 제목 정상화","&c자기희생의 구체&r"
"quest","548274CC00E67EC4","5C4F10E65D86ED0E","mi_electric.snbt","Cable Limits","","","ftbfiltersystem:smart_filter","","적용한 제목 정상화","케이블 전송 한계"
"quest","548274CC00E67EC4","5C4F10E65D86ED0E","mi_electric.snbt","LV Cables","","","ftbfiltersystem:smart_filter","","적용한 제목 정상화","LV 케이블"
"quest","54AB11938676D4C7","76A0FBADACAD322B","neo_vitae.snbt","Alchemy of Ore","","","neovitae:basic_cutting_fluid","","적용한 제목 정상화","광석의 연금술"
"quest","54BAF833344F0AAE","5103E2D95685ADFF","chapter_2_the_star.snbt","&8Dark Tank&r full of &7Eclipse Ember Fuel","&8다크 탱크&r에 &7이클립스 엠버 연료가 가득 찼습니다.","","evilcraft:dark_tank","다크 탱크","적용한 제목 정상화","&7이클립스 엠버 연료&r를 채운 &8다크 탱크"
"quest","54C852CA6E056589","25344A9254E02C8E","mi_endgame.snbt","Nuclear Batteries","","","modern_industrialization:plutonium_battery","플루토늄 배터리","적용한 제목 정상화","핵 배터리"
"quest","54CBCD9D2F1AD907","26E6ED94168A05C4","productive_bees.snbt","Feed an Arcane Crystal Block to a Diamond Bee","","","productivebees:configurable_honeycomb","벌집","적용한 제목 정상화","다이아몬드 벌에게 아케인 수정 블록 먹이기"
"quest","54CBCD9D2F1AD907","26E6ED94168A05C4","productive_bees.snbt","Arcanus Bee","","","productivebees:configurable_honeycomb","벌집","적용한 제목 정상화","아르카누스 벌"
"quest","54CE9493B63620C4","5C4F10E65D86ED0E","mi_electric.snbt","Liquid Fuels -> Electricity","","","modern_industrialization:lv_diesel_generator","LV 디젤 발전기","적용한 제목 정상화","액체 연료 -> 전기"
"quest","54DE8AAAE2181F18","6AEC23C6D526F362","eternal_starlight.snbt","&dMoonring Greatsword","","","eternal_starlight:moonring_greatsword","달고리 대검","적용한 제목 정상화","&d문링 대검"
"quest","54E0B946BAC13654","0A093D8C4429B627","mekanism_reactors.snbt","&a&lEnergized Induction Matrix","","","mekanism:induction_casing","유도 케이싱","적용한 제목 정상화","&a&l에너지 유도 매트릭스"
"quest","54E6C0D1BB442184","43BB00A7A7E1042C","mahou_tsukai.snbt","&9Mortar and Pestle","&9절구","","mahoutsukai:mortar_and_pestle","절구","적용한 제목 정상화","&9절구와 막자"
"quest","54EC1C7FC1DA9107","100C477F4E63F20A","create.snbt","&dAdjustable Chain Drive","","","create:adjustable_chain_gearshift","조정 가능한 체인 기어변환기","적용한 제목 정상화","&d조정 가능한 체인 기어변환기"
"quest","54F2CB52D3A7BA87","2FB24A5A597459FC","railcraft.snbt","Item Unloader","아이템 언로더","","railcraft:item_unloader","아이템 하역기","적용한 제목 정상화","아이템 하역기"
"quest","54F78C9A945CF0E7","0B826D13BAD43EEB","draconic_evolution.snbt","Chaotic Energy Module","","","draconicevolution:item_chaotic_energy","카오틱 에너지 모듈","적용한 제목 정상화","카오틱 에너지 모듈"
"quest","55160BAFFD9E2988","7A5C327771634A7D","building_tips.snbt","&l&9Macaw's Furniture&r","&l&9Macaw의 가구&r","","ftbfiltersystem:smart_filter","","적용한 제목 정상화","&l&9Macaw's Furniture&r"
"quest","55278DDC31951DA5","59395B6806F2A98A","cataclysm.snbt","Unlocking access to the Maledictus","","","cataclysm:strange_key","기이한 열쇠","적용한 제목 정상화","말레딕투스로 가는 길 열기"
"quest","55278DDC31951DA5","59395B6806F2A98A","cataclysm.snbt","&3Strange Key","","","cataclysm:strange_key","기이한 열쇠","적용한 제목 정상화","&3기이한 열쇠"
"quest","5563BD4934297522","26E6ED94168A05C4","productive_bees.snbt","Diamond Bee + Slimy Bee","다이아몬드 벌 + 끈적한 벌","","productivebees:configurable_honeycomb","벌집","적용한 제목 정상화","다이아몬드 + 점액질"
"quest","55702BE0151D33FE","0A093D8C4429B627","mekanism_reactors.snbt","&aInduction Ports","","","mekanism:induction_port","유도 포트","적용한 제목 정상화","&a인덕션 포트"
"quest","5577F49A93ADB19C","1FAAEF0B9FD05CB9","productive_trees.snbt","Productive Trees","프로덕티브 트리","","ftbfiltersystem:smart_filter","","적용한 제목 정상화","Productive Trees"
"quest","55820773BDD5319D","193F91842D2ED7D9","industrial_foregoing.snbt","Tier: &a1","티어: &a1","","industrialforegoing:machine_frame_pity","조악한 기계 프레임","적용한 제목 정상화","등급: &a1"
"quest","55820773BDD5319D","193F91842D2ED7D9","industrial_foregoing.snbt","Industrial Foregoing","인더스트리얼 포어고잉","","industrialforegoing:machine_frame_pity","조악한 기계 프레임","적용한 제목 정상화","Industrial Foregoing"
"quest","55882C10292B6A3D","26E6ED94168A05C4","productive_bees.snbt","Feed a Crystalline Bee a Prosperity Block","크리스탈린 벌에게 번영 블록을 먹이세요","","productivebees:configurable_honeycomb","벌집","적용한 제목 정상화","결정질 벌에게 번영 블록을 먹이세요"
"quest","55882C10292B6A3D","26E6ED94168A05C4","productive_bees.snbt","ProsperiBee","프로스페리비","","productivebees:configurable_honeycomb","벌집","적용한 제목 정상화","ProsperiBee"
"quest","558FF21A6BCFE6E8","4293754F9B2D05F0","allthemodium.snbt","&5Unobtainium Mage Armor","&5언옵테늄 마법사 갑옷","","ftbfiltersystem:smart_filter","","적용한 제목 정상화","&5Unobtainium 마법사 방어구"
"quest","55B9B9C3AA01D323","48410B67C276ED1F","bumblezone.snbt","&5Overgrown Flower","&5너무 커버린 꽃","","","","적용한 제목 정상화","&5무성한 꽃"
"quest","55BB4005BB4CA316","5C4F10E65D86ED0E","mi_electric.snbt","Monazite Processing","","","modern_industrialization:yttrium_dust","이트륨 가루","적용한 제목 정상화","모자나이트 처리"
"quest","55BF254B1831359B","5103E2D95685ADFF","chapter_2_the_star.snbt","&5Galadorian Drills","&5갈라도리안 드릴","","stevescarts:module_galgadorian_drill","","적용한 제목 정상화","&5갈가도리안 드릴"
"quest","55C6BBC996B51838","0D990A1D1E088701","mi_steam.snbt","Boiling water","","","modern_industrialization:bronze_boiler","청동 보일러","적용한 제목 정상화","물 끓이기"
"quest","55DCCC4035B8BB2A","4EEDECACDE8F5A67","oritech.snbt","Mix netherite and platinum","","","oritech:duratium_ingot","듀라티움 주괴","적용한 제목 정상화","네더라이트와 백금을 혼합하세요"
"quest","55DFC96B4CDBFA7D","51A2FE60D8B76FC6","extended__advanced_ae.snbt","Heart of the Crafts: Quantum Computer Core","","","advanced_ae:quantum_core","퀀텀 컴퓨터 코어","적용한 제목 정상화","퀀텀 컴퓨터 코어"
"quest","5608C74936CA9E81","5103E2D95685ADFF","chapter_2_the_star.snbt","&6Mechanical Arm","","","create:mechanical_arm","기계식 팔","적용한 제목 정상화","&6기계식 팔"
"quest","562B280928897E0D","6AEC23C6D526F362","eternal_starlight.snbt","&dStarlit Diamond Boots","","","eternal_starlight:starlit_diamond_boots","별빛 다이아몬드 부츠","적용한 제목 정상화","&d별빛 다이아몬드 부츠"
"quest","562BD37539EE318E","2A6EBEEBAB882679","powah.snbt","Tier: &cBlazing","티어: &c타오르는","","powah:crystal_blazing","타오르는 수정","적용한 제목 정상화","등급: &c타오르는"
"quest","564AD8763F753C74","76A0FBADACAD322B","neo_vitae.snbt","Bottled Effects","","","neovitae:alchemy_flask","","적용한 제목 정상화","병에 담은 효과"
"quest","564F0343B1704CE8","6AEC23C6D526F362","eternal_starlight.snbt","&cStarfire Crossbow","","","eternal_starlight:starfire_crossbow","별불꽃 쇠뇌","적용한 제목 정상화","&c스타파이어 쇠뇌"
"quest","565703CBB06CEABF","43BB00A7A7E1042C","mahou_tsukai.snbt","Getting &4&lMorgan","&4모르간 획득&l","","minecraft:diamond_sword","","적용한 제목 정상화","&4&l모르간 얻기"
"quest","566C1DBA9829E328","23983F4DC524B14B","mekanism.snbt","&e&lCombiner","","","mekanism:combiner","결합기","적용한 제목 정상화","&e&l결합기"
"quest","5671D301C5264C7F","6AEC23C6D526F362","eternal_starlight.snbt","&cStarfire Pickaxe","","","eternal_starlight:starfire_pickaxe","별불꽃 곡괭이","적용한 제목 정상화","&c스타파이어 곡괭이"
"quest","56B6ABF3D6EA0D84","5D045EF1AB73DF70","basic_power.snbt","Accessing Network Power","네트워크 힘 접근","","fluxnetworks:flux_point","플럭스 포인트","적용한 제목 정상화","네트워크 전력 사용하기"
"quest","56B80A7EBFE21428","1DB294A8F8686321","storage.snbt","More Filtering Options","기타 필터링 설정","","sophisticatedbackpacks:advanced_pump_upgrade","고급 펌프 업그레이드","적용한 제목 정상화","추가 필터 옵션"
"quest","56B80A7EBFE21428","1DB294A8F8686321","storage.snbt","&eAdvanced Pump Upgrade","&e고급 펌프 기능","","sophisticatedbackpacks:advanced_pump_upgrade","고급 펌프 업그레이드","적용한 제목 정상화","&e고급 펌프 업그레이드"
"quest","56CE6CF9C99FB522","22C20C1827FE6805","immersive_engineering.snbt","&8Radiator Block","&8방열기 블록","","immersiveengineering:radiator","방열 블록","적용한 제목 정상화","&8방열 블록"
"quest","56D41A4605C42EB5","13B172FA69904D9F","deeper_and_darker.snbt","&6Crystallized Amber","","","deeperdarker:crystallized_amber","결정화된 호박석","적용한 제목 정상화","&6결정화된 호박석"
"quest","56DB53F255100136","0A093D8C4429B627","mekanism_reactors.snbt","&a&lMekaSuit Pants","","","mekanism:mekasuit_pants","메카슈트 각반","적용한 제목 정상화","&a&l메카슈트 각반"
"quest","56DDCB2865CEB9D3","76A0FBADACAD322B","neo_vitae.snbt","Reading the Aura","","","neovitae:spiritus_gauge","","적용한 제목 정상화","오라 읽기"
"quest","56DE217FEAE3F036","51A2FE60D8B76FC6","extended__advanced_ae.snbt","Looking at you, Mekanism","","","ftbfiltersystem:smart_filter","","적용한 제목 정상화","Mekanism, 바로 당신 말이에요"
"quest","56DE217FEAE3F036","51A2FE60D8B76FC6","extended__advanced_ae.snbt","Specific Sided Patterns: The Advanced Pattern Provider","","","ftbfiltersystem:smart_filter","","적용한 제목 정상화","면별 패턴 지정: 고급 패턴 공급기"
"quest","56EC79AF11B0869E","4C507C004144BFEE","occultism.snbt","Maximum Possession","최대 소유","","minecraft:armadillo_scute","","적용한 제목 정상화","최대 빙의"
"quest","56F4E4845B8F12BB","76A0FBADACAD322B","neo_vitae.snbt","The Blank Slate","","","neovitae:tabula_rasa","","적용한 제목 정상화","빈 석판"
"quest","570223A03231DF8C","18A429E7F56AF5A9","bounty_board.snbt","Overhauled Endermen","개편된 엔더맨","","","","적용한 제목 정상화","Enderman Overhaul"
"quest","57282D7E31EE61EE","4C507C004144BFEE","occultism.snbt","&aThe Otherworld Pickaxe&r","&a내세나무 곡괭이&r","","occultism:iesnium_pickaxe","이에스늄 곡괭이","적용한 제목 정상화","&a이계의 곡괭이&r"
"quest","5728D87E3240AF0D","48410B67C276ED1F","bumblezone.snbt","&ePollinated Streams","&e꽃가루 물줄기","","","","적용한 제목 정상화","&e꽃가루받이 개울"
"quest","573BC5360C5CA675","26E6ED94168A05C4","productive_bees.snbt","Ghostly + Skeletal","","","productivebees:configurable_honeycomb","벌집","적용한 제목 정상화","유령 + 해골"
"quest","573BC5360C5CA675","26E6ED94168A05C4","productive_bees.snbt","Grave's Bee","","","productivebees:configurable_honeycomb","벌집","적용한 제목 정상화","무덤 벌"
"quest","573C2242EAB85B49","22C20C1827FE6805","immersive_engineering.snbt","&l&8Coke Oven","&l&8코크스 오븐","","immersiveengineering:cokebrick","코크스 벽돌","적용한 제목 정상화","&l&8코크스로"
"quest","573DD5834B321D0A","59395B6806F2A98A","cataclysm.snbt","&9Acropolis&f: Home of &9&lScylla","","","","","적용한 제목 정상화","&9아크로폴리스&f: &9&l스킬라의 거처"
"quest","574E5806D1A98FE5","0B826D13BAD43EEB","draconic_evolution.snbt","Basic Energy Module","","","draconicevolution:item_draconium_energy","에너지 모듈","적용한 제목 정상화","기본 에너지 모듈"
"quest","57545837046F552B","65A95C2312976E49","undergarden.snbt","&2Mysterious Pots","","","","","적용한 제목 정상화","&2신비한 항아리"
"quest","576ABF43FCF886B7","0F96DC3563DA78EF","elmystical_agriculturerr.snbt","&2Prudentium Farmland","&2프루덴티움 경작지","","mysticalagriculture:prudentium_farmland","프루덴튬 경작지","적용한 제목 정상화","&2프루덴튬 경작지"
"quest","577A5FC500E14C05","1FAAEF0B9FD05CB9","productive_trees.snbt","Lawson Cypress + Oak","로손 사이프러스 + 오크","","productivetrees:cork_oak_sapling","코르크참나무 묘목","적용한 제목 정상화","로손편백 + 참나무"
"quest","5785D68A5F1ED2D2","76A0FBADACAD322B","neo_vitae.snbt","The Tau Harvest","","","neovitae:weak_tau","","적용한 제목 정상화","타우 수확"
"quest","5791F3000D18E2C9","5103E2D95685ADFF","chapter_2_the_star.snbt","&8Witherproof Bricks","&8위더프루프 벽돌","","mysticalagriculture:witherproof_bricks","위더 방호 벽돌","적용한 제목 정상화","&8위더 방호 벽돌"
"quest","57A18F2E51952EB8","100C477F4E63F20A","create.snbt","&5Postboxes","","","ftbfiltersystem:smart_filter","","적용한 제목 정상화","&5우편함"
"quest","57A31EBE7312995D","44F441765D7CB182","auroral.snbt","&bShimmersteel Tools","","","ftbfiltersystem:smart_filter","","적용한 제목 정상화","&b쉬머스틸 도구"
"quest","57A7A5C79389A96A","100C477F4E63F20A","create.snbt","&6&lCreate&r","","","minecraft:andesite","","적용한 제목 정상화","&6&lCreate&r"
"quest","57BB2CC6D9D2AE87","0731FA8830F28280","apotheosis_gear.snbt","&6&lAugmenting Table","","","apotheosis:augmenting_table","증강 작업대","적용한 제목 정상화","&6&l증강 작업대"
"quest","57CF8C6C867B9BDA","1DB294A8F8686321","storage.snbt","More Filtering Options","기타 필터링 설정","","sophisticatedbackpacks:advanced_filter_upgrade","고급 필터 업그레이드","적용한 제목 정상화","추가 필터 옵션"
"quest","57CF8C6C867B9BDA","1DB294A8F8686321","storage.snbt","&eAdvanced Filter Upgrade","&e고급 필터 기능","","sophisticatedbackpacks:advanced_filter_upgrade","고급 필터 업그레이드","적용한 제목 정상화","&e고급 필터 업그레이드"
"quest","57DD886985DBFD97","24151251C8730F2E","aether.snbt","&4Mimic","","","","","적용한 제목 정상화","&4미믹"
"quest","58006FC06C34F6CA","24151251C8730F2E","aether.snbt","&5Zanite&r Armor","","","ftbfiltersystem:smart_filter","","적용한 제목 정상화","&5자나이트&r 갑옷"
"quest","5820EDEF71340A1A","2FB24A5A597459FC","railcraft.snbt","&6Abandoned Tracks","&6버려진 철로","","railcraft:abandoned_track","버려진 선로","적용한 제목 정상화","&6버려진 선로"
"quest","58248AF507380501","76A0FBADACAD322B","neo_vitae.snbt","Enchantment Salvaging","","","minecraft:enchanted_book","","적용한 제목 정상화","마법 부여 회수"
"quest","5825892699A8DCB7","24151251C8730F2E","aether.snbt","&l&eThe Aether","","","","","적용한 제목 정상화","&l&eThe Aether"
"quest","5831B3192C0E8C56","4C507C004144BFEE","occultism.snbt","&aRemote Access","&a원격 접속","","ftbfiltersystem:smart_filter","","적용한 제목 정상화","&a원격 액세스"
"quest","5844DD2BEE5EC3DC","007B547630FF0478","theurgy.snbt","Venus... no &cMercury&r!","Venus... 아니 &c수은&r!","","theurgy:mercury_shard","머큐리 파편","적용한 제목 정상화","금성... 아니요 &c수은&r!"
"quest","584C5A1F7563F8C8","44F441765D7CB182","auroral.snbt","&bShimmersteel Weapons","","","ftbfiltersystem:smart_filter","","적용한 제목 정상화","&b쉬머스틸 무기"
"quest","58514FDE153FD971","1DB294A8F8686321","storage.snbt","Iron Chests?","철 상자들?","","ftbfiltersystem:smart_filter","","적용한 제목 정상화","철 상자?"
"quest","5866438E5D19AB69","13B172FA69904D9F","deeper_and_darker.snbt","&3Sculk Leech","","","","","적용한 제목 정상화","&3스컬크 거머리"
"quest","5867713D016143A6","26E6ED94168A05C4","productive_bees.snbt","Made with Enchanting Apparatus","","","productivebees:configurable_honeycomb","벌집","적용한 제목 정상화","마법 부여 장치로 제작"
"quest","5867713D016143A6","26E6ED94168A05C4","productive_bees.snbt","Arcane Bee","","","productivebees:configurable_honeycomb","벌집","적용한 제목 정상화","아케인 벌"
"quest","586D5DE28EEC8014","12AD9789D962B179","apothic_enchanting.snbt","&cQuanta","","","apothic_enchanting:hellshelf","지옥 책장","적용한 제목 정상화","&c퀀타"
"quest","58799D0038E198DF","44F441765D7CB182","auroral.snbt","&bShimmersteel","","","auroral:unrefined_shimmersteel","","적용한 제목 정상화","&b쉬머스틸"
"quest","58819CE09A648A43","4EEDECACDE8F5A67","oritech.snbt","These will be used to make most machines","","","oritech:magnetic_coil","자기 코일","적용한 제목 정상화","대부분의 기계를 만드는 데 사용합니다"
"quest","58819CE09A648A43","4EEDECACDE8F5A67","oritech.snbt","Basic Building Components","","","oritech:magnetic_coil","자기 코일","적용한 제목 정상화","기본 기계 부품"
"quest","5894A9DB9C379E91","26E6ED94168A05C4","productive_bees.snbt","Infusion Crafting","","","productivebees:configurable_honeycomb","벌집","적용한 제목 정상화","주입 제작"
"quest","5894A9DB9C379E91","26E6ED94168A05C4","productive_bees.snbt","Prudentium Bee","","","productivebees:configurable_honeycomb","벌집","적용한 제목 정상화","프루덴튬 벌"
"quest","5895B7FA5497BD68","0B826D13BAD43EEB","draconic_evolution.snbt","Draconic Axe","","","draconicevolution:draconic_axe","드라코닉 도끼","적용한 제목 정상화","드라코닉 도끼"
"quest","589DFDB8FB7211AA","0D990A1D1E088701","mi_steam.snbt","Rubber and Circuit Board","","","modern_industrialization:rubber_sheet","고무 시트","적용한 제목 정상화","고무와 회로 기판"
"quest","589F1D502F680075","7AF827D2D101D343","artifacts.snbt","Belt","벨트","","artifacts:helium_flamingo","헬륨 플라밍고","적용한 제목 정상화","허리띠"
"quest","58B125BD4876054C","23983F4DC524B14B","mekanism.snbt","The Start of Your Own Factory","나만의 공장 시작","","minecraft:iron_ingot","","적용한 제목 정상화","나만의 공장의 시작"
"quest","58B125BD4876054C","23983F4DC524B14B","mekanism.snbt","&5&lMekanism&r","&dMekanism&r","","minecraft:iron_ingot","","적용한 제목 정상화","&5&lMekanism&r"
"quest","58B5EF8EB72934C2","0A093D8C4429B627","mekanism_reactors.snbt","Bodyarmor","","","mekanism:module_jetpack_unit","","적용한 제목 정상화","흉갑"
"quest","58B5EF8EB72934C2","0A093D8C4429B627","mekanism_reactors.snbt","&cJetpack &7Unit","","","mekanism:module_jetpack_unit","","적용한 제목 정상화","&c제트팩 &7유닛"
"quest","58CC2E563F92B4C5","48410B67C276ED1F","bumblezone.snbt","&cEssence of Raging","&c격노의 라텍스","","the_bumblezone:essence_raging","격노의 정수","적용한 제목 정상화","&c격노의 정수"
"quest","58D5BD3106BFD94A","05E614FDA677D85E","food_and_farming.snbt","This is totally worth it","이건 정말 가치가 있어.","","cookingforblockheads:crafting_book","Cooking for Blockheads II","적용한 제목 정상화","충분히 값어치가 있습니다"
"quest","58F7C11C241DD7A4","56B11606F5F4DAB2","mi_digital.snbt","Efficiency matters","","","modern_industrialization:distillation_tower","증류탑","적용한 제목 정상화","효율이 중요합니다"
"quest","5900ADCC247CD5F9","24151251C8730F2E","aether.snbt","&eSilver Dungeon","","","","","적용한 제목 정상화","&e은 던전"
"quest","59036A2741E7A8AA","3456E0C530C0038E","evilcraft.snbt","&aCreating &9Spawn Eggs","&a생성 &9알 생성","","evilcraft:spirit_reanimator","영혼 소생기","적용한 제목 정상화","&a&9스폰 알 만들기"
"quest","59135B04FC7C3E61","26E6ED94168A05C4","productive_bees.snbt","Feed a Cloggrum Block to an Iron Bee","","","productivebees:configurable_honeycomb","벌집","적용한 제목 정상화","철 벌에게 클로그룸 블록 먹이기"
"quest","59135B04FC7C3E61","26E6ED94168A05C4","productive_bees.snbt","Cloggrum Bee","","","productivebees:configurable_honeycomb","벌집","적용한 제목 정상화","클로그룸 벌"
"quest","5932B5AD48F6AB74","4EEDECACDE8F5A67","oritech.snbt","Makes them faster","","","oritech:pipe_booster_block","파이프 증폭기","적용한 제목 정상화","더 빠르게 만듭니다"
"quest","593CB120B657126C","0A093D8C4429B627","mekanism_reactors.snbt","&aRadioactivity","","","mekanism:radioactive_waste_barrel","방사성 폐기물 통","적용한 제목 정상화","&a방사능"
"quest","594BBD31461F212D","0B826D13BAD43EEB","draconic_evolution.snbt","Draconic Shield Recovery Module","","","draconicevolution:item_draconic_shield_recovery","드라코닉 보호막 복구 모듈","적용한 제목 정상화","드라코닉 보호막 복구 모듈"
"quest","59613CCE59689263","6AEC23C6D526F362","eternal_starlight.snbt","&2Rookfish","","","","","적용한 제목 정상화","&2룩피시"
"quest","5962DC39E5874FB9","26E6ED94168A05C4","productive_bees.snbt","Lapis + Skeletal","청금석 + 해골","","","","적용한 제목 정상화","청금석 + 골격"
"quest","5979DE0E2BA3DAE5","100C477F4E63F20A","create.snbt","&7Train Tracks","","","create:track","열차 선로","적용한 제목 정상화","&7열차 선로"
"quest","59AF80E8EE17C769","13B172FA69904D9F","deeper_and_darker.snbt","&5Echoing Forest","","","","","적용한 제목 정상화","&5메아리 숲"
"quest","59B6C6BF0550D13D","7A5C327771634A7D","building_tips.snbt","&7&lRailcraft&r Glass","&7&l레일크래프트&r 유리","","ftbfiltersystem:smart_filter","","적용한 제목 정상화","&7&lRailcraft&r 유리"
"quest","59D91C5E11F67FC3","5D8E83698AEF1092","ice__fire.snbt","&cAncient Crimson Forest","","","","","적용한 제목 정상화","&c고대 진홍빛 숲"
"quest","59F5ED931FD70C55","15AAF17B6665223D","refined_storage.snbt","Follow the Pattern","","","refinedstorage:pattern","패턴","적용한 제목 정상화","패턴을 따라가세요"
"quest","59F5ED931FD70C55","15AAF17B6665223D","refined_storage.snbt","Autocrafting","","","refinedstorage:pattern","패턴","적용한 제목 정상화","자동 제작"
"quest","59FD3C4E415EEDDD","43BB00A7A7E1042C","mahou_tsukai.snbt","&3Mahou Lake","&3마법의 호수","","mahoutsukai:murky_bucket","탁한 물","적용한 제목 정상화","&3마력 호수"
"quest","5A088F8402230BA5","0A093D8C4429B627","mekanism_reactors.snbt","&2Fission Reactor Port","","","mekanismgenerators:fission_reactor_port","핵분열로 포트","적용한 제목 정상화","&2핵분열로 포트"
"quest","5A26738AC904DC39","4293754F9B2D05F0","allthemodium.snbt","&6Allthemodium Spell Book","&6올더모듐 주문서","","allthewizardgear:allthemodium_spell_book","Allthemodium 주문서","적용한 제목 정상화","&6Allthemodium 주문서"
"quest","5A4C9F7F81D6B9DB","0A093D8C4429B627","mekanism_reactors.snbt","Bodyarmor","","","gmut:module_gravitational_modulating_additional_unit","","적용한 제목 정상화","흉갑"
"quest","5A4C9F7F81D6B9DB","0A093D8C4429B627","mekanism_reactors.snbt","&5Gravitational Modulating Additional &7Unit","","","gmut:module_gravitational_modulating_additional_unit","","적용한 제목 정상화","&5중력변조추가 &7유닛"
"quest","5A5D4DFE4175FB42","24151251C8730F2E","aether.snbt","&cGold Dungeon","","","","","적용한 제목 정상화","&c황금 던전"
"quest","5A615BB74A5CD332","3C78926E5D301BA0","extreme_reactors.snbt","Ludicrite \& Ridiculite","루디크라이트 \\\& 리디큘라이트","","bigreactors:ludicrite_ingot","루디크라이트 주괴","적용한 제목 정상화","루디크라이트 \& 리디큘라이트"
"quest","5A6831E0BD2F6AB5","5103E2D95685ADFF","chapter_2_the_star.snbt","2 &4Piercing Vengeance Focuses","2 &4관통 복수 집중기","","evilcraft:piercing_vengeance_focus","관통 복수 집중기","적용한 제목 정상화","&4관통 복수 집중기 2개"
"quest","5A84A64CB3D3E6F5","1FAAEF0B9FD05CB9","productive_trees.snbt","White Willow + Oak/Birch/Silver Lime","하얀색 버드나무 + 참나무/자작나무/은빛 연두색","","productivetrees:white_poplar_sapling","은백양 묘목","적용한 제목 정상화","흰버드나무 + 참나무/자작나무/은피나무"
"quest","5A9B2246E33065A5","26E6ED94168A05C4","productive_bees.snbt","The big one","","","ftbfiltersystem:smart_filter","","적용한 제목 정상화","큰 것"
"quest","5A9B2246E33065A5","26E6ED94168A05C4","productive_bees.snbt","&a&lProductivity","","","ftbfiltersystem:smart_filter","","적용한 제목 정상화","&a&l생산성"
"quest","5A9C646718EE92C2","4791C8461B1B4D5F","basic_armor.snbt","&3Vibranium&r","&3바이브라늄&r","","allthemodium:vibranium_ingot","Vibranium 주괴","적용한 제목 정상화","&3Vibranium&r"
"quest","5AA17C1657E8E5DE","76A0FBADACAD322B","neo_vitae.snbt","Wear It In","","","neovitae:upgrade_tome","","적용한 제목 정상화","입어서 길들이기"
"quest","5AA8D2A1F3618615","5C4F10E65D86ED0E","mi_electric.snbt","Moving electricity","","","","","적용한 제목 정상화","전기 옮기기"
"quest","5AAF6CA41209B365","4293754F9B2D05F0","allthemodium.snbt","&3Vibranium Tools","&3바이브라늄 도구","","ftbfiltersystem:smart_filter","","적용한 제목 정상화","&3Vibranium 도구"
"quest","5AC68C8A4024F4C9","0A093D8C4429B627","mekanism_reactors.snbt","Everything","","","mekanism:module_energy_unit","","적용한 제목 정상화","모든 것"
"quest","5AC68C8A4024F4C9","0A093D8C4429B627","mekanism_reactors.snbt","&aEnergy &7Unit","","","mekanism:module_energy_unit","","적용한 제목 정상화","&a에너지 &7단위"
"quest","5ACB4565C6B2466C","76A0FBADACAD322B","neo_vitae.snbt","Coaxing Crystals","","","neovitae:raw_spiritus_catalyst","","적용한 제목 정상화","수정 성장 유도"
"quest","5ADFC45B03BAB852","0B826D13BAD43EEB","draconic_evolution.snbt","Draconic Tier","","","draconicevolution:awakened_crafting_injector","드라코닉 융합 제작 주입기","적용한 제목 정상화","드라코닉 등급"
"quest","5AE80FF518B1BBA6","4C507C004144BFEE","occultism.snbt","Pocket Ritual!","포켓 의식!","","occultism:ritual_satchel_t1","견습생 의식 가방","적용한 제목 정상화","포켓 리추얼!"
"quest","5AE80FF518B1BBA6","4C507C004144BFEE","occultism.snbt","Tools of the Trade: Ritual Satchel","직업의 도구: 의식 휴대 가방","","occultism:ritual_satchel_t1","견습생 의식 가방","적용한 제목 정상화","거래 도구: 의식용 가방"
"quest","5AE851B8074BC7E6","26E6ED94168A05C4","productive_bees.snbt","Glowing + Choco Mining","","","productivebees:configurable_honeycomb","벌집","적용한 제목 정상화","빛나는 + 초콜릿 채굴"
"quest","5AE851B8074BC7E6","26E6ED94168A05C4","productive_bees.snbt","Redstone Crystal Bee","","","productivebees:configurable_honeycomb","벌집","적용한 제목 정상화","레드스톤 크리스탈 벌"
"quest","5AEA705D6A64A982","0A093D8C4429B627","mekanism_reactors.snbt","Clock Switch","","","minecraft:daylight_detector","","적용한 제목 정상화","시계 스위치"
"quest","5B0FF8E0B58A4150","1FAAEF0B9FD05CB9","productive_trees.snbt","Walnut + Wild Cherry","호두 + 야생 벚나무","","productivetrees:butternut_sapling","버터넛 묘목","적용한 제목 정상화","호두나무 + 야생 체리"
"quest","5B18676A77CD6069","0A093D8C4429B627","mekanism_reactors.snbt","(QIO)","","","mekanism:qio_drive_array","QIO 드라이브 저장소","적용한 제목 정상화","(QIO)"
"quest","5B18676A77CD6069","0A093D8C4429B627","mekanism_reactors.snbt","&e&lQuantum Item Orchestration","","","mekanism:qio_drive_array","QIO 드라이브 저장소","적용한 제목 정상화","&e&l양자 아이템 오케스트레이션"
"quest","5B1E0E3E876339E7","0F96DC3563DA78EF","elmystical_agriculturerr.snbt","&4Supremium Armor","&4슈프리뮴 갑옷","","mysticalagriculture:supremium_helmet","수프레뮴 투구","적용한 제목 정상화","&4수프레뮴 갑옷"
"quest","5B2FD54E425D5C9D","5103E2D95685ADFF","chapter_2_the_star.snbt","&dVoid &cForge","","","cataclysm:void_forge","공허 용광로","적용한 제목 정상화","&d공허 &c용광로"
"quest","5B36DE3826F26963","100C477F4E63F20A","create.snbt","&d&lRotational Power","","","create:shaft","축","적용한 제목 정상화","&d&l회전력"
"quest","5B45AB96953FA61C","56B11606F5F4DAB2","mi_digital.snbt","The Digital Age","","","modern_industrialization:digital_circuit","디지털 회로","적용한 제목 정상화","디지털 시대"
"quest","5B46B5BF4ADB2BE9","4293754F9B2D05F0","allthemodium.snbt","&6Allthemodium &5Alloy &3Shovel","&6올더모듐 &5합금 &3삽","","allthemodium:alloy_shovel","Allthemodium 합금 삽","적용한 제목 정상화","&6Allthemodium &5합금 &3삽"
"quest","5B4B5C148D63ACA1","65A95C2312976E49","undergarden.snbt","&aForgotten Minions&r","&a잊혀진 미니언&r","","","","적용한 제목 정상화","&a잊힌 하수인&r"
"quest","5B50AC47957F0CD7","5C4F10E65D86ED0E","mi_electric.snbt","Eagle noises","","","modern_industrialization:oil_drilling_rig","석유 시추기","적용한 제목 정상화","독수리 울음소리"
"quest","5B556192F060F3F1","23983F4DC524B14B","mekanism.snbt","&5Refined Obsidian Dust","","","mekanism:dust_refined_obsidian","정제된 흑요석 가루","적용한 제목 정상화","&5정제된 흑요석 가루"
"quest","5B737000D540ED48","6AEC23C6D526F362","eternal_starlight.snbt","&4Amaramber Sickle","","","eternal_starlight:amaramber_sickle","아마램버 낫","적용한 제목 정상화","&4아마램버 낫"
"quest","5B969BF6F00A84D8","26E6ED94168A05C4","productive_bees.snbt","Centrifuge 6 RuBee Spawn Eggs into 1 Chromium Bee Spawn Egg","","","productivebees:configurable_honeycomb","벌집","적용한 제목 정상화","RuBee 생성 알 6개를 원심분리해 크롬 벌 생성 알 1개 만들기"
"quest","5B969BF6F00A84D8","26E6ED94168A05C4","productive_bees.snbt","Chromium Bee","","","productivebees:configurable_honeycomb","벌집","적용한 제목 정상화","크롬 벌"
"quest","5B9F3F32AB28A83A","0A093D8C4429B627","mekanism_reactors.snbt","The Thermo part of the &6&lThermoelectric Boiler","","","mekanism:superheating_element","과열기","적용한 제목 정상화","&6&l열전보일러의 열 전달부"
"quest","5BA84F6282D9CAF1","4791C8461B1B4D5F","basic_armor.snbt","&6Allthemodium Mage Outfit","&6올더모듐 마법사 의상","","allthewizardgear:allthemodium_mage_helmet","Allthemodium 마법사 모자","적용한 제목 정상화","&6Allthemodium 마법사 장비"
"quest","5BB5EE00BB4F9691","24151251C8730F2E","aether.snbt","&7Flying Cow","","","","","적용한 제목 정상화","&7날아다니는 소"
"quest","5BB7648DC10E1E08","15AAF17B6665223D","refined_storage.snbt","&bUltra Exporter","","","cabletiers:ultra_exporter","울트라 반출기","적용한 제목 정상화","&b울트라 반출기"
"quest","5BB887411B8B38FA","07210DDF872160BA","applied_energistics_2.snbt","Condensed Matter","응축 물질","","ae2:condenser","물질 응축기","적용한 제목 정상화","응축된 물질"
"quest","5BC6CC3C09F512A7","0B826D13BAD43EEB","draconic_evolution.snbt","UNLIMITED POWER","","","draconicevolution:reactor_core","드라코닉 반응로 코어","적용한 제목 정상화","무한한 동력"
"quest","5BC6CC3C09F512A7","0B826D13BAD43EEB","draconic_evolution.snbt","Building the Reactor","","","draconicevolution:reactor_core","드라코닉 반응로 코어","적용한 제목 정상화","원자로 만들기"
"quest","5BD22081ED81BCC6","59395B6806F2A98A","cataclysm.snbt","&9Urchinkin","","","","","적용한 제목 정상화","&9어친킨"
"quest","5C11E99FF201C3F9","6AEC23C6D526F362","eternal_starlight.snbt","&8Golem Steel Greatsword","","","eternal_starlight:golem_steel_greatsword","골렘 강철 대검","적용한 제목 정상화","&8골렘 강철 대검"
"quest","5C26EBA2F58F28F1","1FAAEF0B9FD05CB9","productive_trees.snbt","Red Delicious Apple + Cherry","레드 딜리셔스 사과 + 벚나무","","productivetrees:granny_smith_apple_sapling","그래니 스미스 사과 묘목","적용한 제목 정상화","Red Delicious Apple + 벚나무"
"quest","5C2AE7715B3A8EED","44F441765D7CB182","auroral.snbt","&5Auroral Nautilus","","","minecraft:snowball","","적용한 제목 정상화","&5오로라 노틸러스"
"quest","5C2C29ECA67F9B49","5712300EF4E5E846","pylons.snbt","Finally peace and quiet. ","드디어 평화와 고요가 찾아왔네.","","pylons:lifeless_filter","무생명 필터","적용한 제목 정상화","마침내 찾아온 평화와 고요함"
"quest","5C2CF51D28F84CBE","0B826D13BAD43EEB","draconic_evolution.snbt","Kill the Chaos Guardian","","","","","적용한 제목 정상화","카오스 가디언을 처치하세요"
"quest","5C3EA8B4F5949406","76A0FBADACAD322B","neo_vitae.snbt","The Hellfire Forge","","","neovitae:hellfire_forge","","적용한 제목 정상화","지옥불 대장간"
"quest","5C3FF43CF16BCF30","6AEDA2F9BEB57759","ars_nouveau.snbt","Formerly ""Arcane Stones""","이전에는 ""신비로운 돌""이었습니다.","","ars_nouveau:sourcestone","마나 돌","적용한 제목 정상화","이전 명칭: ""아케인 스톤"""
"quest","5C3FF43CF16BCF30","6AEDA2F9BEB57759","ars_nouveau.snbt","Sourcestone","마나 돌","","ars_nouveau:sourcestone","마나 돌","적용한 제목 정상화","마나석"
"quest","5C5546A5103BCF55","22C20C1827FE6805","immersive_engineering.snbt","&b&lChemical Thrower","&b&l화학 투척기","","immersiveengineering:chemthrower","화학 분사기","적용한 제목 정상화","&b&l화학 분사기"
"quest","5C6BA6BBEC75EB71","24151251C8730F2E","aether.snbt","&cGold Key","","","aether:gold_dungeon_key","황금 열쇠","적용한 제목 정상화","&c황금 열쇠"
"quest","5C73247A48E72FB3","12AD9789D962B179","apothic_enchanting.snbt","Remove &5Enchantments&r from Pool","&9웅덩이에서 마법 부여 제거","","apothic_enchanting:filtering_shelf","수생 여과의 바다 책장","적용한 제목 정상화","목록에서 &5마법 부여&r 제외"
"quest","5C983A41886A2B75","13B172FA69904D9F","deeper_and_darker.snbt","Home, Sweet Home!","","","","","적용한 제목 정상화","즐거운 우리 집!"
"quest","5CAC395680027354","15AAF17B6665223D","refined_storage.snbt","TLDR: Good Wifi","","","interdimensionalwirelesstransmitter:interdimensional_wireless_transmitter","차원간 무선 송신기","적용한 제목 정상화","요약: 어디서나 좋은 무선 연결"
"quest","5CAC395680027354","15AAF17B6665223D","refined_storage.snbt","&dInterdimensional Wireless Transmitter","","","interdimensionalwirelesstransmitter:interdimensional_wireless_transmitter","차원간 무선 송신기","적용한 제목 정상화","&d차원간 무선 송신기"
"quest","5CCF573B67317591","13B172FA69904D9F","deeper_and_darker.snbt","&bGlowing Roots","","","deeperdarker:glowing_roots","빛나는 뿌리","적용한 제목 정상화","&b빛나는 뿌리"
"quest","5CCF92238B23EDC9","0D990A1D1E088701","mi_steam.snbt","Reading will help","","","minecraft:copper_ingot","","적용한 제목 정상화","읽으면 도움이 됩니다"
"quest","5CCF92238B23EDC9","0D990A1D1E088701","mi_steam.snbt","&#A0DE45Welcome to Modern Industrialization","","","minecraft:copper_ingot","","적용한 제목 정상화","&#A0DE45Modern Industrialization에 오신 것을 환영합니다"
"quest","5CD8D169181C7339","07210DDF872160BA","applied_energistics_2.snbt","The... Weapons?","The... 무기 말인가요?","","ae2:charged_staff","충전 지팡이","적용한 제목 정상화","무기...인가요?"
"quest","5CE44C58A470E48E","7AF827D2D101D343","artifacts.snbt","&l&3Artifacts","&l&3유물","","","","적용한 제목 정상화","&l&3Artifacts"
"quest","5CE7756D80E051CC","0A093D8C4429B627","mekanism_reactors.snbt","Boots","","","mekanism:module_soul_surfer_unit","","적용한 제목 정상화","부츠"
"quest","5CE7756D80E051CC","0A093D8C4429B627","mekanism_reactors.snbt","&8Soul Surfer &7Unit","","","mekanism:module_soul_surfer_unit","","적용한 제목 정상화","&8소울서퍼 &7유닛"
"quest","5CF2A069A3CC4EF6","26E6ED94168A05C4","productive_bees.snbt","Resin + Reed","레진 + 갈대","","productivebees:configurable_honeycomb","벌집","적용한 제목 정상화","수지 + 갈대"
"quest","5CF2A069A3CC4EF6","26E6ED94168A05C4","productive_bees.snbt","Silky Bee","실키 벌","","productivebees:configurable_honeycomb","벌집","적용한 제목 정상화","비단결 벌"
"quest","5CF320E9C4C1B1E1","732824E03978A934","mainquestline_part_1.snbt","&eWelcome to Getting Started&r!","&e시작하기에 오신 것을 환영합니다&r!","","ftbfiltersystem:smart_filter","","적용한 제목 정상화","&e시작하기&r!"
"quest","5D404ED40C6C2690","5C4F10E65D86ED0E","mi_electric.snbt","Input more power","","","modern_industrialization:advanced_machine_hull","고급 기계 외피","적용한 제목 정상화","더 많은 전력 입력"
"quest","5D5563142917495A","7A5C327771634A7D","building_tips.snbt","&l&eFarmer's Delight&r","&l&e농부의 기쁨&r","","ftbfiltersystem:smart_filter","","적용한 제목 정상화","&l&eFarmer's Delight&r"
"quest","5D64250B940BC8FD","5E31DF282998B992","pneumaticcraft.snbt","Compressed Iron Armor","압축된 철 갑옷","","pneumaticcraft:compressed_iron_helmet","압축 철 헬멧","적용한 제목 정상화","압축 철 방어구"
"quest","5D6A4E574823446F","5D8E83698AEF1092","ice__fire.snbt","&8Trolls","","","","","적용한 제목 정상화","&8트롤"
"quest","5D71589555637DB0","26E6ED94168A05C4","productive_bees.snbt","Feed Anglesite Ore to Draconic Bee","","","productivebees:configurable_honeycomb","벌집","적용한 제목 정상화","드라코닉 벌에게 앵글사이트 광석 먹이기"
"quest","5D71589555637DB0","26E6ED94168A05C4","productive_bees.snbt","Anglesite Bee","","","productivebees:configurable_honeycomb","벌집","적용한 제목 정상화","앵글사이트 벌"
"quest","5D87088E8D71DB9B","0B826D13BAD43EEB","draconic_evolution.snbt","Moving OP","","","ftbfiltersystem:smart_filter","","적용한 제목 정상화","OP 전송"
"quest","5D8E715CCB7ACCAC","6AEC23C6D526F362","eternal_starlight.snbt","&dStarlit Diamond Leggings","","","eternal_starlight:starlit_diamond_leggings","별빛 다이아몬드 레깅스","적용한 제목 정상화","&d별빛 다이아몬드 하의"
"quest","5DC892BA79EB52EC","100C477F4E63F20A","create.snbt","&6Mechanical Mixer","","","create:mechanical_mixer","기계식 혼합기","적용한 제목 정상화","&6기계식 혼합기"
"quest","5DD6631F5996BA71","100C477F4E63F20A","create.snbt","&9Water Wheels","","","ftbfiltersystem:smart_filter","","적용한 제목 정상화","&9수차"
"quest","5DE45BC0258D1B0B","12AD9789D962B179","apothic_enchanting.snbt","&dPearlescent Endshelf","&5진줏빛 엔드쉘프","","apothic_enchanting:pearl_endshelf","진주광 엔드 책장","적용한 제목 정상화","&d진주광 엔드 책장"
"quest","5DE7C4FD5FA29236","7AF827D2D101D343","artifacts.snbt","Belt","벨트","","artifacts:chorus_totem","코러스 토템","적용한 제목 정상화","허리띠"
"quest","5DE7C4FD5FA29236","7AF827D2D101D343","artifacts.snbt","&5Chorus Belt&r","&5코러스 벨트&r","","artifacts:chorus_totem","코러스 토템","적용한 제목 정상화","&5코러스 토템&r"
"quest","5DF26D712B643655","26E6ED94168A05C4","productive_bees.snbt","Molten Brass over Zinc/Copper Bee Spawn Egg","구리 + 아연","","productivebees:configurable_honeycomb","벌집","적용한 제목 정상화","아연/구리 벌 생성 알 위에 용융 황동 붓기"
"quest","5DF26D712B643655","26E6ED94168A05C4","productive_bees.snbt","Brass Bee","황동 벌","","productivebees:configurable_honeycomb","벌집","적용한 제목 정상화","놋쇠 벌"
"quest","5DFE3CB5B0130A7A","6AEC23C6D526F362","eternal_starlight.snbt","River life","","","eternal_starlight:moonlight_lily_pad","달빛 수련 잎","적용한 제목 정상화","강의 생명체"
"quest","5E090C9BB4DAA5D4","2A6EBEEBAB882679","powah.snbt","Tier: &aEnergized","티어: &a활성화됨","","powah:steel_energized","에너지화 강철","적용한 제목 정상화","등급: &a에너지화"
"quest","5E0D78B7B2CF1729","0B826D13BAD43EEB","draconic_evolution.snbt","Draconic Core","","","draconicevolution:awakened_core","드라코닉 코어","적용한 제목 정상화","드라코닉 코어"
"quest","5E116409DC7D30BB","23983F4DC524B14B","mekanism.snbt","The Configurator","Mekanism의 렌치","","mekanism:configurator","설정 장치","적용한 제목 정상화","설정 장치"
"quest","5E116409DC7D30BB","23983F4DC524B14B","mekanism.snbt","&5&lMekanism&r Logistics","","","mekanism:configurator","설정 장치","적용한 제목 정상화","&5&lMekanism&r물류"
"quest","5E287410EE969244","13B172FA69904D9F","deeper_and_darker.snbt","&9Shattered","","","","","적용한 제목 정상화","&9셰터드"
"quest","5E41363F9AE243F3","5D045EF1AB73DF70","basic_power.snbt","&b&lMid Game Power Options","&b&l중반 게임 파워 설정","","minecraft:diamond","","적용한 제목 정상화","&b&l중반 전력 선택지"
"quest","5E45C9C2D72EDBCC","5D8E83698AEF1092","ice__fire.snbt","&dPixie Village","","","","","적용한 제목 정상화","&d픽시 마을"
"quest","5E4BC0F59C90433A","1DB294A8F8686321","storage.snbt","""Vanilla Chest""","바닐라 상자","","ftbfiltersystem:smart_filter","","적용한 제목 정상화","""바닐라 상자"""
"quest","5E4BC0F59C90433A","1DB294A8F8686321","storage.snbt","Sophisticated Storage","정교한 저장소","","ftbfiltersystem:smart_filter","","적용한 제목 정상화","Sophisticated Storage"
"quest","5E4FE420B6D2C97F","1DB294A8F8686321","storage.snbt","More Filtering Options","기타 필터링 설정","","sophisticatedbackpacks:advanced_compacting_upgrade","고급 압축 업그레이드","적용한 제목 정상화","추가 필터 옵션"
"quest","5E4FE420B6D2C97F","1DB294A8F8686321","storage.snbt","&eAdvanced Compacting Upgrade","&e고급 압축 기능","","sophisticatedbackpacks:advanced_compacting_upgrade","고급 압축 업그레이드","적용한 제목 정상화","&e고급 압축 업그레이드"
"quest","5E610C059737628B","51A2FE60D8B76FC6","extended__advanced_ae.snbt","Up to +3 Step Height","","","advanced_ae:step_assist_card","단차 이동 보조 카드","적용한 제목 정상화","단차 높이 최대 +3"
"quest","5E6585F7627247E3","07210DDF872160BA","applied_energistics_2.snbt","Automation in upgrade form!","상위 버전으로 변환된 자동화!","","ae2:crafting_card","제작 카드","적용한 제목 정상화","업그레이드로 자동화를!"
"quest","5E671F1F370DDE43","0B826D13BAD43EEB","draconic_evolution.snbt","Draconic Auto Feed Module","","","draconicevolution:item_draconic_auto_feed","드라코닉 자동 섭취 모듈","적용한 제목 정상화","드라코닉 자동 섭취 모듈"
"quest","5E6D7C1D7957DD4D","4791C8461B1B4D5F","basic_armor.snbt","&aForgotten&r","&a잊혀진&r","","undergarden:forgotten_ingot","잊힌 주괴","적용한 제목 정상화","&a잊힌 금속&r"
"quest","5E750DB2244A67A1","2FB24A5A597459FC","railcraft.snbt","&6Turnout Tracks","&6분기점 트랙","","ftbfiltersystem:smart_filter","","적용한 제목 정상화","&6분기 선로"
"quest","5E766840DAB839A2","1FAAEF0B9FD05CB9","productive_trees.snbt","Ash + Sugar Maple","재 + 설탕 단풍나무","","productivetrees:sycamore_fig_sapling","시커모어 무화과 묘목","적용한 제목 정상화","물푸레나무 + 설탕단풍나무"
"quest","5E7CCDE9229A646A","4791C8461B1B4D5F","basic_armor.snbt","&6Allthemodium&r","&6올더모듐&r","","allthemodium:allthemodium_ingot","Allthemodium 주괴","적용한 제목 정상화","&6Allthemodium&r"
"quest","5E7E35CCAF1C88EE","07210DDF872160BA","applied_energistics_2.snbt","The I","그 I","","ae2:import_bus","ME 반입 버스","적용한 제목 정상화","I는 입력"
"quest","5E8A1D47CF3C7ACF","6AEC23C6D526F362","eternal_starlight.snbt","&aFlowglaze Shovel","","","eternal_starlight:flowglaze_shovel","플로글레이즈 삽","적용한 제목 정상화","&a플로글레이즈 삽"
"quest","5E8D527DE9D7DD46","0B826D13BAD43EEB","draconic_evolution.snbt","Wyvern Flight Module","","","draconicevolution:item_wyvern_flight","와이번 비행 모듈","적용한 제목 정상화","와이번 비행 모듈"
"quest","5E9AF8BB2C67DCCE","4EEDECACDE8F5A67","oritech.snbt","Many ways to transport liquids","","","oritech:fluid_pipe","유체 파이프","적용한 제목 정상화","유체를 운송하는 방법은 다양합니다"
"quest","5E9AF8BB2C67DCCE","4EEDECACDE8F5A67","oritech.snbt","Transporting liquids","","","oritech:fluid_pipe","유체 파이프","적용한 제목 정상화","유체 운송"
"quest","5EAD916C4F15335F","15AAF17B6665223D","refined_storage.snbt","&4Mega Importer","","","cabletiers:mega_importer","메가 반입기","적용한 제목 정상화","&4메가 반입기"
"quest","5EB488C393B084C4","7A5C327771634A7D","building_tips.snbt","&4&lRechiseled&r","&4&l리치즐드&r","","rechiseled:chisel","","적용한 제목 정상화","&4&lRechiseled&r"
"quest","5EB7CE3A1DCD3E9B","7AF827D2D101D343","artifacts.snbt","Belt","벨트","","artifacts:universal_attractor","만능 자석","적용한 제목 정상화","허리띠"
"quest","5EB7CE3A1DCD3E9B","7AF827D2D101D343","artifacts.snbt","&cUniversal Attractor&r","&c아이템 자석&r","","artifacts:universal_attractor","만능 자석","적용한 제목 정상화","&c만능 자석&r"
"quest","5EB87CE5F6DEFAAA","11919EBB416B2BD0","relics.snbt","Sometimes, survival isn’t about fighting… but fitting in.","파괴된 차원문, 네더 요새, 그리고 요새에서 발견됩니다.","","relics:piglin_mask","피글린 가면","적용한 제목 정상화","때로는 싸우는 것보다... 어울리는 것이 생존의 비결입니다."
"quest","5EB87CE5F6DEFAAA","11919EBB416B2BD0","relics.snbt","&cPiglin Mask&r","&6마그마 워커","","relics:piglin_mask","피글린 가면","적용한 제목 정상화","&c피글린 가면&r"
"quest","5EC1B868720BF521","5103E2D95685ADFF","chapter_2_the_star.snbt","&8&lImmersive Engineering","&8&l이머시브 엔지니어링","","immersiveengineering:hammer","공학자의 망치","적용한 제목 정상화","&8&lImmersive Engineering"
"quest","5ED368C926E5F32C","76DF5FAA7961E5E7","iron_spells_and_spellbooks.snbt","The Last Class...","마지막 Class...","","","","적용한 제목 정상화","마지막 학파..."
"quest","5EE945A1185E8336","1BE666F01EFFC00D","tips_and_tricks.snbt","&l&7Functional Storage&r","&l&7펑셔널 스토리지&r","","ftbfiltersystem:smart_filter","","적용한 제목 정상화","&l&7Functional Storage&r"
"quest","5EF54E0EB14024D1","43BB00A7A7E1042C","mahou_tsukai.snbt","&7Scroll of Spatial Disorientation","&7「공간조작의 지팡이」 두루마리","","mahoutsukai:powdered_gold","빻은 금","적용한 제목 정상화","&7「공간 조작」두루마리"
"quest","5F080CFA1DC7F435","26E6ED94168A05C4","productive_bees.snbt","Spawned using a Soul Sand Nest in the Nether.","네더의 영혼 모래 둥지를 사용하여 생성되었습니다.","","productivebees:honeycomb_ghostly","유령 벌집 조각","적용한 제목 정상화","네더의 영혼 모래 둥지에서 생성"
"quest","5F1218CF8EFC607B","3DEB33F78398EAD6","basic_logistics.snbt","&c&lLaser IO","&c&l레이저 IO","","laserio:logic_chip","논리 칩","적용한 제목 정상화","&c&lLaserIO"
"quest","5F1784E562C29B66","26E6ED94168A05C4","productive_bees.snbt","&9Requires End Stone Nest","&9엔드 돌 벌집 필요","","productivebees:configurable_honeycomb","벌집","적용한 제목 정상화","&9엔드 돌 둥지 필요"
"quest","5F44BF9A1DAE8B99","24151251C8730F2E","aether.snbt","&9Neptune Armor","","","ftbfiltersystem:smart_filter","","적용한 제목 정상화","&9넵튠 갑옷"
"quest","5F4AA7E7D050C327","1FAAEF0B9FD05CB9","productive_trees.snbt","White Poplar + Ceylon Ebony","하얀색 포플러 + 실론 흑단","","productivetrees:zebrano_sapling","제브라노 묘목","적용한 제목 정상화","은백양 + 실론흑단"
"quest","5F56892CD904C40F","07210DDF872160BA","applied_energistics_2.snbt","256k Storage Component","256k 저장소 구성 요소","","ae2:cell_component_256k","256k ME 저장 부품","적용한 제목 정상화","256k 저장 부품"
"quest","5F5E43B3F51CAE9E","7AF827D2D101D343","artifacts.snbt","&aSuperstitious Hat","&a요정의 모자","","artifacts:superstitious_hat","미신의 모자","적용한 제목 정상화","&a미신의 모자"
"quest","5F7F753FD72BFBBF","7A5C327771634A7D","building_tips.snbt","&l&7Railcraft&r Colored Blocks","&l&7레일크래프트&r 색깔 블록","","ftbfiltersystem:smart_filter","","적용한 제목 정상화","&l&7Railcraft&r 색깔 블록"
"quest","5F8363EC8F4499B6","4EEDECACDE8F5A67","oritech.snbt","Making alloys","","","oritech:foundry_block","주조소","적용한 제목 정상화","합금 만들기"
"quest","5F9B8ACCE0C8389E","43BB00A7A7E1042C","mahou_tsukai.snbt","&7Scroll of Strengthening","&7강화 두루마리","","mahoutsukai:powdered_diamond","빻은 다이아몬드","적용한 제목 정상화","&7「강화」두루마리"
"quest","5FA68047A3C05E80","4293754F9B2D05F0","allthemodium.snbt","&5Unobtainium Spell Book","&5언옵테늄 주문서","","allthewizardgear:unobtainium_spell_book","Unobtainium 주문서","적용한 제목 정상화","&5Unobtainium 주문서"
"quest","5FBA199E0B7F1585","59395B6806F2A98A","cataclysm.snbt","&9Octohost","","","","","적용한 제목 정상화","&9옥토호스트"
"quest","5FC92F3794004A98","1FAAEF0B9FD05CB9","productive_trees.snbt","Rippling Willow + Soul Tree","물결치는 버드나무 + 영혼 나무","","productivetrees:slimy_delight_sapling","Slimy Delight 묘목","적용한 제목 정상화","Rippling Willow + Soul Tree"
"quest","5FD88ED4937971D7","1FAAEF0B9FD05CB9","productive_trees.snbt","Tuscarora Crepe Myrtle + Luck","터스카로라 배롱나무 + 행운","","productivetrees:moonlight_magic_crepe_myrtle_sapling","Moonlight Magic Crepe Myrtle 묘목","적용한 제목 정상화","투스카로라 배롱나무 + 행운"
"quest","5FD88ED4937971D7","1FAAEF0B9FD05CB9","productive_trees.snbt","Moonlight Magic Crepe Myrtle Sapling","달빛 마법이 걸린 배롱나무 묘목","","productivetrees:moonlight_magic_crepe_myrtle_sapling","Moonlight Magic Crepe Myrtle 묘목","적용한 제목 정상화","Moonlight Magic Crepe Myrtle 묘목"
"quest","5FE507DAEE770507","4C507C004144BFEE","occultism.snbt","An alternate path for light blue","","","alltheores:iron_dust","철 가루","적용한 제목 정상화","연한 파란색의 대체 경로"
"quest","5FE507DAEE770507","4C507C004144BFEE","occultism.snbt","&aOphyx' Calling","","","alltheores:iron_dust","철 가루","적용한 제목 정상화","&aOphyx' Calling"
"quest","600388EAB96609E4","0F96DC3563DA78EF","elmystical_agriculturerr.snbt","Tier: &a2","","","mysticalagriculture:limestone_seeds","","적용한 제목 정상화","등급: &a2"
"quest","6009E239E2E15236","5D8E83698AEF1092","ice__fire.snbt","Hippogryth","","","","","적용한 제목 정상화","히포그리프"
"quest","6012D6C3253895F0","7A5C327771634A7D","building_tips.snbt","&cMr Crayfish's Mods&c","&cMrCrayfish의 모드&c","","refurbished_furniture:workbench","작업대","적용한 제목 정상화","&cMrCrayfish's Furniture Mod: Refurbished&c"
"quest","60244F26B9ABED49","15AAF17B6665223D","refined_storage.snbt","&a1024B Fluid Storage Part","","","refinedstorage:1024b_fluid_storage_part","1024B 유체 저장 부품","적용한 제목 정상화","&a1024B 유체 저장 부품"
"quest","602884068EC40EDB","76A0FBADACAD322B","neo_vitae.snbt","Sentient Steel","","","neovitae:sentient_sword","","적용한 제목 정상화","의식 있는 강철"
"quest","602A6CF9D5B66AD3","23983F4DC524B14B","mekanism.snbt","&5&lChemical Crystallizer","","","mekanism:chemical_crystallizer","화학적 결정화 장치","적용한 제목 정상화","&5&l화학적 결정화 장치"
"quest","6033ABA2088BA70C","51A2FE60D8B76FC6","extended__advanced_ae.snbt","No Flight Drift","","","advanced_ae:flight_drift_card","비행 관성 제거 카드","적용한 제목 정상화","비행 관성 제거"
"quest","603BEDD49070ECAD","23983F4DC524B14B","mekanism.snbt","&c&lRotary &bCondensentrator","","","mekanism:rotary_condensentrator","회전 콘덴서","적용한 제목 정상화","&c&l&b회전 콘덴서"
"quest","6046CA1F6AFE2AEA","76DF5FAA7961E5E7","iron_spells_and_spellbooks.snbt","&4The Blood Staff","","","irons_spellbooks:blood_staff","피의 지팡이","적용한 제목 정상화","&4피의 지팡이"
"quest","604C003EE6B1CC6B","5C4F10E65D86ED0E","mi_electric.snbt","Same as steam as one","","","modern_industrialization:electric_cutting_machine","전기 절단기","적용한 제목 정상화","증기 기계와 동일"
"quest","60721C9B94B36C24","13B172FA69904D9F","deeper_and_darker.snbt","&3Sculk Centipede","","","","","적용한 제목 정상화","&3스컬크 지네"
"quest","607337D8AA20FA18","0B826D13BAD43EEB","draconic_evolution.snbt","Wyvern Tree Harvester","","","draconicevolution:item_wyvern_tree_harvest","와이번 나무 수확기","적용한 제목 정상화","와이번 나무 수확기"
"quest","6076D1DB438EB997","792AD692F1468B1F","achapter_2r_6the_atm_star.snbt","&cSmelter Prism","&c제련로 프리즘","","forbidden_arcanus:smelter_prism","제련 프리즘","적용한 제목 정상화","&c제련 프리즘"
"quest","6092490EC9008A05","15AAF17B6665223D","refined_storage.snbt","Breaking Blocks!","","","refinedstorage:destructor","파괴기","적용한 제목 정상화","블록 파괴!"
"quest","609CA1ACFA981BD5","2FB24A5A597459FC","railcraft.snbt","&cTrack Kit&r Routing","&c궤도 키트&r 라우팅","","railcraft:routing_track_kit","라우팅 선로 키트","적용한 제목 정상화","&c선로 키트&r 라우팅"
"quest","60B52705049D1BA5","23983F4DC524B14B","mekanism.snbt","&a&lChemical Washer","","","mekanism:chemical_washer","화학적 세척 장치","적용한 제목 정상화","&a&l화학적 세척 장치"
"quest","60B985069E0E643E","26E6ED94168A05C4","productive_bees.snbt","Water + Lava","마그마틱 + 땀","","productivebees:configurable_honeycomb","벌집","적용한 제목 정상화","물 + 용암"
"quest","60B985069E0E643E","26E6ED94168A05C4","productive_bees.snbt","Obsidian Bee","흑요석 꿀벌","","productivebees:configurable_honeycomb","벌집","적용한 제목 정상화","흑요석 벌"
"quest","60C27206F1414DD6","0B826D13BAD43EEB","draconic_evolution.snbt","Projectile Immunity Cancellation Module","","","draconicevolution:item_draconic_proj_anti_immune","발사체 면역 무효화 모듈","적용한 제목 정상화","발사체 면역 무효화 모듈"
"quest","60C8272DD1A2B262","5103E2D95685ADFF","chapter_2_the_star.snbt","Runic Star Altar does not work without upgrades","","","ftbfiltersystem:smart_filter","","적용한 제목 정상화","룬 별 제단은 업그레이드 없이 작동하지 않습니다"
"quest","60CECAAE2D43EC6E","11919EBB416B2BD0","relics.snbt","Some mistakes... don’t have to be permanent.","엔드 시티와 엔드 함선에서 발견되었습니다.","","relics:clot_of_time","시간의 응어리","적용한 제목 정상화","어떤 실수는... 되돌릴 수 있습니다."
"quest","60CECAAE2D43EC6E","11919EBB416B2BD0","relics.snbt","&5Clot of Time&r","&2엔더 핸드","","relics:clot_of_time","시간의 응어리","적용한 제목 정상화","&5시간의 응어리&r"
"quest","60ECCCAB66AAC05D","23983F4DC524B14B","mekanism.snbt","Items","","","ftbfiltersystem:smart_filter","","적용한 제목 정상화","품목"
"quest","60ECCCAB66AAC05D","23983F4DC524B14B","mekanism.snbt","&eLogistical Transporters","","","ftbfiltersystem:smart_filter","","적용한 제목 정상화","&e물류 수송기"
"quest","60FAD8BF235E381B","76DF5FAA7961E5E7","iron_spells_and_spellbooks.snbt","&bRare&r Ink","&b희귀한&r 잉크","","irons_spellbooks:rare_ink","희귀 잉크","적용한 제목 정상화","&b희귀 잉크&r"
"quest","60FDCA2FDFE74056","6AEC23C6D526F362","eternal_starlight.snbt","&dScarlet Forest","스칼렛 숲","","","","적용한 제목 정상화","&d진홍빛 숲"
"quest","6101AB772B0317F1","76A0FBADACAD322B","neo_vitae.snbt","A Sense for Anima","","","neovitae:sigil_divination","","적용한 제목 정상화","Anima를 느끼는 감각"
"quest","61217D80BFF8A858","12AD9789D962B179","apothic_enchanting.snbt","Nothing to do with Occultism I swear","","","apothic_enchanting:occult_ender_lead","오컬트 엔더 끈","적용한 제목 정상화","정말 Occultism과는 아무 관련이 없습니다"
"quest","61217D80BFF8A858","12AD9789D962B179","apothic_enchanting.snbt","&5Occult Ender Lead","","","apothic_enchanting:occult_ender_lead","오컬트 엔더 끈","적용한 제목 정상화","&5오컬트 엔더 끈"
"quest","6124C0E9E419694B","65A95C2312976E49","undergarden.snbt","&aForgotten&r Tools","&a잊혀진&r 도구","","undergarden:forgotten_pickaxe","잊힌 곡괭이","적용한 제목 정상화","&a잊힌&r 도구"
"quest","6134991F25B25B42","4EEDECACDE8F5A67","oritech.snbt","More than a crafter","","","oritech:assembler_block","조립기","적용한 제목 정상화","제작기 그 이상"
"quest","6134991F25B25B42","4EEDECACDE8F5A67","oritech.snbt","Putting things together","","","oritech:assembler_block","조립기","적용한 제목 정상화","조립하기"
"quest","613AC4DF39E5621D","48410B67C276ED1F","bumblezone.snbt","Gazebuzz Cluster","가제버즈 클러스터","","","","적용한 제목 정상화","가제버즈 군락"
"quest","6140EAA6E042EF7C","22C20C1827FE6805","immersive_engineering.snbt","&6&lEngineer's Skyhook","&6&l엔지니어의 스카이훅","","immersiveengineering:skyhook","공학자의 스카이훅","적용한 제목 정상화","&6&l공학자의 스카이훅"
"quest","61419D230687CBB5","0B826D13BAD43EEB","draconic_evolution.snbt","Wyvern Projectile Velocity Module","","","draconicevolution:item_wyvern_proj_velocity","와이번 발사체 속도 모듈","적용한 제목 정상화","와이번 발사체 속도 모듈"
"quest","6144202A97C6CD1C","07210DDF872160BA","applied_energistics_2.snbt","Under the knife","식칼 아래","","ftbfiltersystem:smart_filter","","적용한 제목 정상화","칼날 아래에서"
"quest","614937A2F5823F3E","26E6ED94168A05C4","productive_bees.snbt","Spawned using a Nether Brick Nest in the Nether","네더에서 네더 벽돌 벌집을 사용하여 생성됨","","productivebees:configurable_honeycomb","벌집","적용한 제목 정상화","네더의 네더 벽돌 둥지에서 생성"
"quest","614937A2F5823F3E","26E6ED94168A05C4","productive_bees.snbt","Magmatic Bee","마그마 벌","","productivebees:configurable_honeycomb","벌집","적용한 제목 정상화","마그마틱 벌"
"quest","6149E5F1F9CF8DC6","24151251C8730F2E","aether.snbt","&dPhyg","","","","","적용한 제목 정상화","&d피그"
"quest","615C3E012B2DECD3","76DF5FAA7961E5E7","iron_spells_and_spellbooks.snbt","&eSpellBooks&r!","&e주문 책&r!","","minecraft:paper","","적용한 제목 정상화","&e주문서&r!"
"quest","616364E6AE05C341","007B547630FF0478","theurgy.snbt","&bMineral Salt","&b미네랄 소금","","theurgy:alchemical_salt_mineral","연금술 소금 %s","적용한 제목 정상화","&b미네랄 솔트"
"quest","616ED6C49C37EB91","7A5C327771634A7D","building_tips.snbt","&b&lMacaw's Paths and Pavings","&b&l마카우의 길과 포장","","ftbfiltersystem:smart_filter","","적용한 제목 정상화","&b&lMacaw's Paths and Pavings"
"quest","61768CFEDA041E4D","48410B67C276ED1F","bumblezone.snbt","Let me outta here!","여기서 내보내 줘!","","the_bumblezone:beehive_beeswax","벌집 밀랍","적용한 제목 정상화","여기서 나가게 해 줘!"
"quest","617C6D6C35B4917D","5D8E83698AEF1092","ice__fire.snbt","&dPixies","","","iceandfire:pixie_dust","픽시가루","적용한 제목 정상화","&d픽시"
"quest","618411DCC5C1A13C","26E6ED94168A05C4","productive_bees.snbt","Feed Plutonium Dust to Radioactive Bee","","","productivebees:configurable_honeycomb","벌집","적용한 제목 정상화","방사성 벌에게 플루토늄 가루 먹이기"
"quest","618411DCC5C1A13C","26E6ED94168A05C4","productive_bees.snbt","Uranite Bee","","","productivebees:configurable_honeycomb","벌집","적용한 제목 정상화","우라나이트 벌"
"quest","6187837A51BA09DC","76DF5FAA7961E5E7","iron_spells_and_spellbooks.snbt","&cCitadel","","","","","적용한 제목 정상화","&c성채"
"quest","6188A57F52F29D33","24151251C8730F2E","aether.snbt","&cLife Shard","","","aether:life_shard","생명 조각","적용한 제목 정상화","&c생명 조각"
"quest","61999669BDE127F9","4C507C004144BFEE","occultism.snbt","You break it, &mwe&r Demons fix it!","당신이 &m파괴하면&r 저희 악마들이 고쳐드립니다!","","","","적용한 제목 정상화","부수면 &m우리가&r 악마가 고쳐 드립니다!"
"quest","61C49BC2B384FB80","732824E03978A934","mainquestline_part_1.snbt","&aFinding &dThe End","&a엔드 발견&d","","minecraft:ender_eye","","적용한 제목 정상화","&a찾아라, &d엔드"
"quest","61E11E4C358898D6","6AEC23C6D526F362","eternal_starlight.snbt","&dStarlit Diamond Helmet","","","eternal_starlight:starlit_diamond_helmet","별빛 다이아몬드 투구","적용한 제목 정상화","&d별빛 다이아몬드 투구"
"quest","62089E9E6D596DA7","59395B6806F2A98A","cataclysm.snbt","&3The &bImmolator","&3 &b이몰레이터","","cataclysm:the_immolator","임모레이터","적용한 제목 정상화","&3&b임모레이터"
"quest","6220EDE42C813C1B","12AD9789D962B179","apothic_enchanting.snbt","Unbreakable &eCharms","","","ftbfiltersystem:smart_filter","","적용한 제목 정상화","파괴되지 않는 &e물약 부적"
"quest","6235B9923BE0AAEB","0F96DC3563DA78EF","elmystical_agriculturerr.snbt","&bEnchanter","&b마법 부여자","","mysticalagriculture:enchanter","인챈터","적용한 제목 정상화","&b인챈터"
"quest","623796B1D7981E59","7AF827D2D101D343","artifacts.snbt","Belt","벨트","","artifacts:crystal_heart","수정 심장","적용한 제목 정상화","허리띠"
"quest","623796B1D7981E59","7AF827D2D101D343","artifacts.snbt","&4Crystal Heart&r","&4크리스탈 하트&r","","artifacts:crystal_heart","수정 심장","적용한 제목 정상화","&4수정 심장&r"
"quest","623E6A855B363C8D","219B7A003658D24F","xycraft.snbt","Water but Solid, Ice?","물, 하지만 단단한 얼음?","","xycraft_machines:water_block","물 블록","적용한 제목 정상화","고체 물이라니, 얼음인가요?"
"quest","6256612D46C88C0C","5C4F10E65D86ED0E","mi_electric.snbt","""Freedom is the right of all sentient beings""","","","ftbfiltersystem:smart_filter","","적용한 제목 정상화","""자유는 모든 지각 있는 존재의 권리다"""
"quest","6256612D46C88C0C","5C4F10E65D86ED0E","mi_electric.snbt","LV-MV Transformers","","","ftbfiltersystem:smart_filter","","적용한 제목 정상화","LV-MV 변압기"
"quest","6263A27182B2CE3D","23983F4DC524B14B","mekanism.snbt","Better &5Machines","","","mekanism:advanced_control_circuit","고급 제어 회로","적용한 제목 정상화","더 나은 &5기계"
"quest","6280748583C62E05","1FAAEF0B9FD05CB9","productive_trees.snbt","Red Maple + Jungle","붉은 단풍나무 + 정글","","productivetrees:padauk_sapling","파덕 묘목","적용한 제목 정상화","붉은 단풍나무 + 정글나무"
"quest","62827AA1AD29A222","23983F4DC524B14B","mekanism.snbt","&aUniversal Cables","","","ftbfiltersystem:smart_filter","","적용한 제목 정상화","&a범용 케이블"
"quest","62A11EEC976DA5C5","6AEC23C6D526F362","eternal_starlight.snbt","&aAlchemist Robe","","","eternal_starlight:alchemist_robe","연금술사 로브","적용한 제목 정상화","&a연금술사 로브"
"quest","62A262A706CFCAF0","3456E0C530C0038E","evilcraft.snbt","&aThe &cBlood Infuser","&a &c혈액 주입기","","evilcraft:blood_infuser","블러드 주입기","적용한 제목 정상화","&a&c블러드 주입기"
"quest","62B29AEF8468750E","0A093D8C4429B627","mekanism_reactors.snbt","Pants","","","mekanismgenerators:module_geothermal_generator_unit","","적용한 제목 정상화","바지"
"quest","62B29AEF8468750E","0A093D8C4429B627","mekanism_reactors.snbt","&6Geothermal Generator &7Unit","","","mekanismgenerators:module_geothermal_generator_unit","","적용한 제목 정상화","&6지열발전기 &7유닛"
"quest","62B44B688D09C939","6AEC23C6D526F362","eternal_starlight.snbt","&aFlowglaze","","","eternal_starlight:flowglaze","플로글레이즈","적용한 제목 정상화","&a플로글레이즈"
"quest","62C60FF24B2F7290","4EBB2171D5A3AAAC","forbidden__arcanus.snbt","&bArcane Crystals","&b아케인 크리스탈","","forbidden_arcanus:arcane_crystal","비전 수정","적용한 제목 정상화","&b비전 수정"
"quest","62CE0FFAF6352287","3456E0C530C0038E","evilcraft.snbt","&aUpgrading Machines","&a기계 업그레이드 중","","evilcraft:promise_acceptor_iron","철 약속 수락기","적용한 제목 정상화","&a기계 업그레이드"
"quest","62D39F68DE6E44A4","12AD9789D962B179","apothic_enchanting.snbt","&5Arcana","","","apothic_enchanting:seashelf","바다 책장","적용한 제목 정상화","&5아르카나"
"quest","62DA302CF53B7C39","6AEC23C6D526F362","eternal_starlight.snbt","&6Thermal Springstone Boots","","","eternal_starlight:thermal_springstone_boots","열기 스프링스톤 부츠","적용한 제목 정상화","&6온천석 부츠"
"quest","62DDE5B1287BEB36","5103E2D95685ADFF","chapter_2_the_star.snbt","&6Awakened &5Unobtainium&f-&3Vibranium&r Alloy Block","&6각성된 &5언옵테이니움&f-&3바이브라늄&r 합금 블록","","allthemodium:unobtainium_vibranium_alloy_block","Unobtainium-Vibranium 합금 블록","적용한 제목 정상화","&6각성한 &5Unobtainium&f-&3Vibranium&r 합금 블록"
"quest","62DF58D36B739EA0","59395B6806F2A98A","cataclysm.snbt","&eWadjet","&e바제트","","","","적용한 제목 정상화","&e와제트"
"quest","62F33BBE7BDFE404","6AEC23C6D526F362","eternal_starlight.snbt","&5Wand of &7Teleportation","","","eternal_starlight:wand_of_teleportation","순간이동 지팡이","적용한 제목 정상화","&5순간이동의 &7지팡이"
"quest","6314B892B569A0A5","6AEC23C6D526F362","eternal_starlight.snbt","&9&lEternal Starlight","이터널 스타라이트","","","","적용한 제목 정상화","&9&lEternal Starlight"
"quest","63362CC33B39C627","6AEC23C6D526F362","eternal_starlight.snbt","&bStarlit Sea","별빛 바다","","","","적용한 제목 정상화","&b별빛 바다"
"quest","6353A39CBEE599A0","100C477F4E63F20A","create.snbt","&eStock Link","","","create:stock_link","재고 연결기","적용한 제목 정상화","&e재고 연결기"
"quest","635620A03E3505BF","05E614FDA677D85E","food_and_farming.snbt","But....Cows can't be sheared...","But....소는 sheared...일 수 없습니다.","","minecraft:leather","","적용한 제목 정상화","하지만... 소는 털을 깎을 수 없는데..."
"quest","636848ED1115A0B3","6AEC23C6D526F362","eternal_starlight.snbt","&8Ratlins","랫린","","","","적용한 제목 정상화","&8래틀린"
"quest","637C87D8968CD51A","76DF5FAA7961E5E7","iron_spells_and_spellbooks.snbt","&aUncommon&r Ink","&a고급&r 잉크","","irons_spellbooks:uncommon_ink","고급 잉크","적용한 제목 정상화","&a고급 잉크&r"
"quest","637EF6D9DFC59EE8","44F441765D7CB182","auroral.snbt","&b&lAu&aro&dral","","","","","적용한 제목 정상화","&b&l오&a로&d라"
"quest","63AE4568375DD1BF","3456E0C530C0038E","evilcraft.snbt","Sanguinary Environmental Accumulator","생귀나리 환경 축전기","","evilcraft:sanguinary_environmental_accumulator","혈액 환경 축전기","적용한 제목 정상화","혈액 환경 축전기"
"quest","63B0E39CA4B25A7E","0A093D8C4429B627","mekanism_reactors.snbt","Helmet","","","mekanism:module_nutritional_injection_unit","","적용한 제목 정상화","헬멧"
"quest","63B0E39CA4B25A7E","0A093D8C4429B627","mekanism_reactors.snbt","&dNutritional Injection &7Unit","","","mekanism:module_nutritional_injection_unit","","적용한 제목 정상화","&d영양주사 &7유닛"
"quest","63C95FDAA447CA47","4EBB2171D5A3AAAC","forbidden__arcanus.snbt","&7Terrastomp Prism","&7테라 발구르기 프리즘","","forbidden_arcanus:terrastomp_prism","테라스톰프 프리즘","적용한 제목 정상화","&7테라스톰프 프리즘"
"quest","63D4621C06BA747C","24151251C8730F2E","aether.snbt","&2Skyroot&r Weapons","","","ftbfiltersystem:smart_filter","","적용한 제목 정상화","&2스카이루트&r 무기"
"quest","63E4529AF8894018","0AB4F9AED808DE48","modular_router.snbt","&lModular Routers","&l모듈식 라우터","","modularrouters:modular_router","모듈러 라우터","적용한 제목 정상화","&lModular Routers"
"quest","63F5314A1072FA05","22C20C1827FE6805","immersive_engineering.snbt","&e&lSawmill","&e&l제재소","","immersiveengineering:light_engineering","경공학 블록","적용한 제목 정상화","&e&l제재기"
"quest","640D6ADA17709D3A","1FAAEF0B9FD05CB9","productive_trees.snbt","Yellow Meranti + Kapok","노란색 메란티 + 카폭","","productivetrees:mahogany_sapling","마호가니 묘목","적용한 제목 정상화","노란 메란티 + 카폭"
"quest","64141B720662B652","11919EBB416B2BD0","relics.snbt","&l&6Relics","&l&6유물","","","","적용한 제목 정상화","&l&6Relics"
"quest","641C74BFA03BC01F","6AEC23C6D526F362","eternal_starlight.snbt","&bGlacite Shield","","","eternal_starlight:glacite_shield","글라사이트 방패","적용한 제목 정상화","&b글라사이트 방패"
"quest","643FB1A3ED0EA9EC","219B7A003658D24F","xycraft.snbt","Where Fluid comes and goes","액체가 들어오고 나가는 곳","","xycraft_machines:valve","밸브","적용한 제목 정상화","유체가 드나드는 곳"
"quest","645380EA38544D3B","6AEC23C6D526F362","eternal_starlight.snbt","&bGlacite Shovel","","","eternal_starlight:glacite_shovel","글라사이트 삽","적용한 제목 정상화","&b글라사이트 삽"
"quest","6474FE12450A4A7D","48410B67C276ED1F","bumblezone.snbt","Throne Pillar","왕좌의 기둥","","","","적용한 제목 정상화","왕좌 기둥"
"quest","64860340A5BEBAB9","100C477F4E63F20A","create.snbt","With Table Cloths","","","ftbfiltersystem:smart_filter","","적용한 제목 정상화","식탁보 활용하기"
"quest","64860340A5BEBAB9","100C477F4E63F20A","create.snbt","Shops","","","ftbfiltersystem:smart_filter","","적용한 제목 정상화","상점"
"quest","6497A255E427A5EB","1FAAEF0B9FD05CB9","productive_trees.snbt","Balsam Fir + Bull Pine","발삼 전나무 + 황소 소나무","","productivetrees:silver_fir_sapling","은전나무 묘목","적용한 제목 정상화","발삼전나무 + 폰데로사소나무"
"quest","64B6E1ABD471CF29","6AEC23C6D526F362","eternal_starlight.snbt","&7Deepsilver Boots","","","eternal_starlight:deepsilver_boots","심층 은 부츠","적용한 제목 정상화","&7딥실버 부츠"
"quest","64D0D69ADB8820DA","219B7A003658D24F","xycraft.snbt","&8Fluid Void","&8액체 무효화기","","xycraft_machines:fluid_void","유체 소멸기","적용한 제목 정상화","&8유체 소멸기"
"quest","64D0E66CB4FBEC82","6AEDA2F9BEB57759","ars_nouveau.snbt","Our First Spellbook","우리의 첫 번째 주문서","","ars_nouveau:novice_spell_book","초보자의 마도서","적용한 제목 정상화","첫 번째 마도서"
"quest","64D0E66CB4FBEC82","6AEDA2F9BEB57759","ars_nouveau.snbt","Spell Books","주문서","","ars_nouveau:novice_spell_book","초보자의 마도서","적용한 제목 정상화","마도서"
"quest","64D6C395B6304F40","15AAF17B6665223D","refined_storage.snbt","&e65536B Fluid Storage Part","","","extradisks:65536b_fluid_storage_part","65536B 유체 저장 부품","적용한 제목 정상화","&e65536B 유체 저장 부품"
"quest","64FF7118E29931C0","100C477F4E63F20A","create.snbt","&6Millstone","","","create:millstone","맷돌","적용한 제목 정상화","&6맷돌"
"quest","6518480251F0565A","0A093D8C4429B627","mekanism_reactors.snbt","Meka-Tool","","","mekanism:module_farming_unit","","적용한 제목 정상화","메카툴"
"quest","6518480251F0565A","0A093D8C4429B627","mekanism_reactors.snbt","&2Farming &7Unit","","","mekanism:module_farming_unit","","적용한 제목 정상화","&2농사 &7유닛"
"quest","6539582429A70EE8","4EEDECACDE8F5A67","oritech.snbt","Oritech can use power generated by most sources in this pack","","","","","적용한 제목 정상화","Oritech는 이 팩의 대부분의 발전원에서 생산한 전력을 사용할 수 있습니다"
"quest","6559C57A1A476489","51A2FE60D8B76FC6","extended__advanced_ae.snbt","+5 Attack Speed","","","advanced_ae:attack_speed_card","공격 속도 카드","적용한 제목 정상화","공격 속도 +5"
"quest","655BE42CD5BB9D82","0B826D13BAD43EEB","draconic_evolution.snbt","Draconic Area-Of-Effect Module","","","draconicevolution:item_draconic_aoe","드라코닉 효과 범위 모듈","적용한 제목 정상화","드라코닉 효과 범위 모듈"
"quest","655FB110E5F66DF0","26E6ED94168A05C4","productive_bees.snbt","Feed Shadowpulse Goo to Ancient Bee","","","productivebees:configurable_honeycomb","벌집","적용한 제목 정상화","Shadowpulse Goo를 고대의 벌에게 먹이세요."
"quest","655FB110E5F66DF0","26E6ED94168A05C4","productive_bees.snbt","Eclipse Alloy Bee","","","productivebees:configurable_honeycomb","벌집","적용한 제목 정상화","이클립스 합금 벌"
"quest","655FF7295B688354","59395B6806F2A98A","cataclysm.snbt","&9Clawdian","","","","","적용한 제목 정상화","&9클로디언"
"quest","6581D4AF1A6DE230","4C507C004144BFEE","occultism.snbt","Preparing for a Ritual: &aCandles","의식 준비 중: &a초","","ftbfiltersystem:smart_filter","","적용한 제목 정상화","의식 준비: &a양초"
"quest","658DEAAD1E68E549","51A2FE60D8B76FC6","extended__advanced_ae.snbt","Massive Crafting Storage: The Quantum Computer Storage","","","advanced_ae:quantum_storage_128","128M 퀀텀 컴퓨터 저장소","적용한 제목 정상화","대용량 제작 저장소: 퀀텀 컴퓨터 저장소"
"quest","65A7307F9858ECB5","26E6ED94168A05C4","productive_bees.snbt","Stop stinging me already!","","","ftbfiltersystem:smart_filter","","적용한 제목 정상화","이제 그만 괴롭히세요!"
"quest","65A7307F9858ECB5","26E6ED94168A05C4","productive_bees.snbt","&4&lTemper","","","ftbfiltersystem:smart_filter","","적용한 제목 정상화","&4&l성향"
"quest","65BD73DA55BCC624","76A0FBADACAD322B","neo_vitae.snbt","A journey written in blood.","","","neovitae:ara_vitae","","적용한 제목 정상화","피로 쓰인 여정."
"quest","65BD73DA55BCC624","76A0FBADACAD322B","neo_vitae.snbt","Welcome to Neo Vitae","","","neovitae:ara_vitae","","적용한 제목 정상화","Neo Vitae에 오신 것을 환영합니다"
"quest","65C8A43FEDBA3835","15AAF17B6665223D","refined_storage.snbt","&3Pattern Grid","","","refinedstorage:pattern_grid","패턴 그리드","적용한 제목 정상화","&3패턴 그리드"
"quest","65D89991A45BC042","69299302373C4CBC","integrated_dynamics.snbt","&l&cA&6U&eT&aO &bC&dR&9A&3F&0T","&l&c오&6토&e크&a래 &b프&d트&9 &3F&0T","","integratedcrafting:part_interface_crafting","","적용한 제목 정상화","&l&c자&6동&e &a제&b작&d&9&3&0"
"quest","65D993EB95726067","48410B67C276ED1F","bumblezone.snbt","Bee-ware of the Temple","사원의 벌들을 조심하세요","","the_bumblezone:music_disc_bee_ware_of_the_temple","음반","적용한 제목 정상화","Bee-ware of the Temple"
"quest","65E98FCE27B552F4","5D8E83698AEF1092","ice__fire.snbt","&aHydra Arrows","","","iceandfire:hydra_arrow","히드라 화살","적용한 제목 정상화","&a히드라 화살"
"quest","65FA86357BC60573","69299302373C4CBC","integrated_dynamics.snbt","Moving Stuff!","움직이는 물건!","","","","적용한 제목 정상화","내용물 옮기기!"
"quest","6601450C63FEEE61","4B9D26E0087CD163","basic_tools.snbt","&bHarvest Tier 3","&b수확 3티어","","minecraft:diamond","","적용한 제목 정상화","&b수확 티어 3"
"quest","6601ACCDDF6CA5FF","0B826D13BAD43EEB","draconic_evolution.snbt","A jump start","","","draconicevolution:flux_gate","플럭스 게이트","적용한 제목 정상화","가동 준비"
"quest","66039B738CF0718A","4293754F9B2D05F0","allthemodium.snbt","&3Vibranium&r - &6Allthemodium&r Alloy Ingot","&3바이브라늄&r - &6올더모듐&r 합금 주괴","","allthemodium:vibranium_allthemodium_alloy_ingot","Vibranium-Allthemodium 합금 주괴","적용한 제목 정상화","&3Vibranium&r-&6Allthemodium&r 합금 주괴"
"quest","660D8AD3EE975340","76DF5FAA7961E5E7","iron_spells_and_spellbooks.snbt","&bWeapon Parts","","","irons_spellbooks:weapon_parts","무기 부품","적용한 제목 정상화","&b무기 부품"
"quest","661114AFCBBD5F28","5D8E83698AEF1092","ice__fire.snbt","&aGraveyard","","","","","적용한 제목 정상화","&a묘지"
"quest","6616A62426ED4D15","0B826D13BAD43EEB","draconic_evolution.snbt","Reactor Energy Injector","","","draconicevolution:reactor_injector","원자로 에너지 주입기","적용한 제목 정상화","원자로 에너지 주입기"
"quest","6648BC7D14233006","0AB4F9AED808DE48","modular_router.snbt","&lAugments","&l강화","","modularrouters:augment_core","증강 코어","적용한 제목 정상화","&l증강"
"quest","66536AAF9E98C3A6","6AEC23C6D526F362","eternal_starlight.snbt","&9Malarite Hoe","","","eternal_starlight:malarite_hoe","말라라이트 괭이","적용한 제목 정상화","&9말라라이트 괭이"
"quest","6667638252DB9C74","0731FA8830F28280","apotheosis_gear.snbt","Just Sigils now!","","","apotheosis:gem_fused_slate","보석 융합 석판","적용한 제목 정상화","이제 인장뿐입니다!"
"quest","6667638252DB9C74","0731FA8830F28280","apotheosis_gear.snbt","&mVials and&r &8Sigils","","","apotheosis:gem_fused_slate","보석 융합 석판","적용한 제목 정상화","&m약병과&r &8인장"
"quest","666FFDFDB7C869F5","5D8E83698AEF1092","ice__fire.snbt","&8Stymphalian Birds","","","","","적용한 제목 정상화","&8스팀팔리안 새"
"quest","6678AB58930F4B91","1FAAEF0B9FD05CB9","productive_trees.snbt","White Willow + Aspen","하얀색 버드나무 + 아스펜","","productivetrees:great_sallow_sapling","큰버드나무 묘목","적용한 제목 정상화","흰버드나무 + 사시나무"
"quest","667B95A687703D6D","43BB00A7A7E1042C","mahou_tsukai.snbt","&b&lBow of Weapon Projectiles","&b&l무기사출의 활","","mahoutsukai:weapon_projectile_bow","무기 사출의 활","적용한 제목 정상화","&b&l무기 사출의 활"
"quest","66A450CAC07232E1","23983F4DC524B14B","mekanism.snbt","Heat","","","ftbfiltersystem:smart_filter","","적용한 제목 정상화","열"
"quest","66A450CAC07232E1","23983F4DC524B14B","mekanism.snbt","&6Thermodynamic Conductors","","","ftbfiltersystem:smart_filter","","적용한 제목 정상화","&6열역학적 도체"
"quest","66C52B137A4FF869","0F96DC3563DA78EF","elmystical_agriculturerr.snbt","&9Imperium","&9임페리움","","mysticalagriculture:imperium_essence","임퍼륨 에센스","적용한 제목 정상화","&9임퍼륨"
"quest","66D4256F79D5B30B","5C4F10E65D86ED0E","mi_electric.snbt","Same as steam as one","","","modern_industrialization:electric_furnace","전기 화로","적용한 제목 정상화","증기 기계와 동일"
"quest","66DE7EF4AFCE4F7A","6AEC23C6D526F362","eternal_starlight.snbt","&7Deepsilver Shovel","","","eternal_starlight:deepsilver_shovel","심층 은 삽","적용한 제목 정상화","&7딥실버 삽"
"quest","66E78F599CD50579","56B11606F5F4DAB2","mi_digital.snbt","They don't explode","","","modern_industrialization:nuclear_reactor","원자로","적용한 제목 정상화","폭발하지 않습니다"
"quest","66E88F916B638B3B","792AD692F1468B1F","achapter_2r_6the_atm_star.snbt","&5&lCreative &eSpellbook","&5&l크리에이티브 &e주문서","","allthearcanistgear:creative_spell_book","크리에이티브 마도서","적용한 제목 정상화","&5&l크리에이티브 &e마도서"
"quest","66ECC26BC81D0093","2A6EBEEBAB882679","powah.snbt","Tier: &bBasic","티어: &b기본","","powah:capacitor_basic","기본 축전기","적용한 제목 정상화","등급: &b기본"
"quest","66FE4552E09B5EFF","4EBB2171D5A3AAAC","forbidden__arcanus.snbt","&3Elementarium","&3엘리멘타리움","","forbidden_arcanus:elementarium","엘레멘타리움","적용한 제목 정상화","&3엘레멘타리움"
"quest","671F7551CBDF462F","76A0FBADACAD322B","neo_vitae.snbt","Highway to Hell","","","neovitae:standard_key","","적용한 제목 정상화","Highway to Hell"
"quest","67258590FA14BE44","4EBB2171D5A3AAAC","forbidden__arcanus.snbt","&bLiquid Aureal","&b액체 오렐","","kubejs:liquid_aureal_bucket","","적용한 제목 정상화","&b액체 아우레알"
"quest","672AC964851832EB","4791C8461B1B4D5F","basic_armor.snbt","&7Swamp Silver&r","&7늪 은&r","","eternal_starlight:swamp_silver_ingot","","적용한 제목 정상화","&7늪지 은&r"
"quest","672B69448F1D458B","56B11606F5F4DAB2","mi_digital.snbt","Steam go brrr","","","modern_industrialization:heat_exchanger","열교환기","적용한 제목 정상화","증기가 콸콸콸"
"quest","672F9CF5B0E626F1","100C477F4E63F20A","create.snbt","&ePackagers","","","create:packager","포장기","적용한 제목 정상화","&e포장기"
"quest","67308C5DDF4A10D2","76DF5FAA7961E5E7","iron_spells_and_spellbooks.snbt","&9Wandering Magician Outfit","","","ftbfiltersystem:smart_filter","","적용한 제목 정상화","&9방황하는 마술사 의상"
"quest","67439337E29A308B","76DF5FAA7961E5E7","iron_spells_and_spellbooks.snbt","&eArtificer's Cane","","","irons_spellbooks:artificer_cane","기술자의 지팡이","적용한 제목 정상화","&e기술자의 지팡이"
"quest","674A6B0EDA0D348B","1FAAEF0B9FD05CB9","productive_trees.snbt","Teak + Mangrove","티크 + 맹그로브","","productivetrees:cashew_sapling","캐슈 묘목","적용한 제목 정상화","티크 + 맹그로브나무"
"quest","6754612E9AD4B9C0","2A6EBEEBAB882679","powah.snbt","Reactor (Blazing)","원자로 (불타는)","","powah:reactor_blazing","원자로 (타오르는)","적용한 제목 정상화","원자로 (타오르는)"
"quest","6774BBE7C7C5D7EB","5D8E83698AEF1092","ice__fire.snbt","&eDeath Worm Chitin","","","ftbfiltersystem:smart_filter","","적용한 제목 정상화","&e데스 웜 키틴"
"quest","677A701E06422CF3","11919EBB416B2BD0","relics.snbt","Sometimes, the forest itself will protect those it favors...","광산 수갱 또는 스트롱홀드에서 발견됨","","relics:leafy_mantle","잎사귀 망토","적용한 제목 정상화","때로는 숲이 선택한 이를 직접 지켜 줍니다..."
"quest","677A701E06422CF3","11919EBB416B2BD0","relics.snbt","&2Leafy Mantle","&c롤러 스케이트","","relics:leafy_mantle","잎사귀 망토","적용한 제목 정상화","&2잎사귀 망토"
"quest","677C5D35DADA4A42","2FB24A5A597459FC","railcraft.snbt","&cTrack Kit&r Coupler","&c궤도 키트&r 커플러","","railcraft:coupler_track_kit","연결 선로 키트","적용한 제목 정상화","&c선로 키트&r 연결"
"quest","677D0C23D53A77CA","5D045EF1AB73DF70","basic_power.snbt","Basically Infinite Storage","","","draconicevolution:energy_core","에너지 코어","적용한 제목 정상화","사실상 무한한 저장 공간"
"quest","677D0C23D53A77CA","5D045EF1AB73DF70","basic_power.snbt","&9Draconic Evolution: &dEnergy Core","","","draconicevolution:energy_core","에너지 코어","적용한 제목 정상화","&9Draconic Evolution: &d에너지 코어"
"quest","677D0E27CAD7B145","26E6ED94168A05C4","productive_bees.snbt","Feed Ether Gas Bucket to a Pink Slimy Bee","","","productivebees:configurable_honeycomb","벌집","적용한 제목 정상화","핑크 슬리미 벌에게 에테르 가스 양동이 먹이기"
"quest","677D0E27CAD7B145","26E6ED94168A05C4","productive_bees.snbt","Ether Gas Bee","","","productivebees:configurable_honeycomb","벌집","적용한 제목 정상화","에테르 가스 벌"
"quest","6786B08C30D26037","26E6ED94168A05C4","productive_bees.snbt","Spawns in a nest that has an Ashy Mining Bee","애시 채굴 벌이 있는 벌집에서 스폰됩니다.","","","","적용한 제목 정상화","애시 채굴 벌이 있는 둥지에서 생성됩니다"
"quest","67884BFA27870CCE","4C507C004144BFEE","occultism.snbt","For the less trial-chamber-inclined of us","저희처럼 시험실에 덜 끌리는 사람들을 위해","","","","적용한 제목 정상화","재판실에 덜 관심이 있는 우리를 위해"
"quest","67884BFA27870CCE","4C507C004144BFEE","occultism.snbt","&dOsorin's Unbound Calling","&d오소린의 귀속되지 않은 소집","","","","적용한 제목 정상화","&dOsorin's Unbound Calling"
"quest","6797E67E0136D96A","24151251C8730F2E","aether.snbt","&7Holystone","","","aether:holystone","홀리스톤","적용한 제목 정상화","&7홀리스톤"
"quest","67A46ED73E488CEE","100C477F4E63F20A","create.snbt","&dGearshift","","","create:gearshift","기어변환기","적용한 제목 정상화","&d기어변환기"
"quest","67A587F4BAD76C70","76DF5FAA7961E5E7","iron_spells_and_spellbooks.snbt","Flimsy Journal","약한 일지","","irons_spellbooks:copper_spell_book","약한 일기","적용한 제목 정상화","약한 일기"
"quest","67A9329C05F98633","0A093D8C4429B627","mekanism_reactors.snbt","Toss it!","","","trashcans:ultimate_trash_can","","적용한 제목 정상화","던져라!"
"quest","67AFCBCE7AAC3089","3C78926E5D301BA0","extreme_reactors.snbt","Creating The Turbine Shaft","터빈 축 생성 중","","bigreactors:basic_turbinerotorbearing","터빈 회전자 베어링 (기본)","적용한 제목 정상화","터빈 축 만들기"
"quest","67B87570C340C243","4EAAE0CEB26378A6","justdirethings.snbt","Armor Upgrades","갑옷 강화","","ftbfiltersystem:smart_filter","","적용한 제목 정상화","방어구 업그레이드"
"quest","67C7EF299BEC37DE","51A2FE60D8B76FC6","extended__advanced_ae.snbt","Creative Flight","","","advanced_ae:flight_card","비행 카드","적용한 제목 정상화","창의적 비행"
"quest","67D38E8A57949B34","13B172FA69904D9F","deeper_and_darker.snbt","&3Sculk Jaw","","","","","적용한 제목 정상화","&3스컬크 턱"
"quest","67D40A1A9332C03D","76DF5FAA7961E5E7","iron_spells_and_spellbooks.snbt","&6Legendary&r Ink","&6전설적인&r 잉크","","irons_spellbooks:legendary_ink","전설 잉크","적용한 제목 정상화","&6전설 잉크&r"
"quest","67DDFA6FB1F9EECA","0F96DC3563DA78EF","elmystical_agriculturerr.snbt","&9Imperium Tools","&9임페리움 도구","","ftbfiltersystem:smart_filter","","적용한 제목 정상화","&9임퍼륨 도구"
"quest","67E7A9A65B14C933","23983F4DC524B14B","mekanism.snbt","Tier 2 Ore Processing","","","ftbfiltersystem:smart_filter","","적용한 제목 정상화","2단계 광석 처리"
"quest","67E7A9A65B14C933","23983F4DC524B14B","mekanism.snbt","&4Crush &fand &dEnrich &four &7Clumps","","","ftbfiltersystem:smart_filter","","적용한 제목 정상화","&4&f를 부수고 &d우리의 &7덩어리를 &f풍성하게 만드세요"
"quest","6800E0113DE9A4DB","5D8E83698AEF1092","ice__fire.snbt","&c&lDragons&r and their &lStages","","","iceandfire:dragonbone","드래곤 뼈","적용한 제목 정상화","&c&l드래곤&r 및 해당 &l단계"
"quest","680D49E2B3929322","59395B6806F2A98A","cataclysm.snbt","&eVitality Ankh","","","cataclysm:vitality_ankh","활력의 앙크","적용한 제목 정상화","&e활력의 앙크"
"quest","6827836C8E675A94","18A429E7F56AF5A9","bounty_board.snbt","Skeleton Variants","스켈레톤 종류","","","","적용한 제목 정상화","스켈레톤 변종"
"quest","683B58B699D4D381","26E6ED94168A05C4","productive_bees.snbt","Spawns in a nest that has a Blue Banded Bee","파란띠무늬벌이 있는 벌집에서 스폰됩니다.","","","","적용한 제목 정상화","파란색 줄무늬 벌이 있는 둥지에서 생성됩니다"
"quest","683C260C854C5AA3","59395B6806F2A98A","cataclysm.snbt","&4Mechanical Fusion Anvil","&4기계식 퓨전 모루","","cataclysm:mechanical_fusion_anvil","기계식 융합 모루","적용한 제목 정상화","&4기계식 융합 모루"
"quest","68446510A1B0D9B8","13B172FA69904D9F","deeper_and_darker.snbt","&bBlooming Caverns","","","","","적용한 제목 정상화","&b개화 동굴"
"quest","684BB9D2F2AC87A6","1FAAEF0B9FD05CB9","productive_trees.snbt","Wenge + Cocobolo","벵게 + 코코볼로","","productivetrees:socotra_dragon_sapling","소코트라 용혈수 묘목","적용한 제목 정상화","웬지 + 코코볼로"
"quest","6852BEFDD4DE4E4B","12AD9789D962B179","apothic_enchanting.snbt","&9Soul-Touched Deepshelf","&9영혼이 담긴 깊은 선반","","apothic_enchanting:soul_touched_deepshelf","영혼에 닿은 깊은 책장","적용한 제목 정상화","&9영혼에 닿은 깊은 책장"
"quest","685C4A646E092A82","0F96DC3563DA78EF","elmystical_agriculturerr.snbt","&6Awakened Supremium Armor","&6각성된 슈프리뮴 갑옷","","mysticalagriculture:awakened_supremium_helmet","각성 수프레뮴 투구","적용한 제목 정상화","&6각성 수프레뮴 갑옷"
"quest","687C51D915339086","6AEC23C6D526F362","eternal_starlight.snbt","&aFlowglaze Shield","","","eternal_starlight:flowglaze_shield","플로글레이즈 방패","적용한 제목 정상화","&a플로글레이즈 방패"
"quest","6884E25641A1020C","12AD9789D962B179","apothic_enchanting.snbt","&5Enchantment Library","","","apothic_enchanting:library","마법 부여 도서관","적용한 제목 정상화","&5마법 부여 도서관"
"quest","688C911ECFB2F134","7732CF7AAA63DB3A","twilight_forest.snbt","Dark Carmonite Tower","어두운 카모나이트 타워","","twilightforest:ur_ghast_trophy","유어 가스트 트로피","적용한 제목 정상화","어두운 카미나이트 탑"
"quest","6893D537716AA748","100C477F4E63F20A","create.snbt","I just call them Cogs","","","ftbfiltersystem:smart_filter","","적용한 제목 정상화","그냥 톱니라고 부를게요"
"quest","6893D537716AA748","100C477F4E63F20A","create.snbt","&dCogwheels&r!","","","ftbfiltersystem:smart_filter","","적용한 제목 정상화","&d톱니바퀴&r!"
"quest","689F32883C4E9502","59395B6806F2A98A","cataclysm.snbt","&4&lCataclysm","&4&l대재앙","","","","적용한 제목 정상화","&4&lL_Ender's Cataclysm"
"quest","68B2D3B985FC1378","6AEC23C6D526F362","eternal_starlight.snbt","&cTorreya Forest","개비자나무 숲","","","","적용한 제목 정상화","&c토레야 숲"
"quest","68B44B9E939F4228","76DF5FAA7961E5E7","iron_spells_and_spellbooks.snbt","&a&lArchevoker","&a&l고대 소환사","","","","적용한 제목 정상화","&a&l대소환사"
"quest","68CE30097BADE20E","26E6ED94168A05C4","productive_bees.snbt","Searching for Nests","벌집 검색 중","","productivebees:nest_locator","둥지 탐지기","적용한 제목 정상화","둥지 찾기"
"quest","68DFFEA05553B67E","26E6ED94168A05C4","productive_bees.snbt","Cloggrum + Frosty","","","productivebees:configurable_honeycomb","벌집","적용한 제목 정상화","클로그룸 + 서리"
"quest","68DFFEA05553B67E","26E6ED94168A05C4","productive_bees.snbt","Froststeel Bee","","","productivebees:configurable_honeycomb","벌집","적용한 제목 정상화","서리철 벌"
"quest","68E6AE1B9EBCEFFF","4293754F9B2D05F0","allthemodium.snbt","&3Vibranium Mace","&3바이브라늄 철퇴","","allthemodium:vibranium_mace","Vibranium 철퇴","적용한 제목 정상화","&3Vibranium 철퇴"
"quest","68F92455A9483AD6","5E31DF282998B992","pneumaticcraft.snbt","You thought using an Elytra was hard?","당신은 겉날개를 사용하는 것이 어렵다고 생각했나요?","","","","적용한 제목 정상화","겉날개가 어렵다고 생각했나요?"
"quest","6904EC449FBEE387","15AAF17B6665223D","refined_storage.snbt","Connecting the System","","","refinedstorage:cable","케이블","적용한 제목 정상화","시스템 연결"
"quest","6904EC449FBEE387","15AAF17B6665223D","refined_storage.snbt","Cables","","","refinedstorage:cable","케이블","적용한 제목 정상화","케이블"
"quest","690B89D23134B624","4C507C004144BFEE","occultism.snbt","&zRainbow&r Chalk","&c무&6지&e개&a색&9 &5분&d필&r","","occultism:chalk_rainbow","무지개 분필","적용한 제목 정상화","&z무지개&r 분필"
"quest","692BC8AADCBF76C3","26E6ED94168A05C4","productive_bees.snbt","Made in Alloy Smelter","","","productivebees:configurable_honeycomb","벌집","적용한 제목 정상화","합금 제련기에서 제작"
"quest","692BC8AADCBF76C3","26E6ED94168A05C4","productive_bees.snbt","Energetic Alloy Bee","","","productivebees:configurable_honeycomb","벌집","적용한 제목 정상화","에너지 합금 벌"
"quest","69396F87A09FBD85","0B826D13BAD43EEB","draconic_evolution.snbt","Chaotic Pickaxe","","","draconicevolution:chaotic_pickaxe","카오틱 곡괭이","적용한 제목 정상화","카오틱 곡괭이"
"quest","695889817162EFC7","12AD9789D962B179","apothic_enchanting.snbt","Crafting &aEXP&r?","","","minecraft:honey_bottle","","적용한 제목 정상화","&a경험치&r를 제작한다고요?"
"quest","696A33E7D91A487E","59395B6806F2A98A","cataclysm.snbt","&9Cindaria","","","","","적용한 제목 정상화","&9신다리아"
"quest","69986817D58AC8BE","0B826D13BAD43EEB","draconic_evolution.snbt","Reactor Stabilizers","","","draconicevolution:reactor_stabilizer","원자로 안정기","적용한 제목 정상화","원자로 안정기"
"quest","699C6DDE6B2D51C1","6AEC23C6D526F362","eternal_starlight.snbt","&2Jinglestem Trees&f?","","","eternal_starlight:jinglestem_sapling","방울줄기 묘목","적용한 제목 정상화","&2징글스템 나무&f?"
"quest","69EA17CEB4203C96","59395B6806F2A98A","cataclysm.snbt","&3Berserker Soul Amulet","","","cataclysm:berserker_soul_amulet","광전사 영혼 부적","적용한 제목 정상화","&3광전사 영혼 부적"
"quest","69ECE13A6E5503CD","59395B6806F2A98A","cataclysm.snbt","New Accessories","","","cataclysm:belt_of_beginner","초심자의 허리띠","적용한 제목 정상화","새 장신구"
"quest","69EE22CB4FF1E591","100C477F4E63F20A","create.snbt","&a&lContraptions","","","create:super_glue","강력 접착제","적용한 제목 정상화","&a&l움직이는 장치"
"quest","69F11A94D44AB5CF","219B7A003658D24F","xycraft.snbt","Too much light!","빛이 너무 많아!","","xycraft_world:xychorium_gem_light","하얀색 자이코륨 보석","적용한 제목 정상화","빛이 너무 밝아요!"
"quest","69F11A94D44AB5CF","219B7A003658D24F","xycraft.snbt","&fLight Xychorium Gems","&f밝은 자이코륨 젬","","xycraft_world:xychorium_gem_light","하얀색 자이코륨 보석","적용한 제목 정상화","&f하얀색 자이코륨 보석"
"quest","69F7A0DE8D70AC44","1BE666F01EFFC00D","tips_and_tricks.snbt","Early Mining","","","modern_industrialization:steam_mining_drill","증기 채굴 드릴","적용한 제목 정상화","초반 채굴"
"quest","6A07D09831428CB9","12AD9789D962B179","apothic_enchanting.snbt","&bSeashelves","&b바다 선반","","apothic_enchanting:seashelf","바다 책장","적용한 제목 정상화","&b바다 책장"
"quest","6A1174845810C7A1","0A093D8C4429B627","mekanism_reactors.snbt","&l&7Modification Station","","","mekanism:modification_station","모듈 제어기","적용한 제목 정상화","&l&7모듈 제어기"
"quest","6A12188E50EAEB78","5103E2D95685ADFF","chapter_2_the_star.snbt","2 &zRainbow Furnaces","2 &c무&6지&e개&2빛 &3용&9광&5로&c들&6&e&2&3&9&5&c","","ironfurnaces:million_furnace","무지개 화로","적용한 제목 정상화","2 &z무지개 화로"
"quest","6A1C0B17B22CE50F","6AEDA2F9BEB57759","ars_nouveau.snbt","The Amulets","아뮬렛","","ars_nouveau:amulet_of_mana_boost","마나 촉진의 부적","적용한 제목 정상화","마나 부적"
"quest","6A21228B0511FF85","4791C8461B1B4D5F","basic_armor.snbt","&6Thermal Springstone&r","&6써멀 스프링스톤&r","","eternal_starlight:thermal_springstone_ingot","열기 스프링스톤 주괴","적용한 제목 정상화","&6열기 스프링스톤&r"
"quest","6A25ED4059E224D2","5C4F10E65D86ED0E","mi_electric.snbt","Lock the recipe","","","modern_industrialization:distillery","증류소","적용한 제목 정상화","제작법 고정"
"quest","6A2B2C5E2ADCE366","1DB294A8F8686321","storage.snbt","Inventories are too Small","인벤토리가 너무 작습니다","","sophisticatedbackpacks:backpack","배낭","적용한 제목 정상화","인벤토리가 너무 작다면"
"quest","6A2B2C5E2ADCE366","1DB294A8F8686321","storage.snbt","Sophisticated Backpacks","정교한 배낭","","sophisticatedbackpacks:backpack","배낭","적용한 제목 정상화","Sophisticated Backpacks"
"quest","6A452BFC8A967C39","7AF827D2D101D343","artifacts.snbt","&aFeral Claws&r","&a야생 발톱&r","","artifacts:feral_claws","야성의 발톱","적용한 제목 정상화","&a야성의 발톱&r"
"quest","6A46A9F04D2A0748","5103E2D95685ADFF","chapter_2_the_star.snbt","&3&lJust Dire Things","&3&l오직 다이어 무언가","","justdirethings:gooblock_tier1","프라이모젤 구","적용한 제목 정상화","&3&lJust Dire Things"
"quest","6A715F4AE22D2439","11919EBB416B2BD0","relics.snbt","Ability to cross between Spiritual and Physical","","","relics:ghostly_mantle","유령 망토","적용한 제목 정상화","영계와 물질계를 넘나드는 능력"
"quest","6A715F4AE22D2439","11919EBB416B2BD0","relics.snbt","Ghostly Mantle","","","relics:ghostly_mantle","유령 망토","적용한 제목 정상화","유령 망토"
"quest","6AC85C203E7C3482","7A5C327771634A7D","building_tips.snbt","Completed &bMacaw&r","완료됨 &b마카우&r","","","","적용한 제목 정상화","&b마코앵무새 획득 완료&r"
"quest","6AD061C4331BE1F8","43BB00A7A7E1042C","mahou_tsukai.snbt","How to grow your &4Mahou&r","&4마법&r을 키우는 방법","","mahoutsukai:attuner","조율기","적용한 제목 정상화","&4마력&r 최대량 늘리기"
"quest","6ADE6F9E004055F7","4EAAE0CEB26378A6","justdirethings.snbt","Timey Wimey","","","","","적용한 제목 정상화","시간이 꼬이고 또 꼬이고"
"quest","6ADE6F9E004055F7","4EAAE0CEB26378A6","justdirethings.snbt","Time Crystal","","","","","적용한 제목 정상화","시간 수정"
"quest","6AE0A69DB3CDBCAA","1FAAEF0B9FD05CB9","productive_trees.snbt","Sweet Crabapple + Flowering Azalea","스위트 크랩애플 + 꽃 핀 진달래","","productivetrees:flowering_crabapple_sapling","꽃사과 묘목","적용한 제목 정상화","스위트 크랩애플 + 꽃 핀 철쭉"
"quest","6B00D5DBB3552F15","6AEC23C6D526F362","eternal_starlight.snbt","&9Tangled","엉킨 것","","","","적용한 제목 정상화","&9탱글드"
"quest","6B04FC81351CD1AB","15AAF17B6665223D","refined_storage.snbt","The 21st Century","","","refinedstorage:wireless_transmitter","무선 송신기","적용한 제목 정상화","21세기 기술"
"quest","6B04FC81351CD1AB","15AAF17B6665223D","refined_storage.snbt","&5Wireless Access","","","refinedstorage:wireless_transmitter","무선 송신기","적용한 제목 정상화","&5무선 접근"
"quest","6B0CD6732BE0E819","0B826D13BAD43EEB","draconic_evolution.snbt","Basic Jump Module","","","draconicevolution:item_draconium_jump","점프 모듈","적용한 제목 정상화","기본 점프 모듈"
"quest","6B2027DA7AA6FF34","2A6EBEEBAB882679","powah.snbt","&aWelcome to &9Powah&r!!!","&a&9파와&r에 오신 것을 환영합니다!!!","","powah:uraninite_raw","우라니나이트 원석","적용한 제목 정상화","&a&9Powah!&r에 오신 것을 환영합니다!!!"
"quest","6B3328B6AE8704D2","24151251C8730F2E","aether.snbt","&bLightning Knife","","","aether:lightning_knife","번개 칼","적용한 제목 정상화","&b번개 칼"
"quest","6B3BD54A34EB02C2","0A093D8C4429B627","mekanism_reactors.snbt","Transport","","","ftbfiltersystem:smart_filter","","적용한 제목 정상화","수송"
"quest","6B3BD54A34EB02C2","0A093D8C4429B627","mekanism_reactors.snbt","&aInduction Providers","","","ftbfiltersystem:smart_filter","","적용한 제목 정상화","&a유도 공급자"
"quest","6B40AF49F505A551","11919EBB416B2BD0","relics.snbt","Speed isn’t just a skill… it’s a legacy.","광산 수갱 또는 스트롱홀드에서 발견됨","","relics:roller_skate","롤러스케이트","적용한 제목 정상화","속도는 단순한 기술이 아니라... 이어지는 유산입니다."
"quest","6B40AF49F505A551","11919EBB416B2BD0","relics.snbt","&cRoller Skate","&9미드나이트 로브","","relics:roller_skate","롤러스케이트","적용한 제목 정상화","&c롤러스케이트"
"quest","6B511C8B572E8940","6AEDA2F9BEB57759","ars_nouveau.snbt","Mage Power","마법사 힘","","","","적용한 제목 정상화","마법사의 마나"
"quest","6B5B01C612951BAF","0731FA8830F28280","apotheosis_gear.snbt","&zGate Pearl - Endless Gateway of Apothic Invaders","","","gateways:gate_pearl","게이트 진주","적용한 제목 정상화","&z게이트 진주 - 아포틱 침략자의 무한 게이트웨이"
"quest","6B78378BC8036227","1D42B373285DEF81","silent_gear.snbt","Tier 1 Grader Catalyst","1티어 재료 등급기 촉매","","silentgear:glowing_dust","빛나는 가루","적용한 제목 정상화","1단계 등급기 촉매제"
"quest","6B7C016407F7AE3C","3456E0C530C0038E","evilcraft.snbt","Killing Vengeance Spirits","","","evilcraft:piercing_vengeance_focus","관통 복수 집중기","적용한 제목 정상화","복수령 처치하기"
"quest","6B7E13AB3BF2C5C8","0A093D8C4429B627","mekanism_reactors.snbt","&6&lThermoelectric Boiler","","","mekanism:boiler_casing","보일러 케이싱","적용한 제목 정상화","&6&l열전보일러"
"quest","6B8040401B512E50","23983F4DC524B14B","mekanism.snbt","&3&lChemical Dissolution Chamber","","","mekanism:chemical_dissolution_chamber","화학적 용해 장치","적용한 제목 정상화","&3&l화학적 용해 장치"
"quest","6B8F2E05429C185F","0B826D13BAD43EEB","draconic_evolution.snbt","Chaos Shard{s}","","","draconicevolution:chaos_shard","카오스 조각","적용한 제목 정상화","카오스 조각{s}"
"quest","6BA2BC09E23B34A9","4EBB2171D5A3AAAC","forbidden__arcanus.snbt","&l&dTier 4 &6Forge","&l&d티어 4 &6forge","","","","적용한 제목 정상화","&l&d티어 4 &6대장간"
"quest","6BB948F44B0950E8","13B172FA69904D9F","deeper_and_darker.snbt","&3Sculk Stone","","","deeperdarker:cobbled_sculk_stone","스컬크 조약돌","적용한 제목 정상화","&3스컬크 돌"
"quest","6BBC440BD0AD0E93","1D42B373285DEF81","silent_gear.snbt","&9&lSilent Gear&r and &c&lProductive Metalworks","","","productivemetalworks:fire_clay","내화 점토","적용한 제목 정상화","&9&lSilent Gear&r와 &c&lProductive Metalworks"
"quest","6BD348735C27BB44","22C20C1827FE6805","immersive_engineering.snbt","&b&lBottling Machine","&b&l병조림기","","immersiveengineering:sheetmetal_iron","철 판금","적용한 제목 정상화","&b&l병입기"
"quest","6BEE3578BD2C713C","26E6ED94168A05C4","productive_bees.snbt","Spawns from a Dirt Nest","흙 둥지에서 스폰됩니다","","","","적용한 제목 정상화","흙 둥지에서 생성됩니다"
"quest","6BF6C7C04F26D8BA","1FAAEF0B9FD05CB9","productive_trees.snbt","Black Ember + Soul Tree","검은색 불씨 + 영혼 나무","","productivetrees:cave_dweller_sapling","Cave Dweller 묘목","적용한 제목 정상화","Black Ember + Soul Tree"
"quest","6BFF78D4218DF1F2","26E6ED94168A05C4","productive_bees.snbt","Crafted in Hephaestus Forge","","","productivebees:configurable_honeycomb","벌집","적용한 제목 정상화","헤파이스토스 대장간에서 제작"
"quest","6BFF78D4218DF1F2","26E6ED94168A05C4","productive_bees.snbt","Stellarite Bee","","","productivebees:configurable_honeycomb","벌집","적용한 제목 정상화","스텔라라이트 벌"
"quest","6C001E18093FC037","193F91842D2ED7D9","industrial_foregoing.snbt","Plants","심습니다","","industrialforegoing:plant_gatherer","식물 수확기","적용한 제목 정상화","식물"
"quest","6C14D1B60124C2B2","2FB24A5A597459FC","railcraft.snbt","&9Tunnel Bore","&9터널 보어","","railcraft:tunnel_bore","터널 굴착기","적용한 제목 정상화","&9터널 굴착기"
"quest","6C163E005351FF6D","2FB24A5A597459FC","railcraft.snbt","&cTrack Kit&r Whistle","&c궤도 키트&r 기적 장치","","railcraft:whistle_track_kit","기적 선로 키트","적용한 제목 정상화","&c선로 키트&r 기적 장치"
"quest","6C1BBA559963B3DF","4C507C004144BFEE","occultism.snbt","Little Book o' &cDemons","조그만 &c악마 책","","occultism:dictionary_of_spirits","","적용한 제목 정상화","&c악마들의 작은 책"
"quest","6C1F7A0B330B3F42","0A093D8C4429B627","mekanism_reactors.snbt","&a&lMekaSuit Bodyarmor","","","mekanism:mekasuit_bodyarmor","메카슈트 흉갑","적용한 제목 정상화","&a&l메카슈트 흉갑"
"quest","6C2C135B9B7B9402","12AD9789D962B179","apothic_enchanting.snbt","&l&dInfusing","","","","","적용한 제목 정상화","&l&d주입"
"quest","6C4B93FE64BD418D","65A95C2312976E49","undergarden.snbt","The Undergarden","지하정원","","undergarden:catalyst","카탈리스트","적용한 제목 정상화","The Undergarden"
"quest","6C57D64518FF22C0","12AD9789D962B179","apothic_enchanting.snbt","&8ETC. Tomes","","","apothic_enchanting:other_tome","기타의 서","적용한 제목 정상화","&8기타 장비의 서"
"quest","6C5F9D0D447EFB9C","4791C8461B1B4D5F","basic_armor.snbt","&6Allthemodium Armor","&6올더모듐 갑옷","","allthemodium:allthemodium_helmet","Allthemodium 투구","적용한 제목 정상화","&6Allthemodium 방어구"
"quest","6C8766679D0AA8F6","24151251C8730F2E","aether.snbt","&dPig Slayer","","","aether:pig_slayer","돼지 학살자","적용한 제목 정상화","&d돼지 학살자"
"quest","6CAD27627A3F8FD7","007B547630FF0478","theurgy.snbt","Making &eAlchemical Sulfur","&e연금술 유황 제작","","theurgy:liquefaction_cauldron","액화 가마솥","적용한 제목 정상화","&e연금술 유황 만들기"
"quest","6CB1BFBA10DF24E4","7732CF7AAA63DB3A","twilight_forest.snbt","&cScepter of Life Draining","&c생명의 지배 지팡이","","twilightforest:lifedrain_scepter","생명력 흡수의 홀","적용한 제목 정상화","&c생명력 흡수의 홀"
"quest","6CB8D3919B16784B","59395B6806F2A98A","cataclysm.snbt","&9Ceraunus","","","cataclysm:ceraunus","케라우노스","적용한 제목 정상화","&9케라우노스"
"quest","6CC5FE34778F0DFA","4C507C004144BFEE","occultism.snbt","&c&mDemonic&r &dMagical Storage&r!","&c&m데모니어&r &d마법 저장소&r!","","occultism:dimensional_matrix","차원 수정 모체","적용한 제목 정상화","&c&m악마의&r &d마법 저장소&r!"
"quest","6CCE920735187234","0A093D8C4429B627","mekanism_reactors.snbt","&9&lTurbine","","","mekanismgenerators:turbine_casing","터빈 케이싱","적용한 제목 정상화","&9&l터빈"
"quest","6CD1720B76F47806","23983F4DC524B14B","mekanism.snbt","&2&lBio-Generator","","","mekanismgenerators:bio_generator","바이오연료 발전기","적용한 제목 정상화","&2&l바이오연료 발전기"
"quest","6CD60A9D88227005","3DEB33F78398EAD6","basic_logistics.snbt","When you gotta fit a pipe between your blocks","","","ftbfiltersystem:smart_filter","","적용한 제목 정상화","블록 사이에 파이프를 넣어야 할 때"
"quest","6CD60A9D88227005","3DEB33F78398EAD6","basic_logistics.snbt","&3&lTransfer Labels","","","ftbfiltersystem:smart_filter","","적용한 제목 정상화","&3&l전송 라벨"
"quest","6D0876A402C22067","219B7A003658D24F","xycraft.snbt","&6Item Storage and Manipulation","&6아이템 저장 및 조작","","xycraft_machines:port_item","아이템 포트","적용한 제목 정상화","&6아이템 저장 및 운반"
"quest","6D14ACECD2084456","1FAAEF0B9FD05CB9","productive_trees.snbt","Wenge + Oak","벵게 + 오크","","productivetrees:avocado_sapling","아보카도 묘목","적용한 제목 정상화","웬지 + 참나무"
"quest","6D2425DAEA1FC211","24151251C8730F2E","aether.snbt","&cSun Altar","","","aether:sun_altar","태양 제단","적용한 제목 정상화","&c태양 제단"
"quest","6D484150536536B9","26E6ED94168A05C4","productive_bees.snbt","Lures in Crystalline Bees in the Nether","네더의 크리스탈린 벌에 미끼 사용","","productivebees:nether_quartz_nest","석영 둥지","적용한 제목 정상화","네더에서 결정질 벌 유인"
"quest","6D68D9941049E806","0E81CBCD6B1D1895","apotheosis_2.snbt","Ars Nouveau's Spawner","","","ars_additions:source_spawner","마나 스포너","적용한 제목 정상화","Ars Nouveau 스포너"
"quest","6D6E07564D8FDD8D","5D045EF1AB73DF70","basic_power.snbt","&9Extreme Reactors: &aReactors","&9익스트림 리액터: &a원자로","","alltheores:uranium_ingot","우라늄 주괴","적용한 제목 정상화","&9Extreme Reactors: &a원자로"
"quest","6D7D0A5313284B53","0A093D8C4429B627","mekanism_reactors.snbt","&a&lMekaSuit Boots","","","mekanism:mekasuit_boots","메카슈트 부츠","적용한 제목 정상화","&a&l메카슈트 부츠"
"quest","6D88C19F47D0D469","2A6EBEEBAB882679","powah.snbt","Tier: &7Tiny","티어: &7작은","","powah:capacitor_basic_tiny","기본 축전기 (초소형)","적용한 제목 정상화","등급: &7초소형"
"quest","6DAA82B5F94AF9F8","6AEDA2F9BEB57759","ars_nouveau.snbt","The Jars","그 항아리들","","ars_nouveau:jar_of_light","빛의 단지","적용한 제목 정상화","마법 단지"
"quest","6DB65926EE6D6C2E","2FB24A5A597459FC","railcraft.snbt","&cTrack Kits&r for moving &7Carts&r","&c수레&r를 이동하기 위한 &7궤도 키트&r","","ftbfiltersystem:smart_filter","","적용한 제목 정상화","&c수레&r를 이동하기 위한 &7선로 키트&r"
"quest","6DBD81BA83B1D0A5","0B826D13BAD43EEB","draconic_evolution.snbt","Draconic Capacitor","","","draconicevolution:draconic_capacitor","용축전기","적용한 제목 정상화","용축전기"
"quest","6DC1E08D019FD543","23983F4DC524B14B","mekanism.snbt","Tier 4 Ore Processing","","","mekanism:electric_pump","전동 펌프","적용한 제목 정상화","4단계 광석 처리"
"quest","6DC1E08D019FD543","23983F4DC524B14B","mekanism.snbt","Making more &3Hydrogen Chloride","","","mekanism:electric_pump","전동 펌프","적용한 제목 정상화","더 많은 &3염화수소 만들기"
"quest","6DC826659699E638","26E6ED94168A05C4","productive_bees.snbt","Collide a Redstone Bee Spawn Egg with an Electrum Bee Spawn Egg","","","productivebees:configurable_honeycomb","벌집","적용한 제목 정상화","레드스톤 벌 생성 알을 일렉트럼 벌 생성 알과 충돌시킵니다."
"quest","6DC826659699E638","26E6ED94168A05C4","productive_bees.snbt","Fluxite Bee","","","productivebees:configurable_honeycomb","벌집","적용한 제목 정상화","플럭사이트 벌"
"quest","6DCC11671A2BAA1C","6AEC23C6D526F362","eternal_starlight.snbt","The birds and the... birds?","","","","","적용한 제목 정상화","새와... 새?"
"quest","6DF215923418F56F","26E6ED94168A05C4","productive_bees.snbt","Feed Superenchanting Template to an Experience Bee","","","productivebees:configurable_honeycomb","벌집","적용한 제목 정상화","경험 벌에게 슈퍼 마법 부여 템플릿을 먹이세요"
"quest","6DF215923418F56F","26E6ED94168A05C4","productive_bees.snbt","Super Experience Bee","","","productivebees:configurable_honeycomb","벌집","적용한 제목 정상화","슈퍼 경험 벌"
"quest","6E04A314CD796254","43BB00A7A7E1042C","mahou_tsukai.snbt","&5&lNobu","&5&l노부","","mahoutsukai:nobu","Nobu","적용한 제목 정상화","&5&lNobu"
"quest","6E05B62A40D5A891","3DEB33F78398EAD6","basic_logistics.snbt","&3&lIntegrated Dynamics","&3&lIntegerated Dynamics","","integrateddynamics:wrench","렌치","적용한 제목 정상화","&3&lIntegrated Dynamics"
"quest","6E0624750DF8CD18","4293754F9B2D05F0","allthemodium.snbt","&6Allthemodium Tools","&6올더모듐 도구","","ftbfiltersystem:smart_filter","","적용한 제목 정상화","&6Allthemodium 도구"
"quest","6E12C5DDF81DE88F","59395B6806F2A98A","cataclysm.snbt","&eUnbreakable Skull","","","cataclysm:unbreakable_skull","불굴의 해골","적용한 제목 정상화","&e불굴의 해골"
"quest","6E38CF6E7360E9CA","13B172FA69904D9F","deeper_and_darker.snbt","&9Heart of the Deep","","","deeperdarker:heart_of_the_deep","깊은 곳의 심장","적용한 제목 정상화","&9깊은 곳의 심장"
"quest","6E3AD764A67829CB","5103E2D95685ADFF","chapter_2_the_star.snbt","&cMaster Infusion Crystal","&c달인 주입 수정","","mysticalagriculture:master_infusion_crystal","마스터 주입 수정","적용한 제목 정상화","&c마스터 주입 수정"
"quest","6E3D53D1C4569A89","1DB294A8F8686321","storage.snbt","Storing XP","XP 저장","","sophisticatedbackpacks:xp_pump_upgrade","경험치 펌프 업그레이드","적용한 제목 정상화","경험치 저장"
"quest","6E3D53D1C4569A89","1DB294A8F8686321","storage.snbt","&aExperience Pump Upgrade","&a경험치 펌프 기능","","sophisticatedbackpacks:xp_pump_upgrade","경험치 펌프 업그레이드","적용한 제목 정상화","&a경험치 펌프 업그레이드"
"quest","6E4C3B87FABE9EFA","26E6ED94168A05C4","productive_bees.snbt","Molten Bronze over Copper/Tin Bee Spawn Egg","구리 + 주석","","productivebees:configurable_honeycomb","벌집","적용한 제목 정상화","구리/주석 벌 생성 알 위에 용융 청동 붓기"
"quest","6E7C8537D8A28833","65A95C2312976E49","undergarden.snbt","Depths","","","","","적용한 제목 정상화","심층부"
"quest","6E7DF4AF86A036EC","5C4F10E65D86ED0E","mi_electric.snbt","Shale Oil Processing","","","modern_industrialization:helium_bucket","헬륨 양동이","적용한 제목 정상화","셰일유 처리"
"quest","6E819CCD57B15D54","26E6ED94168A05C4","productive_bees.snbt","Vibranium Bee","바이브라늄 벌","","productivebees:configurable_honeycomb","벌집","적용한 제목 정상화","Vibranium 벌"
"quest","6E901EF1CB411088","13B172FA69904D9F","deeper_and_darker.snbt","&9Warden&r Armor","","","deeperdarker:warden_helmet","워든 투구","적용한 제목 정상화","&9워든&r 갑옷"
"quest","6E911A8079A1B237","44F441765D7CB182","auroral.snbt","&bShimmering Ice","","","auroral:shimmering_ice","","적용한 제목 정상화","&b빛나는 얼음"
"quest","6E970CF05B96EB20","6AEC23C6D526F362","eternal_starlight.snbt","Powering down","전원 차단","","","","적용한 제목 정상화","동력 차단"
"quest","6E9782258731E444","1FAAEF0B9FD05CB9","productive_trees.snbt","White Ipe + Luck","하얀색 이페 + 행운","","productivetrees:pink_ipe_sapling","분홍 이페 묘목","적용한 제목 정상화","흰 이페 + 행운"
"quest","6EBFA16D212A7B22","4EEDECACDE8F5A67","oritech.snbt","Betterest","","","oritech:machine_core_5","정예 기계 핵","적용한 제목 정상화","최고 중의 최고"
"quest","6EC289857CDC4969","6AEC23C6D526F362","eternal_starlight.snbt","&bEnts","엔트","","","","적용한 제목 정상화","&b엔트"
"quest","6ECB27052FCB874E","5D8E83698AEF1092","ice__fire.snbt","We haven't moved yet!","","","","","적용한 제목 정상화","우리 아직 움직이지 않았어!"
"quest","6ECDD26CCCBC07C3","4293754F9B2D05F0","allthemodium.snbt","&6Allthemodium Armor","&6올더모듐 갑옷","","ftbfiltersystem:smart_filter","","적용한 제목 정상화","&6Allthemodium 방어구"
"quest","6ECDD55D55D4D44E","6AEC23C6D526F362","eternal_starlight.snbt","&5Starfall Longbow","","","eternal_starlight:starfall_longbow","별똥별 장궁","적용한 제목 정상화","&5스타폴 장궁"
"quest","6ED2CDD01659FD10","4791C8461B1B4D5F","basic_armor.snbt","&7Compressed Iron Armor","&7압축된 철 갑옷","","pneumaticcraft:compressed_iron_helmet","압축 철 헬멧","적용한 제목 정상화","&7압축 철 방어구"
"quest","6EDAB29FBD3C60A3","732824E03978A934","mainquestline_part_1.snbt","&6Visit The &dDeep Dark&r!","&6&d깊은 어둠&r을 방문하세요!","","","","적용한 제목 정상화","&6방문: &d깊은 어둠&r!"
"quest","6EF206A0BD5BAC0A","0731FA8830F28280","apotheosis_gear.snbt","&5Epic","","","apotheosis:arcane_sands","","적용한 제목 정상화","&5영웅"
"quest","6EF206A0BD5BAC0A","0731FA8830F28280","apotheosis_gear.snbt","&5Arcane Sands","","","apotheosis:arcane_sands","","적용한 제목 정상화","&5비전 모래"
"quest","6EFFF0DC80C1C8A3","26E6ED94168A05C4","productive_bees.snbt","Allthemodium Bee","올더모듐 벌","","productivebees:configurable_honeycomb","벌집","적용한 제목 정상화","Allthemodium 벌"
"quest","6F3974CAAA555FD0","56B11606F5F4DAB2","mi_digital.snbt","Managing this RAM","","","modern_industrialization:memory_management_unit","메모리 관리 유닛","적용한 제목 정상화","RAM 관리하기"
"quest","6F3D0A248B5A9CA2","07210DDF872160BA","applied_energistics_2.snbt","Spatial Storage Cell","시공 저장 셀","","ftbfiltersystem:smart_filter","","적용한 제목 정상화","공간 저장 셀"
"quest","6F483B77D64F4EE2","65A95C2312976E49","undergarden.snbt","Rogdorium Grove","","","","","적용한 제목 정상화","로그도리움 숲"
"quest","6F5F1C525CF08F96","76DF5FAA7961E5E7","iron_spells_and_spellbooks.snbt","Staffs, Rods, and Canes","","","minecraft:stick","","적용한 제목 정상화","지팡이와 막대"
"quest","6F5F6BAB09CB4F5E","6AEC23C6D526F362","eternal_starlight.snbt","&9Malarite Spear","","","eternal_starlight:malarite_spear","말라라이트 창","적용한 제목 정상화","&9말라라이트 창"
"quest","6F62B5510FA881CD","23983F4DC524B14B","mekanism.snbt","The Base Crafting Ingot","기본 조합 주괴","","alltheores:osmium_ingot","오스뮴 주괴","적용한 제목 정상화","기본 제작 주괴"
"quest","6F62B5510FA881CD","23983F4DC524B14B","mekanism.snbt","&7Osmium","오스뮴","","alltheores:osmium_ingot","오스뮴 주괴","적용한 제목 정상화","&7오스뮴"
"quest","6F71FD826C29C31A","0E81CBCD6B1D1895","apotheosis_2.snbt","Youthful","젊은","","apotheosis:youthful_spawner_rune","","적용한 제목 정상화","새끼 생성"
"quest","6F76DA3BBAE8337B","4791C8461B1B4D5F","basic_armor.snbt","&5Unobtainium Armor","&5언옵테이니움 갑옷","","allthemodium:unobtainium_helmet","Unobtainium 투구","적용한 제목 정상화","&5Unobtainium 방어구"
"quest","6F7AC41B703028CC","26E6ED94168A05C4","productive_bees.snbt","Molten Signalum over Copper/Silver Bee Spawn Egg","은 + 구리","","productivebees:configurable_honeycomb","벌집","적용한 제목 정상화","구리/은 벌 생성 알 위에 용융 시그날룸 붓기"
"quest","6F7AC41B703028CC","26E6ED94168A05C4","productive_bees.snbt","Signalum Bee","시그날륨 벌","","productivebees:configurable_honeycomb","벌집","적용한 제목 정상화","시그날룸 벌"
"quest","6FBF112811FB707C","1FAAEF0B9FD05CB9","productive_trees.snbt","Ash + Birch","재 + 자작나무","","productivetrees:whitebeam_sapling","화이트빔 묘목","적용한 제목 정상화","물푸레나무 + 자작나무"
"quest","6FC4146E534C51DA","59395B6806F2A98A","cataclysm.snbt","&cMonstrous Helm","&c괴물같은 투구","","cataclysm:monstrous_helm","괴물의 투구","적용한 제목 정상화","&c괴물의 투구"
"quest","6FC55CF56BE22866","5103E2D95685ADFF","chapter_2_the_star.snbt","","531,441 흙","","neovitae:teleposer","","적용한 제목 정상화",""
"quest","6FE6F50029D690C0","5D8E83698AEF1092","ice__fire.snbt","&9Tide Trident","","","iceandfire:tide_trident","해류 삼지창","적용한 제목 정상화","&9조수 삼지창"
"quest","6FFD0301AC8C83ED","4EEDECACDE8F5A67","oritech.snbt","Using less energy","","","oritech:machine_efficiency_addon","효율 애드온","적용한 제목 정상화","더 적은 에너지 사용"
"quest","6FFFAE334DFAAAAB","4C507C004144BFEE","occultism.snbt","Iesnium Ritual Bowl","","","ftbfiltersystem:smart_filter","","적용한 제목 정상화","이에스늄 의식 그릇"
"quest","70099F9B69F9D055","5D8E83698AEF1092","ice__fire.snbt","&bIce Dragon Cave","","","","","적용한 제목 정상화","&b얼음 드래곤 동굴"
"quest","702FC3E5D0D6C31F","76A0FBADACAD322B","neo_vitae.snbt","What you do with that power is yours to decide.","","","neovitae:blood_orb_transcendent","","적용한 제목 정상화","그 힘으로 무엇을 할지는 여러분의 선택입니다."
"quest","702FC3E5D0D6C31F","76A0FBADACAD322B","neo_vitae.snbt","Tier V: The Pinnacle","","","neovitae:blood_orb_transcendent","","적용한 제목 정상화","티어 V: 정점"
"quest","7032AC2B9066CC39","4EEDECACDE8F5A67","oritech.snbt","More addons!","","","oritech:machine_extender","기계 애드온 확장기","적용한 제목 정상화","더 많은 애드온!"
"quest","703790CCCE440946","5D8E83698AEF1092","ice__fire.snbt","The Biome","","","","","적용한 제목 정상화","생물군계"
"quest","703790CCCE440946","5D8E83698AEF1092","ice__fire.snbt","&3The Other","","","","","적용한 제목 정상화","&3다른 것"
"quest","7044EAB5EDF32BBC","15AAF17B6665223D","refined_storage.snbt","&3Monitoring Autocrafting","","","refinedstorage:autocrafting_monitor","자동 제작 모니터","적용한 제목 정상화","&3자동 제작 모니터링"
"quest","705AEEDA95C52C99","24151251C8730F2E","aether.snbt","&b&lFreezer","","","aether:freezer","냉동고","적용한 제목 정상화","&b&l냉동고"
"quest","708129CB530BAC67","1FAAEF0B9FD05CB9","productive_trees.snbt","Wild Cherry + Cacao","야생 벚나무 + 카카오","","productivetrees:papaya_sapling","파파야 묘목","적용한 제목 정상화","야생 체리 + 카카오"
"quest","7081E9BF44EFBCB0","0B826D13BAD43EEB","draconic_evolution.snbt","Chaotic Large Shield Capacity Module","","","draconicevolution:item_chaotic_large_shield_capacity","카오틱 대용량 보호막 용량 모듈","적용한 제목 정상화","카오틱 대용량 보호막 용량 모듈"
"quest","7084E47579D62B52","4EEDECACDE8F5A67","oritech.snbt","A circuit to do more","","","oritech:flux_gate","플럭스 게이트","적용한 제목 정상화","더 많은 일을 하는 회로"
"quest","70A4E2B0491634FA","1FAAEF0B9FD05CB9","productive_trees.snbt","Sugar Apple + Banana","설탕 사과 + 바나나","","productivetrees:soursop_sapling","가시여지 묘목","적용한 제목 정상화","슈거애플 + 바나나"
"quest","70A82A5D17D558FB","6AEC23C6D526F362","eternal_starlight.snbt","&bEnergy Sword","","","eternal_starlight:energy_sword","에너지 검","적용한 제목 정상화","&b에너지 검"
"quest","70AD5D79881EE1B5","5D8E83698AEF1092","ice__fire.snbt","&bIce Dragon Roost","","","","","적용한 제목 정상화","&b얼음 드래곤 둥지"
"quest","70B6C9409AE69284","1BE666F01EFFC00D","tips_and_tricks.snbt","Helps Find Biomes/Structures","생물 군계/구조물 찾기 도우미","","ftbfiltersystem:smart_filter","","적용한 제목 정상화","생물군계/구조물 찾기 도우미"
"quest","70C7D92844089DEB","7AF827D2D101D343","artifacts.snbt","&bShock Pendant&r","&b충격적인 펜던트&r","","artifacts:shock_pendant","충격 펜던트","적용한 제목 정상화","&b충격 펜던트&r"
"quest","70C878DB6AE413B2","26E6ED94168A05C4","productive_bees.snbt","Magmatic + Coal","","","productivebees:configurable_honeycomb","벌집","적용한 제목 정상화","마그마틱 + 석탄"
"quest","70C878DB6AE413B2","26E6ED94168A05C4","productive_bees.snbt","Sulfur Bee","","","productivebees:configurable_honeycomb","벌집","적용한 제목 정상화","황 벌"
"quest","70CCE558E03227AB","5103E2D95685ADFF","chapter_2_the_star.snbt","Crafting the &l&6ATM Star","&l&6ATM의 별 제작","","forbidden_arcanus:polished_darkstone","광택 다크스톤","적용한 제목 정상화","&l&6ATM 별 제작"
"quest","70CDA5F1593DB4B2","59395B6806F2A98A","cataclysm.snbt","&eCursed Pyramid&r: Home of &e&lAncient Remnant&r","&e저주받은 피라미드&r: &e&l고대의 잔재&r의 Home","","","","적용한 제목 정상화","&e저주받은 피라미드&r: &e&l고대의 잔재&r의 거처"
"quest","70D2718D54785867","76A0FBADACAD322B","neo_vitae.snbt","The Crucible's Greed","","","neovitae:corrupted_dust","","적용한 제목 정상화","도가니의 탐욕"
"quest","70D2C5FAC661E01A","12AD9789D962B179","apothic_enchanting.snbt","&bHeart-Forged Seashelf","&b심장으로 벼려낸 바다 선반","","apothic_enchanting:heart_seashelf","심장으로 벼린 바다 책장","적용한 제목 정상화","&b심장으로 벼린 바다 책장"
"quest","70F7B018CD61E946","1FAAEF0B9FD05CB9","productive_trees.snbt","Dark Oak + Jungle","짙은 참나무 + 정글","","productivetrees:teak_sapling","티크 묘목","적용한 제목 정상화","짙은 참나무 + 정글나무"
"quest","70F8A8D6C442F2B6","6AEC23C6D526F362","eternal_starlight.snbt","&aFlowglaze Hoe","","","eternal_starlight:flowglaze_hoe","플로글레이즈 괭이","적용한 제목 정상화","&a플로글레이즈 괭이"
"quest","70FAD4013FA8A14A","4EEDECACDE8F5A67","oritech.snbt","Increase the processing speed","","","oritech:machine_speed_addon","속도 애드온","적용한 제목 정상화","처리 속도를 높이세요"
"quest","70FB4088084018D3","26E6ED94168A05C4","productive_bees.snbt","Made in Reprocessor","","","productivebees:configurable_honeycomb","벌집","적용한 제목 정상화","재처리기에서 제작됨"
"quest","70FB4088084018D3","26E6ED94168A05C4","productive_bees.snbt","Ludicrite Bee","","","productivebees:configurable_honeycomb","벌집","적용한 제목 정상화","루디크라이트 벌"
"quest","710C7FEFAA6C0979","0B826D13BAD43EEB","draconic_evolution.snbt","Draconic Sword","","","draconicevolution:draconic_sword","용검","적용한 제목 정상화","용검"
"quest","711826BBCA832EE2","1D42B373285DEF81","silent_gear.snbt","&8Casts","","","minecraft:iron_ingot","","적용한 제목 정상화","&8주형"
"quest","713006AB89E43C6D","59395B6806F2A98A","cataclysm.snbt","&9&lScylla","","","","","적용한 제목 정상화","&9&l스킬라"
"quest","713548E540B18E07","6AEC23C6D526F362","eternal_starlight.snbt","&9Moonring Bow","","","eternal_starlight:moonring_bow","달고리 활","적용한 제목 정상화","&9문링 활"
"quest","713D3B3954E58C4A","0B826D13BAD43EEB","draconic_evolution.snbt","Stores: 1,640,000,000 RF","","","draconicevolution:energy_core_stabilizer","에너지 코어 안정기","적용한 제목 정상화","저장 용량: 1,640,000,000 RF"
"quest","713D3B3954E58C4A","0B826D13BAD43EEB","draconic_evolution.snbt","Tier 3","","","draconicevolution:energy_core_stabilizer","에너지 코어 안정기","적용한 제목 정상화","등급 3"
"quest","713EF442D59501BA","6AEC23C6D526F362","eternal_starlight.snbt","&5Chain of &9Souls","","","eternal_starlight:chain_of_souls","영혼의 사슬","적용한 제목 정상화","&5영혼의 &9사슬"
"quest","7143CE930D08F160","0B826D13BAD43EEB","draconic_evolution.snbt","Basic Area-Of-Effect Module","","","draconicevolution:item_draconium_aoe","효과 범위 모듈","적용한 제목 정상화","기본 효과 범위 모듈"
"quest","714960DF26EFFA53","24151251C8730F2E","aether.snbt","&5Zanite&r Tools","","","ftbfiltersystem:smart_filter","","적용한 제목 정상화","&5자나이트&r 도구"
"quest","7154D73516548149","5103E2D95685ADFF","chapter_2_the_star.snbt","&l&6Allthemodium","&l&6올더모듐","","allthemodium:allthemodium_ingot","Allthemodium 주괴","적용한 제목 정상화","&l&6Allthemodium"
"quest","715588642623A8A1","26E6ED94168A05C4","productive_bees.snbt","Crystalline + Iron","","","productivebees:configurable_honeycomb","벌집","적용한 제목 정상화","결정질 + 철"
"quest","715588642623A8A1","26E6ED94168A05C4","productive_bees.snbt","Quartz Enriched Iron Bee","","","productivebees:configurable_honeycomb","벌집","적용한 제목 정상화","석영이 풍부한 철 벌"
"quest","715F9F7107374299","0B826D13BAD43EEB","draconic_evolution.snbt","Wyvern Energy Relay Crystal","","","draconicevolution:wyvern_relay_crystal","와이번 에너지 중계 수정","적용한 제목 정상화","와이번 에너지 중계 수정"
"quest","71667FFC8011525C","26E6ED94168A05C4","productive_bees.snbt","Magmatic + Leafcutter","마그마 + 잎 절단기","","productivebees:configurable_honeycomb","벌집","적용한 제목 정상화","마그마틱 + 가위벌"
"quest","716FF64ACF896D50","13B172FA69904D9F","deeper_and_darker.snbt","&cGloomslate","","","deeperdarker:cobbled_gloomslate","암흑석 조약돌","적용한 제목 정상화","&c암흑석"
"quest","71766BD7321FCB13","0A093D8C4429B627","mekanism_reactors.snbt","&2Fissile Fuel","","","mekanism:chemical_infuser","화학적 반응 장치","적용한 제목 정상화","&2핵분열성 연료"
"quest","7177653B736AB10E","0A093D8C4429B627","mekanism_reactors.snbt","&5D-T Fuel&r","","","mekanism:chemical_infuser","화학적 반응 장치","적용한 제목 정상화","&5D-T 연료&r"
"quest","71869B1D81D6A7EF","23983F4DC524B14B","mekanism.snbt","&2&lPressurized Reaction Chamber","","","mekanism:pressurized_reaction_chamber","가압 반응 장치","적용한 제목 정상화","&2&l가압 반응 장치"
"quest","7188DC06A28AE30E","7AF827D2D101D343","artifacts.snbt","&eGolden Hook&r","&e황금 후크&r","","artifacts:golden_hook","황금 갈고리","적용한 제목 정상화","&e황금 갈고리&r"
"quest","718A2040D868E09F","15AAF17B6665223D","refined_storage.snbt","&21048m Storage Part","","","extradisks:1048576k_item_storage_part","1048m 저장 부품","적용한 제목 정상화","&21048m 저장 부품"
"quest","719D5CEB4217B734","48410B67C276ED1F","bumblezone.snbt","&8B&6e&8e&r House","&8벌&6이&8이&r 집","","","","적용한 제목 정상화","&8벌&6집&8모양&r 집"
"quest","71AA40CB2948A8D7","1FAAEF0B9FD05CB9","productive_trees.snbt","Blue Yonder + Soul Tree","푸른 창공 + 영혼 나무","","productivetrees:water_wonder_sapling","Water Wonder 묘목","적용한 제목 정상화","Blue Yonder + Soul Tree"
"quest","71B1B53A03A16296","100C477F4E63F20A","create.snbt","&bPortable Fluid Interfaces","","","create:portable_fluid_interface","유체 인터페이스","적용한 제목 정상화","&b휴대용 유체 인터페이스"
"quest","71B72958B9F80355","792AD692F1468B1F","achapter_2r_6the_atm_star.snbt","Lens of the &4Killer","&4살인자의 렌즈","","actuallyadditions:lens_of_the_killer","살해의 렌즈(WIP)","적용한 제목 정상화","&4살해의 렌즈"
"quest","71C58666D4BC2508","6AEC23C6D526F362","eternal_starlight.snbt","&eSaltpeter Matchbox","","","eternal_starlight:saltpeter_matchbox","초석 성냥갑","적용한 제목 정상화","&e초석 성냥갑"
"quest","71CF9E59F8F0B4A6","23983F4DC524B14B","mekanism.snbt","Even better &5Machines&r!","","","mekanism:elite_control_circuit","엘리트 제어 회로","적용한 제목 정상화","더 나은 &5기계&r!"
"quest","71D133BA3EC6F4FD","219B7A003658D24F","xycraft.snbt","Farming for Rocks! (and More)","돌 농사! (기타)","","xycraft_machines:extractor","추출기","적용한 제목 정상화","돌 농사! 그리고 그 이상"
"quest","71E0D06EA65172CF","76A0FBADACAD322B","neo_vitae.snbt","Throwing Daggers","","","neovitae:throwing_dagger","","적용한 제목 정상화","투척 단검"
"quest","71E4FD61787DE299","4293754F9B2D05F0","allthemodium.snbt","&6Allthemodium Smithing Template","&6올더모듐 대장장이 형판","","allthemodium:allthemodium_upgrade_smithing_template","Allthemodium 대장장이 형판","적용한 제목 정상화","&6Allthemodium 대장장이 형판"
"quest","71F0E9C36AA02B46","76DF5FAA7961E5E7","iron_spells_and_spellbooks.snbt","&cCinderous Soulcaller","","","irons_spellbooks:cinderous_soulcaller","잿빛 영혼 호출기","적용한 제목 정상화","&c잿빛 영혼 호출기"
"quest","72133DD1B3237493","24151251C8730F2E","aether.snbt","&4Vampire Blade","","","aether:vampire_blade","흡혈검","적용한 제목 정상화","&4흡혈검"
"quest","723F67A9C6993018","15AAF17B6665223D","refined_storage.snbt","&bUltra Disk Interface","","","cabletiers:ultra_disk_interface","울트라 디스크 인터페이스","적용한 제목 정상화","&b울트라 디스크 인터페이스"
"quest","7242F591DA474B37","100C477F4E63F20A","create.snbt","&b&lFluid Logistics","","","minecraft:copper_ingot","","적용한 제목 정상화","&b&l유체 물류"
"quest","72537968598AB884","100C477F4E63F20A","create.snbt","&6Engineer's Goggles","","","create:goggles","기술자의 고글","적용한 제목 정상화","&6기술자의 고글"
"quest","726A627BD7654E0C","13B172FA69904D9F","deeper_and_darker.snbt","&9Warden&r Tools","","","ftbfiltersystem:smart_filter","","적용한 제목 정상화","&9워든&r 도구"
"quest","7270FA5C48AF7280","59395B6806F2A98A","cataclysm.snbt","&3Cursed Armor","&3저주받은 갑옷","","cataclysm:cursium_helmet","커스뮴 투구","적용한 제목 정상화","&3커스뮴 갑옷"
"quest","72717D1135486D7F","05E614FDA677D85E","food_and_farming.snbt","Block Hand 1, Block Grass 0","블록 손 1, 블록 잔디 0","","minecraft:wheat_seeds","","적용한 제목 정상화","손 1, 잔디 블록 0"
"quest","7276892E129A739B","23983F4DC524B14B","mekanism.snbt","&5&lMekanism: Reactors","","","alltheores:sulfur","황","적용한 제목 정상화","&5&lMekanism: 반응기"
"quest","7277D695C4CB7840","26E6ED94168A05C4","productive_bees.snbt","Made with Energizer","","","productivebees:configurable_honeycomb","벌집","적용한 제목 정상화","에너자이저로 만든"
"quest","7277D695C4CB7840","26E6ED94168A05C4","productive_bees.snbt","Niotic Crystal Bee","","","productivebees:configurable_honeycomb","벌집","적용한 제목 정상화","나이오틱 수정 벌"
"quest","7279700A93E8630B","4791C8461B1B4D5F","basic_armor.snbt","&5Unobtainium&r","&5언옵테이니움&r","","allthemodium:unobtainium_ingot","Unobtainium 주괴","적용한 제목 정상화","&5Unobtainium&r"
"quest","728189EE56E5CAF7","26E6ED94168A05C4","productive_bees.snbt","Made in Alloy Smelter","","","productivebees:configurable_honeycomb","벌집","적용한 제목 정상화","합금 제련기에서 제작"
"quest","728189EE56E5CAF7","26E6ED94168A05C4","productive_bees.snbt","Redstone Alloy Bee","","","productivebees:configurable_honeycomb","벌집","적용한 제목 정상화","레드스톤 합금 벌"
"quest","7282DCB1547CEB63","0D990A1D1E088701","mi_steam.snbt","&#EDD653Bronze","","","alltheores:bronze_dust","청동 가루","적용한 제목 정상화","&#EDD653청동"
"quest","72917C96C322A922","48410B67C276ED1F","bumblezone.snbt","La Bee-da Loca","라 비-다 로카","","the_bumblezone:music_disc_la_bee_da_loca","음반","적용한 제목 정상화","La Bee-da Loca"
"quest","72989212DD45DC10","732824E03978A934","mainquestline_part_1.snbt","&aThe &5Sniffer","&a&5스니퍼","","minecraft:sniffer_egg","","적용한 제목 정상화","&a새로운 친구, &5스니퍼"
"quest","72AB70FD8D8FABBF","76DF5FAA7961E5E7","iron_spells_and_spellbooks.snbt","On a Highway to...","고속도로에서 to...","","","","적용한 제목 정상화","고속도로를 달려..."
"quest","72AE56D34834D28E","0E81CBCD6B1D1895","apotheosis_2.snbt","PneumaticCraft's Spawner","","","pneumaticcraft:pressurized_spawner","가압 생성기","적용한 제목 정상화","PneumaticCraft 생성기"
"quest","72C09FD89C28B1EC","5E31DF282998B992","pneumaticcraft.snbt","Oil Refinery","정유소","","pneumaticcraft:refinery","정유기 제어기","적용한 제목 정상화","정유기"
"quest","72C7698072BF0F1D","100C477F4E63F20A","create.snbt","Manual Power!","","","create:hand_crank","손 크랭크","적용한 제목 정상화","수동 동력!"
"quest","72C7698072BF0F1D","100C477F4E63F20A","create.snbt","&dHand Crank","","","create:hand_crank","손 크랭크","적용한 제목 정상화","&d손 크랭크"
"quest","72D6265E35814927","7AF827D2D101D343","artifacts.snbt","&eCross Necklace&r","&e십자 목걸이&r","","artifacts:cross_necklace","십자가 목걸이","적용한 제목 정상화","&e십자가 목걸이&r"
"quest","72DB967E59EEA729","7A5C327771634A7D","building_tips.snbt","&3&lGlassential&r","&3&l글래센셜&r","","ftbfiltersystem:smart_filter","","적용한 제목 정상화","&3&lGlassential Renewed&r"
"quest","72DCE154E1714890","100C477F4E63F20A","create.snbt","&6Mechanical Saw","","","create:mechanical_saw","기계식 톱","적용한 제목 정상화","&6기계식 톱"
"quest","72DDA413D73E3235","4791C8461B1B4D5F","basic_armor.snbt","&3Vibranium Armor","&3바이브라늄 갑옷","","allthemodium:vibranium_helmet","Vibranium 투구","적용한 제목 정상화","&3Vibranium 방어구"
"quest","72E7AE66F2A7C4C4","4EEDECACDE8F5A67","oritech.snbt","Use fluid in machines","","","oritech:machine_fluid_addon","유체 애드온","적용한 제목 정상화","기계에서 유체 사용"
"quest","72EA25D05C46D39A","5D045EF1AB73DF70","basic_power.snbt","&9Integrated Dynamics: &bEnergy Battery","&9Integerated Dynamics: &b에너지 배터리","","integrateddynamics:energy_battery","에너지 배터리","적용한 제목 정상화","&9Integrated Dynamics: &b에너지 배터리"
"quest","72EC845C19645AFC","13B172FA69904D9F","deeper_and_darker.snbt","&3Sculk Vines","","","deeperdarker:sculk_vines","스컬크 덩굴","적용한 제목 정상화","&3스컬크 덩굴"
"quest","72FB345F3A7E7288","5D8E83698AEF1092","ice__fire.snbt","&5Lightning Dragonsteel","","","iceandfire:dragonsteel_lightning_ingot","번개 드래곤 스틸 주괴","적용한 제목 정상화","&5번개 용강철"
"quest","730AF9210F00018E","7732CF7AAA63DB3A","twilight_forest.snbt","&bMinotaur Axe","&b미노타우르스의 도끼","","twilightforest:diamond_minotaur_axe","다이아몬드 미노타우로스 도끼","적용한 제목 정상화","&b미노타우로스 도끼"
"quest","7310BBC4A90EDA9D","0A093D8C4429B627","mekanism_reactors.snbt","&ePortable QIO Dashboard","","","mekanism:portable_qio_dashboard","휴대용 QIO 대시보드","적용한 제목 정상화","&e휴대용 QIO 대시보드"
"quest","731A4846BC556AE1","43BB00A7A7E1042C","mahou_tsukai.snbt","Souls","영혼들","","mahoutsukai:scroll_death_collection","「사취의 마안」두루마리","적용한 제목 정상화","영혼"
"quest","731A70C25C2C7281","0B826D13BAD43EEB","draconic_evolution.snbt","Ender Collection Module","","","draconicevolution:item_wyvern_ender_collection","엔더 수집 모듈","적용한 제목 정상화","엔더 수집 모듈"
"quest","7322332BB6CF5CF7","6AEC23C6D526F362","eternal_starlight.snbt","&7Deepsilver Brush","","","eternal_starlight:deepsilver_brush","심층 은 붓","적용한 제목 정상화","&7딥실버 솔"
"quest","73325912C84F64A5","43BB00A7A7E1042C","mahou_tsukai.snbt","Chronal Exchange","시간 변환","","mahoutsukai:powdered_quartz","빻은 석영","적용한 제목 정상화","시간 교환"
"quest","73350AD668200E99","0F96DC3563DA78EF","elmystical_agriculturerr.snbt","&2Prudentium","&2프루덴티움","","mysticalagriculture:prudentium_essence","프루덴튬 에센스","적용한 제목 정상화","&2프루덴튬"
"quest","73391A08D7615C77","76A0FBADACAD322B","neo_vitae.snbt","Bind a Novicius Orb","","","neovitae:blood_orb_weak","","적용한 제목 정상화","Novicius 오브 결속"
"quest","734A72A4C898BDFB","26E6ED94168A05C4","productive_bees.snbt","Molten Invar over Tin/Iron Bee Spawn Egg","철 + 니켈","","productivebees:configurable_honeycomb","벌집","적용한 제목 정상화","주석/철 벌 생성 알 위에 용융 인바 붓기"
"quest","734F61A03FFA13ED","26E6ED94168A05C4","productive_bees.snbt","CreeBee + Iron","크리비 + 철","","productivebees:configurable_honeycomb","벌집","적용한 제목 정상화","CreeBee + 철"
"quest","734F61A03FFA13ED","26E6ED94168A05C4","productive_bees.snbt","Radioactive Bee","방사능 벌","","productivebees:configurable_honeycomb","벌집","적용한 제목 정상화","방사성 벌"
"quest","736F4A43EEBDD7B3","13B172FA69904D9F","deeper_and_darker.snbt","&3Sculk Snapper","","","","","적용한 제목 정상화","&3스컬크 스내퍼"
"quest","7377C657CED885AC","5103E2D95685ADFF","chapter_2_the_star.snbt","&2&lMystical Agriculture","&2&l신비농업","","mysticalagriculture:inferium_essence","인퍼륨 에센스","적용한 제목 정상화","&2&lMystical Agriculture"
"quest","737DC37E4310090C","100C477F4E63F20A","create.snbt","&8Chain Conveyor","","","create:chain_conveyor","체인 컨베이어","적용한 제목 정상화","&8체인 컨베이어"
"quest","73A56DD4AC1B9590","59395B6806F2A98A","cataclysm.snbt","&3Ring of Grudged","","","cataclysm:ring_of_grudged","원한의 반지","적용한 제목 정상화","&3원한의 반지"
"quest","73B73870B29DFAD9","7AF827D2D101D343","artifacts.snbt","&eVillager Hat","&e주민 농부의 모자","","artifacts:villager_hat","주민 모자","적용한 제목 정상화","&e주민 모자"
"quest","73B8A70240E6070E","05E614FDA677D85E","food_and_farming.snbt","Milk a Cow - Profit","소에서 우유를 짜내세요 - 이익","","minecraft:milk_bucket","","적용한 제목 정상화","소젖 짜기 - 이득"
"quest","73E09ED46A94B812","12AD9789D962B179","apothic_enchanting.snbt","Max Eterna to 100","","","","","적용한 제목 정상화","최대 에테르나 100"
"quest","73E09ED46A94B812","12AD9789D962B179","apothic_enchanting.snbt","Ahh, &4&lPinnacle&r, at last","","","","","적용한 제목 정상화","아, 드디어 &4&l정점&r"
"quest","73E6878553BA6908","23983F4DC524B14B","mekanism.snbt","Drawers","","","ftbfiltersystem:smart_filter","","적용한 제목 정상화","서랍"
"quest","73E6878553BA6908","23983F4DC524B14B","mekanism.snbt","&eBins","","","ftbfiltersystem:smart_filter","","적용한 제목 정상화","&e빈"
"quest","73EA326304C01C3B","69299302373C4CBC","integrated_dynamics.snbt","Importing","가져오기","","ftbfiltersystem:smart_filter","","적용한 제목 정상화","입력하기"
"quest","73FC51144FC2DA52","7AF827D2D101D343","artifacts.snbt","&7Vampiric Glove&r","&7뱀파이어 장갑&r","","artifacts:vampiric_glove","흡혈 장갑","적용한 제목 정상화","&7흡혈 장갑&r"
"quest","73FF01D830A669AA","73180B829B960E63","generators.snbt","&4Augment&r: Blasting","&4증강&r: 용광로 기능","","ironfurnaces:augment_blasting","용광 증강","적용한 제목 정상화","&4용광 증강&r"
"quest","7408CCF998D9CD37","76DF5FAA7961E5E7","iron_spells_and_spellbooks.snbt","Ancient Codex","고대의 코덱스","","irons_spellbooks:netherite_spell_book","고대의 서","적용한 제목 정상화","고대의 서"
"quest","74200A48498DD7F8","23983F4DC524B14B","mekanism.snbt","Generates about 60FE/t","약 51FE/t를 생성합니다","","mekanismgenerators:solar_generator","태양광 발전기","적용한 제목 정상화","약 60FE/t 생성"
"quest","74200A48498DD7F8","23983F4DC524B14B","mekanism.snbt","&e&lSolar Generator","","","mekanismgenerators:solar_generator","태양광 발전기","적용한 제목 정상화","&e&l태양광 발전기"
"quest","74297A72584F5D7B","1FAAEF0B9FD05CB9","productive_trees.snbt","Alder + Wild Cherry","오리나무 + 야생 벚나무","","productivetrees:olive_sapling","올리브 묘목","적용한 제목 정상화","오리나무 + 야생 체리"
"quest","744DBE831C120B2F","65A95C2312976E49","undergarden.snbt","&aMog&r","&2멍&r","","","","적용한 제목 정상화","&a모구&r"
"quest","744E620B7DEBB483","5C4F10E65D86ED0E","mi_electric.snbt","Bing Chilling","","","modern_industrialization:vacuum_freezer","진공 냉각기","적용한 제목 정상화","차갑게 식히기"
"quest","747B62A955D0C629","59395B6806F2A98A","cataclysm.snbt","&4Ancient Factory&r: Home of &4&lThe Harbinger&r","&4고대 공장&r: &4&l하빈저&r의 Home","","","","적용한 제목 정상화","&4고대 공장&r: &4&l하빈저&r의 거처"
"quest","747BA0DB44A49A4F","1FAAEF0B9FD05CB9","productive_trees.snbt","Red Delicious Apple + Sand Pear","레드 딜리셔스 사과 + 모래 배","","productivetrees:cultivated_pear_sapling","재배 배 묘목","적용한 제목 정상화","Red Delicious Apple + 동양배"
"quest","7485BCBE366501DF","23983F4DC524B14B","mekanism.snbt","Tier 3 Ore Processing","","","mekanism:electric_pump","전동 펌프","적용한 제목 정상화","3단계 광석 처리"
"quest","7485BCBE366501DF","23983F4DC524B14B","mekanism.snbt","Making &eChlorine ","","","mekanism:electric_pump","전동 펌프","적용한 제목 정상화","&e염소 만들기"
"quest","748A01B5607C475B","11919EBB416B2BD0","relics.snbt","Every step can become a leap… if you know how to use it.","광산 수갱 또는 스트롱홀드에서 발견됨","","relics:springy_boot","용수철 장화","적용한 제목 정상화","사용법만 안다면 모든 발걸음이 도약이 됩니다..."
"quest","748A01B5607C475B","11919EBB416B2BD0","relics.snbt","&aSpringy Boot","&6가죽 벨트","","relics:springy_boot","용수철 장화","적용한 제목 정상화","&a용수철 장화"
"quest","7496B2380A23FDC6","0B826D13BAD43EEB","draconic_evolution.snbt","Chaotic Tree Harvester","","","draconicevolution:item_chaotic_tree_harvest","카오틱 산림 벌목 모듈","적용한 제목 정상화","카오틱 산림 벌목 모듈"
"quest","74B3E4B62FA9565E","26E6ED94168A05C4","productive_bees.snbt","Craft with an Offering Table","","","productivebees:configurable_honeycomb","벌집","적용한 제목 정상화","공물 제단으로 제작"
"quest","74B3E4B62FA9565E","26E6ED94168A05C4","productive_bees.snbt","Bee Of The Sky","","","productivebees:configurable_honeycomb","벌집","적용한 제목 정상화","하늘의 벌"
"quest","74C648FC8733310B","5D8E83698AEF1092","ice__fire.snbt","&9Sea Serpents","","","","","적용한 제목 정상화","&9바다뱀"
"quest","74C715F8F24B8BAE","0B826D13BAD43EEB","draconic_evolution.snbt","Filterable Ender Collection Module","","","draconicevolution:item_draconic_ender_collection","필터링 가능한 엔더 수집 모듈","적용한 제목 정상화","필터링 가능한 엔더 수집 모듈"
"quest","74CD3FC35F245DF2","1FAAEF0B9FD05CB9","productive_trees.snbt","Blue Yonder + Flickering Sun","푸른 창공 + 깜박이는 태양","","productivetrees:rippling_willow_sapling","Rippling Willow 묘목","적용한 제목 정상화","Blue Yonder + Flickering Sun"
"quest","7503823ACDDB0491","7AF827D2D101D343","artifacts.snbt","Scarf (Necklace)","스카프 (목걸이)","","artifacts:lucky_scarf","행운의 스카프","적용한 제목 정상화","스카프(목걸이)"
"quest","7503823ACDDB0491","7AF827D2D101D343","artifacts.snbt","&2Lucky Scarf&r","&2행운의 목도리&r","","artifacts:lucky_scarf","행운의 스카프","적용한 제목 정상화","&2행운의 스카프&r"
"quest","752DD0BF36B70D88","5103E2D95685ADFF","chapter_2_the_star.snbt","&7&lIron Furnaces","&7&l철 화로","","minecraft:furnace","","적용한 제목 정상화","&7&lIron Furnaces"
"quest","754B8F1FBCD983C5","100C477F4E63F20A","create.snbt","&eStock Ticker","","","create:stock_ticker","재고 표시기","적용한 제목 정상화","&e재고 표시기"
"quest","7555F22D066BD4AB","44F441765D7CB182","auroral.snbt","&5Hearthwood Logs","","","auroral:hearthwood_log","","적용한 제목 정상화","&5하스우드 원목"
"quest","75560045ED084900","0F96DC3563DA78EF","elmystical_agriculturerr.snbt","Creating Mob Seeds","몹 시드 생성 중","","mysticalagriculture:soulium_dagger","소울륨 단검","적용한 제목 정상화","몹 씨앗 만들기"
"quest","75619C7174C6703C","56B11606F5F4DAB2","mi_digital.snbt","Centrifuging Uranium Dust","","","modern_industrialization:uranium_238_tiny_dust","작은 우라늄 238 가루","적용한 제목 정상화","우라늄 가루 원심분리"
"quest","756628F4B7F79446","4791C8461B1B4D5F","basic_armor.snbt","&cAmaramber&r","&c아마르앰버&r","","eternal_starlight:amaramber_ingot","아마램버 주괴","적용한 제목 정상화","&c아마램버&r"
"quest","7574A782DCFB87CE","219B7A003658D24F","xycraft.snbt","&l&7Kivi","&l&7키위","","xycraft_world:kivi","키비","적용한 제목 정상화","&l&7키비"
"quest","757B14D08A9A03C4","73180B829B960E63","generators.snbt","Configurations","구성","","ironfurnaces:item_copy","화로 설정 연결기","적용한 제목 정상화","면 설정"
"quest","7597D3D06E761759","24151251C8730F2E","aether.snbt","&eValkyrie Lance","","","aether:valkyrie_lance","발키리 창","적용한 제목 정상화","&e발키리 창"
"quest","759B0D6F8C0CC1EF","76A0FBADACAD322B","neo_vitae.snbt","Altar upgrade.","","","neovitae:blood_orb_apprentice","","적용한 제목 정상화","제단 업그레이드."
"quest","759B0D6F8C0CC1EF","76A0FBADACAD322B","neo_vitae.snbt","Tier I: The Ring of Runes","","","neovitae:blood_orb_apprentice","","적용한 제목 정상화","티어 I: 룬의 고리"
"quest","75A66B81C1181F59","65A95C2312976E49","undergarden.snbt","Forgotten Vestige","","","","","적용한 제목 정상화","잊힌 흔적"
"quest","75ACC8CF5873F92D","48410B67C276ED1F","bumblezone.snbt","&fWhite Sempiternal Sanctum&r","&f하얀색 영원 성소&r","","","","적용한 제목 정상화","&f하얀 영원 성소&r"
"quest","75B14A09FE39EDDA","100C477F4E63F20A","create.snbt","Barbershop Poles","","","create:gantry_carriage","갠트리 운반대","적용한 제목 정상화","이발소 회전 간판"
"quest","75B14A09FE39EDDA","100C477F4E63F20A","create.snbt","&aGantry Carriage","","","create:gantry_carriage","갠트리 운반대","적용한 제목 정상화","&a갠트리 운반대"
"quest","75C5BFAEADEB486E","24151251C8730F2E","aether.snbt","&eValkyrie Armor","","","ftbfiltersystem:smart_filter","","적용한 제목 정상화","&e발키리 갑옷"
"quest","75CBB5BD8C1DFEA1","100C477F4E63F20A","create.snbt","&8Basin","","","create:basin","대야","적용한 제목 정상화","&8대야"
"quest","75CE67D3AA75C798","1FAAEF0B9FD05CB9","productive_trees.snbt","Red Delicious Apple + Granny Smith Apple","레드 딜리셔스 사과 + 그래니 스미스 사과","","productivetrees:golden_delicious_apple_sapling","Golden Delicious Apple 묘목","적용한 제목 정상화","Red Delicious Apple + 그래니 스미스 사과"
"quest","75DA0A46E41E6690","11919EBB416B2BD0","relics.snbt","Sharing is caring","","","relics:experience_disperser","경험치 분산기","적용한 제목 정상화","나눔은 배려입니다"
"quest","75DA0A46E41E6690","11919EBB416B2BD0","relics.snbt","&aExperience Disperser","","","relics:experience_disperser","경험치 분산기","적용한 제목 정상화","&a경험치 분산기"
"quest","75E4751F7A802A44","23983F4DC524B14B","mekanism.snbt","Tier 4 Ore Processing","","","alltheores:sulfur","황","적용한 제목 정상화","4단계 광석 처리"
"quest","75E4751F7A802A44","23983F4DC524B14B","mekanism.snbt","Creating &aSulfuric Acid","","","alltheores:sulfur","황","적용한 제목 정상화","&a황산 생성"
"quest","75EE965CBA598FEA","5103E2D95685ADFF","chapter_2_the_star.snbt","&dUniversal Wireless Terminal","&d유니버설 무선 터미널","","ae2wtlib:wireless_universal_terminal","무선 범용 터미널","적용한 제목 정상화","&d무선 범용 터미널"
"quest","75F0405FFAB9C080","0B826D13BAD43EEB","draconic_evolution.snbt","Chaotic Core","","","draconicevolution:chaotic_core","카오틱 핵","적용한 제목 정상화","카오틱 핵"
"quest","76064465104B1C28","0B826D13BAD43EEB","draconic_evolution.snbt","Draconic Shield Capacity Module","","","draconicevolution:item_draconic_shield_capacity","드라코닉 보호막 용량 모듈","적용한 제목 정상화","드라코닉 보호막 용량 모듈"
"quest","760864EE43FB33AC","5D8E83698AEF1092","ice__fire.snbt","&bHippocampus","","","","","적용한 제목 정상화","&b히포캄푸스"
"quest","7618153D6613790E","6AEC23C6D526F362","eternal_starlight.snbt","&6Thermal Springstone Scythe","","","eternal_starlight:thermal_springstone_scythe","열기 스프링스톤 대낫","적용한 제목 정상화","&6온천석 대낫"
"quest","761D21C6FBD13EE1","26E6ED94168A05C4","productive_bees.snbt","Peridot Bee","페리도트 벌","","productivebees:configurable_honeycomb","벌집","적용한 제목 정상화","감람석 벌"
"quest","763A19067AEEF6D5","51A2FE60D8B76FC6","extended__advanced_ae.snbt","+2 Luck","","","advanced_ae:luck_card","행운 카드","적용한 제목 정상화","행운 +2"
"quest","763AE58CF620695E","22C20C1827FE6805","immersive_engineering.snbt","&9Banner Patterns Blueprints ","&9현수막 무늬 청사진","","immersiveengineering:blueprint","공학자의 설계도","적용한 제목 정상화","&9현수막 무늬 설계도"
"quest","763EB5C911D7E78C","0B826D13BAD43EEB","draconic_evolution.snbt","Chaotic Tier","","","draconicevolution:chaotic_crafting_injector","카오틱 융합 제작 주입기","적용한 제목 정상화","카오틱 등급"
"quest","763FB27929E053BE","23983F4DC524B14B","mekanism.snbt","&9Filter &8Upgrade","","","mekanism:upgrade_filter","필터 업그레이드","적용한 제목 정상화","&9필터 &8업그레이드"
"quest","76406EFFF8CBA6B4","732824E03978A934","mainquestline_part_1.snbt","We've Struck &bDiamonds&r!","저희가 &b다이아몬드&r를 캤어요!","","minecraft:diamond","","적용한 제목 정상화","&b다이아몬드&r를 찾았다!"
"quest","76558D23A70AFF78","76DF5FAA7961E5E7","iron_spells_and_spellbooks.snbt","&bIce&r Upgrade Orb","&b얼음&r 강화 구슬","","irons_spellbooks:ice_upgrade_orb","얼음 업그레이드 구슬","적용한 제목 정상화","&b얼음 업그레이드 구슬&r"
"quest","765CD913CC3896B2","5D8E83698AEF1092","ice__fire.snbt","&lStage 4-5 &cFire Dragon","","","ftbfiltersystem:smart_filter","","적용한 제목 정상화","&l4-5단계 &c화염 드래곤"
"quest","765F6A5A9779CF6D","24151251C8730F2E","aether.snbt","Aerclouds","","","aether:cold_aercloud","차가운 에어클라우드","적용한 제목 정상화","에어클라우드"
"quest","7671AFAA1EFD287F","4EBB2171D5A3AAAC","forbidden__arcanus.snbt","&bArcane Crystal Obelisk","&b아케인 크리스탈 오벨리스크","","forbidden_arcanus:arcane_crystal_block","비전 수정 블록","적용한 제목 정상화","&b비전 수정 오벨리스크"
"quest","768C07D1B5EB1FEB","1FAAEF0B9FD05CB9","productive_trees.snbt","Cold Ocean Ruin Sus Blocks","차가운 바다 유적 수상한 블록","","productivetrees:brown_amber_sapling","Brown Amber 묘목","적용한 제목 정상화","차가운 바다 폐허의 수상한 블록"
"quest","769B23E692CBA16B","24151251C8730F2E","aether.snbt","&2Skyroot&r Boat and Bucket","","","ftbfiltersystem:smart_filter","","적용한 제목 정상화","&2스카이루트&r 보트와 양동이"
"quest","76A0592F4C294545","1FAAEF0B9FD05CB9","productive_trees.snbt","I Wood too","나도 나무.","","productivetrees:sawmill","제재소","적용한 제목 정상화","나무랄 데 없네요"
"quest","76B1C5AFC5D6B7CF","4EAAE0CEB26378A6","justdirethings.snbt","Cousin of the Time in a Bottle","","","justdirethings:time_wand","시간 지팡이","적용한 제목 정상화","시간이 담긴 병의 사촌"
"quest","76BFC5815FC6565C","6AEC23C6D526F362","eternal_starlight.snbt","&5Meteor Shower","","","","","적용한 제목 정상화","&5유성우"
"quest","76C63670624C3C56","5103E2D95685ADFF","chapter_2_the_star.snbt","&c&lGenerator Galore","&c&l발전기 아주 많음","","minecraft:furnace","","적용한 제목 정상화","&c&lGenerator Galore"
"quest","76CBFA38D021AC95","100C477F4E63F20A","create.snbt","&dWindmills","","","create:windmill_bearing","풍차 베어링","적용한 제목 정상화","&d풍차"
"quest","76CDC18D7A208512","65A95C2312976E49","undergarden.snbt","Warning","","","","","적용한 제목 정상화","경고"
"quest","76E94639E90FEB4E","26E6ED94168A05C4","productive_bees.snbt","Spawned with empty Beehives in the Dark","짙은 곳에서 빈 벌통과 함께 생성됨","","productivebees:configurable_honeycomb","벌집","적용한 제목 정상화","어두운 곳의 빈 고급 벌통에서 생성"
"quest","76E94639E90FEB4E","26E6ED94168A05C4","productive_bees.snbt","Skeletal Bee","해골 벌","","productivebees:configurable_honeycomb","벌집","적용한 제목 정상화","골격 벌"
"quest","76EA017B12E8F01B","5D045EF1AB73DF70","basic_power.snbt","&f&lStoring Power","&f&l힘 저장 중","","minecraft:iron_ingot","","적용한 제목 정상화","&f&l전력 저장"
"quest","76F14C2B866B4EAD","13B172FA69904D9F","deeper_and_darker.snbt","Hello from...","","","","","적용한 제목 정상화","인사를 전하는 곳은..."
"quest","76F14C2B866B4EAD","13B172FA69904D9F","deeper_and_darker.snbt","The &3&lOtherside","","","","","적용한 제목 정상화","&3&l이면세계"
"quest","770C0975CA61CE46","6AEC23C6D526F362","eternal_starlight.snbt","&bGlacite","","","eternal_starlight:glacite_shard","글라사이트 조각","적용한 제목 정상화","&b글라사이트"
"quest","77145113CD5B26FB","6AEDA2F9BEB57759","ars_nouveau.snbt","Generates Source from Nearby Food","주변 음식에서 근원을 생성합니다","","ars_nouveau:mycelial_sourcelink","균사체 마나링크","적용한 제목 정상화","주변 음식으로 마나 생성"
"quest","7725CB7D0AE55180","51A2FE60D8B76FC6","extended__advanced_ae.snbt","Advanced AE","","","ae2:logic_processor","논리 프로세서","적용한 제목 정상화","Advanced AE"
"quest","7731623EA92027D9","76A0FBADACAD322B","neo_vitae.snbt","Tier IV: The Archmage's Orb","","","neovitae:blood_orb_archmage","","적용한 제목 정상화","티어 IV: 대마법사의 오브"
"quest","77382D4114E901CB","100C477F4E63F20A","create.snbt","&bHose Pulley","","","create:hose_pulley","호스 도르래","적용한 제목 정상화","&b호스 도르래"
"quest","774D61FEFABEFD9A","13B172FA69904D9F","deeper_and_darker.snbt","Shriek Worm","","","","","적용한 제목 정상화","비명 벌레"
"quest","7758AC49F63ADC8A","44F441765D7CB182","auroral.snbt","&2Glow Leeks","","","auroral:glow_leek_seeds","","적용한 제목 정상화","&2발광 리크"
"quest","7766E66A14643F4D","5103E2D95685ADFF","chapter_2_the_star.snbt","&6Awakened Supremium Ingot Block","&6각성된 수프레뮴 주괴 블록","","mysticalagriculture:awakened_supremium_ingot_block","각성 수프레뮴 주괴 블록","적용한 제목 정상화","&6각성 수프레뮴 주괴 블록"
"quest","7778937DF377C1B4","23983F4DC524B14B","mekanism.snbt","Generates Power from the Wind","Wind로부터 힘을 생성합니다","","mekanismgenerators:wind_generator","풍력 발전기","적용한 제목 정상화","바람으로부터 전력을 생성합니다"
"quest","7778937DF377C1B4","23983F4DC524B14B","mekanism.snbt","&b&lWind Generator","","","mekanismgenerators:wind_generator","풍력 발전기","적용한 제목 정상화","&b&l풍력 발전기"
"quest","77793642678CB886","5D8E83698AEF1092","ice__fire.snbt","Cooking your &cEgg","","","minecraft:netherrack","","적용한 제목 정상화","&c알 요리하기"
"quest","777BB82B56038ED3","43BB00A7A7E1042C","mahou_tsukai.snbt","Maxed out &4&lMorgan","최대치 &4&l모르간","","","","적용한 제목 정상화","최대로 강화한 &4&l모르간"
"quest","7798BC7C5112D6FB","6AEC23C6D526F362","eternal_starlight.snbt","&bGlacite Leggings","","","eternal_starlight:glacite_leggings","글라사이트 레깅스","적용한 제목 정상화","&b글라사이트 하의"
"quest","77A8E8122870BBCE","0E81CBCD6B1D1895","apotheosis_2.snbt","That's no Spawn Egg!","","","apothic_enchanting:occult_ender_lead","오컬트 엔더 끈","적용한 제목 정상화","스폰 알이 아니잖아!"
"quest","77AD61FCA9BC9AFB","4293754F9B2D05F0","allthemodium.snbt","&3Vibranium Spell Book","&3바이브라늄 주문서","","allthewizardgear:vibranium_spell_book","Vibranium 주문서","적용한 제목 정상화","&3Vibranium 주문서"
"quest","77B6A7151B3E5980","0A093D8C4429B627","mekanism_reactors.snbt","Meka-Tool","","","mekanism:module_vein_mining_unit","","적용한 제목 정상화","메카툴"
"quest","77B6A7151B3E5980","0A093D8C4429B627","mekanism_reactors.snbt","&aVein Mining &7Unit","","","mekanism:module_vein_mining_unit","","적용한 제목 정상화","&a광맥 채굴 &7유닛"
"quest","77BE3D9D274F72F1","100C477F4E63F20A","create.snbt","&5Train Stations","","","create:track_station","열차역","적용한 제목 정상화","&5열차역"
"quest","77D3546953550E39","1FAAEF0B9FD05CB9","productive_trees.snbt","Bull Pine + Spruce","황소 소나무 + 가문비나무","","productivetrees:loblolly_pine_sapling","로블로리소나무 묘목","적용한 제목 정상화","폰데로사소나무 + 가문비나무"
"quest","77E909CA721A721E","44F441765D7CB182","auroral.snbt","&9Aurora Lanterns","","","auroral:aurora_lantern","","적용한 제목 정상화","&9오로라 랜턴"
"quest","77F241BEE9902751","1DB294A8F8686321","storage.snbt","So much room for activities!","활동할 공간이 정말 많네!","","ftbfiltersystem:smart_filter","","적용한 제목 정상화","활동할 공간이 정말 많네요!"
"quest","77FB313845779AED","23983F4DC524B14B","mekanism.snbt","Tier 4 Ore Processing","","","mekanism:chemical_infuser","화학적 반응 장치","적용한 제목 정상화","4단계 광석 처리"
"quest","77FB313845779AED","23983F4DC524B14B","mekanism.snbt","Melting &7Ores&f with &aAcid &fand &5Crystallizing&r them","","","mekanism:chemical_infuser","화학적 반응 장치","적용한 제목 정상화","&7광석&f을 &a산&f으로 녹이고 &5결정화&r"
"quest","78215D704E6095B0","51A2FE60D8B76FC6","extended__advanced_ae.snbt","Won't make you fully invincible","","","advanced_ae:quantum_helmet","퀀텀 투구","적용한 제목 정상화","완전히 무적이 되지는 않습니다"
"quest","78215D704E6095B0","51A2FE60D8B76FC6","extended__advanced_ae.snbt","ME System As Armor: The Quantum Armor","","","advanced_ae:quantum_helmet","퀀텀 투구","적용한 제목 정상화","갑옷이 된 ME 시스템: 퀀텀 갑옷"
"quest","7834734E79E41A3A","48410B67C276ED1F","bumblezone.snbt","Bee careful!","벌 조심하세요!","","","","적용한 제목 정상화","벌을 조심하세요!"
"quest","784466C3813AA506","12AD9789D962B179","apothic_enchanting.snbt","&5Flimsy Ender Lead","","","apothic_enchanting:flimsy_ender_lead","엉성한 엔더 끈","적용한 제목 정상화","&5엉성한 엔더 끈"
"quest","7846B7FFC3DD85C5","0A093D8C4429B627","mekanism_reactors.snbt","&dSPS Ports","","","mekanism:sps_port","SPS 포트","적용한 제목 정상화","&dSPS 포트"
"quest","784D6D11C4F41215","4B9D26E0087CD163","basic_tools.snbt","&f6.5 &cAttack Damage","&f6.5 &c 공격 피해","","eternal_starlight:glacite_sword","글라사이트 검","적용한 제목 정상화","&f6.5 &c공격 피해"
"quest","785951190FFDAA21","1DB294A8F8686321","storage.snbt","&eStack Upgrade Tier 2","&e2단계 쌓기 기능","","sophisticatedbackpacks:stack_upgrade_tier_2","2단계 스택 업그레이드","적용한 제목 정상화","&e2단계 스택 업그레이드"
"quest","786073B57C901DB7","48410B67C276ED1F","bumblezone.snbt","Pluses Banner Pattern","플러스 현수막 무늬","","the_bumblezone:banner_pattern_pluses","현수막 무늬","적용한 제목 정상화","십자 현수막 무늬"
"quest","7864C8F2CBC910CB","0A093D8C4429B627","mekanism_reactors.snbt","&a&lMekaSuit Helmet","","","mekanism:mekasuit_helmet","메카슈트 투구","적용한 제목 정상화","&a&l메카슈트 투구"
"quest","78656C89EEE80DB5","100C477F4E63F20A","create.snbt","&eBrass Tunnel","","","create:brass_tunnel","황동 터널","적용한 제목 정상화","&e황동 터널"
"quest","787415570026FFAA","15AAF17B6665223D","refined_storage.snbt","Destructor Upgrades","","","refinedstorage:silk_touch_upgrade","섬세한 손길 업그레이드","적용한 제목 정상화","파괴기 업그레이드"
"quest","788A7A2F1F438B64","4791C8461B1B4D5F","basic_armor.snbt","&7Cloggrum&r","&7클로그럼&r","","undergarden:cloggrum_ingot","클로그룸 주괴","적용한 제목 정상화","&7클로그룸&r"
"quest","789AF6D0A6321945","7AF827D2D101D343","artifacts.snbt","Unique","고유한","","artifacts:whoopee_cushion","방귀 방석","적용한 제목 정상화","고유"
"quest","789AF6D0A6321945","7AF827D2D101D343","artifacts.snbt","&dWhoopie Cushion&r","&d방구 쿠션&r","","artifacts:whoopee_cushion","방귀 방석","적용한 제목 정상화","&d방귀 방석&r"
"quest","78AA7BFABBFB9973","76DF5FAA7961E5E7","iron_spells_and_spellbooks.snbt","&2Druidic Tome","&2드루이드 서적","","irons_spellbooks:druidic_spell_book","드루이드 서","적용한 제목 정상화","&2드루이드 서"
"quest","78AAFE5AF04A13AC","24151251C8730F2E","aether.snbt","&bAerbunny","","","","","적용한 제목 정상화","&b에어버니"
"quest","78BCED8699ADEDF4","13B172FA69904D9F","deeper_and_darker.snbt","&3Soundproof Glass","","","deeperdarker:soundproof_glass","방음 유리","적용한 제목 정상화","&3방음 유리"
"quest","78BD3D4FBA42D3DC","24151251C8730F2E","aether.snbt","Sheepuff","","","","","적용한 제목 정상화","쉽퍼프"
"quest","78BFDD3A9B996655","12AD9789D962B179","apothic_enchanting.snbt","&5Ender Lead","","","apothic_enchanting:ender_lead","엔더 끈","적용한 제목 정상화","&5엔더 끈"
"quest","78CCD8075249E2B7","26E6ED94168A05C4","productive_bees.snbt","Magmatic + Water","","","productivebees:configurable_honeycomb","벌집","적용한 제목 정상화","마그마틱 + 물"
"quest","78CCD8075249E2B7","26E6ED94168A05C4","productive_bees.snbt","BreezBee","","","productivebees:configurable_honeycomb","벌집","적용한 제목 정상화","BreezBee"
"quest","78D26411B482CD5A","6AEC23C6D526F362","eternal_starlight.snbt","&dStarlit Diamond Shovel","","","eternal_starlight:starlit_diamond_shovel","별빛 다이아몬드 삽","적용한 제목 정상화","&d별빛 다이아몬드 삽"
"quest","78DA970F97002975","22C20C1827FE6805","immersive_engineering.snbt","Storing &bFluids","&b액체 저장 중","","ftbfiltersystem:smart_filter","","적용한 제목 정상화","&b유체 저장"
"quest","78DD2A3DFF6D1613","23983F4DC524B14B","mekanism.snbt","Using everything to turn &2Bio Fuel&r into HDPE","","","mekanism:hdpe_pellet","HDPE 알갱이","적용한 제목 정상화","모든 것을 활용하여 &2바이오 연료&r를 HDPE로 전환"
"quest","78E66F1DE42C747A","12AD9789D962B179","apothic_enchanting.snbt","Infinite &9Echo Shards&r?","","","minecraft:echo_shard","","적용한 제목 정상화","무한한 &9메아리 조각&r?"
"quest","78EC7D19BE24FE06","56B11606F5F4DAB2","mi_digital.snbt","It does not explode","","","modern_industrialization:nuke","핵폭탄","적용한 제목 정상화","폭발하지 않습니다"
"quest","78ECC28DD4BA9696","4C507C004144BFEE","occultism.snbt","Hunting for &dOtherworld&r Materials","&d내세&r 재료를 찾아서","","occultism:divination_rod","점술 막대","적용한 제목 정상화","&d이계&r 재료 사냥"
"quest","78ECC28DD4BA9696","4C507C004144BFEE","occultism.snbt","Tools of the Trade: Divination Rod","거래 도구: 점봉","","occultism:divination_rod","점술 막대","적용한 제목 정상화","거래 도구: 점술 막대"
"quest","78FBB0C88182040E","0B826D13BAD43EEB","draconic_evolution.snbt","Wyvern Projectile Penetration Module","","","draconicevolution:item_wyvern_proj_penetration","와이번 발사체 관통 모듈","적용한 제목 정상화","와이번 발사체 관통 모듈"
"quest","78FEDE6FA4845585","12AD9789D962B179","apothic_enchanting.snbt","&4Negative&r amounts","&c음수 값","","apothic_enchanting:beeshelf","벌 책장","적용한 제목 정상화","&4음수&r 능력치"
"quest","7900A4836CC55428","51A2FE60D8B76FC6","extended__advanced_ae.snbt","Many Molecular Assemblers and Pattern Providers in One Channel","","","extendedae:assembler_matrix_frame","조립기 매트릭스 프레임","적용한 제목 정상화","한 채널에 여러 분자 조립기와 패턴 공급기"
"quest","7900A4836CC55428","51A2FE60D8B76FC6","extended__advanced_ae.snbt","Many Assemblers In One: The Assembler Matrix","","","extendedae:assembler_matrix_frame","조립기 매트릭스 프레임","적용한 제목 정상화","여러 조립기를 하나로: 조립기 매트릭스"
"quest","79110ACAAC8412EA","26E6ED94168A05C4","productive_bees.snbt","Infusion Crafting","","","productivebees:configurable_honeycomb","벌집","적용한 제목 정상화","주입 제작"
"quest","79110ACAAC8412EA","26E6ED94168A05C4","productive_bees.snbt","Tertium Bee","","","productivebees:configurable_honeycomb","벌집","적용한 제목 정상화","터튬 벌"
"quest","792990DC06DB98F9","5103E2D95685ADFF","chapter_2_the_star.snbt","&5&lEternal Starlight","&5&l이터널 스타라이트","","eternal_starlight:book","희미하게 빛나는 서판","적용한 제목 정상화","&5&lEternal Starlight"
"quest","7934873E784C4B3C","23983F4DC524B14B","mekanism.snbt","Tier 4 Ore Processing","","","mekanism:electric_pump","전동 펌프","적용한 제목 정상화","4단계 광석 처리"
"quest","7934873E784C4B3C","23983F4DC524B14B","mekanism.snbt","&7Crystal&f, &7Shard&f, &7Clump&f, ETC","","","mekanism:electric_pump","전동 펌프","적용한 제목 정상화","&7결정&f, &7조각&f, &7덩어리&f, 기타"
"quest","7937DE650CABC1FF","4EEDECACDE8F5A67","oritech.snbt","Runs on furnace fuel","","","oritech:basic_generator_block","기본 발전기","적용한 제목 정상화","화로 연료로 작동"
"quest","7941938014E97A30","26E6ED94168A05C4","productive_bees.snbt","Spawns in the Overworld from Bumble Bee Nests","오버월드의 범블 벌 벌집에서 스폰됩니다","","productivebees:treat_on_a_stick","막대 간식","적용한 제목 정상화","오버월드의 범블 벌 둥지에서 생성됩니다"
"quest","7941938014E97A30","26E6ED94168A05C4","productive_bees.snbt","Bumble Bee","뒤영벌","","productivebees:treat_on_a_stick","막대 간식","적용한 제목 정상화","범블 벌"
"quest","794D6F9B8DB31E7D","76DF5FAA7961E5E7","iron_spells_and_spellbooks.snbt","&bIce Staff","","","irons_spellbooks:ice_staff","얼음 지팡이","적용한 제목 정상화","&b얼음 지팡이"
"quest","7952DA35B4F5C598","23983F4DC524B14B","mekanism.snbt","&bFluid Tanks","","","ftbfiltersystem:smart_filter","","적용한 제목 정상화","&b유체탱크"
"quest","795A860668072830","4293754F9B2D05F0","allthemodium.snbt","&3Vibranium Arcanist Armor","&3바이브라늄 비전술사 갑옷","","ftbfiltersystem:smart_filter","","적용한 제목 정상화","&3Vibranium 비전술사 방어구"
"quest","795B80BF12D23897","0A093D8C4429B627","mekanism_reactors.snbt","Boots","","","mekanism:module_frost_walker_unit","","적용한 제목 정상화","부츠"
"quest","795B80BF12D23897","0A093D8C4429B627","mekanism_reactors.snbt","&bFrost Walker &7Unit","","","mekanism:module_frost_walker_unit","","적용한 제목 정상화","&b차가운 걸음 &7유닛"
"quest","796E922CA69BAE82","15AAF17B6665223D","refined_storage.snbt","&4Mega Disk Interface","","","cabletiers:mega_disk_interface","메가 디스크 인터페이스","적용한 제목 정상화","&4메가 디스크 인터페이스"
"quest","7975C7145572C438","732824E03978A934","mainquestline_part_1.snbt","Our First Pick","우리의 첫 번째 선택","","minecraft:wooden_pickaxe","","적용한 제목 정상화","첫 곡괭이"
"quest","79886D63280DBBF3","0B826D13BAD43EEB","draconic_evolution.snbt","Selective Incineration Module","","","draconicevolution:item_wyvern_junk_filter","선택적 소각 모듈","적용한 제목 정상화","선택적 소각 모듈"
"quest","798B592E956AD28C","4EBB2171D5A3AAAC","forbidden__arcanus.snbt","&b&lRunic Crucible&r","&b&l룬의 도가니&r","","forbidden_arcanus:rune_block","룬 블록","적용한 제목 정상화","&b&l룬 도가니&r"
"quest","7992C63F063BE908","43BB00A7A7E1042C","mahou_tsukai.snbt","&7Scroll of Explosive Mana Condensation","&7「마력폭발의 지팡이」두루마리","","mahoutsukai:powdered_gold","빻은 금","적용한 제목 정상화","&7「폭발성 마력 응축」두루마리"
"quest","799CC9FEEDE471B1","1FAAEF0B9FD05CB9","productive_trees.snbt","Mango + Star Anise","망고 + 스타 아니스","","productivetrees:star_fruit_sapling","스타프루트 묘목","적용한 제목 정상화","망고 + 팔각"
"quest","79A1A63BCE7A541B","24151251C8730F2E","aether.snbt","&bInvisibility Cloak","","","aether:invisibility_cloak","투명 망토","적용한 제목 정상화","&b투명 망토"
"quest","79AD74A863EA43CB","5D045EF1AB73DF70","basic_power.snbt","Storing Power","힘 저장 중","","fluxnetworks:basic_flux_storage","기본 플럭스 저장소","적용한 제목 정상화","전력 저장"
"quest","79AF63E77AD70A93","12AD9789D962B179","apothic_enchanting.snbt","&2&lVanilla&r Max is just the start","바닐라 맥스는 시작일 뿐입니다","","ftbfiltersystem:smart_filter","","적용한 제목 정상화","&2&l바닐라&r 최대치는 시작일 뿐"
"quest","79B03F769746784A","6AEC23C6D526F362","eternal_starlight.snbt","&9Malarite Pickaxe","","","eternal_starlight:malarite_pickaxe","말라라이트 곡괭이","적용한 제목 정상화","&9말라라이트 곡괭이"
"quest","79B33E4691E6CB45","6AEC23C6D526F362","eternal_starlight.snbt","&aFlowglaze Sword","","","eternal_starlight:flowglaze_sword","플로글레이즈 검","적용한 제목 정상화","&a플로글레이즈 검"
"quest","79CA2F401982C04F","26E6ED94168A05C4","productive_bees.snbt","Feed an Arcanus Bee a Rune Block","","","productivebees:configurable_honeycomb","벌집","적용한 제목 정상화","아르카누스 벌에게 룬 블록 먹이기"
"quest","79CA2F401982C04F","26E6ED94168A05C4","productive_bees.snbt","Rune Bee","","","productivebees:configurable_honeycomb","벌집","적용한 제목 정상화","룬 문자 벌"
"quest","79D2617E01481281","07210DDF872160BA","applied_energistics_2.snbt","Certus Quartz","커투스 석영","","ae2:certus_quartz_crystal","서투스 석영 수정","적용한 제목 정상화","서투스 석영"
"quest","79D48F8F31B152C3","193F91842D2ED7D9","industrial_foregoing.snbt","Gotta go fast!","","","industrialforegoing:blue_laser_lens","","적용한 제목 정상화","빨리 가야 해!"
"quest","79D48F8F31B152C3","193F91842D2ED7D9","industrial_foregoing.snbt","&bIndustrial Foregoing &#27AEB9Souls","","","industrialforegoing:blue_laser_lens","","적용한 제목 정상화","&bIndustrial Foregoing &#27AEB9Souls"
"quest","79D6A251FE3761B3","26E6ED94168A05C4","productive_bees.snbt","Lures in a Slimy Bee in a Swamp Biome","늪 생물 군계의 끈적한 벌에 있는 미끼","","productivebees:slimy_nest","점액질 둥지","적용한 제목 정상화","늪 생물 군계에서 슬라임 벌 유인"
"quest","79EC8A49368421BF","76DF5FAA7961E5E7","iron_spells_and_spellbooks.snbt","&6Pyrium","","","irons_spellbooks:pyrium_ingot","파이리움 주괴","적용한 제목 정상화","&6피륨"
"quest","79EF24E396779B9F","4B9D26E0087CD163","basic_tools.snbt","Tier: &f2","티어: &f2","","mekanismtools:lapis_lazuli_pickaxe","청금석 곡괭이","적용한 제목 정상화","등급: &f2"
"quest","79FC674836B6340E","0B826D13BAD43EEB","draconic_evolution.snbt","Draconic Jump Module","","","draconicevolution:item_draconic_jump","드라코닉 점프 모듈","적용한 제목 정상화","드라코닉 점프 모듈"
"quest","7A103577EAE7B3F1","0F96DC3563DA78EF","elmystical_agriculturerr.snbt","&6Awakened Supremium","&6각성된 슈프리뮴","","mysticalagriculture:awakened_supremium_essence","각성 수프레뮴 에센스","적용한 제목 정상화","&6각성 수프레뮴"
"quest","7A16D2EB63359294","6AEC23C6D526F362","eternal_starlight.snbt","&3Aurora Deer","오로라 사슴","","","","적용한 제목 정상화","&3오로라 사슴"
"quest","7A1E3E7E2DF17AD2","22C20C1827FE6805","immersive_engineering.snbt","Ammo for &2&lBuzzsaw&r","&2&l원형 톱&r용 탄약","","ftbfiltersystem:smart_filter","","적용한 제목 정상화","&2&l원형톱&r용 톱날"
"quest","7A2B26CF0EDAA724","26E6ED94168A05C4","productive_bees.snbt","Made in Alloy Smelter","","","productivebees:configurable_honeycomb","벌집","적용한 제목 정상화","합금 제련기에서 제작"
"quest","7A2B26CF0EDAA724","26E6ED94168A05C4","productive_bees.snbt","End Steel Bee","","","productivebees:configurable_honeycomb","벌집","적용한 제목 정상화","엔드 스틸 벌"
"quest","7A3DD8CAD6A5692D","1FAAEF0B9FD05CB9","productive_trees.snbt","Red Delicious Apple + Sugar Maple","레드 딜리셔스 사과 + 설탕 단풍나무","","productivetrees:sweet_crabapple_sapling","스위트 크랩애플 묘목","적용한 제목 정상화","Red Delicious Apple + 설탕단풍나무"
"quest","7A4ABFCD12202A91","0B826D13BAD43EEB","draconic_evolution.snbt","What is Energy or as we call it, OP?","","","draconicevolution:crystal_binder","수정 연결기","적용한 제목 정상화","에너지, 즉 OP란?"
"quest","7A4B51313FB134EA","24151251C8730F2E","aether.snbt","&6Phoenix Armor","","","ftbfiltersystem:smart_filter","","적용한 제목 정상화","&6피닉스 갑옷"
"quest","7A514E27E1A7FE32","1BE666F01EFFC00D","tips_and_tricks.snbt","&l&cBuilding Gadgets&r","&l&c건축 도구&r","","ftbfiltersystem:smart_filter","","적용한 제목 정상화","&l&cBuilding Gadgets&r"
"quest","7A579E233C69871F","5103E2D95685ADFF","chapter_2_the_star.snbt","&b&lHostile Neural Networks","&b&l호스타일 뉴럴 네트워크","","hostilenetworks:blank_data_model","모델 프레임워크","적용한 제목 정상화","&b&lHostile Neural Networks"
"quest","7A615E2A152917AD","73180B829B960E63","generators.snbt","&zRainbow Core","&c무&6지&e개&2빛&3깔&9의&5 &c핵&e심&3부&5","","ironfurnaces:rainbow_core","무지개 코어","적용한 제목 정상화","&z무지개 코어"
"quest","7AD4ED72AC31D912","24151251C8730F2E","aether.snbt","&3Aerwhale","","","","","적용한 제목 정상화","&3에어웨일"
"quest","7AE1459B0B862737","26E6ED94168A05C4","productive_bees.snbt","You just craft it","","","productivebees:configurable_honeycomb","벌집","적용한 제목 정상화","그냥 만드시면 됩니다"
"quest","7AE1459B0B862737","26E6ED94168A05C4","productive_bees.snbt","Time Bee","","","productivebees:configurable_honeycomb","벌집","적용한 제목 정상화","시간 벌"
"quest","7AE3C8134F5ED726","1DB294A8F8686321","storage.snbt","&dStack Upgrade Tier 4","&d4단계 쌓기 기능","","sophisticatedbackpacks:stack_upgrade_tier_4","4단계 스택 업그레이드","적용한 제목 정상화","&d4단계 스택 업그레이드"
"quest","7AE502EDB73BD57A","23983F4DC524B14B","mekanism.snbt","It Crushes Things.","이것은 무언가를 분쇄합니다.","","mekanism:crusher","분쇄기","적용한 제목 정상화","그것은 사물을 분쇄합니다."
"quest","7AE502EDB73BD57A","23983F4DC524B14B","mekanism.snbt","&4&lCrusher","","","mekanism:crusher","분쇄기","적용한 제목 정상화","&4&l분쇄기"
"quest","7AF8567CF8C543F7","6AEC23C6D526F362","eternal_starlight.snbt","&6Thermal Springstone Axe","","","eternal_starlight:thermal_springstone_axe","열기 스프링스톤 도끼","적용한 제목 정상화","&6온천석 도끼"
"quest","7AFEB7A91DC8F413","76A0FBADACAD322B","neo_vitae.snbt","The Apprentice's Orb","","","neovitae:blood_orb_apprentice","","적용한 제목 정상화","수습생의 오브"
"quest","7B0764DDE94E73D0","0A093D8C4429B627","mekanism_reactors.snbt","Advanced Fail Safe","회로 차단기 예시","","mekanismgenerators:fission_reactor_logic_adapter","핵분열로 로직 어댑터","적용한 제목 정상화","고급 안전 장치"
"quest","7B0CE182D3FE3035","26E6ED94168A05C4","productive_bees.snbt","2 tall flowers can be crafted with MA Essence","","","ftbfiltersystem:smart_filter","","적용한 제목 정상화","MA Essence로 키가 큰 꽃 2개를 제작할 수 있습니다."
"quest","7B0CE182D3FE3035","26E6ED94168A05C4","productive_bees.snbt","Craftable flowers","","","ftbfiltersystem:smart_filter","","적용한 제목 정상화","제작 가능한 꽃"
"quest","7B0DFA55B4D8B16D","23983F4DC524B14B","mekanism.snbt","Custom Portals!","사용자 지정 차원문!","","mekanism:teleporter_frame","텔레포터 프레임","적용한 제목 정상화","맞춤형 포털!"
"quest","7B140A034DF1291C","5103E2D95685ADFF","chapter_2_the_star.snbt","&6Mechanical Arm&f or &6Large Advanced Motor","","","ftbfiltersystem:smart_filter","","적용한 제목 정상화","&6기계식 팔&f 또는 &6대형 고급 모터"
"quest","7B1693793419B769","1FAAEF0B9FD05CB9","productive_trees.snbt","Silver Lime + Cherry","은 연두색 + 벚나무","","productivetrees:walnut_sapling","호두나무 묘목","적용한 제목 정상화","은피나무 + 벚나무"
"quest","7B21D2FAD5F3246A","5D8E83698AEF1092","ice__fire.snbt","&b&lIce &fand &cFire&r","","","","","적용한 제목 정상화","&b&lIce &fand &cFire&r"
"quest","7B293C32824033F9","76A0FBADACAD322B","neo_vitae.snbt","Activate the Crystallum Fractura","","","","","적용한 제목 정상화","Crystallum Fractura 활성화"
"quest","7B385FD1CBE02C85","0A093D8C4429B627","mekanism_reactors.snbt","Steam","","","mekanism:basic_chemical_tank","기본 화학 탱크","적용한 제목 정상화","증기"
"quest","7B40A9DAA119DE59","26E6ED94168A05C4","productive_bees.snbt","Crystalline + Neon Cuckoo","결정질 + 네온 뻐꾸기 시계","","productivebees:configurable_honeycomb","벌집","적용한 제목 정상화","결정질 + 네온 뻐꾸기 벌"
"quest","7B4A687EB505C2FF","7732CF7AAA63DB3A","twilight_forest.snbt","&cCarmanite Builders \& Reactors","&c카마나이트 구축기 \\\& 원자로","","twilightforest:carminite_builder","카미나이트 구축기","적용한 제목 정상화","&c카미나이트 구축기 \\\& 반응기"
"quest","7B4AAC741F0A6073","3C78926E5D301BA0","extreme_reactors.snbt","Reactor Control Rods","원자로 제어 막대","","bigreactors:basic_reactorcontrolrod","원자로 제어봉 (기본)","적용한 제목 정상화","원자로 제어봉"
"quest","7B4AF35313D7D779","193F91842D2ED7D9","industrial_foregoing.snbt","Tier: &64","티어: &64","","industrialforegoing:machine_frame_supreme","최고급 기계 프레임","적용한 제목 정상화","등급: &64"
"quest","7B4AF35313D7D779","193F91842D2ED7D9","industrial_foregoing.snbt","&6Supreme Machine Frame","&6최고급 머신 프레임","","industrialforegoing:machine_frame_supreme","최고급 기계 프레임","적용한 제목 정상화","&6최고급 기계 프레임"
"quest","7B5D34650BBD97D9","6AEC23C6D526F362","eternal_starlight.snbt","&5Aethersent","","","eternal_starlight:aethersent_ingot","에테르센트 주괴","적용한 제목 정상화","&5에테르센트"
"quest","7B72CF322A3C985D","26E6ED94168A05C4","productive_bees.snbt","Flux Dust Bee","","","productivebees:configurable_honeycomb","벌집","적용한 제목 정상화","플럭스 더스트 벌"
"quest","7B7F7626FB6813FA","0F96DC3563DA78EF","elmystical_agriculturerr.snbt","Tier: &63","","","mysticalagriculture:phantom_seeds","","적용한 제목 정상화","등급: &63"
"quest","7B937E68FEFBBA98","6AEC23C6D526F362","eternal_starlight.snbt","&dStarlit Diamond Chestplate","","","eternal_starlight:starlit_diamond_chestplate","별빛 다이아몬드 흉갑","적용한 제목 정상화","&d별빛 다이아몬드 흉갑"
"quest","7B9672C4FCFFB887","22C20C1827FE6805","immersive_engineering.snbt","&9Warning Signs Blueprints ","&9위험 경고 표지판 설계도","","immersiveengineering:blueprint","공학자의 설계도","적용한 제목 정상화","&9경고 표지 설계도"
"quest","7B99AA20DC55263C","26E6ED94168A05C4","productive_bees.snbt","Lead + Silver","","","productivebees:configurable_honeycomb","벌집","적용한 제목 정상화","납 + 은"
"quest","7B99AA20DC55263C","26E6ED94168A05C4","productive_bees.snbt","Antimony Bee","","","productivebees:configurable_honeycomb","벌집","적용한 제목 정상화","안티몬 벌"
"quest","7B9F5EEC76FDD0D4","0B826D13BAD43EEB","draconic_evolution.snbt","Draconic Damage Module","","","draconicevolution:item_draconic_damage","드라코닉 피해 모듈","적용한 제목 정상화","드라코닉 피해 모듈"
"quest","7BCD4A425CF6199B","4C507C004144BFEE","occultism.snbt","&#4E2C00Brown Chalk","갈색 분필","","occultism:cruelty_essence","잔혹의 정수","적용한 제목 정상화","&#4E2C00갈색 분필"
"quest","7BECDD4208BB1B24","44F441765D7CB182","auroral.snbt","&aShimmer Soil","","","","","적용한 제목 정상화","&a쉬머 토양"
"quest","7BFB4DA68A7912E5","24151251C8730F2E","aether.snbt","&eAmbrosium","","","aether:ambrosium_shard","암브로슘 조각","적용한 제목 정상화","&e암브로슘"
"quest","7C07D6A33F7ADB02","1DB294A8F8686321","storage.snbt","Backpacks in your Backpacks?","당신의 배낭 안에 배낭이 있나요?","","sophisticatedbackpacks:inception_upgrade","배낭 중첩 업그레이드","적용한 제목 정상화","배낭 속 배낭?"
"quest","7C0F7A1B3AB9A1A1","1DB294A8F8686321","storage.snbt","More Filtering Options","기타 필터링 설정","","sophisticatedbackpacks:advanced_refill_upgrade","고급 보충 업그레이드","적용한 제목 정상화","추가 필터 옵션"
"quest","7C0F7A1B3AB9A1A1","1DB294A8F8686321","storage.snbt","&eAdvanced Refill Upgrade","&e고급 보충 기능","","sophisticatedbackpacks:advanced_refill_upgrade","고급 보충 업그레이드","적용한 제목 정상화","&e고급 보충 업그레이드"
"quest","7C169A4A39F37FAC","26E6ED94168A05C4","productive_bees.snbt","No more shearing.","더 이상 깎을 수 없습니다.","","ftbfiltersystem:smart_filter","","적용한 제목 정상화","이제 가위질은 그만"
"quest","7C3D763CF22D167A","1D42B373285DEF81","silent_gear.snbt","""Enchanting"" Materials","마법 부여 재료","","silentgear:starlight_charger","별빛 충전기","적용한 제목 정상화","재료에 특성 부여"
"quest","7C3F65B5DAC7E57B","11919EBB416B2BD0","relics.snbt","Not all power comes from the light...","엔드 시티와 엔드 함선에서 발견되었습니다","","relics:midnight_mantle","한밤의 망토","적용한 제목 정상화","모든 힘이 빛에서 오는 것은 아닙니다..."
"quest","7C3F65B5DAC7E57B","11919EBB416B2BD0","relics.snbt","&5Midnight Mantle","&d섀도우 글레이브","","relics:midnight_mantle","한밤의 망토","적용한 제목 정상화","&5한밤의 망토"
"quest","7C4E4793DA887DE4","3C78926E5D301BA0","extreme_reactors.snbt","It's not edible... trust me","아니에요 edible... 저를 믿으세요","","alltheores:uranium_ingot","우라늄 주괴","적용한 제목 정상화","먹을 수 있는 게 아니에요... 정말이에요"
"quest","7C4E4793DA887DE4","3C78926E5D301BA0","extreme_reactors.snbt","Welcome to &9Extreme Reactors&r!","&9익스트림 리액터&r에 오신 것을 환영합니다!","","alltheores:uranium_ingot","우라늄 주괴","적용한 제목 정상화","&9Extreme Reactors&r에 오신 것을 환영합니다!"
"quest","7C53F52992EA2064","6AEC23C6D526F362","eternal_starlight.snbt","&4Amaramber Shovel","","","eternal_starlight:amaramber_shovel","아마램버 삽","적용한 제목 정상화","&4아마램버 삽"
"quest","7C54581562D2EA75","0B826D13BAD43EEB","draconic_evolution.snbt","Basic Speed Module","","","draconicevolution:item_draconium_speed","속도 모듈","적용한 제목 정상화","기본 속도 모듈"
"quest","7C5FC2015F1E6DB1","5D8E83698AEF1092","ice__fire.snbt","&8Troll Weapons","","","ftbfiltersystem:smart_filter","","적용한 제목 정상화","&8트롤 무기"
"quest","7C651B90A738323E","26E6ED94168A05C4","productive_bees.snbt","Draconic Fusion Crafting","","","productivebees:configurable_honeycomb","벌집","적용한 제목 정상화","용의 융합 제작"
"quest","7C651B90A738323E","26E6ED94168A05C4","productive_bees.snbt","Awakened Bee","","","productivebees:configurable_honeycomb","벌집","적용한 제목 정상화","각성 벌"
"quest","7C687DCF71D77761","23983F4DC524B14B","mekanism.snbt","&c&lAdvanced Tier","","","mekanism:alloy_infused","주입 합금","적용한 제목 정상화","&c&l고급 등급"
"quest","7C758209D06ED0E3","12AD9789D962B179","apothic_enchanting.snbt","&4Glowing Hellshelf","&4빛나는 지옥장","","apothic_enchanting:glowing_hellshelf","빛나는 지옥 책장","적용한 제목 정상화","&4빛나는 지옥 책장"
"quest","7C7BD54624ED9AC2","0A093D8C4429B627","mekanism_reactors.snbt","Bodyarmor","","","mekanism:module_gravitational_modulating_unit","","적용한 제목 정상화","흉갑"
"quest","7C7BD54624ED9AC2","0A093D8C4429B627","mekanism_reactors.snbt","&dGravitational Modulating &7Unit","","","mekanism:module_gravitational_modulating_unit","","적용한 제목 정상화","&d중력변조 &7유닛"
"quest","7C7C061FC04B89FB","76A0FBADACAD322B","neo_vitae.snbt","Hellforged Steel","","","neovitae:ingot_hellforged","","적용한 제목 정상화","지옥벼림 강철"
"quest","7C8CDD259495A31A","100C477F4E63F20A","create.snbt","&eAndesite Tunnel","","","create:andesite_tunnel","안산암 터널","적용한 제목 정상화","&e안산암 터널"
"quest","7C90008081DEBECA","0731FA8830F28280","apotheosis_gear.snbt","Applying &aGems&r (and others)","","","minecraft:smithing_table","","적용한 제목 정상화","&a보석&r 장착하기 (및 기타)"
"quest","7C94F6AE2A793858","15AAF17B6665223D","refined_storage.snbt","&e1024k Storage Part","","","extradisks:1024k_item_storage_part","1024k 저장 부품","적용한 제목 정상화","&e1024k 저장 부품"
"quest","7C9D9D1C054874A7","12AD9789D962B179","apothic_enchanting.snbt","Without the Enchanting Table of the Raven","","","apothic_enchanting:soul_touched_sculkshelf","영혼에 닿은 스컬크 책장","적용한 제목 정상화","까마귀의 마법 부여대 없이"
"quest","7C9D9D1C054874A7","12AD9789D962B179","apothic_enchanting.snbt","&6&lBest Enchanting set-up","&6최고의 마법 부여 설정","","apothic_enchanting:soul_touched_sculkshelf","영혼에 닿은 스컬크 책장","적용한 제목 정상화","&6&l최고의 마법 부여 설비"
"quest","7CB03F92F9ECEFFB","0731FA8830F28280","apotheosis_gear.snbt","&aSigil of Withdrawal","","","apotheosis:sigil_of_withdrawal","인출의 인장","적용한 제목 정상화","&a인출의 인장"
"quest","7CBAA67204CC258C","13B172FA69904D9F","deeper_and_darker.snbt","&9Warden&r Weapons","","","ftbfiltersystem:smart_filter","","적용한 제목 정상화","&9워든&r 무기"
"quest","7CBAD1047B087803","4EEDECACDE8F5A67","oritech.snbt","Centrifuging a clump gives me gems....?","","","ftbfiltersystem:smart_filter","","적용한 제목 정상화","덩어리를 원심분리하면 보석이 나오는데....?"
"quest","7CBAD1047B087803","4EEDECACDE8F5A67","oritech.snbt","Spinning into gems","","","ftbfiltersystem:smart_filter","","적용한 제목 정상화","보석으로 회전"
"quest","7CBF22CCCF599F26","5D8E83698AEF1092","ice__fire.snbt","&cSiren Flute","","","iceandfire:siren_flute","세이렌 피리","적용한 제목 정상화","&c세이렌 피리"
"quest","7CC49360D07086B8","23983F4DC524B14B","mekanism.snbt","Wireless Power, Gases, Fluids, Everything.","무선 전력, 기체, 액체, 모든 것.","","mekanism:quantum_entangloporter","양자 전송기","적용한 제목 정상화","무선 전력, 가스, 유체, 모든 것."
"quest","7CC49360D07086B8","23983F4DC524B14B","mekanism.snbt","&5Quantum Entangloporters","","","mekanism:quantum_entangloporter","양자 전송기","적용한 제목 정상화","&5양자 엔탱글로포터"
"quest","7CF9A68167ADAD1A","76A0FBADACAD322B","neo_vitae.snbt","A Sluggish Heart Serves No One","","","neovitae:master_core","","적용한 제목 정상화","느린 심장은 누구에게도 쓸모없습니다"
"quest","7D086BC5AC152E27","5D8E83698AEF1092","ice__fire.snbt","&bShiny Scales","","","iceandfire:shiny_scales","빛나는 비늘","적용한 제목 정상화","&b반짝이는 비늘"
"quest","7D159D333B2AC57E","0B826D13BAD43EEB","draconic_evolution.snbt","Now we pray and hope...","","","","","적용한 제목 정상화","이제 성공을 기도할 차례..."
"quest","7D159D333B2AC57E","0B826D13BAD43EEB","draconic_evolution.snbt","Activating the Reactor","","","","","적용한 제목 정상화","원자로 활성화"
"quest","7D279FC39DA5C630","0A093D8C4429B627","mekanism_reactors.snbt","&cSulfur Trioxide&r into &7Hydrofluoric Acid","","","mekanism:rotary_condensentrator","회전 콘덴서","적용한 제목 정상화","&c삼산화황&r을 &7불화수소산으로"
"quest","7D2F41DD9774DDA7","4EEDECACDE8F5A67","oritech.snbt","Transporting items","","","oritech:item_pipe","불투명 아이템 파이프","적용한 제목 정상화","아이템 운송"
"quest","7D359283625C1869","5103E2D95685ADFF","chapter_2_the_star.snbt","&4&lCataclysm","","","","","적용한 제목 정상화","&4&lCataclysm"
"quest","7D68FD0637351E02","6AEC23C6D526F362","eternal_starlight.snbt","&6Thermal Springstone Helmet","","","eternal_starlight:thermal_springstone_helmet","열기 스프링스톤 투구","적용한 제목 정상화","&6온천석 투구"
"quest","7D690A7D0FF6E328","1D42B373285DEF81","silent_gear.snbt","Tier 3 Grader Catalyst","3티어 재료 등급기 촉매","","silentgear:glittery_dust","반짝이는 가루","적용한 제목 정상화","3단계 등급기 촉매제"
"quest","7D7983F39E6E818D","2A6EBEEBAB882679","powah.snbt","Tier: &9Niotic","티어: &9나이오틱","","powah:crystal_niotic","나이오틱 수정","적용한 제목 정상화","등급: &9나이오틱"
"quest","7D7BB45D84A4E94A","24151251C8730F2E","aether.snbt","&3Swet Cape","","","aether:swet_cape","스웨트 망토","적용한 제목 정상화","&3스웨트 망토"
"quest","7D7BD1458CF12021","6AEC23C6D526F362","eternal_starlight.snbt","&5Lunaris Cactus","","","eternal_starlight:lunaris_cactus","루나리스 선인장","적용한 제목 정상화","&5루나리스 선인장"
"quest","7D7DC3C695CD7236","1FAAEF0B9FD05CB9","productive_trees.snbt","Silver Lime + Spruce","은 연두색 + 가문비나무","","productivetrees:ash_sapling","물푸레나무 묘목","적용한 제목 정상화","은피나무 + 가문비나무"
"quest","7D7E4C31DFE59E29","0B826D13BAD43EEB","draconic_evolution.snbt","Wyvern Projectile Damage Module","","","draconicevolution:item_wyvern_proj_damage","와이번 발사체 피해 모듈","적용한 제목 정상화","와이번 발사체 피해 모듈"
"quest","7D972A3C4211EB26","5103E2D95685ADFF","chapter_2_the_star.snbt","&zRainbow Coal","&c무&6지&e개 &2빛&3깔&9의 &5 &c코&e알&3라&5","","ironfurnaces:rainbow_coal","무지개 석탄","적용한 제목 정상화","&z무지개 석탄"
"quest","7DABD82393713B5A","7A5C327771634A7D","building_tips.snbt","&l&cLuminax","&l&c안티블록 다시 다듬기&r","","ftbfiltersystem:smart_filter","","적용한 제목 정상화","&l&cLuminax"
"quest","7DD638E4111D66E7","15AAF17B6665223D","refined_storage.snbt","&8Advanced Storage Housing","","","extradisks:advanced_storage_housing","고급 저장소 하우징","적용한 제목 정상화","&8고급 저장소 하우징"
"quest","7DE2154159D273C3","4293754F9B2D05F0","allthemodium.snbt","&3Vibranium Armor","&3바이브라늄 갑옷","","ftbfiltersystem:smart_filter","","적용한 제목 정상화","&3Vibranium 방어구"
"quest","7E13007340A818C5","1D42B373285DEF81","silent_gear.snbt","Tier 1 Starlight Charger Pillar Cap","1티어 별빛 충전기 기둥 덮개","","silentgear:crimson_steel_block","진홍빛 강철 블록","적용한 제목 정상화","1단계 별빛 충전기 기둥 덮개"
"quest","7E35ED5B30697722","51A2FE60D8B76FC6","extended__advanced_ae.snbt","The Ultimate Quantum Computer","","","advanced_ae:quantum_structure","퀀텀 컴퓨터 구조 유리","적용한 제목 정상화","궁극의 퀀텀 컴퓨터"
"quest","7E373212AE6B27D0","26E6ED94168A05C4","productive_bees.snbt","Infusion Crafting","","","productivebees:configurable_honeycomb","벌집","적용한 제목 정상화","주입 제작"
"quest","7E373212AE6B27D0","26E6ED94168A05C4","productive_bees.snbt","Insanium Bee","","","productivebees:configurable_honeycomb","벌집","적용한 제목 정상화","인사늄 벌"
"quest","7E39FB9F3E973009","193F91842D2ED7D9","industrial_foregoing.snbt","No, it's not a Mekanism Chemical, it's Wither Milk","","","industrialforegoing:ether_gas_bucket","에테르 가스 양동이","적용한 제목 정상화","아니요, Mekanism 화학 물질이 아니라 위더 밀크입니다."
"quest","7E3C84D7FCEC9D52","0A093D8C4429B627","mekanism_reactors.snbt","Splitting 1 Element into 2","","","mekanismgenerators:fission_reactor_casing","핵분열로 케이싱","적용한 제목 정상화","1 요소를 2로 분할"
"quest","7E3C84D7FCEC9D52","0A093D8C4429B627","mekanism_reactors.snbt","&2&lFission Reactor","","","mekanismgenerators:fission_reactor_casing","핵분열로 케이싱","적용한 제목 정상화","&2&l핵분열로"
"quest","7E4367252A39BE6C","5103E2D95685ADFF","chapter_2_the_star.snbt","&c&lPowah","&c&l파와","","powah:dielectric_paste","유전체 페이스트","적용한 제목 정상화","&c&lPowah!"
"quest","7E57964F6AD5B060","26E6ED94168A05C4","productive_bees.snbt","Leafcutter Bee might be Thirsty","","","productivebees:configurable_honeycomb","벌집","적용한 제목 정상화","가위벌은 목이 말랐을 수도 있어요"
"quest","7E57964F6AD5B060","26E6ED94168A05C4","productive_bees.snbt","Tea Bee","","","productivebees:configurable_honeycomb","벌집","적용한 제목 정상화","차 벌"
"quest","7E7637DAD2C242CB","1FAAEF0B9FD05CB9","productive_trees.snbt","European Larch + Spruce","유럽 낙엽송 + 가문비나무","","productivetrees:bull_pine_sapling","폰데로사소나무 묘목","적용한 제목 정상화","유럽잎갈나무 + 가문비나무"
"quest","7E92ED270C67FDE5","2A6EBEEBAB882679","powah.snbt","Starting with Dielectric Mats","유전체 매트 시작","","powah:dielectric_paste","유전체 페이스트","적용한 제목 정상화","유전체 재료부터 시작하기"
"quest","7E9E03274A88347D","1DB294A8F8686321","storage.snbt","&fStack Upgrade Tier 1","&f1단계 쌓기 기능","","sophisticatedbackpacks:stack_upgrade_tier_1","1단계 스택 업그레이드","적용한 제목 정상화","&f1단계 스택 업그레이드"
"quest","7EA218A489641684","193F91842D2ED7D9","industrial_foregoing.snbt","Buuz didn't want this","","","refinedtypes:1k_soul_storage_part","1K 영혼 저장 부품","적용한 제목 정상화","Buuz는 원하지 않았어요"
"quest","7EA218A489641684","193F91842D2ED7D9","industrial_foregoing.snbt","Soul Storage?","","","refinedtypes:1k_soul_storage_part","1K 영혼 저장 부품","적용한 제목 정상화","영혼 저장소?"
"quest","7EB1C1AE52A0027F","0B826D13BAD43EEB","draconic_evolution.snbt","Chaotic Projectile Gravity Compensation Module","","","draconicevolution:item_chaotic_proj_grav_comp","카오틱 발사체 중력 보상 모듈","적용한 제목 정상화","카오틱 발사체 중력 보상 모듈"
"quest","7EB97C0DDE60DED4","0B826D13BAD43EEB","draconic_evolution.snbt","Chaotic Bow","","","draconicevolution:chaotic_bow","카오틱 활","적용한 제목 정상화","카오틱 활"
"quest","7ECA0633AF1AEC19","23983F4DC524B14B","mekanism.snbt","&e&lPrecision Sawmill","","","mekanism:precision_sawmill","정밀 제재기","적용한 제목 정상화","&e&l정밀 제재기"
"quest","7ECE00D12CFC50A4","0A093D8C4429B627","mekanism_reactors.snbt","Meka-Tool","","","mekanism:module_silk_touch_unit","","적용한 제목 정상화","메카툴"
"quest","7ECE00D12CFC50A4","0A093D8C4429B627","mekanism_reactors.snbt","&bSilk Touch &7Unit","","","mekanism:module_silk_touch_unit","","적용한 제목 정상화","&b실크터치 &7유닛"
"quest","7EDBE88A2CFAB353","5C4F10E65D86ED0E","mi_electric.snbt","You'll need many","","","modern_industrialization:assembler","조립기","적용한 제목 정상화","여러 대가 필요합니다"
"quest","7EDF2CC08FC774F9","4B9D26E0087CD163","basic_tools.snbt","&f10 &cAttack Damage","&f10 &c 공격 피해","","mysticalagriculture:prudentium_sword","프루덴튬 검","적용한 제목 정상화","&f10 &c공격 피해"
"quest","7EEEEDD5FF31ACD3","100C477F4E63F20A","create.snbt","&eSmart Chute","","","create:smart_chute","스마트 슈트","적용한 제목 정상화","&e스마트 슈트"
"quest","7EF873DCEB3B9D48","0731FA8830F28280","apotheosis_gear.snbt","&lWorld Tier: &4Pinnacle","","","","","적용한 제목 정상화","&l월드 티어: &4정점"
"quest","7EFBFF5D0DA018E7","1DB294A8F8686321","storage.snbt","Adds a filter for items you want to auto-delete in the backpack.","배낭에서 자동으로 삭제할 아이템에 대한 필터를 추가합니다.","","sophisticatedbackpacks:void_upgrade","제거 업그레이드","적용한 제목 정상화","자동 제거 필터"
"quest","7F007C888C23EC42","12AD9789D962B179","apothic_enchanting.snbt","&5Gem Case","","","apotheosis:gem_case","보석 보관함","적용한 제목 정상화","&5보석 보관함"
"quest","7F09F8F98C13F11B","4C507C004144BFEE","occultism.snbt","Preparing for a Ritual: &6Bowls","의식 준비 중: &6그릇","","ftbfiltersystem:smart_filter","","적용한 제목 정상화","의식 준비: &6그릇"
"quest","7F0B2D58361FB00E","4EAAE0CEB26378A6","justdirethings.snbt","Just Dire Things","오직 다이어 무언가","","","","적용한 제목 정상화","Just Dire Things"
"quest","7F0F7111552F95A9","100C477F4E63F20A","create.snbt","Controlling your &5Train","","","create:controls","열차 조종석","적용한 제목 정상화","&5열차 조종하기"
"quest","7F11ABFB2E21B7E4","4791C8461B1B4D5F","basic_armor.snbt","&l&bBasic Armor&r","&l&b기본 방어구&r","","minecraft:smithing_table","","적용한 제목 정상화","&l&b기본 갑옷&r"
"quest","7F187E291C3D5BA7","2FB24A5A597459FC","railcraft.snbt","Fluid Unloader","액체 언로더","","railcraft:fluid_unloader","유체 하역기","적용한 제목 정상화","유체 하역기"
"quest","7F2D696AC9F4C4E4","11919EBB416B2BD0","relics.snbt","Walk where others sink and command the flow of liquids!","광산 수갱 또는 스트롱홀드에서 발견됨","","relics:cut_glass_boot","세공 유리 장화","적용한 제목 정상화","남들이 가라앉는 곳을 걷고 액체의 흐름을 다루세요!"
"quest","7F2D696AC9F4C4E4","11919EBB416B2BD0","relics.snbt","&bCut Glass Boot","&b매직 미러","","relics:cut_glass_boot","세공 유리 장화","적용한 제목 정상화","&b세공 유리 장화"
"quest","7F4963FCAE5337EC","59395B6806F2A98A","cataclysm.snbt","&bBurning Ashes","&b타오르는 잿더미","","cataclysm:burning_ashes","타오르는 재","적용한 제목 정상화","&b타오르는 재"
"quest","7F67849DE9F700D8","73180B829B960E63","generators.snbt","&2Augment&r: Speed","&2증강&r: 속도","","ironfurnaces:augment_speed","속도 증강","적용한 제목 정상화","&2속도 증강&r"
"quest","7F6B66566C211735","0E81CBCD6B1D1895","apotheosis_2.snbt","Health","체력","","apotheosis:initial_health_spawner_rune","","적용한 제목 정상화","초기 체력"
"quest","7F757CD6F8C57733","0B826D13BAD43EEB","draconic_evolution.snbt","Draconic Power Storage","","","draconicevolution:energy_core","에너지 코어","적용한 제목 정상화","드라코닉 에너지 저장소"
"quest","7F757CD6F8C57733","0B826D13BAD43EEB","draconic_evolution.snbt","Energy Core Mulitblock","","","draconicevolution:energy_core","에너지 코어","적용한 제목 정상화","에너지 코어 멀티블록"
"quest","7F7ED94590B5B857","43BB00A7A7E1042C","mahou_tsukai.snbt","&eSpells&r on the go!","&e이동 중에도 마법을!&r","","mahoutsukai:spell_cloth","양피지","적용한 제목 정상화","휴대하는 &e주문&r!"
"quest","7F8E50FA436DB4E6","100C477F4E63F20A","create.snbt","&dEncased Chain Drives","","","create:encased_chain_drive","케이싱 체인 드라이브","적용한 제목 정상화","&d케이싱 체인 드라이브"
"quest","7FA9EA93602A98EC","5D8E83698AEF1092","ice__fire.snbt","&cFire Dragon Roost","","","","","적용한 제목 정상화","&c화염 드래곤 둥지"
"quest","7FBB431AC055FE93","6AEC23C6D526F362","eternal_starlight.snbt","&7Soulit Spectator","","","eternal_starlight:soulit_spectator","영혼빛 관측기","적용한 제목 정상화","&7소울릿 관찰자"
"quest","7FBD51663C1A711A","6AEC23C6D526F362","eternal_starlight.snbt","&4Amaramber Sword","","","eternal_starlight:amaramber_sword","아마램버 검","적용한 제목 정상화","&4아마램버 검"
"quest","7FD3C1784F32F2AF","26E6ED94168A05C4","productive_bees.snbt","Chaotic Fusion Crafting","","","productivebees:configurable_honeycomb","벌집","적용한 제목 정상화","혼돈의 융합 제작"
"quest","7FD3C1784F32F2AF","26E6ED94168A05C4","productive_bees.snbt","Chaos Bee","","","productivebees:configurable_honeycomb","벌집","적용한 제목 정상화","혼돈 벌"
"quest","7FE5864E59D7B827","5C4F10E65D86ED0E","mi_electric.snbt","Basic building block","","","modern_industrialization:basic_machine_hull","기본 기계 외피","적용한 제목 정상화","기본 구성 요소"
"quest","7FE969CB4B419FC6","5D045EF1AB73DF70","basic_power.snbt","&9Mekanism: &6Quantum Entangloporter","&9Mekanism: &6퀀텀 전송기","","mekanism:quantum_entangloporter","양자 전송기","적용한 제목 정상화","&9Mekanism: &6양자 전송기"
"quest","7FF3EA602FE7A546","13B172FA69904D9F","deeper_and_darker.snbt","&3Sculk Transmitter","","","deeperdarker:sculk_transmitter","스컬크 송신기","적용한 제목 정상화","&3스컬크 송신기"
"task","00A904FBEDE80712","7A5C327771634A7D","building_tips.snbt","Macaw's Roofs","마카우의 지붕","","ftbfiltersystem:smart_filter","","적용한 제목 정상화","Macaw's Roofs"
"task","00B0A3B14DEB34B9","4EAAE0CEB26378A6","justdirethings.snbt","Hybrid Upgrades","","","","","적용한 제목 정상화","혼합 업그레이드"
"task","00C6A5CB44392D7E","76DF5FAA7961E5E7","iron_spells_and_spellbooks.snbt","AllRightsReserved","AllRightsReserved","","","","적용한 제목 정상화","모든 권리 보유"
"task","01063DC98BCE5A91","59395B6806F2A98A","cataclysm.snbt","The Cataclysmfarer","","","","","적용한 제목 정상화","대격변의 여행자"
"task","011F410922A4D859","0F96DC3563DA78EF","elmystical_agriculturerr.snbt","Scythes","낫","","ftbfiltersystem:smart_filter","","적용한 제목 정상화","대낫"
"task","0138936FB4DD8A88","7A5C327771634A7D","building_tips.snbt","Chipped Workbenches","","","ftbfiltersystem:smart_filter","","적용한 제목 정상화","Chipped 작업대"
"task","022D9FAD58AEE2C8","7A5C327771634A7D","building_tips.snbt","Lumanix Blocks","","","ftbfiltersystem:smart_filter","","적용한 제목 정상화","Luminax 블록"
"task","02E980A373B13092","7A5C327771634A7D","building_tips.snbt","Kitchen Set","","","ftbfiltersystem:smart_filter","","적용한 제목 정상화","주방 세트"
"task","036759CF4EEFFC7D","4C507C004144BFEE","occultism.snbt","AllRightsReserved","AllRightsReserved","","","","적용한 제목 정상화","모든 권리 보유"
"task","03982D782B426ABB","4EAAE0CEB26378A6","justdirethings.snbt","AllRightsReserved","AllRightsReserved","","","","적용한 제목 정상화","모든 권리 보유"
"task","03ACF4486D706DEE","4293754F9B2D05F0","allthemodium.snbt","Vibranium Armor","바이브라늄 갑옷","","ftbfiltersystem:smart_filter","","적용한 제목 정상화","Vibranium 방어구"
"task","03AE084C781CBA31","2FB24A5A597459FC","railcraft.snbt","Track Kits","궤도 키트","","ftbfiltersystem:smart_filter","","적용한 제목 정상화","선로 키트"
"task","03C590DB786810FB","23983F4DC524B14B","mekanism.snbt","Energy Cubes","","","ftbfiltersystem:smart_filter","","적용한 제목 정상화","에너지 큐브"
"task","03EB390E79866058","6AEDA2F9BEB57759","ars_nouveau.snbt","Sourcestones","마나 돌","","ars_nouveau:sourcestone","마나 돌","적용한 제목 정상화",""
"task","0446B7C6DBB5DDF9","4C507C004144BFEE","occultism.snbt","Golden Ritual Bowls","","","ftbfiltersystem:smart_filter","","적용한 제목 정상화","황금 희생의 그릇"
"task","05256FE880D981D5","4293754F9B2D05F0","allthemodium.snbt","Vibranium Tools","바이브라늄 도구","","ftbfiltersystem:smart_filter","","적용한 제목 정상화","Vibranium 도구"
"task","05A43D4098C30ED1","4C507C004144BFEE","occultism.snbt","Eldritch Chalices","","","ftbfiltersystem:smart_filter","","적용한 제목 정상화","섬뜩한 성배"
"task","065E5450AC87F1D5","26E6ED94168A05C4","productive_bees.snbt","Ancient Comb","고대 벌집","","productivebees:configurable_honeycomb","벌집","적용한 제목 정상화",""
"task","0740BC10E4D2568F","7A5C327771634A7D","building_tips.snbt","Regions Unexplored Stones","리전스 언익스플로어드 돌","","ftbfiltersystem:smart_filter","","적용한 제목 정상화","Regions Unexplored 돌"
"task","079FEE70B6D6944F","24151251C8730F2E","aether.snbt","Gravitite Tools","","","ftbfiltersystem:smart_filter","","적용한 제목 정상화","그래비타이트 도구"
"task","0837FA64B9C50048","22C20C1827FE6805","immersive_engineering.snbt","Ammo for Buzzsaw","원형 톱용 탄약","","ftbfiltersystem:smart_filter","","적용한 제목 정상화","원형톱용 톱날"
"task","086992D773D34C15","15AAF17B6665223D","refined_storage.snbt","Fortune Upgrades","","","ftbfiltersystem:smart_filter","","적용한 제목 정상화","행운 업그레이드"
"task","0896EE64F92CCD86","7A5C327771634A7D","building_tips.snbt","Macaw's Doors","Macaw's 문","","ftbfiltersystem:smart_filter","","적용한 제목 정상화","Macaw's Doors"
"task","08DA73B1AC17E5F5","07210DDF872160BA","applied_energistics_2.snbt","Crafting Storage","조합법 저장고","","ftbfiltersystem:smart_filter","","적용한 제목 정상화","제작 저장소"
"task","08F68CC089765088","56B11606F5F4DAB2","mi_digital.snbt","Bypass Trick","","","","","적용한 제목 정상화","우회 요령"
"task","09788D3638E59F3B","23983F4DC524B14B","mekanism.snbt","Tier Installers","","","ftbfiltersystem:smart_filter","","적용한 제목 정상화","등급 설치기"
"task","09C7E50E7E13C53C","2A6EBEEBAB882679","powah.snbt","AllRightsReserved","AllRightsReserved","","","","적용한 제목 정상화","모든 권리 보유"
"task","0A77407CE9055F04","26E6ED94168A05C4","productive_bees.snbt","Sweat Bee","땀샘 꿀벌","","","","적용한 제목 정상화","땀 벌"
"task","0AD8AC7ECCD8002A","6AEC23C6D526F362","eternal_starlight.snbt","AllRightsReserved","AllRightsReserved","","","","적용한 제목 정상화","모든 권리 보유"
"task","0B54EDC9E21F2E77","5E31DF282998B992","pneumaticcraft.snbt","Logistics Frames","로지스틱 틀","","ftbfiltersystem:smart_filter","","적용한 제목 정상화","물류 프레임"
"task","0BAEC53DD32C9870","7A5C327771634A7D","building_tips.snbt","Productive Trees Logs","프로덕티브 트리 통나무","","ftbfiltersystem:smart_filter","","적용한 제목 정상화","Productive Trees 원목"
"task","0BFAF56214875C90","4293754F9B2D05F0","allthemodium.snbt","Allthemodium Mage Armor","올더모듐 마법사 갑옷","","ftbfiltersystem:smart_filter","","적용한 제목 정상화","Allthemodium 마법사 방어구"
"task","0D1F556618F008B4","7A5C327771634A7D","building_tips.snbt","Eternal Starlight Metals","","","ftbfiltersystem:smart_filter","","적용한 제목 정상화","Eternal Starlight 금속"
"task","0E7E336483AFA69C","4293754F9B2D05F0","allthemodium.snbt","Vibranium Mage Armor","비브라늄 마법사 갑옷","","ftbfiltersystem:smart_filter","","적용한 제목 정상화","Vibranium 마법사 방어구"
"task","0ED255BCB75ECCF1","7A5C327771634A7D","building_tips.snbt","Crystalix Glass","","","ftbfiltersystem:smart_filter","","적용한 제목 정상화","Crystalix 유리"
"task","0EE813C344409F59","4C507C004144BFEE","occultism.snbt","Candles","초","","ftbfiltersystem:smart_filter","","적용한 제목 정상화","양초"
"task","0F2BCC279B5731AB","26E6ED94168A05C4","productive_bees.snbt","Amethyst Comb","자수정 벌집","","productivebees:configurable_honeycomb","벌집","적용한 제목 정상화",""
"task","10037D5225C2D20E","4C507C004144BFEE","occultism.snbt","Iesnium Ritual Bowls","","","ftbfiltersystem:smart_filter","","적용한 제목 정상화","이에스늄 의식 그릇"
"task","103C42C743E2A2DB","5B00676D79306EA2","welcome.snbt","Claiming Chunks","청크 소유권 주장","","","","적용한 제목 정상화","청크 소유"
"task","11151860F09B78E1","0A093D8C4429B627","mekanism_reactors.snbt","&eQIO Drives","","","ftbfiltersystem:smart_filter","","적용한 제목 정상화","&eQIO 드라이브"
"task","11741300813AF742","2FB24A5A597459FC","railcraft.snbt","AllRightsReserved","AllRightsReserved","","","","적용한 제목 정상화","All Rights Reserved"
"task","119E1CF7C351F939","44F441765D7CB182","auroral.snbt","AllRightsReserved","","","","","적용한 제목 정상화","AllRightsReserved"
"task","11EF7663818B6CC6","23983F4DC524B14B","mekanism.snbt","Bins","","","ftbfiltersystem:smart_filter","","적용한 제목 정상화","단일 아이템 창고"
"task","121A74E938A0320C","25344A9254E02C8E","mi_endgame.snbt","UU Matter","","","","","적용한 제목 정상화","UU 물질"
"task","1230A5C0C9D1A0CF","5103E2D95685ADFF","chapter_2_the_star.snbt","Upgrades","","","ftbfiltersystem:smart_filter","","적용한 제목 정상화","업그레이드"
"task","12433760FD40CB3A","5C4F10E65D86ED0E","mi_electric.snbt","Read this carefully","","","","","적용한 제목 정상화","주의 깊게 읽으세요"
"task","1256A95F7D5C782F","48410B67C276ED1F","bumblezone.snbt","Productive Bees Comb Blocks","프로덕티브 비 벌집 블록","","ftbfiltersystem:smart_filter","","적용한 제목 정상화","Productive Bees 벌집 조각 블록"
"task","12A2CE1C3AE8A033","26E6ED94168A05C4","productive_bees.snbt","Blue Banded Bee","파란띠무늬벌","","","","적용한 제목 정상화","파란색 줄무늬 벌"
"task","1324F3940041C73D","24151251C8730F2E","aether.snbt","Zanite Armor","","","ftbfiltersystem:smart_filter","","적용한 제목 정상화","자나이트 갑옷"
"task","13FF4A021BBF1451","51A2FE60D8B76FC6","extended__advanced_ae.snbt","Infinity Cells","","","ftbfiltersystem:smart_filter","","적용한 제목 정상화","무한 셀"
"task","1489DD401D237541","5C4F10E65D86ED0E","mi_electric.snbt","Electricity","","","","","적용한 제목 정상화","전기"
"task","14DEFFB80CC96BC1","07210DDF872160BA","applied_energistics_2.snbt","ME Dense Covered Cables","ME 조밀 차폐 케이블","","ftbfiltersystem:smart_filter","","적용한 제목 정상화","ME 조밀한 피복 케이블"
"task","151AF2F49AAEBBDA","0A093D8C4429B627","mekanism_reactors.snbt","&aInduction Cells","","","ftbfiltersystem:smart_filter","","적용한 제목 정상화","&a유도 셀"
"task","15698B55CCAD2433","7A72E12C3839D165","natures_aura.snbt","AllRightsReserved","AllRightsReserved","","","","적용한 제목 정상화","모든 권리 보유"
"task","1597F6606C34FDB5","24151251C8730F2E","aether.snbt","Obsidian Armor","","","ftbfiltersystem:smart_filter","","적용한 제목 정상화","흑요석 갑옷"
"task","166BA23E49F6DCD6","69299302373C4CBC","integrated_dynamics.snbt","Importers","투입기","","ftbfiltersystem:smart_filter","","적용한 제목 정상화","입력기"
"task","16E5E87F1CAC042A","23983F4DC524B14B","mekanism.snbt","Chemical Tanks","","","ftbfiltersystem:smart_filter","","적용한 제목 정상화","화학 탱크"
"task","16EF7FF802D5A2BB","7A5C327771634A7D","building_tips.snbt","Framed Blocks","프레임 블록","","ftbfiltersystem:smart_filter","","적용한 제목 정상화","FramedBlocks"
"task","1709A45C149125F1","4C507C004144BFEE","occultism.snbt","AllRightsReserved","AllRightsReserved","","","","적용한 제목 정상화","모든 권리 보유"
"task","17B0E19125FCFA1A","26E6ED94168A05C4","productive_bees.snbt","Glowing Comb","발광하는 벌집","","productivebees:configurable_honeycomb","벌집","적용한 제목 정상화",""
"task","17C7DC04BC22C0D7","26E6ED94168A05C4","productive_bees.snbt","Tin Comb","주석 벌집","","productivebees:configurable_honeycomb","벌집","적용한 제목 정상화",""
"task","17F07D6404668DE6","2A6EBEEBAB882679","powah.snbt","Energizing Rods","에너자이징 막대","","ftbfiltersystem:smart_filter","","적용한 제목 정상화","에너지 주입 막대"
"task","181135E3A83C5B9E","26E6ED94168A05C4","productive_bees.snbt","Zinc Comb","아연 벌집","","productivebees:configurable_honeycomb","벌집","적용한 제목 정상화",""
"task","1817E18CF4034F52","26E6ED94168A05C4","productive_bees.snbt","Weather Tolerance Genes","","","ftbfiltersystem:smart_filter","","적용한 제목 정상화","날씨 내성 유전자"
"task","1854DDA036C8A2BA","51A2FE60D8B76FC6","extended__advanced_ae.snbt","Entro Seeds/Combs","","","ftbfiltersystem:smart_filter","","적용한 제목 정상화","엔트로 씨앗/벌집 조각"
"task","1884D3DA3CCC1439","48410B67C276ED1F","bumblezone.snbt","AllRightsReserved","AllRightsReserved","","","","적용한 제목 정상화","모든 권리 보유"
"task","18DA9065596F9097","4B9D26E0087CD163","basic_tools.snbt","Modded Metal Iron Pickaxes","모드가 적용된 금속 철 곡괭이","","ftbfiltersystem:smart_filter","","적용한 제목 정상화","모드 추가 금속 곡괭이"
"task","194776374F591632","100C477F4E63F20A","create.snbt","Postboxes","","","ftbfiltersystem:smart_filter","","적용한 제목 정상화","우편함"
"task","194C02E800F974D6","4293754F9B2D05F0","allthemodium.snbt","Vibranium Arcanist Armor","바이브라늄 비전술사 갑옷","","ftbfiltersystem:smart_filter","","적용한 제목 정상화","Vibranium 비전술사 방어구"
"task","198A217D6A4C951C","0D990A1D1E088701","mi_steam.snbt","Villager Trades","","","","","적용한 제목 정상화","주민 거래"
"task","19931057AAC1A03A","4EAAE0CEB26378A6","justdirethings.snbt","AllRightsReserved","AllRightsReserved","","","","적용한 제목 정상화","모든 권리 보유"
"task","19E660235EADB8AA","1BE666F01EFFC00D","tips_and_tricks.snbt","Keybind Bundles","","","","","적용한 제목 정상화","단축키 묶음"
"task","1AD43F80F89DF9D9","7A5C327771634A7D","building_tips.snbt","Oh The Biomes We've Gone Stones","오 더 바이옴스 위브 곤 돌","","ftbfiltersystem:smart_filter","","적용한 제목 정상화","Oh The Biomes We've Gone 돌"
"task","1B927BD83D40F37D","51A2FE60D8B76FC6","extended__advanced_ae.snbt","Non-Entro Things","","","","","적용한 제목 정상화","엔트로 결정이 필요 없는 항목"
"task","1BA8C5F08A824C08","7A5C327771634A7D","building_tips.snbt","Macaw's Lights and Lamps","마카우의 조명과 전등","","ftbfiltersystem:smart_filter","","적용한 제목 정상화","Macaw's Lights and Lamps"
"task","1C7C0F345759111C","69299302373C4CBC","integrated_dynamics.snbt","Exporters","수출기","","ftbfiltersystem:smart_filter","","적용한 제목 정상화","출력기"
"task","1E77B21EA9F2E9A7","2FB24A5A597459FC","railcraft.snbt","Fueled Fireboxes","연료가 공급된 파이어박스","","ftbfiltersystem:smart_filter","","적용한 제목 정상화","연료가 공급된 화실"
"task","1EFD3D7C04F9682A","0B826D13BAD43EEB","draconic_evolution.snbt","Quests By AllTheMods","","","","","적용한 제목 정상화","AllTheMods의 퀘스트"
"task","1F073FD0F4A296A3","0731FA8830F28280","apotheosis_gear.snbt","Apothic Gateways","","","ftbfiltersystem:smart_filter","","적용한 제목 정상화","아포틱 게이트웨이"
"task","1F1A69738DE70DB6","193F91842D2ED7D9","industrial_foregoing.snbt","The Mycelial Reactor","균사 리액터","","","","적용한 제목 정상화","균사 반응기"
"task","1FE598387B609AE5","5C4F10E65D86ED0E","mi_electric.snbt","Electricity Transfer","","","","","적용한 제목 정상화","전기 전송"
"task","20374000F8ADE952","7A5C327771634A7D","building_tips.snbt","Macaw's Trapdoors","Macaw의 다락문","","ftbfiltersystem:smart_filter","","적용한 제목 정상화","Macaw's Trapdoors"
"task","20BE26C2CE1F9749","4B9D26E0087CD163","basic_tools.snbt","Supremium Pickaxes","","","ftbfiltersystem:smart_filter","","적용한 제목 정상화","수프리뮴 곡괭이"
"task","225F53F8A0E9E822","7A5C327771634A7D","building_tips.snbt","Cooking for Blockheads","멍청이도 가능한 요리","","ftbfiltersystem:smart_filter","","적용한 제목 정상화","Cooking for Blockheads"
"task","24893D6EDE0BD819","0E81CBCD6B1D1895","apotheosis_2.snbt","Mob Charm Fragments","","","ftbfiltersystem:smart_filter","","적용한 제목 정상화","몹 부적 조각"
"task","2510A7EE5D886B63","6AEC23C6D526F362","eternal_starlight.snbt","AllRightsReserved","AllRightsReserved","","","","적용한 제목 정상화","모든 권리 보유"
"task","259A95D0B50071E9","44F441765D7CB182","auroral.snbt","Shimmersteel Weapons","","","ftbfiltersystem:smart_filter","","적용한 제목 정상화","쉬머스틸 무기"
"task","2606DDF2AE263B42","2FB24A5A597459FC","railcraft.snbt","Track Kits","궤도 키트","","ftbfiltersystem:smart_filter","","적용한 제목 정상화","선로 키트"
"task","263F0E416A8E1110","26E6ED94168A05C4","productive_bees.snbt","Copper Comb","구리 벌집","","productivebees:configurable_honeycomb","벌집","적용한 제목 정상화",""
"task","2687A493F6A78164","4EEDECACDE8F5A67","oritech.snbt","Gems","","","ftbfiltersystem:smart_filter","","적용한 제목 정상화","보석"
"task","279AB1DAAFD60C52","1BE666F01EFFC00D","tips_and_tricks.snbt","Disenchantment Methods","","","ftbfiltersystem:smart_filter","","적용한 제목 정상화","마법 해제 방법"
"task","2828B5EAFCCB03E0","7A5C327771634A7D","building_tips.snbt","Bathroom Set","","","ftbfiltersystem:smart_filter","","적용한 제목 정상화","욕실 세트"
"task","2923D1E2BEAF94B0","07210DDF872160BA","applied_energistics_2.snbt","Additional Guides","","","","","적용한 제목 정상화","추가 가이드"
"task","293E660E52F15F10","7A5C327771634A7D","building_tips.snbt","Outdoor Set","","","ftbfiltersystem:smart_filter","","적용한 제목 정상화","야외 세트"
"task","299DE26FF7293F34","26E6ED94168A05C4","productive_bees.snbt","Electrum Comb","호박금 벌집","","productivebees:configurable_honeycomb","벌집","적용한 제목 정상화",""
"task","29DBFBE510B1C291","44F441765D7CB182","auroral.snbt","Shimmerweave Armor","","","ftbfiltersystem:smart_filter","","적용한 제목 정상화","쉬머위브 방어구"
"task","2A7CD3F14D3DC7C5","4293754F9B2D05F0","allthemodium.snbt","Unobtainium Armor","언옵테이니움 갑옷","","ftbfiltersystem:smart_filter","","적용한 제목 정상화","Unobtainium 방어구"
"task","2AE89914A34BF3AD","1D42B373285DEF81","silent_gear.snbt","Fire Bricks or Foundry Windows","","","ftbfiltersystem:smart_filter","","적용한 제목 정상화","내화 벽돌 또는 주조소 창"
"task","2AE8A0F6A6C2D453","0B826D13BAD43EEB","draconic_evolution.snbt","Quests By AllTheMods","","","","","적용한 제목 정상화","AllTheMods의 퀘스트"
"task","2AEFA81B8D7EB62B","15AAF17B6665223D","refined_storage.snbt","AllRightsReserved","","","","","적용한 제목 정상화","AllRightsReserved"
"task","2BC0F5A88E2F03C3","6AEDA2F9BEB57759","ars_nouveau.snbt","Archwood Logs","아치나무 통나무","","ftbfiltersystem:smart_filter","","적용한 제목 정상화","아크우드 통나무"
"task","2BDE62E061949965","24151251C8730F2E","aether.snbt","Gravitite Armor","","","ftbfiltersystem:smart_filter","","적용한 제목 정상화","그래비타이트 갑옷"
"task","2C1B1D314E190B80","23983F4DC524B14B","mekanism.snbt","Personal Storage","","","ftbfiltersystem:smart_filter","","적용한 제목 정상화","개인용 저장소"
"task","2C5C6F411E2F0CAF","4C507C004144BFEE","occultism.snbt","Any #c:dusts/netherite","어떤 #c:dusts/netherite","","ftbfiltersystem:smart_filter","","적용한 제목 정상화","#c:dusts/netherite 중 아무거나"
"task","2CC38211F4C54ED8","26E6ED94168A05C4","productive_bees.snbt","Draconic Comb","드라코닉 벌집","","productivebees:configurable_honeycomb","벌집","적용한 제목 정상화",""
"task","2DA0BD7B2834A560","0F96DC3563DA78EF","elmystical_agriculturerr.snbt","Witherproof Blocks","위더프루프 블록","","ftbfiltersystem:smart_filter","","적용한 제목 정상화","위더 방호 블록"
"task","2E3BC536B8A9FD91","4293754F9B2D05F0","allthemodium.snbt","Unobtainium Mage Armor","언옵테늄 마법사 갑옷","","ftbfiltersystem:smart_filter","","적용한 제목 정상화","Unobtainium 마법사 방어구"
"task","2EA19C4E46380CDA","26E6ED94168A05C4","productive_bees.snbt","RuBee Comb","루비 벌집","","productivebees:configurable_honeycomb","벌집","적용한 제목 정상화",""
"task","2F94B8FED9BF6698","7A5C327771634A7D","building_tips.snbt","Macaw's Holidays","마카우의 휴일","","ftbfiltersystem:smart_filter","","적용한 제목 정상화","Macaw's Holidays"
"task","30933620783092A5","7A5C327771634A7D","building_tips.snbt","Macaw's Furniture","Macaw의 가구","","ftbfiltersystem:smart_filter","","적용한 제목 정상화","Macaw's Furniture"
"task","30B72EDF37727F5E","26E6ED94168A05C4","productive_bees.snbt","Endurance Genes","","","ftbfiltersystem:smart_filter","","적용한 제목 정상화","지구력 유전자"
"task","31290830C6767E5B","4C507C004144BFEE","occultism.snbt","Stable Wormholes","","","ftbfiltersystem:smart_filter","","적용한 제목 정상화","안정된 웜홀"
"task","31BE41B971794377","0D990A1D1E088701","mi_steam.snbt","Steel Age","","","","","적용한 제목 정상화","강철 시대"
"task","31C72EBA091270E7","0731FA8830F28280","apotheosis_gear.snbt","AllRightsReserved","","","","","적용한 제목 정상화","저작권 고지 확인"
"task","3282910297C28795","2A6EBEEBAB882679","powah.snbt","AllRightsReserved","AllRightsReserved","","","","적용한 제목 정상화","모든 권리 보유"
"task","32CB6A7BC1AB644E","7A5C327771634A7D","building_tips.snbt","Simply Light","심플리 라이트","","ftbfiltersystem:smart_filter","","적용한 제목 정상화","Simply Light"
"task","339A5D32CC00D60C","007B547630FF0478","theurgy.snbt","AllRightsReserved","AllRightsReserved","","","","적용한 제목 정상화","모든 권리 보유"
"task","345245C32DB7B4D4","26E6ED94168A05C4","productive_bees.snbt","Redstone Comb","레드스톤 벌집","","productivebees:configurable_honeycomb","벌집","적용한 제목 정상화",""
"task","34551E919FD101CF","0F96DC3563DA78EF","elmystical_agriculturerr.snbt","Imperium Tools","임페리움 도구","","ftbfiltersystem:smart_filter","","적용한 제목 정상화","임퍼륨 도구"
"task","348A7E3E3A3D324E","4C507C004144BFEE","occultism.snbt","Yes, I've read this and totally won't forget it!","네, 저는 이것을 읽었고 절대 잊지 않을 것입니다!","","","","적용한 제목 정상화","네, 이 글을 읽었고 절대 잊지 못할 거예요!"
"task","3490AE43AD653256","2FB24A5A597459FC","railcraft.snbt","Turnout Tracks","분기점 트랙","","ftbfiltersystem:smart_filter","","적용한 제목 정상화","분기 선로"
"task","34C16667CDF3E53A","26E6ED94168A05C4","productive_bees.snbt","CuBee","큐비","","","","적용한 제목 정상화","CuBee"
"task","35320BB07FB39D05","5712300EF4E5E846","pylons.snbt","AllRightsReserved","AllRightsReserved","","","","적용한 제목 정상화","모든 권리 보유"
"task","3614AAEC0B41CFF6","24151251C8730F2E","aether.snbt","Zanite Weapons","","","ftbfiltersystem:smart_filter","","적용한 제목 정상화","자나이트 무기"
"task","3621D48E2CFAF2C2","4C507C004144BFEE","occultism.snbt","Any #c:wools","어떤 #c:wools","","ftbfiltersystem:smart_filter","","적용한 제목 정상화","#c:wools 중 아무거나"
"task","363BADA865C39474","0A093D8C4429B627","mekanism_reactors.snbt","AllRightsReserved","AllRightsReserved","","","","적용한 제목 정상화","모든 권리 보유"
"task","3644541F6AAB5206","24151251C8730F2E","aether.snbt","Phoenix Armor","","","ftbfiltersystem:smart_filter","","적용한 제목 정상화","피닉스 갑옷"
"task","36B9FB74D9BF26E4","23983F4DC524B14B","mekanism.snbt","Thermodynamic Conductors","","","ftbfiltersystem:smart_filter","","적용한 제목 정상화","열역학 전도체"
"task","37F2D13F6E593C1E","24151251C8730F2E","aether.snbt","Zanite Tools","","","ftbfiltersystem:smart_filter","","적용한 제목 정상화","자나이트 도구"
"task","382933BEE2BCBD64","2FB24A5A597459FC","railcraft.snbt","Tunnel Bore Heads","터널 보어 헤드","","ftbfiltersystem:smart_filter","","적용한 제목 정상화","터널 굴착기 헤드"
"task","38E290AC5E011888","07210DDF872160BA","applied_energistics_2.snbt","ME Dense Smart Cables","ME 조밀 스마트 케이블","","ftbfiltersystem:smart_filter","","적용한 제목 정상화","ME 조밀한 스마트 케이블"
"task","395D321BFFDB098A","2FB24A5A597459FC","railcraft.snbt","Junction Tracks","정션 선로","","ftbfiltersystem:smart_filter","","적용한 제목 정상화","교차 선로"
"task","3A76350DDF5A318D","51A2FE60D8B76FC6","extended__advanced_ae.snbt","Advanced Pattern Providers","","","ftbfiltersystem:smart_filter","","적용한 제목 정상화","고급 패턴 공급기"
"task","3A9C5AE548810FA6","4C507C004144BFEE","occultism.snbt","Sacrificial Bowls","","","ftbfiltersystem:smart_filter","","적용한 제목 정상화","희생의 그릇"
"task","3AB6845819FF686F","100C477F4E63F20A","create.snbt","Cardboard Packages","","","ftbfiltersystem:smart_filter","","적용한 제목 정상화","골판지 소포"
"task","3ABFFD6FFEB2E8F4","26E6ED94168A05C4","productive_bees.snbt","Gene Samples","","","ftbfiltersystem:smart_filter","","적용한 제목 정상화","유전자 샘플"
"task","3AC95E8DC4229D17","4EAAE0CEB26378A6","justdirethings.snbt","Just Dire Things","오직 다이어 무언가","","","","적용한 제목 정상화","Just Dire Things"
"task","3B219688DA1CF9C8","0E81CBCD6B1D1895","apotheosis_2.snbt","AllRightsReserved","AllRightsReserved","","","","적용한 제목 정상화","저작권 고지 확인"
"task","3B23E744D3B72AE8","1D42B373285DEF81","silent_gear.snbt","Fire Bricks or Foundry Windows","","","ftbfiltersystem:smart_filter","","적용한 제목 정상화","내화 벽돌 또는 주조소 창"
"task","3B35F86B42989063","26E6ED94168A05C4","productive_bees.snbt","Crimson Shroombee Comb","크림슨 슈룸비 벌집","","productivebees:configurable_honeycomb","벌집","적용한 제목 정상화",""
"task","3BE936F7D054FDDA","7A5C327771634A7D","building_tips.snbt","Sticks!","","","ftbfiltersystem:smart_filter","","적용한 제목 정상화","막대!"
"task","3C4997133CCECBE0","7A5C327771634A7D","building_tips.snbt","Handcrafted","수제","","ftbfiltersystem:smart_filter","","적용한 제목 정상화","Handcrafted"
"task","3CC9C741B461AD4B","4EEDECACDE8F5A67","oritech.snbt","Clumps","","","ftbfiltersystem:smart_filter","","적용한 제목 정상화","덩어리"
"task","3CDFAF37BFB1C89C","26E6ED94168A05C4","productive_bees.snbt","Yellow Carpenter Bee","노란색 어리호박벌","","","","적용한 제목 정상화","노란 목수 벌"
"task","3D41832D0CA41A6C","24151251C8730F2E","aether.snbt","Gravitite Weapons","","","ftbfiltersystem:smart_filter","","적용한 제목 정상화","그래비타이트 무기"
"task","3DE460F842195173","26E6ED94168A05C4","productive_bees.snbt","Ashy Mining Bee","애시 채굴 벌","","","","적용한 제목 정상화","잿빛 채굴 벌"
"task","3E133AC7B615971D","0F96DC3563DA78EF","elmystical_agriculturerr.snbt","Supremium Tools","슈프리뮴 도구","","ftbfiltersystem:smart_filter","","적용한 제목 정상화","수프레뮴 도구"
"task","3E8E72F0861329B6","51A2FE60D8B76FC6","extended__advanced_ae.snbt","AllRightsReserved","","","","","적용한 제목 정상화","모든 권리 보유"
"task","3E945BEFF5CE78F5","51A2FE60D8B76FC6","extended__advanced_ae.snbt","Assembler Matrix Wall or Glass","","","ftbfiltersystem:smart_filter","","적용한 제목 정상화","조립기 매트릭스 벽 또는 유리"
"task","400E42F53FDE783C","4EEDECACDE8F5A67","oritech.snbt","Ingots","","","ftbfiltersystem:smart_filter","","적용한 제목 정상화","주괴"
"task","4031B8B8FBDDEEE4","193F91842D2ED7D9","industrial_foregoing.snbt","Transfer Labels","","","ftbfiltersystem:smart_filter","","적용한 제목 정상화","전송 라벨"
"task","40B245AFD0DAB3A0","7A5C327771634A7D","building_tips.snbt","Railcraft Glass","레일크래프트 유리","","ftbfiltersystem:smart_filter","","적용한 제목 정상화","Railcraft 유리"
"task","40B39896B6CD41C6","4EAAE0CEB26378A6","justdirethings.snbt","Armor","갑옷","","ftbfiltersystem:smart_filter","","적용한 제목 정상화","방어구"
"task","40C43560F454AD82","4293754F9B2D05F0","allthemodium.snbt","Allthemodium Tools","올더모듐 도구","","ftbfiltersystem:smart_filter","","적용한 제목 정상화","Allthemodium 도구"
"task","41910A3BC6C0E838","0F96DC3563DA78EF","elmystical_agriculturerr.snbt","Prudentium Tools","프루덴티움 도구","","ftbfiltersystem:smart_filter","","적용한 제목 정상화","프루덴튬 도구"
"task","41FF171C7D97B574","7A5C327771634A7D","building_tips.snbt","Chipped Gem Blocks","금 간 마나 보석 블록","","ftbfiltersystem:smart_filter","","적용한 제목 정상화","Chipped 보석 블록"
"task","4203F7ED807F3D30","26E6ED94168A05C4","productive_bees.snbt","Skeletal Comb","해골 벌집","","productivebees:configurable_honeycomb","벌집","적용한 제목 정상화",""
"task","4209A06A392362DB","69299302373C4CBC","integrated_dynamics.snbt","Importer \& Exporter GUI","임포터 \\\& 익스포터 GUI","","","","적용한 제목 정상화","입력기 \& 출력기 GUI"
"task","429FA8057B666565","26E6ED94168A05C4","productive_bees.snbt","Lapis Comb","청금석 벌집","","productivebees:configurable_honeycomb","벌집","적용한 제목 정상화",""
"task","4324462D1A98B672","26E6ED94168A05C4","productive_bees.snbt","Temper Genes","","","ftbfiltersystem:smart_filter","","적용한 제목 정상화","성향 유전자"
"task","432FCFECDAA542F1","12AD9789D962B179","apothic_enchanting.snbt","Bookshelves","","","ftbfiltersystem:smart_filter","","적용한 제목 정상화","책장"
"task","436475D6C527A458","7A5C327771634A7D","building_tips.snbt","Macaw's Paths and Pavings","마카우의 길과 포장재","","ftbfiltersystem:smart_filter","","적용한 제목 정상화","Macaw's Paths and Pavings"
"task","43AA34BE686DADEE","24151251C8730F2E","aether.snbt","AllRightsReserved","","","","","적용한 제목 정상화","모든 권리 보유"
"task","4410E4942D7C15E9","1BE666F01EFFC00D","tips_and_tricks.snbt","Gateways","","","ftbfiltersystem:smart_filter","","적용한 제목 정상화","게이트웨이"
"task","4471A530B55D4140","26E6ED94168A05C4","productive_bees.snbt","Osmium Comb","오스뮴 벌집","","productivebees:configurable_honeycomb","벌집","적용한 제목 정상화",""
"task","45250DA4433007C6","0E81CBCD6B1D1895","apotheosis_2.snbt","Capturing Books","","","ftbfiltersystem:smart_filter","","적용한 제목 정상화","포획 마법 부여 책"
"task","452736994864F623","6AEC23C6D526F362","eternal_starlight.snbt","Visit a Shimmer River","쉬머 강을 방문하세요","","","","적용한 제목 정상화","반짝임 강 방문"
"task","4558919345C3BE5D","23983F4DC524B14B","mekanism.snbt","Enrichers","","","ftbfiltersystem:smart_filter","","적용한 제목 정상화","농축기"
"task","45C5CAC94406DF41","0D990A1D1E088701","mi_steam.snbt","Multiblock Levels","","","","","적용한 제목 정상화","멀티블록 등급"
"task","4632192573FD8501","23983F4DC524B14B","mekanism.snbt","Mechanial Pipes","","","ftbfiltersystem:smart_filter","","적용한 제목 정상화","기계식 파이프"
"task","4644C76CEC129AA4","12AD9789D962B179","apothic_enchanting.snbt","Permanent Charms","","","ftbfiltersystem:smart_filter","","적용한 제목 정상화","영구 물약 부적"
"task","46803BBAC2069773","7A5C327771634A7D","building_tips.snbt","Blocks","","","ftbfiltersystem:smart_filter","","적용한 제목 정상화","블록"
"task","46905D1E23255397","7A5C327771634A7D","building_tips.snbt","Macaw's Windows","마카우의 유리창","","ftbfiltersystem:smart_filter","","적용한 제목 정상화","Macaw's Windows"
"task","46C099131E51F7F5","44F441765D7CB182","auroral.snbt","Shimmersteel Tools","","","ftbfiltersystem:smart_filter","","적용한 제목 정상화","쉬머스틸 도구"
"task","46C7D666D3A4A3D9","26E6ED94168A05C4","productive_bees.snbt","Sapphire Comb","사파이어 벌집","","productivebees:configurable_honeycomb","벌집","적용한 제목 정상화",""
"task","4709938E0FDCE0FB","4293754F9B2D05F0","allthemodium.snbt","Allthemodium Armor","올더모듐 갑옷","","ftbfiltersystem:smart_filter","","적용한 제목 정상화","Allthemodium 방어구"
"task","471F062B01D0DDA1","26E6ED94168A05C4","productive_bees.snbt","Quarry Bee","채석기 꿀벌","","","","적용한 제목 정상화","채석 벌"
"task","472C79498DAC538E","24151251C8730F2E","aether.snbt","Valkyrie Tools","","","ftbfiltersystem:smart_filter","","적용한 제목 정상화","발키리 도구"
"task","4732C2BE50DB2A80","7A5C327771634A7D","building_tips.snbt","Dyenamics Dyes","","","ftbfiltersystem:smart_filter","","적용한 제목 정상화","Dyenamics 염료"
"task","475B673DC78361D2","51A2FE60D8B76FC6","extended__advanced_ae.snbt","Extended Devices","","","ftbfiltersystem:smart_filter","","적용한 제목 정상화","확장 장치"
"task","47A1F59A538E3C4B","1BE666F01EFFC00D","tips_and_tricks.snbt","Building Gadgets","건축 도구","","ftbfiltersystem:smart_filter","","적용한 제목 정상화","Building Gadgets"
"task","47BAD4AA76F9CF82","26E6ED94168A05C4","productive_bees.snbt","Silver Comb","은 벌집","","productivebees:configurable_honeycomb","벌집","적용한 제목 정상화",""
"task","485E17B9E80D5DFF","4B9D26E0087CD163","basic_tools.snbt","Occultism Pickaxes","오컬티즘 곡괭이","","ftbfiltersystem:smart_filter","","적용한 제목 정상화","Occultism 곡괭이"
"task","4892144C32DCEB55","7A5C327771634A7D","building_tips.snbt","Painted Planks","페인트 칠한 판자","","ftbfiltersystem:smart_filter","","적용한 제목 정상화","색칠한 판자"
"task","48F116CCB864F7C2","24151251C8730F2E","aether.snbt","Skyroot Weapons","","","ftbfiltersystem:smart_filter","","적용한 제목 정상화","스카이루트 무기"
"task","496C4FDD2515EB24","0A093D8C4429B627","mekanism_reactors.snbt","&aInduction Providers","","","ftbfiltersystem:smart_filter","","적용한 제목 정상화","&a유도 공급기"
"task","49A8320F9EA7F4BD","5E31DF282998B992","pneumaticcraft.snbt","Compressed Iron Automation","압축된 철 자동화","","ftbfiltersystem:smart_filter","","적용한 제목 정상화","압축 철 자동화"
"task","49F387C7EAD579A2","7A5C327771634A7D","building_tips.snbt","Completed Macaw","마카우 완료됨","","","","적용한 제목 정상화","마코앵무새 획득 완료"
"task","4A6ADD52B113E3CA","26E6ED94168A05C4","productive_bees.snbt","Leafcutter Bee","잎 절단 벌","","","","적용한 제목 정상화","가위벌"
"task","4B274207A9646FE9","7A5C327771634A7D","building_tips.snbt","Farmer's Delight","농부의 기쁨","","ftbfiltersystem:smart_filter","","적용한 제목 정상화","Farmer's Delight"
"task","4B60ACBCC3B46D1D","23983F4DC524B14B","mekanism.snbt","Enriched Items","농축된 아이템","","ftbfiltersystem:smart_filter","","적용한 제목 정상화","농축 물질"
"task","4B6C5B2099B18AB7","23983F4DC524B14B","mekanism.snbt","Smelters","","","ftbfiltersystem:smart_filter","","적용한 제목 정상화","제련기"
"task","4C5435BE5560E71B","07210DDF872160BA","applied_energistics_2.snbt","AllRightsReserved","AllRightsReserved","","","","적용한 제목 정상화","모든 권리 보유"
"task","4C6370D2B7EF8685","7A72E12C3839D165","natures_aura.snbt","AllRightsReserved","AllRightsReserved","","","","적용한 제목 정상화","모든 권리 보유"
"task","4DA6445DB5F3B85E","26E6ED94168A05C4","productive_bees.snbt","Lumium Comb","루미움 벌집","","productivebees:configurable_honeycomb","벌집","적용한 제목 정상화",""
"task","4EEF358CAC170CC4","219B7A003658D24F","xycraft.snbt","Xychorium Gems","자이코륨 젬","","ftbfiltersystem:smart_filter","","적용한 제목 정상화","자이코륨 보석"
"task","4EF5B261BAD2AC7D","26E6ED94168A05C4","productive_bees.snbt","Diamond Comb","다이아몬드 벌집","","productivebees:configurable_honeycomb","벌집","적용한 제목 정상화",""
"task","4F6E8F2EC33DB910","0F96DC3563DA78EF","elmystical_agriculturerr.snbt","Awakened Supremium Tools","각성된 슈프리뮴 도구","","ftbfiltersystem:smart_filter","","적용한 제목 정상화","각성 수프레뮴 도구"
"task","4FCEB24FC83D22A9","26E6ED94168A05C4","productive_bees.snbt","Constantan Comb","콘스탄탄 벌집","","productivebees:configurable_honeycomb","벌집","적용한 제목 정상화",""
"task","50795B2B2A320D16","23983F4DC524B14B","mekanism.snbt","Pressurized Tubes","","","ftbfiltersystem:smart_filter","","적용한 제목 정상화","가압 튜브"
"task","50823C029014781A","26E6ED94168A05C4","productive_bees.snbt","Obsidian Comb","흑요석 벌집","","productivebees:configurable_honeycomb","벌집","적용한 제목 정상화",""
"task","50BED71A6677392E","7A5C327771634A7D","building_tips.snbt","Railcraft Stones","레일크래프트 돌","","ftbfiltersystem:smart_filter","","적용한 제목 정상화","Railcraft 돌"
"task","511ECEA2E9BD1F71","1D42B373285DEF81","silent_gear.snbt","Any #productivemetalworks:foundry_drains","","","ftbfiltersystem:smart_filter","","적용한 제목 정상화","#productivemetalworks:foundry_drains 태그의 아무 아이템"
"task","51297F6E0D9BB58C","1D42B373285DEF81","silent_gear.snbt","Any #productivemetalworks:foundry_tanks","","","ftbfiltersystem:smart_filter","","적용한 제목 정상화","#productivemetalworks:foundry_tanks 태그의 아무 아이템"
"task","523951BF097BA61F","4C507C004144BFEE","occultism.snbt","Any #c:dusts/emerald","어떤 #c:dusts/emerald","","ftbfiltersystem:smart_filter","","적용한 제목 정상화","#c:dusts/emerald 중 아무거나"
"task","524CBF7058496E7F","0E81CBCD6B1D1895","apotheosis_2.snbt","Other Spawners","","","","","적용한 제목 정상화","다른 스포너"
"task","52C6DC68BF096122","12AD9789D962B179","apothic_enchanting.snbt","Weapon Tomes","","","ftbfiltersystem:smart_filter","","적용한 제목 정상화","무기의 서"
"task","5392CADA51B80879","0A52D0932DA3F809","hostile_neural_networks.snbt","Black Stained Glass","","","ftbfiltersystem:smart_filter","","적용한 제목 정상화","검은색 색유리"
"task","53A6720343E57302","7A5C327771634A7D","building_tips.snbt","Sushi Go Crafting","스시 고 제작","","ftbfiltersystem:smart_filter","","적용한 제목 정상화","Sushi Go Crafting"
"task","53A682560123F9B6","7A5C327771634A7D","building_tips.snbt","Glassential","글래센셜","","ftbfiltersystem:smart_filter","","적용한 제목 정상화","Glassential Renewed"
"task","5455E38685EE7187","26E6ED94168A05C4","productive_bees.snbt","Behavior Genes","","","ftbfiltersystem:smart_filter","","적용한 제목 정상화","행동 유전자"
"task","55587BA32D30318C","0E81CBCD6B1D1895","apotheosis_2.snbt","Spawn Eggs","","","","","적용한 제목 정상화","스폰 알"
"task","55F718D796CEB1B1","26E6ED94168A05C4","productive_bees.snbt","Bronze Comb","청동 벌집","","productivebees:configurable_honeycomb","벌집","적용한 제목 정상화",""
"task","564D0E533237E951","23983F4DC524B14B","mekanism.snbt","Purifiers","","","ftbfiltersystem:smart_filter","","적용한 제목 정상화","정화기"
"task","57F02A55B8D314FC","24151251C8730F2E","aether.snbt","Skyroot Tools","","","ftbfiltersystem:smart_filter","","적용한 제목 정상화","스카이루트 도구"
"task","593CD1E685B4DDAA","1DB294A8F8686321","storage.snbt","Chipped Upgrades","금 간 업그레이드","","ftbfiltersystem:smart_filter","","적용한 제목 정상화","Chipped 업그레이드"
"task","598F1FCB5B5ED8FC","12AD9789D962B179","apothic_enchanting.snbt","Tool Tomes","","","ftbfiltersystem:smart_filter","","적용한 제목 정상화","도구의 서"
"task","59DD89698DBAA215","5712300EF4E5E846","pylons.snbt","AllRightsReserved","AllRightsReserved","","","","적용한 제목 정상화","모든 권리 보유"
"task","59F0226D83026397","0A093D8C4429B627","mekanism_reactors.snbt","AllRightsReserved","AllRightsReserved","","","","적용한 제목 정상화","모든 권리 보유"
"task","5A70EA7F9D922945","4C507C004144BFEE","occultism.snbt","Dimensional Storage Stabilizers","","","ftbfiltersystem:smart_filter","","적용한 제목 정상화","차원 저장소 안정기"
"task","5AB4103FF540ABB4","4EAAE0CEB26378A6","justdirethings.snbt","Fluids","액체","","","","적용한 제목 정상화","유체"
"task","5AB4C41B6800D7FA","12AD9789D962B179","apothic_enchanting.snbt","Armor Tomes","","","ftbfiltersystem:smart_filter","","적용한 제목 정상화","방어구의 서"
"task","5B5DBA0A7644A551","26E6ED94168A05C4","productive_bees.snbt","Signalum Comb","시그날륨 벌집","","productivebees:configurable_honeycomb","벌집","적용한 제목 정상화",""
"task","5B7FD7C2F05FA64D","13B172FA69904D9F","deeper_and_darker.snbt","AllRightsReserved","","","","","적용한 제목 정상화","모든 권리 보유"
"task","5BCE4EFD40BF767D","193F91842D2ED7D9","industrial_foregoing.snbt","Wrenches that work with IF Machines","","","ftbfiltersystem:smart_filter","","적용한 제목 정상화","IF 기계와 작동하는 렌치"
"task","5BFAA4BB6651F71A","26E6ED94168A05C4","productive_bees.snbt","Withered Comb","시든 벌집","","productivebees:configurable_honeycomb","벌집","적용한 제목 정상화",""
"task","5C358DFF9CD0D1D9","26E6ED94168A05C4","productive_bees.snbt","Radioactive Comb","방사성 벌집","","productivebees:configurable_honeycomb","벌집","적용한 제목 정상화",""
"task","5D3CB6FE8F0ED9A5","4B9D26E0087CD163","basic_tools.snbt","Mining Gadgets","채굴 도구","","ftbfiltersystem:smart_filter","","적용한 제목 정상화","Mining Gadgets"
"task","5E017E6B7E3F56B7","26E6ED94168A05C4","productive_bees.snbt","Slimy Comb","끈적한 벌집","","productivebees:configurable_honeycomb","벌집","적용한 제목 정상화",""
"task","5F9F725E2AD5FD3C","48410B67C276ED1F","bumblezone.snbt","AllRightsReserved","AllRightsReserved","","","","적용한 제목 정상화","모든 권리 보유"
"task","6002F0C07BF24B73","24151251C8730F2E","aether.snbt","Holystone Tools","","","ftbfiltersystem:smart_filter","","적용한 제목 정상화","홀리스톤 도구"
"task","6043422E5606334E","4B9D26E0087CD163","basic_tools.snbt","Exploration Mod Diamond Pickaxes","","","ftbfiltersystem:smart_filter","","적용한 제목 정상화","탐험 모드 다이아몬드 곡괭이"
"task","6047113DC2263E46","26E6ED94168A05C4","productive_bees.snbt","Lumber Bee","목재 벌","","","","적용한 제목 정상화","벌목 벌"
"task","614C3310C61487CB","4293754F9B2D05F0","allthemodium.snbt","Unobtainium Arcanist Armor","언옵테늄 비전술사 갑옷","","ftbfiltersystem:smart_filter","","적용한 제목 정상화","Unobtainium 비전술사 방어구"
"task","61CCAD2018478894","0B826D13BAD43EEB","draconic_evolution.snbt","Activation","","","","","적용한 제목 정상화","활성화"
"task","61D93B13D496547D","07210DDF872160BA","applied_energistics_2.snbt","Fluid Storage","액체 저장소","","ftbfiltersystem:smart_filter","","적용한 제목 정상화","유체 저장소"
"task","61E3800DF5D25567","4293754F9B2D05F0","allthemodium.snbt","Allthemodium Arcanist Armor","올더모듐 비전술사 갑옷","","ftbfiltersystem:smart_filter","","적용한 제목 정상화","Allthemodium 비전술사 방어구"
"task","61FFB3326113FE18","7A5C327771634A7D","building_tips.snbt","Oh The Biomes We've Gone Wood","오 더 바이옴스 위브 곤 나무","","ftbfiltersystem:smart_filter","","적용한 제목 정상화","Oh The Biomes We've Gone 목재"
"task","6205B6B93B306A12","1DB294A8F8686321","storage.snbt","Chests","상자들","","ftbfiltersystem:smart_filter","","적용한 제목 정상화","상자"
"task","624ADD79136376C0","7A5C327771634A7D","building_tips.snbt","XyCraft World Items","XyCraft 세계 아이템","","ftbfiltersystem:smart_filter","","적용한 제목 정상화","XyCraft World 아이템"
"task","62F11A588B293CA6","23983F4DC524B14B","mekanism.snbt","AllRightsReserved","AllRightsReserved","","","","적용한 제목 정상화","모든 권리 보유"
"task","6304FF8A9E8957FE","4293754F9B2D05F0","allthemodium.snbt","Unobtainium Tools","언옵테이니움 도구","","ftbfiltersystem:smart_filter","","적용한 제목 정상화","Unobtainium 도구"
"task","64248C6FBC867D56","26E6ED94168A05C4","productive_bees.snbt","Nomad Bee","노마드 벌","","","","적용한 제목 정상화","유목민 벌"
"task","646B54EB48AFB6A4","48410B67C276ED1F","bumblezone.snbt","Kill 10 Bee Variants","벌 종류 10마리 처치","","","","적용한 제목 정상화","변종 벌 10마리 처치"
"task","64EAD3DE84E94F02","07210DDF872160BA","applied_energistics_2.snbt","ME Covered Cables","ME 차폐 케이블","","ftbfiltersystem:smart_filter","","적용한 제목 정상화","ME 피복 케이블"
"task","6514595CBD4DE6C6","4293754F9B2D05F0","allthemodium.snbt","Visit The Beyond","더 비욘드 방문하기","","","","적용한 제목 정상화","The Beyond 방문하기"
"task","665A5DFA6270ADA6","4EAAE0CEB26378A6","justdirethings.snbt","Simple Machines","간단한 기계들","","","","적용한 제목 정상화","간단한 기계"
"task","66F50AF3299FA4C5","4B9D26E0087CD163","basic_tools.snbt","Mystical Agriculture Pickaxes","","","ftbfiltersystem:smart_filter","","적용한 제목 정상화","Mystical Agriculture 곡괭이"
"task","6754D9E162472CA1","26E6ED94168A05C4","productive_bees.snbt","Allthemodium Progression","올더모듐 진행","","","","적용한 제목 정상화","Allthemodium 진행"
"task","67690077D4273A36","6AEC23C6D526F362","eternal_starlight.snbt","Visit the Starlight","별빛을 방문하세요","","","","적용한 제목 정상화","별빛 차원 방문"
"task","67B21CF59C3D02E5","4EAAE0CEB26378A6","justdirethings.snbt","Advanced Machines","고급 기계들","","","","적용한 제목 정상화","고급 기계"
"task","67C1DF1704EBF6AF","4C507C004144BFEE","occultism.snbt","Understanding Pentacle Upgrades","","","","","적용한 제목 정상화","마법진 업그레이드 이해"
"task","67D884FA6DD22065","0731FA8830F28280","apotheosis_gear.snbt","Any Apotheosis Gem","","","ftbfiltersystem:smart_filter","","적용한 제목 정상화","아무 Apotheosis 보석"
"task","67FAA549302701D6","24151251C8730F2E","aether.snbt","Neptune Armor","","","ftbfiltersystem:smart_filter","","적용한 제목 정상화","넵튠 갑옷"
"task","68667F586AF5D058","4B9D26E0087CD163","basic_tools.snbt","Just Dire Things Diamond Pickaxes","오직 다이어 무언가의 다이아몬드 곡괭이","","ftbfiltersystem:smart_filter","","적용한 제목 정상화","Just Dire Things 다이아몬드 곡괭이"
"task","6877D91D6603E4FD","23983F4DC524B14B","mekanism.snbt","Universal Cables","","","ftbfiltersystem:smart_filter","","적용한 제목 정상화","범용 케이블"
"task","68C11540A9010775","23983F4DC524B14B","mekanism.snbt","Fluid Tanks","","","ftbfiltersystem:smart_filter","","적용한 제목 정상화","유체 탱크"
"task","690A9C3BC2417BB9","7A5C327771634A7D","building_tips.snbt","Undergarden Metals","","","ftbfiltersystem:smart_filter","","적용한 제목 정상화","The Undergarden 금속"
"task","696A828CBDAE7EE3","26E6ED94168A05C4","productive_bees.snbt","Productivity Genes","","","ftbfiltersystem:smart_filter","","적용한 제목 정상화","생산성 유전자"
"task","6A7ABDFC419B62A9","7A5C327771634A7D","building_tips.snbt","Electric Set","","","ftbfiltersystem:smart_filter","","적용한 제목 정상화","전력 설비"
"task","6AE0DA6AB109A840","4293754F9B2D05F0","allthemodium.snbt","Quarried","채석됨","","","","적용한 제목 정상화","채석기 사용"
"task","6B24D8667BC856A3","23983F4DC524B14B","mekanism.snbt","Logistical Transporters","","","ftbfiltersystem:smart_filter","","적용한 제목 정상화","물류 수송기"
"task","6B84DAA99028ACEA","0A52D0932DA3F809","hostile_neural_networks.snbt","Obsidians","","","ftbfiltersystem:smart_filter","","적용한 제목 정상화","흑요석 종류"
"task","6C12449632AD53DC","2FB24A5A597459FC","railcraft.snbt","Track Kits","궤도 키트","","ftbfiltersystem:smart_filter","","적용한 제목 정상화","선로 키트"
"task","6D00B76B8A141BB8","193F91842D2ED7D9","industrial_foregoing.snbt","Any #advanced_ae:adv_pattern_provider","","","ftbfiltersystem:smart_filter","","적용한 제목 정상화","임의의 고급 패턴 공급기"
"task","6D074E91F5BFC2A8","2FB24A5A597459FC","railcraft.snbt","Track Kits","궤도 키트","","ftbfiltersystem:smart_filter","","적용한 제목 정상화","선로 키트"
"task","6D2E8755BB3463FF","7A5C327771634A7D","building_tips.snbt","Railcraft Colored Blocks","레일크래프트 색깔 블록","","ftbfiltersystem:smart_filter","","적용한 제목 정상화","Railcraft 색깔 블록"
"task","6D476FECBF390199","24151251C8730F2E","aether.snbt","Holystone Weapons","","","ftbfiltersystem:smart_filter","","적용한 제목 정상화","홀리스톤 무기"
"task","6D4F62833424ADC0","26E6ED94168A05C4","productive_bees.snbt","Iron Comb","철 벌집","","productivebees:configurable_honeycomb","벌집","적용한 제목 정상화",""
"task","6D5BE02E9FAED45C","76A0FBADACAD322B","neo_vitae.snbt","AllRightsReserved","","","","","적용한 제목 정상화","AllRightsReserved"
"task","6D9221A533926A7B","007B547630FF0478","theurgy.snbt","AllRightsReserved","AllRightsReserved","","","","적용한 제목 정상화","모든 권리 보유"
"task","6DCF32EB40B8E9C6","23983F4DC524B14B","mekanism.snbt","Ore Dusts","","","ftbfiltersystem:smart_filter","","적용한 제목 정상화","광석 가루"
"task","6E85FE06F0AA556A","4EEDECACDE8F5A67","oritech.snbt","Gems","","","ftbfiltersystem:smart_filter","","적용한 제목 정상화","보석"
"task","6EAC5BBFAA0184BC","0B826D13BAD43EEB","draconic_evolution.snbt","Preparation","","","","","적용한 제목 정상화","준비"
"task","6F475689ED4EDF59","7A5C327771634A7D","building_tips.snbt","Macaw's mods items","마카우 모드 아이템","","ftbfiltersystem:smart_filter","","적용한 제목 정상화","Macaw's Mods 아이템"
"task","6F72D8976359CFF9","100C477F4E63F20A","create.snbt","Water Wheels","","","ftbfiltersystem:smart_filter","","적용한 제목 정상화","수차"
"task","706FA543A6C675D3","219B7A003658D24F","xycraft.snbt","AllRightsReserved","AllRightsReserved","","","","적용한 제목 정상화","All Rights Reserved"
"task","70F8A09B43E3634D","24151251C8730F2E","aether.snbt","AllRightsReserved","","","","","적용한 제목 정상화","모든 권리 보유"
"task","7197FBBA21C0F94A","4EAAE0CEB26378A6","justdirethings.snbt","Armor","갑옷","","","","적용한 제목 정상화","방어구"
"task","723147B28E759948","44F441765D7CB182","auroral.snbt","AllRightsReserved","","","","","적용한 제목 정상화","AllRightsReserved"
"task","729773FF26CBB542","07210DDF872160BA","applied_energistics_2.snbt","AllRightsReserved","AllRightsReserved","","","","적용한 제목 정상화","모든 권리 보유"
"task","729C1974AE346ECA","23983F4DC524B14B","mekanism.snbt","Purifiers","","","ftbfiltersystem:smart_filter","","적용한 제목 정상화","정화기"
"task","73AE639A41A16778","5D8E83698AEF1092","ice__fire.snbt","AllRightsReserved","","","","","적용한 제목 정상화","모든 권리 보유"
"task","73B56F2139A98F77","0E81CBCD6B1D1895","apotheosis_2.snbt","AllRightsReserved","AllRightsReserved","","","","적용한 제목 정상화","저작권 고지 확인"
"task","75924053D6F5B242","07210DDF872160BA","applied_energistics_2.snbt","Spatial Storage Cells","시공 저장 셀","","ftbfiltersystem:smart_filter","","적용한 제목 정상화","공간 저장 셀"
"task","767AF1D5EC4B4ECD","7A5C327771634A7D","building_tips.snbt","Bedroom Set","","","ftbfiltersystem:smart_filter","","적용한 제목 정상화","침실 세트"
"task","76B722B1AE7B6CF2","76DF5FAA7961E5E7","iron_spells_and_spellbooks.snbt","AllRightsReserved","AllRightsReserved","","","","적용한 제목 정상화","모든 권리 보유"
"task","76E296A2AD3EFE92","1D42B373285DEF81","silent_gear.snbt","Any #productivemetalworks:foundry_controllers","","","ftbfiltersystem:smart_filter","","적용한 제목 정상화","#productivemetalworks:foundry_controllers 태그의 아무 아이템"
"task","770B8B984F85AB73","23983F4DC524B14B","mekanism.snbt","AllRightsReserved","AllRightsReserved","","","","적용한 제목 정상화","모든 권리 보유"
"task","78ECC6C98CA985D7","7A5C327771634A7D","building_tips.snbt","Macaw's Fences and Walls","마카우의 울타리 및 담장","","ftbfiltersystem:smart_filter","","적용한 제목 정상화","Macaw's Fences and Walls"
"task","78F0D5822BF96CA9","7A5C327771634A7D","building_tips.snbt","Regions Unexplored Logs","리전스 언익스플로어드 통나무","","ftbfiltersystem:smart_filter","","적용한 제목 정상화","Regions Unexplored 원목"
"task","79400615E3A7401D","7A5C327771634A7D","building_tips.snbt","Building Gadgets","건축 도구","","ftbfiltersystem:smart_filter","","적용한 제목 정상화","Building Gadgets"
"task","797455345151134A","24151251C8730F2E","aether.snbt","Skyroot Boat and Bucket","","","ftbfiltersystem:smart_filter","","적용한 제목 정상화","스카이루트 보트와 양동이"
"task","79889CC26DCD7F19","1FAAEF0B9FD05CB9","productive_trees.snbt","Self Mutation","자가 수분","","","","적용한 제목 정상화","자가 변이"
"task","79AEDC66EB312BCA","26E6ED94168A05C4","productive_bees.snbt","Brass Comb","황동 벌집","","productivebees:configurable_honeycomb","벌집","적용한 제목 정상화",""
"task","79FB7E7194336B30","12AD9789D962B179","apothic_enchanting.snbt","Enchanting Tables","","","ftbfiltersystem:smart_filter","","적용한 제목 정상화","마법 부여대"
"task","7A119F7B40F2D64D","7A5C327771634A7D","building_tips.snbt","Eternal Starlight Logs","","","ftbfiltersystem:smart_filter","","적용한 제목 정상화","Eternal Starlight 원목"
"task","7B7C1C5BFEC92058","26E6ED94168A05C4","productive_bees.snbt","Emerald Comb","에메랄드 벌집","","productivebees:configurable_honeycomb","벌집","적용한 제목 정상화",""
"task","7BB13793B38DFC2C","2FB24A5A597459FC","railcraft.snbt","AllRightsReserved","AllRightsReserved","","","","적용한 제목 정상화","All Rights Reserved"
"task","7C454550A8F933AC","4EEDECACDE8F5A67","oritech.snbt","Power Generation","","","","","적용한 제목 정상화","발전"
"task","7C85CBE79E91F28B","4EEDECACDE8F5A67","oritech.snbt","Addons","","","","","적용한 제목 정상화","애드온"
"task","7D72E6723FFA5BB7","15AAF17B6665223D","refined_storage.snbt","AllRightsReserved","","","","","적용한 제목 정상화","AllRightsReserved"
"task","7D9A58EBADE91F54","0F96DC3563DA78EF","elmystical_agriculturerr.snbt","Inferium Tools","인페리움 도구","","ftbfiltersystem:smart_filter","","적용한 제목 정상화","인퍼륨 도구"
"task","7DA13EB040BC1C19","76A0FBADACAD322B","neo_vitae.snbt","AllRightsReserved","","","","","적용한 제목 정상화","AllRightsReserved"
"task","7DE03D4A420D1028","3456E0C530C0038E","evilcraft.snbt","Visit a Dark Temple","어두운 사원 방문하기","","","","적용한 제목 정상화","다크 신전 방문"
"task","7F141E86B806CFF4","24151251C8730F2E","aether.snbt","Valkyrie Armor","","","ftbfiltersystem:smart_filter","","적용한 제목 정상화","발키리 갑옷"
"task","7FBDB1383D052B82","193F91842D2ED7D9","industrial_foregoing.snbt","ME Export Bus OR ME Interface","","","ftbfiltersystem:smart_filter","","적용한 제목 정상화","ME 반출 버스 또는 ME 인터페이스"
