kind,object_id,chapter_id,chapter_file,source_value,current_korean,fallback_value,item_id,resourcepack_translation,problem_type,applied_fix
task,1A074A68B6495F89,792AD692F1468B1F,achapter_2r_6the_atm_star.snbt,,,,modern_industrialization:runic_crucible,,명시적 task.title 없이 아이템 hover 사용,
task,13537E6BC509C205,792AD692F1468B1F,achapter_2r_6the_atm_star.snbt,,,,modern_industrialization:auto_forge,,명시적 task.title 없이 아이템 hover 사용,
task,7132EDBAF11818AF,792AD692F1468B1F,achapter_2r_6the_atm_star.snbt,,,,forbidden_arcanus:hephaestus_forge_tier_5,,명시적 task.title 없이 아이템 hover 사용,
task,5B01815F8338D67D,792AD692F1468B1F,achapter_2r_6the_atm_star.snbt,,,,modern_industrialization:star_altar,,명시적 task.title 없이 아이템 hover 사용,
task,7A2327D70A6D7B81,792AD692F1468B1F,achapter_2r_6the_atm_star.snbt,,,,modern_industrialization:runic_enchanter,,명시적 task.title 없이 아이템 hover 사용,
task,4994EFF3C153220F,792AD692F1468B1F,achapter_2r_6the_atm_star.snbt,,,,minecraft:soul_lantern,,명시적 task.title 없이 아이템 hover 사용,
task,5BCD83C6A9F1AE62,792AD692F1468B1F,achapter_2r_6the_atm_star.snbt,,,,minecraft:enchanting_table,,명시적 task.title 없이 아이템 hover 사용,
quest,3D78D9F4E8A60EDB,792AD692F1468B1F,achapter_2r_6the_atm_star.snbt,&5&lCreative &dSource &fJar,&5&l크리에이티브 &d마나 &f단지,,ars_nouveau:creative_source_jar,크리에이티브 유리 단지,리소스팩 아이템명과 quest.title 불일치,크리에이티브 유리 단지
quest,23DE60E57136C207,792AD692F1468B1F,achapter_2r_6the_atm_star.snbt,&5&lCreative &3Energy Battery,&5&l크리에이티브 &3에너지 배터리,,integrateddynamics:energy_battery_creative,크레에이티브 에너지 배터리,리소스팩 아이템명과 quest.title 불일치,크레에이티브 에너지 배터리
quest,228CB313BAB6406E,792AD692F1468B1F,achapter_2r_6the_atm_star.snbt,&5&lCreative &8Locomotive,&5&l크리에이티브 &8기관차,,railcraft:creative_locomotive,창의적인 기관차,리소스팩 아이템명과 quest.title 불일치,창의적인 기관차
task,6E849DDBE1319A40,792AD692F1468B1F,achapter_2r_6the_atm_star.snbt,,,,kubejs:atm_star_shard_1,,명시적 task.title 없이 아이템 hover 사용,
task,243AA6B32F9B4F79,792AD692F1468B1F,achapter_2r_6the_atm_star.snbt,,,,kubejs:atm_star_shard_2,,명시적 task.title 없이 아이템 hover 사용,
task,5A1B5978D8C2574C,792AD692F1468B1F,achapter_2r_6the_atm_star.snbt,,,,kubejs:atm_star_shard_5,,명시적 task.title 없이 아이템 hover 사용,
task,697C7D9A4E9466D9,792AD692F1468B1F,achapter_2r_6the_atm_star.snbt,,,,kubejs:atm_star_shard_4,,명시적 task.title 없이 아이템 hover 사용,
task,259990BB80D272C4,792AD692F1468B1F,achapter_2r_6the_atm_star.snbt,,,,kubejs:atm_star_shard_3,,명시적 task.title 없이 아이템 hover 사용,
task,012550B8C5B1BBCC,792AD692F1468B1F,achapter_2r_6the_atm_star.snbt,,,,minecraft:enchanted_book,,명시적 task.title 없이 아이템 hover 사용,
task,3677156DC4D715D5,24151251C8730F2E,aether.snbt,,,,minecraft:glowstone,,명시적 task.title 없이 아이템 hover 사용,
task,7033C2D58700433D,24151251C8730F2E,aether.snbt,,,,minecraft:water_bucket,,명시적 task.title 없이 아이템 hover 사용,
quest,5825892699A8DCB7,24151251C8730F2E,aether.snbt,&l&eThe Aether,&l&eThe Aether,,,,한국어 파일의 영어 quest.title,
task,0AB9BED5E5144BAC,4293754F9B2D05F0,allthemodium.snbt,,,,minecraft:netherite_ingot,,명시적 task.title 없이 아이템 hover 사용,
quest,11E957CDEFA0CAAB,4293754F9B2D05F0,allthemodium.snbt,&5&lThe Beyond,&5&lThe Beyond,,,,한국어 파일의 영어 quest.title,
quest,552F0B9B00F4F914,4293754F9B2D05F0,allthemodium.snbt,,,AllRightsReserved,,,설명은 있으나 명시적 quest.title 없음,
task,5F45BABFD89DE0EC,4293754F9B2D05F0,allthemodium.snbt,AllRightsReserved,AllRightsReserved,,,,한국어 파일의 영어 task.title,
task,7A588081117FA54F,4293754F9B2D05F0,allthemodium.snbt,AllRightsReserved,AllRightsReserved,,,,한국어 파일의 영어 task.title,
quest,7CC96CE9901F25BB,4293754F9B2D05F0,allthemodium.snbt,,,item,forbidden_arcanus:hephaestus_forge_tier_1,,설명은 있으나 명시적 quest.title 없음,
task,1C210EEEF2D7C052,4293754F9B2D05F0,allthemodium.snbt,,,,forbidden_arcanus:hephaestus_forge_tier_1,,명시적 task.title 없이 아이템 hover 사용,
quest,310969B8FE0A94DE,0E81CBCD6B1D1895,apotheosis_2.snbt,Apothic Spawners,Apothic Spawners,,,,한국어 파일의 영어 quest.title,
task,5225548C5219E0C6,0E81CBCD6B1D1895,apotheosis_2.snbt,,,,minecraft:spawner,,명시적 task.title 없이 아이템 hover 사용,
task,5F16431DBEAF97B0,0E81CBCD6B1D1895,apotheosis_2.snbt,,,,minecraft:soul_lantern,,명시적 task.title 없이 아이템 hover 사용,
task,426CC475B062FC85,0E81CBCD6B1D1895,apotheosis_2.snbt,,,,minecraft:fermented_spider_eye,,명시적 task.title 없이 아이템 hover 사용,
task,4DA7AE7F61B1FC05,0E81CBCD6B1D1895,apotheosis_2.snbt,,,,minecraft:ghast_tear,,명시적 task.title 없이 아이템 hover 사용,
task,7CA847C78EB1B215,0E81CBCD6B1D1895,apotheosis_2.snbt,,,,minecraft:chorus_fruit,,명시적 task.title 없이 아이템 hover 사용,
task,65FF566B862C7211,0E81CBCD6B1D1895,apotheosis_2.snbt,,,,minecraft:turtle_egg,,명시적 task.title 없이 아이템 hover 사용,
task,5E1D4330184C7E38,0E81CBCD6B1D1895,apotheosis_2.snbt,,,,minecraft:piston,,명시적 task.title 없이 아이템 hover 사용,
task,39E60F2CA2EFAB9E,0E81CBCD6B1D1895,apotheosis_2.snbt,,,,minecraft:comparator,,명시적 task.title 없이 아이템 hover 사용,
task,75FE61AB74C39108,0E81CBCD6B1D1895,apotheosis_2.snbt,,,,minecraft:prismarine_crystals,,명시적 task.title 없이 아이템 hover 사용,
task,5E1EDF7E617E5853,0E81CBCD6B1D1895,apotheosis_2.snbt,,,,minecraft:sugar,,명시적 task.title 없이 아이템 hover 사용,
task,1FA39F402B7D0B8B,0E81CBCD6B1D1895,apotheosis_2.snbt,,,,minecraft:clock,,명시적 task.title 없이 아이템 hover 사용,
task,211FBEB0E4FF1FD6,0E81CBCD6B1D1895,apotheosis_2.snbt,,,,minecraft:nether_star,,명시적 task.title 없이 아이템 hover 사용,
task,74B1D74F1C52D05C,0E81CBCD6B1D1895,apotheosis_2.snbt,,,,minecraft:conduit,,명시적 task.title 없이 아이템 hover 사용,
task,20D72B07EE11DDCB,0E81CBCD6B1D1895,apotheosis_2.snbt,,,,minecraft:quartz,,명시적 task.title 없이 아이템 hover 사용,
task,457F2333F0FC4029,0E81CBCD6B1D1895,apotheosis_2.snbt,,,,minecraft:echo_shard,,명시적 task.title 없이 아이템 hover 사용,
task,703ACE135A88F2DB,0E81CBCD6B1D1895,apotheosis_2.snbt,,,,minecraft:pointed_dripstone,,명시적 task.title 없이 아이템 hover 사용,
task,227F63C049BD3C6E,0E81CBCD6B1D1895,apotheosis_2.snbt,,,,minecraft:campfire,,명시적 task.title 없이 아이템 hover 사용,
task,146817D02B4E6F59,0731FA8830F28280,apotheosis_gear.snbt,,,,minecraft:smithing_table,,명시적 task.title 없이 아이템 hover 사용,
task,79FB7E7194336B30,12AD9789D962B179,apothic_enchanting.snbt,,,,minecraft:enchanting_table,,명시적 task.title 없이 아이템 hover 사용,
task,7330FAC338D718B8,12AD9789D962B179,apothic_enchanting.snbt,,,,minecraft:lapis_lazuli,,명시적 task.title 없이 아이템 hover 사용,
task,534457B54999863B,12AD9789D962B179,apothic_enchanting.snbt,,,,minecraft:budding_amethyst,,명시적 task.title 없이 아이템 hover 사용,
task,2F3D51FDCAEE0410,12AD9789D962B179,apothic_enchanting.snbt,,,,minecraft:echo_shard,,명시적 task.title 없이 아이템 hover 사용,
task,32E6C837728B2EF1,12AD9789D962B179,apothic_enchanting.snbt,,,,minecraft:book,,명시적 task.title 없이 아이템 hover 사용,
task,65D6DA1FFF0EEF80,12AD9789D962B179,apothic_enchanting.snbt,,,,minecraft:honey_bottle,,명시적 task.title 없이 아이템 hover 사용,
task,51A617F8FBBFA712,6AEDA2F9BEB57759,ars_nouveau.snbt,,,,minecraft:book,,명시적 task.title 없이 아이템 hover 사용,
task,569B0D7ABC091612,6AEDA2F9BEB57759,ars_nouveau.snbt,,,,ars_nouveau:glyph_intangible,,명시적 task.title 없이 아이템 hover 사용,
task,55B5FAA746D6C829,6AEDA2F9BEB57759,ars_nouveau.snbt,,,,ars_nouveau:glyph_ignite,,명시적 task.title 없이 아이템 hover 사용,
task,615188F5D6F85423,6AEDA2F9BEB57759,ars_nouveau.snbt,,,,ars_nouveau:glyph_flare,,명시적 task.title 없이 아이템 hover 사용,
task,75FB9F65DDF0403C,6AEDA2F9BEB57759,ars_nouveau.snbt,,,,ars_nouveau:glyph_craft,,명시적 task.title 없이 아이템 hover 사용,
task,20E81CE5B5665DAF,6AEDA2F9BEB57759,ars_nouveau.snbt,,,,ars_nouveau:glyph_cold_snap,,명시적 task.title 없이 아이템 hover 사용,
task,17D156865446035D,6AEDA2F9BEB57759,ars_nouveau.snbt,,,,ars_nouveau:glyph_rune,,명시적 task.title 없이 아이템 hover 사용,
task,3472B3099BD5EE5D,6AEDA2F9BEB57759,ars_nouveau.snbt,,,,ars_nouveau:glyph_snare,,명시적 task.title 없이 아이템 hover 사용,
task,6A60A533BDBCCAD9,6AEDA2F9BEB57759,ars_nouveau.snbt,,,,ars_nouveau:glyph_slowfall,,명시적 task.title 없이 아이템 hover 사용,
task,12CE4920DABD0F98,6AEDA2F9BEB57759,ars_nouveau.snbt,,,,ars_nouveau:glyph_freeze,,명시적 task.title 없이 아이템 hover 사용,
task,2CBB0C0E32E58128,6AEDA2F9BEB57759,ars_nouveau.snbt,,,,ars_nouveau:glyph_split,,명시적 task.title 없이 아이템 hover 사용,
task,05AD66530B699FA0,6AEDA2F9BEB57759,ars_nouveau.snbt,,,,ars_nouveau:glyph_crush,,명시적 task.title 없이 아이템 hover 사용,
task,21E1D29B5CD3372A,6AEDA2F9BEB57759,ars_nouveau.snbt,,,,ars_nouveau:glyph_smelt,,명시적 task.title 없이 아이템 hover 사용,
task,761F5F98E18E824D,6AEDA2F9BEB57759,ars_nouveau.snbt,,,,ars_nouveau:glyph_accelerate,,명시적 task.title 없이 아이템 hover 사용,
task,0AD6A125820795DE,6AEDA2F9BEB57759,ars_nouveau.snbt,,,,ars_nouveau:glyph_summon_vex,,명시적 task.title 없이 아이템 hover 사용,
task,59CE7EAEA0C25808,6AEDA2F9BEB57759,ars_nouveau.snbt,,,,ars_nouveau:glyph_lightning,,명시적 task.title 없이 아이템 hover 사용,
task,54E317444AF31DA0,6AEDA2F9BEB57759,ars_nouveau.snbt,,,,ars_nouveau:glyph_grow,,명시적 task.title 없이 아이템 hover 사용,
task,3512BC20229693CD,6AEDA2F9BEB57759,ars_nouveau.snbt,,,,ars_nouveau:glyph_dampen,,명시적 task.title 없이 아이템 hover 사용,
task,05BAF8FF07FD6A10,6AEDA2F9BEB57759,ars_nouveau.snbt,,,,ars_nouveau:glyph_invisibility,,명시적 task.title 없이 아이템 hover 사용,
task,6E473A397B0824E4,6AEDA2F9BEB57759,ars_nouveau.snbt,,,,ars_nouveau:glyph_extract,,명시적 task.title 없이 아이템 hover 사용,
task,312250C813E89B54,6AEDA2F9BEB57759,ars_nouveau.snbt,,,,ars_nouveau:glyph_delay,,명시적 task.title 없이 아이템 hover 사용,
task,3F20F6E300F8E095,6AEDA2F9BEB57759,ars_nouveau.snbt,,,,ars_nouveau:glyph_light,,명시적 task.title 없이 아이템 hover 사용,
task,353BF5D2B4D53BF5,6AEDA2F9BEB57759,ars_nouveau.snbt,,,,ars_nouveau:glyph_duration_down,,명시적 task.title 없이 아이템 hover 사용,
task,105A471BB30BD30F,6AEDA2F9BEB57759,ars_nouveau.snbt,,,,ars_nouveau:glyph_exchange,,명시적 task.title 없이 아이템 hover 사용,
task,52234A1EC13FC6A0,6AEDA2F9BEB57759,ars_nouveau.snbt,,,,ars_nouveau:glyph_place_block,,명시적 task.title 없이 아이템 hover 사용,
task,5C9BC3699A5762CA,6AEDA2F9BEB57759,ars_nouveau.snbt,,,,ars_nouveau:glyph_conjure_water,,명시적 task.title 없이 아이템 hover 사용,
task,651B06E6873F34CF,6AEDA2F9BEB57759,ars_nouveau.snbt,,,,ars_nouveau:glyph_cut,,명시적 task.title 없이 아이템 hover 사용,
task,545B39FB8B2627AD,6AEDA2F9BEB57759,ars_nouveau.snbt,,,,ars_nouveau:glyph_harm,,명시적 task.title 없이 아이템 hover 사용,
task,6B7078A98D08EC1F,6AEDA2F9BEB57759,ars_nouveau.snbt,,,,ars_nouveau:glyph_interact,,명시적 task.title 없이 아이템 hover 사용,
task,32C20AFC9A4A0E0E,6AEDA2F9BEB57759,ars_nouveau.snbt,,,,ars_nouveau:glyph_blink,,명시적 task.title 없이 아이템 hover 사용,
task,41EF535B718F674F,6AEDA2F9BEB57759,ars_nouveau.snbt,,,,ars_nouveau:glyph_amplify,,명시적 task.title 없이 아이템 hover 사용,
task,405BF1E9FE690938,6AEDA2F9BEB57759,ars_nouveau.snbt,,,,ars_nouveau:glyph_phantom_block,,명시적 task.title 없이 아이템 hover 사용,
task,7F2FC5D08E7B548B,6AEDA2F9BEB57759,ars_nouveau.snbt,,,,ars_nouveau:glyph_fell,,명시적 task.title 없이 아이템 hover 사용,
task,56F8DEF68AA8B41C,6AEDA2F9BEB57759,ars_nouveau.snbt,,,,ars_nouveau:glyph_extend_time,,명시적 task.title 없이 아이템 hover 사용,
task,53250785A630D303,6AEDA2F9BEB57759,ars_nouveau.snbt,,,,ars_nouveau:glyph_heal,,명시적 task.title 없이 아이템 hover 사용,
task,38003743B695C5C1,6AEDA2F9BEB57759,ars_nouveau.snbt,,,,ars_nouveau:glyph_leap,,명시적 task.title 없이 아이템 hover 사용,
task,23921DC99D9F19D8,6AEDA2F9BEB57759,ars_nouveau.snbt,,,,ars_nouveau:glyph_redstone_signal,,명시적 task.title 없이 아이템 hover 사용,
task,04E0C481BB6ABD87,6AEDA2F9BEB57759,ars_nouveau.snbt,,,,ars_nouveau:glyph_pierce,,명시적 task.title 없이 아이템 hover 사용,
task,10D3703D3C415FC3,6AEDA2F9BEB57759,ars_nouveau.snbt,,,,ars_nouveau:glyph_harvest,,명시적 task.title 없이 아이템 hover 사용,
task,55DA99DF01D9C37C,6AEDA2F9BEB57759,ars_nouveau.snbt,,,,ars_nouveau:glyph_fortune,,명시적 task.title 없이 아이템 hover 사용,
task,696076AA28E02C89,6AEDA2F9BEB57759,ars_nouveau.snbt,,,,ars_nouveau:glyph_break,,명시적 task.title 없이 아이템 hover 사용,
task,44C797F6DFAF95D9,6AEDA2F9BEB57759,ars_nouveau.snbt,,,,ars_nouveau:glyph_pickup,,명시적 task.title 없이 아이템 hover 사용,
task,486CF16F4F5C860E,6AEDA2F9BEB57759,ars_nouveau.snbt,,,,ars_nouveau:glyph_launch,,명시적 task.title 없이 아이템 hover 사용,
task,54AED59019A9FC16,6AEDA2F9BEB57759,ars_nouveau.snbt,,,,ars_nouveau:glyph_dispel,,명시적 task.title 없이 아이템 hover 사용,
task,3EBC8A668657B7E1,6AEDA2F9BEB57759,ars_nouveau.snbt,,,,ars_nouveau:glyph_ender_inventory,,명시적 task.title 없이 아이템 hover 사용,
task,41A6ED0A1538D0A8,6AEDA2F9BEB57759,ars_nouveau.snbt,,,,ars_nouveau:glyph_pull,,명시적 task.title 없이 아이템 hover 사용,
task,2626959A926C1054,6AEDA2F9BEB57759,ars_nouveau.snbt,,,,ars_nouveau:glyph_explosion,,명시적 task.title 없이 아이템 hover 사용,
task,624F70371F036C65,6AEDA2F9BEB57759,ars_nouveau.snbt,,,,ars_nouveau:glyph_fangs,,명시적 task.title 없이 아이템 hover 사용,
task,03829269308C4BC8,6AEDA2F9BEB57759,ars_nouveau.snbt,,,,ars_nouveau:glyph_aoe,,명시적 task.title 없이 아이템 hover 사용,
task,27987EFDAC19DE52,6AEDA2F9BEB57759,ars_nouveau.snbt,,,,ars_nouveau:glyph_gravity,,명시적 task.title 없이 아이템 hover 사용,
task,589EE0FDB1FB0FA9,6AEDA2F9BEB57759,ars_nouveau.snbt,,,,ars_nouveau:glyph_wither,,명시적 task.title 없이 아이템 hover 사용,
task,3270B8D5C37F7F34,6AEDA2F9BEB57759,ars_nouveau.snbt,,,,ars_nouveau:glyph_gust,,명시적 task.title 없이 아이템 hover 사용,
task,5A03F82C6B50D548,6AEDA2F9BEB57759,ars_nouveau.snbt,,,,ars_nouveau:glyph_summon_steed,,명시적 task.title 없이 아이템 hover 사용,
task,29E06B429B4AE176,6AEDA2F9BEB57759,ars_nouveau.snbt,,,,ars_nouveau:glyph_summon_wolves,,명시적 task.title 없이 아이템 hover 사용,
task,17413068980A17B1,6AEDA2F9BEB57759,ars_nouveau.snbt,,,,ars_nouveau:glyph_underfoot,,명시적 task.title 없이 아이템 hover 사용,
task,72D77A51A69EDA71,6AEDA2F9BEB57759,ars_nouveau.snbt,,,,ars_nouveau:glyph_summon_decoy,,명시적 task.title 없이 아이템 hover 사용,
task,2A80E3849EB6A71D,6AEDA2F9BEB57759,ars_nouveau.snbt,,,,ars_nouveau:glyph_hex,,명시적 task.title 없이 아이템 hover 사용,
task,0DB8F107D55B420F,6AEDA2F9BEB57759,ars_nouveau.snbt,,,,ars_nouveau:glyph_orbit,,명시적 task.title 없이 아이템 hover 사용,
task,21C6D6FA46FCE9E9,6AEDA2F9BEB57759,ars_nouveau.snbt,,,,ars_nouveau:glyph_sensitive,,명시적 task.title 없이 아이템 hover 사용,
task,3282190E6DF860F4,6AEDA2F9BEB57759,ars_nouveau.snbt,,,,ars_nouveau:glyph_decelerate,,명시적 task.title 없이 아이템 hover 사용,
task,496294EBE15C66AD,6AEDA2F9BEB57759,ars_nouveau.snbt,,,,ars_nouveau:glyph_glide,,명시적 task.title 없이 아이템 hover 사용,
task,6EA660C81B613163,6AEDA2F9BEB57759,ars_nouveau.snbt,,,,ars_nouveau:glyph_wind_shear,,명시적 task.title 없이 아이템 hover 사용,
task,598ED65E5C450F82,6AEDA2F9BEB57759,ars_nouveau.snbt,,,,ars_nouveau:glyph_summon_undead,,명시적 task.title 없이 아이템 hover 사용,
task,46FA84B093CC1151,6AEDA2F9BEB57759,ars_nouveau.snbt,,,,ars_nouveau:glyph_linger,,명시적 task.title 없이 아이템 hover 사용,
task,5DA75E54FF1EFE89,6AEDA2F9BEB57759,ars_nouveau.snbt,,,,ars_nouveau:glyph_evaporate,,명시적 task.title 없이 아이템 hover 사용,
task,024EA8646EFADFF5,6AEDA2F9BEB57759,ars_nouveau.snbt,,,,ars_nouveau:glyph_bounce,,명시적 task.title 없이 아이템 hover 사용,
task,352317A2806A9855,6AEDA2F9BEB57759,ars_nouveau.snbt,,,,ars_nouveau:glyph_sense_magic,,명시적 task.title 없이 아이템 hover 사용,
task,34C8EB5C0EEE98DD,6AEDA2F9BEB57759,ars_nouveau.snbt,,,,ars_nouveau:glyph_name,,명시적 task.title 없이 아이템 hover 사용,
task,7DCF09E4EFEC5D64,6AEDA2F9BEB57759,ars_nouveau.snbt,,,,ars_nouveau:glyph_firework,,명시적 task.title 없이 아이템 hover 사용,
task,12EA0487A7DD255B,6AEDA2F9BEB57759,ars_nouveau.snbt,,,,ars_nouveau:glyph_toss,,명시적 task.title 없이 아이템 hover 사용,
quest,5C3FF43CF16BCF30,6AEDA2F9BEB57759,ars_nouveau.snbt,Sourcestone,마나석,,ars_nouveau:sourcestone,마나 돌,리소스팩 아이템명과 quest.title 불일치,마나 돌
quest,36CDA39C23D3AA2B,6AEDA2F9BEB57759,ars_nouveau.snbt,,,AllRightsReserved,,,설명은 있으나 명시적 quest.title 없음,
task,0E6876A34D1975EB,6AEDA2F9BEB57759,ars_nouveau.snbt,AllRightsReserved,AllRightsReserved,,,,한국어 파일의 영어 task.title,
task,388545A0E3B4930D,6AEDA2F9BEB57759,ars_nouveau.snbt,AllRightsReserved,AllRightsReserved,,,,한국어 파일의 영어 task.title,
quest,5CE44C58A470E48E,7AF827D2D101D343,artifacts.snbt,&l&3Artifacts,&l&3Artifacts,,,,한국어 파일의 영어 quest.title,
quest,5FD6A738754F6013,7AF827D2D101D343,artifacts.snbt,,,AllRightsReserved,,,설명은 있으나 명시적 quest.title 없음,
task,376652638B9221C9,7AF827D2D101D343,artifacts.snbt,AllRightsReserved,AllRightsReserved,,,,한국어 파일의 영어 task.title,
task,72E89066290E3040,7AF827D2D101D343,artifacts.snbt,AllRightsReserved,AllRightsReserved,,,,한국어 파일의 영어 task.title,
task,13D240DA839AE0F9,4791C8461B1B4D5F,basic_armor.snbt,,,,minecraft:leather_helmet,,명시적 task.title 없이 아이템 hover 사용,
task,2A1D9DE362310D7E,4791C8461B1B4D5F,basic_armor.snbt,,,,minecraft:leather_chestplate,,명시적 task.title 없이 아이템 hover 사용,
task,537CABE8F876E65A,4791C8461B1B4D5F,basic_armor.snbt,,,,minecraft:leather_leggings,,명시적 task.title 없이 아이템 hover 사용,
task,102E085F5F52E04E,4791C8461B1B4D5F,basic_armor.snbt,,,,minecraft:leather_boots,,명시적 task.title 없이 아이템 hover 사용,
task,70B760551AA03D3A,4791C8461B1B4D5F,basic_armor.snbt,,,,minecraft:chainmail_helmet,,명시적 task.title 없이 아이템 hover 사용,
task,318E7C9C3687A8A4,4791C8461B1B4D5F,basic_armor.snbt,,,,minecraft:chainmail_chestplate,,명시적 task.title 없이 아이템 hover 사용,
task,68AE0BD86BB15078,4791C8461B1B4D5F,basic_armor.snbt,,,,minecraft:chainmail_leggings,,명시적 task.title 없이 아이템 hover 사용,
task,20BC17BCC5E270A6,4791C8461B1B4D5F,basic_armor.snbt,,,,minecraft:chainmail_boots,,명시적 task.title 없이 아이템 hover 사용,
task,16C93EF866796293,4791C8461B1B4D5F,basic_armor.snbt,,,,minecraft:golden_helmet,,명시적 task.title 없이 아이템 hover 사용,
task,28EABAF0B91E94AE,4791C8461B1B4D5F,basic_armor.snbt,,,,minecraft:golden_chestplate,,명시적 task.title 없이 아이템 hover 사용,
task,4A1F24FD39340472,4791C8461B1B4D5F,basic_armor.snbt,,,,minecraft:golden_leggings,,명시적 task.title 없이 아이템 hover 사용,
task,474E1537C5CA7FB7,4791C8461B1B4D5F,basic_armor.snbt,,,,minecraft:golden_boots,,명시적 task.title 없이 아이템 hover 사용,
quest,497D222F74A52DF5,4791C8461B1B4D5F,basic_armor.snbt,,,item,minecraft:iron_helmet,,설명은 있으나 명시적 quest.title 없음,
task,55D98C63A1A01713,4791C8461B1B4D5F,basic_armor.snbt,,,,minecraft:iron_helmet,,명시적 task.title 없이 아이템 hover 사용,
task,042B93D43308564F,4791C8461B1B4D5F,basic_armor.snbt,,,,minecraft:iron_chestplate,,명시적 task.title 없이 아이템 hover 사용,
task,2F56ECC8DBC90C01,4791C8461B1B4D5F,basic_armor.snbt,,,,minecraft:iron_leggings,,명시적 task.title 없이 아이템 hover 사용,
task,4C72CA4823807604,4791C8461B1B4D5F,basic_armor.snbt,,,,minecraft:iron_boots,,명시적 task.title 없이 아이템 hover 사용,
task,79CC596EB3BF6A64,4791C8461B1B4D5F,basic_armor.snbt,,,,minecraft:diamond_helmet,,명시적 task.title 없이 아이템 hover 사용,
task,49459B4370DD8D1A,4791C8461B1B4D5F,basic_armor.snbt,,,,minecraft:diamond_chestplate,,명시적 task.title 없이 아이템 hover 사용,
task,3F04107B4D2907E0,4791C8461B1B4D5F,basic_armor.snbt,,,,minecraft:diamond_leggings,,명시적 task.title 없이 아이템 hover 사용,
task,4F6FDB5872FD9E61,4791C8461B1B4D5F,basic_armor.snbt,,,,minecraft:diamond_boots,,명시적 task.title 없이 아이템 hover 사용,
task,1CEBDEF56E616268,4791C8461B1B4D5F,basic_armor.snbt,,,,minecraft:netherite_helmet,,명시적 task.title 없이 아이템 hover 사용,
task,598F10A1A92CF940,4791C8461B1B4D5F,basic_armor.snbt,,,,minecraft:netherite_chestplate,,명시적 task.title 없이 아이템 hover 사용,
task,7CF2C1BC8A233FF6,4791C8461B1B4D5F,basic_armor.snbt,,,,minecraft:netherite_leggings,,명시적 task.title 없이 아이템 hover 사용,
task,10C12B9DBDE7A276,4791C8461B1B4D5F,basic_armor.snbt,,,,minecraft:netherite_boots,,명시적 task.title 없이 아이템 hover 사용,
task,7FE454AB1A3D8C04,4791C8461B1B4D5F,basic_armor.snbt,,,,eternal_starlight:swamp_silver_helmet,,명시적 task.title 없이 아이템 hover 사용,
task,336F743A90D79EA5,4791C8461B1B4D5F,basic_armor.snbt,,,,eternal_starlight:swamp_silver_chestplate,,명시적 task.title 없이 아이템 hover 사용,
task,4FD31875EE131079,4791C8461B1B4D5F,basic_armor.snbt,,,,eternal_starlight:swamp_silver_leggings,,명시적 task.title 없이 아이템 hover 사용,
task,0B2D12F2EEAE26B5,4791C8461B1B4D5F,basic_armor.snbt,,,,eternal_starlight:swamp_silver_boots,,명시적 task.title 없이 아이템 hover 사용,
task,2ACCBA73F15785AE,4791C8461B1B4D5F,basic_armor.snbt,,,,everythingcopper:copper_helmet,,명시적 task.title 없이 아이템 hover 사용,
task,140EC910C2EAD46F,4791C8461B1B4D5F,basic_armor.snbt,,,,everythingcopper:copper_chestplate,,명시적 task.title 없이 아이템 hover 사용,
task,6EB023B3AEF61518,4791C8461B1B4D5F,basic_armor.snbt,,,,everythingcopper:copper_leggings,,명시적 task.title 없이 아이템 hover 사용,
task,5EE73B206A8A3021,4791C8461B1B4D5F,basic_armor.snbt,,,,everythingcopper:copper_boots,,명시적 task.title 없이 아이템 hover 사용,
task,1C029B0215BD806D,4791C8461B1B4D5F,basic_armor.snbt,,,,minecraft:sentry_armor_trim_smithing_template,,명시적 task.title 없이 아이템 hover 사용,
task,111C7D7EB9F0AB30,4791C8461B1B4D5F,basic_armor.snbt,,,,minecraft:vex_armor_trim_smithing_template,,명시적 task.title 없이 아이템 hover 사용,
task,64BDFC1B8E7C6BC2,4791C8461B1B4D5F,basic_armor.snbt,,,,minecraft:wild_armor_trim_smithing_template,,명시적 task.title 없이 아이템 hover 사용,
task,33B4B2E11DEF74E2,4791C8461B1B4D5F,basic_armor.snbt,,,,minecraft:coast_armor_trim_smithing_template,,명시적 task.title 없이 아이템 hover 사용,
task,3256974258346754,4791C8461B1B4D5F,basic_armor.snbt,,,,minecraft:dune_armor_trim_smithing_template,,명시적 task.title 없이 아이템 hover 사용,
task,7AF021834FEC9592,4791C8461B1B4D5F,basic_armor.snbt,,,,minecraft:wayfinder_armor_trim_smithing_template,,명시적 task.title 없이 아이템 hover 사용,
task,15F5244A4215F3EF,4791C8461B1B4D5F,basic_armor.snbt,,,,minecraft:raiser_armor_trim_smithing_template,,명시적 task.title 없이 아이템 hover 사용,
task,78EB3B59C1A91FEB,4791C8461B1B4D5F,basic_armor.snbt,,,,minecraft:shaper_armor_trim_smithing_template,,명시적 task.title 없이 아이템 hover 사용,
task,5DBBB93EDD80E741,4791C8461B1B4D5F,basic_armor.snbt,,,,minecraft:host_armor_trim_smithing_template,,명시적 task.title 없이 아이템 hover 사용,
task,724B902D63F0D471,4791C8461B1B4D5F,basic_armor.snbt,,,,minecraft:ward_armor_trim_smithing_template,,명시적 task.title 없이 아이템 hover 사용,
task,1BA0343D87EA3239,4791C8461B1B4D5F,basic_armor.snbt,,,,minecraft:silence_armor_trim_smithing_template,,명시적 task.title 없이 아이템 hover 사용,
task,431BF9E461342FFC,4791C8461B1B4D5F,basic_armor.snbt,,,,minecraft:tide_armor_trim_smithing_template,,명시적 task.title 없이 아이템 hover 사용,
task,166C7B8641947318,4791C8461B1B4D5F,basic_armor.snbt,,,,minecraft:snout_armor_trim_smithing_template,,명시적 task.title 없이 아이템 hover 사용,
task,145DA8E241411C05,4791C8461B1B4D5F,basic_armor.snbt,,,,minecraft:rib_armor_trim_smithing_template,,명시적 task.title 없이 아이템 hover 사용,
task,6515A5B7CE3527BD,4791C8461B1B4D5F,basic_armor.snbt,,,,minecraft:eye_armor_trim_smithing_template,,명시적 task.title 없이 아이템 hover 사용,
task,577EECFDCD8E0424,4791C8461B1B4D5F,basic_armor.snbt,,,,minecraft:spire_armor_trim_smithing_template,,명시적 task.title 없이 아이템 hover 사용,
task,02562B17AE7C182B,4791C8461B1B4D5F,basic_armor.snbt,,,,minecraft:flow_armor_trim_smithing_template,,명시적 task.title 없이 아이템 hover 사용,
task,4AC8693A533753FD,4791C8461B1B4D5F,basic_armor.snbt,,,,minecraft:bolt_armor_trim_smithing_template,,명시적 task.title 없이 아이템 hover 사용,
task,426BED88B406A44B,4791C8461B1B4D5F,basic_armor.snbt,,,,minecraft:redstone,,명시적 task.title 없이 아이템 hover 사용,
task,0197CC61699DBE7D,4791C8461B1B4D5F,basic_armor.snbt,,,,minecraft:lapis_lazuli,,명시적 task.title 없이 아이템 hover 사용,
task,7C3D8A97769BBBE3,4791C8461B1B4D5F,basic_armor.snbt,,,,minecraft:iron_ingot,,명시적 task.title 없이 아이템 hover 사용,
task,16BC496604F56E3B,4791C8461B1B4D5F,basic_armor.snbt,,,,minecraft:gold_ingot,,명시적 task.title 없이 아이템 hover 사용,
task,14ACE78261F4EE35,4791C8461B1B4D5F,basic_armor.snbt,,,,minecraft:copper_ingot,,명시적 task.title 없이 아이템 hover 사용,
task,4795ADB0596D26DA,4791C8461B1B4D5F,basic_armor.snbt,,,,minecraft:emerald,,명시적 task.title 없이 아이템 hover 사용,
task,290255C654A57980,4791C8461B1B4D5F,basic_armor.snbt,,,,minecraft:diamond,,명시적 task.title 없이 아이템 hover 사용,
task,39E3DA5BA041E2A4,4791C8461B1B4D5F,basic_armor.snbt,,,,minecraft:netherite_ingot,,명시적 task.title 없이 아이템 hover 사용,
quest,3FCEF8FF45E51608,4791C8461B1B4D5F,basic_armor.snbt,,,item,minecraft:quartz,,설명은 있으나 명시적 quest.title 없음,
task,05FD7D9C29619813,4791C8461B1B4D5F,basic_armor.snbt,,,,minecraft:quartz,,명시적 task.title 없이 아이템 hover 사용,
task,4C45690D5EBCAB90,4791C8461B1B4D5F,basic_armor.snbt,,,,minecraft:amethyst_shard,,명시적 task.title 없이 아이템 hover 사용,
task,53E8D3055F57BC80,4791C8461B1B4D5F,basic_armor.snbt,,,,eternal_starlight:swamp_silver_ingot,,명시적 task.title 없이 아이템 hover 사용,
quest,5A9C646718EE92C2,4791C8461B1B4D5F,basic_armor.snbt,&3Vibranium&r,&3Vibranium&r,,,,한국어 파일의 영어 quest.title,
quest,7279700A93E8630B,4791C8461B1B4D5F,basic_armor.snbt,&5Unobtainium&r,&5Unobtainium&r,,,,한국어 파일의 영어 quest.title,
task,230929CC1A1BAD32,4791C8461B1B4D5F,basic_armor.snbt,,,,minecraft:smithing_table,,명시적 task.title 없이 아이템 hover 사용,
quest,04B31A600004F7CB,4791C8461B1B4D5F,basic_armor.snbt,,,AllRightsReserved,,,설명은 있으나 명시적 quest.title 없음,
task,4BDF268861CA744F,4791C8461B1B4D5F,basic_armor.snbt,AllRightsReserved,AllRightsReserved,,,,한국어 파일의 영어 task.title,
task,57895147416291FE,4791C8461B1B4D5F,basic_armor.snbt,AllRightsReserved,AllRightsReserved,,,,한국어 파일의 영어 task.title,
quest,2329AA0AFBEF1E13,3DEB33F78398EAD6,basic_logistics.snbt,&l&ePipez,&l&ePipez,,,,한국어 파일의 영어 quest.title,
task,6479D685217CC64D,3DEB33F78398EAD6,basic_logistics.snbt,,,,integratedtunnels:part_importer_item,,명시적 task.title 없이 아이템 hover 사용,
task,7A8D6779B7C6B99D,3DEB33F78398EAD6,basic_logistics.snbt,,,,integratedtunnels:part_interface_item,,명시적 task.title 없이 아이템 hover 사용,
task,38AB1D04DBB036B9,3DEB33F78398EAD6,basic_logistics.snbt,,,,integratedtunnels:part_importer_fluid,,명시적 task.title 없이 아이템 hover 사용,
task,1E13BEB52F3D087C,3DEB33F78398EAD6,basic_logistics.snbt,,,,integratedtunnels:part_interface_fluid,,명시적 task.title 없이 아이템 hover 사용,
task,4618703B49BDB077,3DEB33F78398EAD6,basic_logistics.snbt,,,,integratedtunnels:part_importer_energy,,명시적 task.title 없이 아이템 hover 사용,
task,11F2F4CB9E93471A,3DEB33F78398EAD6,basic_logistics.snbt,,,,integratedtunnels:part_interface_energy,,명시적 task.title 없이 아이템 hover 사용,
quest,230582AAFC0A1632,3DEB33F78398EAD6,basic_logistics.snbt,,,AllRightsReserved,,,설명은 있으나 명시적 quest.title 없음,
task,4CCB830CFDD43B5E,3DEB33F78398EAD6,basic_logistics.snbt,AllRightsReserved,AllRightsReserved,,,,한국어 파일의 영어 task.title,
task,5E4B74F97BDED243,3DEB33F78398EAD6,basic_logistics.snbt,AllRightsReserved,AllRightsReserved,,,,한국어 파일의 영어 task.title,
task,31B1E33F92D967D2,3DEB33F78398EAD6,basic_logistics.snbt,,,,ftbfiltersystem:smart_filter,,명시적 task.title 없이 아이템 hover 사용,
task,1F2490B2B9A2B5F9,5D045EF1AB73DF70,basic_power.snbt,,,,minecraft:redstone,,명시적 task.title 없이 아이템 hover 사용,
task,6D88F09899BB4808,5D045EF1AB73DF70,basic_power.snbt,,,,minecraft:coal,,명시적 task.title 없이 아이템 hover 사용,
task,128DC243A78982C3,5D045EF1AB73DF70,basic_power.snbt,,,,minecraft:iron_ingot,,명시적 task.title 없이 아이템 hover 사용,
task,4D6630377238B530,5D045EF1AB73DF70,basic_power.snbt,,,,minecraft:iron_ingot,,명시적 task.title 없이 아이템 hover 사용,
task,09C547CC92623525,5D045EF1AB73DF70,basic_power.snbt,,,,minecraft:diamond,,명시적 task.title 없이 아이템 hover 사용,
task,40B5F7ECA67EBF03,5D045EF1AB73DF70,basic_power.snbt,,,,minecraft:netherite_ingot,,명시적 task.title 없이 아이템 hover 사용,
quest,35CC898E0E49FE58,5D045EF1AB73DF70,basic_power.snbt,&8Flux Networks,&8Flux Networks,,,,한국어 파일의 영어 quest.title,
task,236EBC924A3AF02B,5D045EF1AB73DF70,basic_power.snbt,,,,productivebees:spawn_egg_configurable_bee,,명시적 task.title 없이 아이템 hover 사용,
task,18BA2B3E63A88A72,5D045EF1AB73DF70,basic_power.snbt,,,EM Rail Ejector Controller,dysoncubeproject:em_railejector_controller,,명시적 task.title 없이 아이템 hover 사용,
task,21557FD99031BE4C,5D045EF1AB73DF70,basic_power.snbt,,,Ray Receiver Controller,dysoncubeproject:ray_receiver_controller,,명시적 task.title 없이 아이템 hover 사용,
task,02C822663913DFCF,4B9D26E0087CD163,basic_tools.snbt,,,,minecraft:cobblestone,,명시적 task.title 없이 아이템 hover 사용,
task,25F49B7B8EC6F48B,4B9D26E0087CD163,basic_tools.snbt,,,,minecraft:raw_iron,,명시적 task.title 없이 아이템 hover 사용,
task,206791A6A8DA0F16,4B9D26E0087CD163,basic_tools.snbt,,,,minecraft:diamond,,명시적 task.title 없이 아이템 hover 사용,
task,794CD7B21426F36D,4B9D26E0087CD163,basic_tools.snbt,,,,minecraft:ancient_debris,,명시적 task.title 없이 아이템 hover 사용,
task,2E885362FFDF770D,4B9D26E0087CD163,basic_tools.snbt,,,,minecraft:wooden_pickaxe,,명시적 task.title 없이 아이템 hover 사용,
task,4CDD283558108D8B,4B9D26E0087CD163,basic_tools.snbt,,,,minecraft:stone_pickaxe,,명시적 task.title 없이 아이템 hover 사용,
task,41A47F38D96A9747,4B9D26E0087CD163,basic_tools.snbt,,,,minecraft:iron_pickaxe,,명시적 task.title 없이 아이템 hover 사용,
task,3CAFF729F25A9850,4B9D26E0087CD163,basic_tools.snbt,,,,minecraft:diamond_pickaxe,,명시적 task.title 없이 아이템 hover 사용,
task,111144CBEF06EC7F,4B9D26E0087CD163,basic_tools.snbt,,,,minecraft:netherite_pickaxe,,명시적 task.title 없이 아이템 hover 사용,
task,5D3CB6FE8F0ED9A5,4B9D26E0087CD163,basic_tools.snbt,Mining Gadgets,Mining Gadgets,,ftbfiltersystem:smart_filter,,한국어 파일의 영어 task.title,
task,292C044797A58CC1,4B9D26E0087CD163,basic_tools.snbt,,,,minecraft:stick,,명시적 task.title 없이 아이템 hover 사용,
task,77C3BFB8C7F805CF,4B9D26E0087CD163,basic_tools.snbt,,,,minecraft:wooden_sword,,명시적 task.title 없이 아이템 hover 사용,
task,13AFEBED5C116FC8,4B9D26E0087CD163,basic_tools.snbt,,,,minecraft:stone_sword,,명시적 task.title 없이 아이템 hover 사용,
task,1C1B919636DDC925,4B9D26E0087CD163,basic_tools.snbt,,,,minecraft:iron_sword,,명시적 task.title 없이 아이템 hover 사용,
task,3B9E51CF30228269,4B9D26E0087CD163,basic_tools.snbt,,,,minecraft:diamond_sword,,명시적 task.title 없이 아이템 hover 사용,
task,5CDEF9E938811FC8,4B9D26E0087CD163,basic_tools.snbt,,,,minecraft:netherite_sword,,명시적 task.title 없이 아이템 hover 사용,
task,6D6CF45BE39E11BB,4B9D26E0087CD163,basic_tools.snbt,,,,minecraft:golden_pickaxe,,명시적 task.title 없이 아이템 hover 사용,
task,477AAD8E6A0BB944,4B9D26E0087CD163,basic_tools.snbt,,,,minecraft:golden_sword,,명시적 task.title 없이 아이템 hover 사용,
task,68EF65729725E203,4B9D26E0087CD163,basic_tools.snbt,,,,everythingcopper:copper_sword,,명시적 task.title 없이 아이템 hover 사용,
quest,16AAC61729C44881,4B9D26E0087CD163,basic_tools.snbt,,,AllRightsReserved,,,설명은 있으나 명시적 quest.title 없음,
task,66ACCF967C939342,4B9D26E0087CD163,basic_tools.snbt,AllRightsReserved,AllRightsReserved,,,,한국어 파일의 영어 task.title,
quest,08B60D8A25008CCC,18A429E7F56AF5A9,bounty_board.snbt,,,AllRightsReserved,,,설명은 있으나 명시적 quest.title 없음,
task,00CBF98DE4E9CC90,18A429E7F56AF5A9,bounty_board.snbt,AllRightsReserved,AllRightsReserved,,,,한국어 파일의 영어 task.title,
task,65E53C9C5AE98B69,18A429E7F56AF5A9,bounty_board.snbt,AllRightsReserved,AllRightsReserved,,,,한국어 파일의 영어 task.title,
quest,1F31EBF49079F9D3,18A429E7F56AF5A9,bounty_board.snbt,Overhauled Creepers,Creeper Overhaul,,,,한국어 파일의 영어 quest.title,
quest,570223A03231DF8C,18A429E7F56AF5A9,bounty_board.snbt,Overhauled Endermen,Enderman Overhaul,,,,한국어 파일의 영어 quest.title,
quest,5EB488C393B084C4,7A5C327771634A7D,building_tips.snbt,&4&lRechiseled&r,&4&lRechiseled&r,,,,한국어 파일의 영어 quest.title,
task,6B88E31AEDD27E1F,7A5C327771634A7D,building_tips.snbt,,,,rechiseled:chisel,,명시적 task.title 없이 아이템 hover 사용,
quest,26FADB78B04F592B,7A5C327771634A7D,building_tips.snbt,&l&aBuilding Gadgets&r,&l&aBuilding Gadgets&r,,,,한국어 파일의 영어 quest.title,
task,79400615E3A7401D,7A5C327771634A7D,building_tips.snbt,Building Gadgets,Building Gadgets,,ftbfiltersystem:smart_filter,,한국어 파일의 영어 task.title,
quest,1FD60B7448CED1EB,7A5C327771634A7D,building_tips.snbt,&b&lMacaw's Fences and Walls,&b&lMacaw's Fences and Walls,,,,한국어 파일의 영어 quest.title,
task,78ECC6C98CA985D7,7A5C327771634A7D,building_tips.snbt,Macaw's Fences and Walls,Macaw's Fences and Walls,,ftbfiltersystem:smart_filter,,한국어 파일의 영어 task.title,
quest,04F5846E2468E807,7A5C327771634A7D,building_tips.snbt,&b&lMacaw's Doors,&b&lMacaw's Doors,,,,한국어 파일의 영어 quest.title,
task,0896EE64F92CCD86,7A5C327771634A7D,building_tips.snbt,Macaw's Doors,Macaw's Doors,,ftbfiltersystem:smart_filter,,한국어 파일의 영어 task.title,
quest,55160BAFFD9E2988,7A5C327771634A7D,building_tips.snbt,&l&9Macaw's Furniture&r,&l&9Macaw's Furniture&r,,,,한국어 파일의 영어 quest.title,
task,30933620783092A5,7A5C327771634A7D,building_tips.snbt,Macaw's Furniture,Macaw's Furniture,,ftbfiltersystem:smart_filter,,한국어 파일의 영어 task.title,
quest,027E6E294D9E1375,7A5C327771634A7D,building_tips.snbt,&b&lMacaw's Holidays&r,&b&lMacaw's Holidays&r,,,,한국어 파일의 영어 quest.title,
task,2F94B8FED9BF6698,7A5C327771634A7D,building_tips.snbt,Macaw's Holidays,Macaw's Holidays,,ftbfiltersystem:smart_filter,,한국어 파일의 영어 task.title,
quest,3889D0255074CE85,7A5C327771634A7D,building_tips.snbt,&l&bMacaw's Lights and Lamps&r,&l&bMacaw's Lights and Lamps&r,,,,한국어 파일의 영어 quest.title,
task,1BA8C5F08A824C08,7A5C327771634A7D,building_tips.snbt,Macaw's Lights and Lamps,Macaw's Lights and Lamps,,ftbfiltersystem:smart_filter,,한국어 파일의 영어 task.title,
quest,616ED6C49C37EB91,7A5C327771634A7D,building_tips.snbt,&b&lMacaw's Paths and Pavings,&b&lMacaw's Paths and Pavings,,,,한국어 파일의 영어 quest.title,
task,436475D6C527A458,7A5C327771634A7D,building_tips.snbt,Macaw's Paths and Pavings,Macaw's Paths and Pavings,,ftbfiltersystem:smart_filter,,한국어 파일의 영어 task.title,
quest,08C66BCA3AAE765B,7A5C327771634A7D,building_tips.snbt,&b&lMacaw's Roofs,&b&lMacaw's Roofs,,,,한국어 파일의 영어 quest.title,
task,00A904FBEDE80712,7A5C327771634A7D,building_tips.snbt,Macaw's Roofs,Macaw's Roofs,,ftbfiltersystem:smart_filter,,한국어 파일의 영어 task.title,
quest,3D1D5CB45D81A6E4,7A5C327771634A7D,building_tips.snbt,&b&lMacaw's Trapdoors,&b&lMacaw's Trapdoors,,,,한국어 파일의 영어 quest.title,
task,20374000F8ADE952,7A5C327771634A7D,building_tips.snbt,Macaw's Trapdoors,Macaw's Trapdoors,,ftbfiltersystem:smart_filter,,한국어 파일의 영어 task.title,
quest,3EEF17C57375CC39,7A5C327771634A7D,building_tips.snbt,&lSimply Light&r,&lSimply Light&r,,,,한국어 파일의 영어 quest.title,
task,32CB6A7BC1AB644E,7A5C327771634A7D,building_tips.snbt,Simply Light,Simply Light,,ftbfiltersystem:smart_filter,,한국어 파일의 영어 task.title,
quest,2B864D741F7C7549,7A5C327771634A7D,building_tips.snbt,&lProductive Trees,&lProductive Trees,,,,한국어 파일의 영어 quest.title,
quest,0FE30548F25FEDB1,7A5C327771634A7D,building_tips.snbt,,,item,minecraft:glass,,설명은 있으나 명시적 quest.title 없음,
task,5FA5A4469CF8A9EF,7A5C327771634A7D,building_tips.snbt,,,,minecraft:glass,,명시적 task.title 없이 아이템 hover 사용,
quest,72DB967E59EEA729,7A5C327771634A7D,building_tips.snbt,&3&lGlassential&r,&3&lGlassential Renewed&r,,,,한국어 파일의 영어 quest.title,
task,53A682560123F9B6,7A5C327771634A7D,building_tips.snbt,Glassential,Glassential Renewed,,ftbfiltersystem:smart_filter,,한국어 파일의 영어 task.title,
task,7D14A6A6ABBA9960,7A5C327771634A7D,building_tips.snbt,,,,minecraft:cobblestone,,명시적 task.title 없이 아이템 hover 사용,
quest,2B4801CD3E90BD40,7A5C327771634A7D,building_tips.snbt,&l&3Handcrafted&r,&l&3Handcrafted&r,,,,한국어 파일의 영어 quest.title,
task,3C4997133CCECBE0,7A5C327771634A7D,building_tips.snbt,Handcrafted,Handcrafted,,ftbfiltersystem:smart_filter,,한국어 파일의 영어 task.title,
quest,1591013DDD4766E1,7A5C327771634A7D,building_tips.snbt,&l&cCooking for Blockheads&r,&l&cCooking for Blockheads&r,,,,한국어 파일의 영어 quest.title,
task,225F53F8A0E9E822,7A5C327771634A7D,building_tips.snbt,Cooking for Blockheads,Cooking for Blockheads,,ftbfiltersystem:smart_filter,,한국어 파일의 영어 task.title,
quest,0C82CE3AFBD48C1E,7A5C327771634A7D,building_tips.snbt,&l&aSushi Go Crafting&r,&l&aSushi Go Crafting&r,,,,한국어 파일의 영어 quest.title,
task,53A6720343E57302,7A5C327771634A7D,building_tips.snbt,Sushi Go Crafting,Sushi Go Crafting,,ftbfiltersystem:smart_filter,,한국어 파일의 영어 task.title,
quest,5D5563142917495A,7A5C327771634A7D,building_tips.snbt,&l&eFarmer's Delight&r,&l&eFarmer's Delight&r,,,,한국어 파일의 영어 quest.title,
task,4B274207A9646FE9,7A5C327771634A7D,building_tips.snbt,Farmer's Delight,Farmer's Delight,,ftbfiltersystem:smart_filter,,한국어 파일의 영어 task.title,
quest,3E4B27759C973006,7A5C327771634A7D,building_tips.snbt,&l&6Framed Blocks&r,&l&6FramedBlocks&r,,,,한국어 파일의 영어 quest.title,
task,16EF7FF802D5A2BB,7A5C327771634A7D,building_tips.snbt,Framed Blocks,FramedBlocks,,ftbfiltersystem:smart_filter,,한국어 파일의 영어 task.title,
quest,30B3BC91460C9B19,7A5C327771634A7D,building_tips.snbt,&bMacaw's Mods,&bMacaw's Mods,,,,한국어 파일의 영어 quest.title,
task,4AA065E761BB6A42,7A5C327771634A7D,building_tips.snbt,,,,minecraft:stick,,명시적 task.title 없이 아이템 hover 사용,
quest,01516BC726013B7C,7A5C327771634A7D,building_tips.snbt,,,AllRightsReserved,,,설명은 있으나 명시적 quest.title 없음,
task,6AA335ED81844F9F,7A5C327771634A7D,building_tips.snbt,AllRightsReserved,AllRightsReserved,,,,한국어 파일의 영어 task.title,
task,3C16167530BEC231,7A5C327771634A7D,building_tips.snbt,AllRightsReserved,AllRightsReserved,,,,한국어 파일의 영어 task.title,
quest,4AE8D8826F894EC7,7A5C327771634A7D,building_tips.snbt,&l&5Domun Ornamentum&r,&l&5Domum Ornamentum&r,,,,한국어 파일의 영어 quest.title,
quest,6012D6C3253895F0,7A5C327771634A7D,building_tips.snbt,&cMr Crayfish's Mods&c,&cMrCrayfish's Furniture Mod: Refurbished&c,,,,한국어 파일의 영어 quest.title,
quest,0539AF15A10B2859,7A5C327771634A7D,building_tips.snbt,&lCompact Machines,&lCompact Machines,,,,한국어 파일의 영어 quest.title,
quest,318A2CC03D1D0B04,7A5C327771634A7D,building_tips.snbt,&l&6Construction Sticks,&l&6Construction Sticks,,,,한국어 파일의 영어 quest.title,
quest,69B5D716568AA9EB,7A5C327771634A7D,building_tips.snbt,&d&lCamol,,Camo Block,camol:camo_item,,설명은 있으나 명시적 quest.title 없음,
task,728D00827FC3DCC1,7A5C327771634A7D,building_tips.snbt,,,Camo Block,camol:camo_item,,명시적 task.title 없이 아이템 hover 사용,
quest,22BB55249EF2E819,48410B67C276ED1F,bumblezone.snbt,&l&6The Bumblezone!,&l&6The Bumblezone!,,,,한국어 파일의 영어 quest.title,
task,42D3D4E96812274C,48410B67C276ED1F,bumblezone.snbt,,,,ftbfiltersystem:smart_filter,,명시적 task.title 없이 아이템 hover 사용,
quest,50150380043F97F9,48410B67C276ED1F,bumblezone.snbt,Flight of the Bumblebee,Flight of the Bumblebee,,,,한국어 파일의 영어 quest.title,
quest,3C413D4A210A3BDE,48410B67C276ED1F,bumblezone.snbt,Honey Bee,Honey Bee,,,,한국어 파일의 영어 quest.title,
quest,72917C96C322A922,48410B67C276ED1F,bumblezone.snbt,La Bee-da Loca,La Bee-da Loca,,,,한국어 파일의 영어 quest.title,
quest,351769579833FA9E,48410B67C276ED1F,bumblezone.snbt,Bee-laxing with the Hom-bees,Bee-laxing with the Hom-bees,,,,한국어 파일의 영어 quest.title,
quest,65D993EB95726067,48410B67C276ED1F,bumblezone.snbt,Bee-ware of the Temple,Bee-ware of the Temple,,,,한국어 파일의 영어 quest.title,
quest,339384ADC9CDB944,48410B67C276ED1F,bumblezone.snbt,Knowing,Knowing,,,,한국어 파일의 영어 quest.title,
quest,29DF2E7D0402284F,48410B67C276ED1F,bumblezone.snbt,Radiance,Radiance,,,,한국어 파일의 영어 quest.title,
quest,262B307753106817,48410B67C276ED1F,bumblezone.snbt,Drowning in Despair,Drowning in Despair,,,,한국어 파일의 영어 quest.title,
quest,497FA7CA04117995,48410B67C276ED1F,bumblezone.snbt,Life,Life,,,,한국어 파일의 영어 quest.title,
quest,206918773B0BD7A0,48410B67C276ED1F,bumblezone.snbt,A Last First Last,A Last First Last,,,,한국어 파일의 영어 quest.title,
task,2CDF2FE08D652C52,59395B6806F2A98A,cataclysm.snbt,,,,minecraft:ender_eye,,명시적 task.title 없이 아이템 hover 사용,
task,5E725AD79C4E7211,59395B6806F2A98A,cataclysm.snbt,,,,minecraft:nether_star,,명시적 task.title 없이 아이템 hover 사용,
quest,689F32883C4E9502,59395B6806F2A98A,cataclysm.snbt,&4&lCataclysm,&4&lL_Ender's Cataclysm,,,,한국어 파일의 영어 quest.title,
task,38FFA24FDD924194,59395B6806F2A98A,cataclysm.snbt,,,,minecraft:bucket,,명시적 task.title 없이 아이템 hover 사용,
quest,00307A898A639191,59395B6806F2A98A,cataclysm.snbt,,,AllRightsReserved,,,설명은 있으나 명시적 quest.title 없음,
task,0303CDB18BBD9575,59395B6806F2A98A,cataclysm.snbt,AllRightsReserved,AllRightsReserved,,,,한국어 파일의 영어 task.title,
task,0B7F934439806558,59395B6806F2A98A,cataclysm.snbt,AllRightsReserved,AllRightsReserved,,,,한국어 파일의 영어 task.title,
quest,3C7C9EE57AD00A76,5103E2D95685ADFF,chapter_2_the_star.snbt,&cMicromissiles,&c초소형 미사일,,pneumaticcraft:micromissiles,마이크로미사일,리소스팩 아이템명과 quest.title 불일치,마이크로미사일
quest,4195800B4D7631E2,5103E2D95685ADFF,chapter_2_the_star.snbt,&6Stable Wormhole,&6안정된 웜홀,,occultism:stable_wormhole,안정한 웜홀,리소스팩 아이템명과 quest.title 불일치,안정한 웜홀
quest,4B12425E74C5E511,5103E2D95685ADFF,chapter_2_the_star.snbt,&cExplosive Mycelial Generator,&c균사 폭발 발전기,,industrialforegoing:mycelial_explosive,폭발 균사 발전기,리소스팩 아이템명과 quest.title 불일치,폭발 균사 발전기
task,1AD496C3DC73D028,5103E2D95685ADFF,chapter_2_the_star.snbt,,,,ars_nouveau:glyph_wither,,명시적 task.title 없이 아이템 hover 사용,
quest,3F8AEBB994716318,5103E2D95685ADFF,chapter_2_the_star.snbt,,,item,minecraft:tipped_arrow,,설명은 있으나 명시적 quest.title 없음,
task,50CB42797E7DE5C3,5103E2D95685ADFF,chapter_2_the_star.snbt,,,,minecraft:tipped_arrow,,명시적 task.title 없이 아이템 hover 사용,
quest,263C9A0FC04472AB,5103E2D95685ADFF,chapter_2_the_star.snbt,&464x Magmatic Generator,&464배 마그마틱 발전기,,generatorgalore:magmatic_generator_64x,64배 마그마 발전기,리소스팩 아이템명과 quest.title 불일치,64배 마그마 발전기
task,5F1BB488E5FF56E5,5103E2D95685ADFF,chapter_2_the_star.snbt,,,,productivebees:spawn_egg_configurable_bee,,명시적 task.title 없이 아이템 hover 사용,
quest,2A72B262AF4F11C9,5103E2D95685ADFF,chapter_2_the_star.snbt,&6Socotra Dragon&r Sapling,&6소코트라 드래곤&r 묘목,,productivetrees:socotra_dragon_sapling,소코트라 용혈수 묘목,리소스팩 아이템명과 quest.title 불일치,소코트라 용혈수 묘목
task,01B68403D63A86C5,5103E2D95685ADFF,chapter_2_the_star.snbt,,,,ftbfiltersystem:smart_filter,,명시적 task.title 없이 아이템 hover 사용,
quest,39F9C825B03DA317,5103E2D95685ADFF,chapter_2_the_star.snbt,&8Aerial Interface,&8에어리얼 인터페이스,,pneumaticcraft:aerial_interface,공중 인터페이스,리소스팩 아이템명과 quest.title 불일치,공중 인터페이스
quest,77F2271C45DB49BA,5103E2D95685ADFF,chapter_2_the_star.snbt,,,item,mekanism:module_gravitational_modulating_unit,,설명은 있으나 명시적 quest.title 없음,
task,258A880972C38C57,5103E2D95685ADFF,chapter_2_the_star.snbt,,,,mekanism:module_gravitational_modulating_unit,,명시적 task.title 없이 아이템 hover 사용,
task,3F35C159436EA03A,5103E2D95685ADFF,chapter_2_the_star.snbt,,,,minecraft:green_concrete,,명시적 task.title 없이 아이템 hover 사용,
task,1BDB9CA7D068A432,5103E2D95685ADFF,chapter_2_the_star.snbt,,,,minecraft:green_concrete_powder,,명시적 task.title 없이 아이템 hover 사용,
task,7777B968A5342389,5103E2D95685ADFF,chapter_2_the_star.snbt,,,,minecraft:lime_concrete,,명시적 task.title 없이 아이템 hover 사용,
task,1DFED38C1282DAFE,5103E2D95685ADFF,chapter_2_the_star.snbt,,,,minecraft:magenta_concrete,,명시적 task.title 없이 아이템 hover 사용,
task,284C5A44EECDB0F2,5103E2D95685ADFF,chapter_2_the_star.snbt,,,,minecraft:magenta_concrete_powder,,명시적 task.title 없이 아이템 hover 사용,
task,68D520511388D29F,5103E2D95685ADFF,chapter_2_the_star.snbt,,,,minecraft:pink_concrete,,명시적 task.title 없이 아이템 hover 사용,
task,28BB20E22FFCBBC1,5103E2D95685ADFF,chapter_2_the_star.snbt,,,,minecraft:pink_concrete_powder,,명시적 task.title 없이 아이템 hover 사용,
quest,216DA9782EBDFF34,5103E2D95685ADFF,chapter_2_the_star.snbt,&b&lOccultism,&b&lOccultism,,,,한국어 파일의 영어 quest.title,
quest,21AB14A8553896E9,5103E2D95685ADFF,chapter_2_the_star.snbt,&2&lProductive Trees,&2&lProductive Trees,,,,한국어 파일의 영어 quest.title,
task,111FFDE17A83079D,5103E2D95685ADFF,chapter_2_the_star.snbt,,,,minecraft:honeycomb,,명시적 task.title 없이 아이템 hover 사용,
quest,340CDF4357E22A43,5103E2D95685ADFF,chapter_2_the_star.snbt,&e&lIron's Spells and Spellbooks,&e&lIron's Spells 'n Spellbooks,,,,한국어 파일의 영어 quest.title,
quest,3AAB71E9BDFD4C1E,5103E2D95685ADFF,chapter_2_the_star.snbt,&4&lPneumaticCraft,&4&lPneumaticCraft,,,,한국어 파일의 영어 quest.title,
quest,11374A3B5BD644F5,5103E2D95685ADFF,chapter_2_the_star.snbt,&lIndustrial Foregoing,&lIndustrial Foregoing,,,,한국어 파일의 영어 quest.title,
quest,752DD0BF36B70D88,5103E2D95685ADFF,chapter_2_the_star.snbt,&7&lIron Furnaces,&7&lIron Furnaces,,,,한국어 파일의 영어 quest.title,
task,6627658A032CDC95,5103E2D95685ADFF,chapter_2_the_star.snbt,,,,minecraft:furnace,,명시적 task.title 없이 아이템 hover 사용,
quest,7377C657CED885AC,5103E2D95685ADFF,chapter_2_the_star.snbt,&2&lMystical Agriculture,&2&lMystical Agriculture,,,,한국어 파일의 영어 quest.title,
quest,29D28983E0200A3C,5103E2D95685ADFF,chapter_2_the_star.snbt,&d&lArs Nouveau,&d&lArs Nouveau,,,,한국어 파일의 영어 quest.title,
quest,3331EBE1BB4BF64D,5103E2D95685ADFF,chapter_2_the_star.snbt,&a&lExtreme Reactors,&a&lExtreme Reactors,,,,한국어 파일의 영어 quest.title,
quest,7E4367252A39BE6C,5103E2D95685ADFF,chapter_2_the_star.snbt,&c&lPowah,&c&lPowah!,,,,한국어 파일의 영어 quest.title,
task,785BFA29F6285581,5103E2D95685ADFF,chapter_2_the_star.snbt,,,,minecraft:bookshelf,,명시적 task.title 없이 아이템 hover 사용,
quest,3F5B5D6B788E0A73,5103E2D95685ADFF,chapter_2_the_star.snbt,&4&lEvilCraft,&4&lEvilCraft,,,,한국어 파일의 영어 quest.title,
quest,792990DC06DB98F9,5103E2D95685ADFF,chapter_2_the_star.snbt,&5&lEternal Starlight,&5&lEternal Starlight,,,,한국어 파일의 영어 quest.title,
quest,76C63670624C3C56,5103E2D95685ADFF,chapter_2_the_star.snbt,&c&lGenerator Galore,&c&lGenerator Galore,,,,한국어 파일의 영어 quest.title,
task,0D3DC52244DC7ADD,5103E2D95685ADFF,chapter_2_the_star.snbt,,,,minecraft:furnace,,명시적 task.title 없이 아이템 hover 사용,
quest,24F3E90C14BFD1B4,5103E2D95685ADFF,chapter_2_the_star.snbt,&7&lModern Industrialization,&7&lModern Industrialization,,,,한국어 파일의 영어 quest.title,
quest,2171DC0B13C4BD43,5103E2D95685ADFF,chapter_2_the_star.snbt,&a&lRoots Classic,&a&lRoots Classic,,,,한국어 파일의 영어 quest.title,
quest,6A46A9F04D2A0748,5103E2D95685ADFF,chapter_2_the_star.snbt,&3&lJust Dire Things,&3&lJust Dire Things,,,,한국어 파일의 영어 quest.title,
quest,7A579E233C69871F,5103E2D95685ADFF,chapter_2_the_star.snbt,&b&lHostile Neural Networks,&b&lHostile Neural Networks,,,,한국어 파일의 영어 quest.title,
task,4F3FDE5B92E3EE76,5103E2D95685ADFF,chapter_2_the_star.snbt,,,,minecraft:echo_shard,,명시적 task.title 없이 아이템 hover 사용,
quest,2B57C8D2F98A9279,5103E2D95685ADFF,chapter_2_the_star.snbt,&l&7Pocket Storage,&l&7Pocket Storage,,,,한국어 파일의 영어 quest.title,
task,79091A03D874F1A7,5103E2D95685ADFF,chapter_2_the_star.snbt,,,,modern_industrialization:star_altar,,명시적 task.title 없이 아이템 hover 사용,
quest,31B0267C47DB9D98,5103E2D95685ADFF,chapter_2_the_star.snbt,,,AllRightsReserved,,,설명은 있으나 명시적 quest.title 없음,
task,662F6B4EF078E3A2,5103E2D95685ADFF,chapter_2_the_star.snbt,AllRightsReserved,AllRightsReserved,,,,한국어 파일의 영어 task.title,
task,644EBD9EBC93EB3C,5103E2D95685ADFF,chapter_2_the_star.snbt,AllRightsReserved,AllRightsReserved,,,,한국어 파일의 영어 task.title,
quest,5EC1B868720BF521,5103E2D95685ADFF,chapter_2_the_star.snbt,&8&lImmersive Engineering,&8&lImmersive Engineering,,,,한국어 파일의 영어 quest.title,
task,6373147D18B35DCE,5103E2D95685ADFF,chapter_2_the_star.snbt,,,,stevescarts:module_galgadorian_drill,,명시적 task.title 없이 아이템 hover 사용,
task,17E6AEEE9C081DB1,5103E2D95685ADFF,chapter_2_the_star.snbt,,,,minecraft:diamond,,명시적 task.title 없이 아이템 hover 사용,
quest,309B0B2898893B4E,5103E2D95685ADFF,chapter_2_the_star.snbt,&l&bSteve's Carts,&l&bSteve's Carts,,,,한국어 파일의 영어 quest.title,
task,7D87951BDCAF7377,5103E2D95685ADFF,chapter_2_the_star.snbt,,,,stevescarts:component_stabilized_metal,,명시적 task.title 없이 아이템 hover 사용,
quest,4B7D387CEFF9667E,5103E2D95685ADFF,chapter_2_the_star.snbt,&6&lCreate,&6&lCreate,,,,한국어 파일의 영어 quest.title,
task,1ADA8EDA9196471C,5103E2D95685ADFF,chapter_2_the_star.snbt,,,,minecraft:andesite,,명시적 task.title 없이 아이템 hover 사용,
task,44013B23AB5873A2,5103E2D95685ADFF,chapter_2_the_star.snbt,,,,ftbfiltersystem:smart_filter,,명시적 task.title 없이 아이템 hover 사용,
task,3043AA3A143C2F09,5103E2D95685ADFF,chapter_2_the_star.snbt,,,,ftbfiltersystem:smart_filter,,명시적 task.title 없이 아이템 hover 사용,
task,7098EE34DE595CD4,5103E2D95685ADFF,chapter_2_the_star.snbt,,,,ftbfiltersystem:smart_filter,,명시적 task.title 없이 아이템 hover 사용,
quest,28DB59B20109D0D4,5103E2D95685ADFF,chapter_2_the_star.snbt,&6&lOritech,&6&lOritech,,,,한국어 파일의 영어 quest.title,
quest,57A7A5C79389A96A,100C477F4E63F20A,create.snbt,&6&lCreate&r,&6&lCreate&r,,,,한국어 파일의 영어 quest.title,
task,2811A593A759354C,100C477F4E63F20A,create.snbt,,,,minecraft:andesite,,명시적 task.title 없이 아이템 hover 사용,
task,727CBE88631AC9E4,100C477F4E63F20A,create.snbt,,,,ftbfiltersystem:smart_filter,,명시적 task.title 없이 아이템 hover 사용,
task,4555EA054687BD5F,100C477F4E63F20A,create.snbt,,,,minecraft:copper_ingot,,명시적 task.title 없이 아이템 hover 사용,
task,21C5C92ABD91D795,100C477F4E63F20A,create.snbt,,,,ftbfiltersystem:smart_filter,,명시적 task.title 없이 아이템 hover 사용,
quest,2C2958E38293717E,100C477F4E63F20A,create.snbt,&6&lCreate&r 1.21,&6&lCreate&r 1.21,,,,한국어 파일의 영어 quest.title,
task,45140DDB8CE40AC4,100C477F4E63F20A,create.snbt,,,,ftbfiltersystem:smart_filter,,명시적 task.title 없이 아이템 hover 사용,
task,36AD2A449FE452E8,0B826D13BAD43EEB,draconic_evolution.snbt,,,,minecraft:redstone_block,,명시적 task.title 없이 아이템 hover 사용,
task,5E2F12A4A10B340F,0B826D13BAD43EEB,draconic_evolution.snbt,,,,minecraft:redstone_block,,명시적 task.title 없이 아이템 hover 사용,
task,31103B425588A4DF,0B826D13BAD43EEB,draconic_evolution.snbt,,,,minecraft:redstone_block,,명시적 task.title 없이 아이템 hover 사용,
task,1AFB7D87A71F862A,0B826D13BAD43EEB,draconic_evolution.snbt,,,,minecraft:redstone_block,,명시적 task.title 없이 아이템 hover 사용,
quest,26DF1427AC3966DE,0B826D13BAD43EEB,draconic_evolution.snbt,Draconic Evolution,Draconic Evolution,,,,한국어 파일의 영어 quest.title,
task,664130FB28E419EF,0B826D13BAD43EEB,draconic_evolution.snbt,,,,ftbfiltersystem:smart_filter,,명시적 task.title 없이 아이템 hover 사용,
quest,54735C5FCD2077B3,0F96DC3563DA78EF,elmystical_agriculturerr.snbt,&aMystical Agriculture!,&aMystical Agriculture!,,,,한국어 파일의 영어 quest.title,
task,66A22C64B978D14E,0F96DC3563DA78EF,elmystical_agriculturerr.snbt,,,,mysticalagriculture:ice_seeds,,명시적 task.title 없이 아이템 hover 사용,
task,03F5ECD810F037D8,0F96DC3563DA78EF,elmystical_agriculturerr.snbt,,,,mysticalagriculture:inferium_seeds,,명시적 task.title 없이 아이템 hover 사용,
task,549F9D9ED163CF60,0F96DC3563DA78EF,elmystical_agriculturerr.snbt,,,,mysticalagriculture:earth_seeds,,명시적 task.title 없이 아이템 hover 사용,
task,5865E21723C2C04C,0F96DC3563DA78EF,elmystical_agriculturerr.snbt,,,,mysticalagriculture:water_seeds,,명시적 task.title 없이 아이템 hover 사용,
task,7DEB271808127E13,0F96DC3563DA78EF,elmystical_agriculturerr.snbt,,,,mysticalagriculture:dirt_seeds,,명시적 task.title 없이 아이템 hover 사용,
task,5ABAC0A86621FDAE,0F96DC3563DA78EF,elmystical_agriculturerr.snbt,,,,mysticalagriculture:stone_seeds,,명시적 task.title 없이 아이템 hover 사용,
task,2515FBAF4FB435D1,0F96DC3563DA78EF,elmystical_agriculturerr.snbt,,,,mysticalagriculture:deepslate_seeds,,명시적 task.title 없이 아이템 hover 사용,
task,39C1F0936A29423F,0F96DC3563DA78EF,elmystical_agriculturerr.snbt,,,,mysticalagriculture:fire_seeds,,명시적 task.title 없이 아이템 hover 사용,
task,06CFF66846E1CE0F,0F96DC3563DA78EF,elmystical_agriculturerr.snbt,,,,mysticalagriculture:wood_seeds,,명시적 task.title 없이 아이템 hover 사용,
task,0724F3944632CE48,0F96DC3563DA78EF,elmystical_agriculturerr.snbt,,,,mysticalagriculture:air_seeds,,명시적 task.title 없이 아이템 hover 사용,
quest,576ABF43FCF886B7,0F96DC3563DA78EF,elmystical_agriculturerr.snbt,&2Prudentium Farmland,&2프루덴티움 경작지,,mysticalagriculture:prudentium_farmland,프루덴튬 경작지,리소스팩 아이템명과 quest.title 불일치,프루덴튬 경작지
task,68C2E4443A30EBCD,0F96DC3563DA78EF,elmystical_agriculturerr.snbt,,,,mysticalagriculture:coral_seeds,,명시적 task.title 없이 아이템 hover 사용,
task,0EE2D7787F6BCC5B,0F96DC3563DA78EF,elmystical_agriculturerr.snbt,,,,mysticalagriculture:coal_seeds,,명시적 task.title 없이 아이템 hover 사용,
task,05F63F2B26AC3813,0F96DC3563DA78EF,elmystical_agriculturerr.snbt,,,,mysticalagriculture:dye_seeds,,명시적 task.title 없이 아이템 hover 사용,
task,7BDE7BF288BF4C12,0F96DC3563DA78EF,elmystical_agriculturerr.snbt,,,,mysticalagriculture:aluminum_seeds,,명시적 task.title 없이 아이템 hover 사용,
task,710F8974F3DC637A,0F96DC3563DA78EF,elmystical_agriculturerr.snbt,,,,mysticalagriculture:honey_seeds,,명시적 task.title 없이 아이템 hover 사용,
task,782E7DB1D1B935F9,0F96DC3563DA78EF,elmystical_agriculturerr.snbt,,,,mysticalagriculture:nature_seeds,,명시적 task.title 없이 아이템 hover 사용,
task,02578ADBCFF855EA,0F96DC3563DA78EF,elmystical_agriculturerr.snbt,,,,mysticalagriculture:nether_seeds,,명시적 task.title 없이 아이템 hover 사용,
task,47EB67F67390D09C,0F96DC3563DA78EF,elmystical_agriculturerr.snbt,,,,mysticalagriculture:chicken_seeds,,명시적 task.title 없이 아이템 hover 사용,
task,1E4845AD1FC5216D,0F96DC3563DA78EF,elmystical_agriculturerr.snbt,,,,mysticalagriculture:squid_seeds,,명시적 task.title 없이 아이템 hover 사용,
quest,7580037DB8ADEB3C,0F96DC3563DA78EF,elmystical_agriculturerr.snbt,,,item,mysticalagriculture:cow_seeds,,설명은 있으나 명시적 quest.title 없음,
task,2866EA9311E575B6,0F96DC3563DA78EF,elmystical_agriculturerr.snbt,,,,mysticalagriculture:cow_seeds,,명시적 task.title 없이 아이템 hover 사용,
task,4AC1F7DF47EB532C,0F96DC3563DA78EF,elmystical_agriculturerr.snbt,,,,mysticalagriculture:pig_seeds,,명시적 task.title 없이 아이템 hover 사용,
quest,2C73E3C5113BF2AC,0F96DC3563DA78EF,elmystical_agriculturerr.snbt,,,item,mysticalagriculture:sheep_seeds,,설명은 있으나 명시적 quest.title 없음,
task,745EDBA102BB6C91,0F96DC3563DA78EF,elmystical_agriculturerr.snbt,,,,mysticalagriculture:sheep_seeds,,명시적 task.title 없이 아이템 hover 사용,
task,0B7F79DE8130BAE9,0F96DC3563DA78EF,elmystical_agriculturerr.snbt,,,,mysticalagriculture:fish_seeds,,명시적 task.title 없이 아이템 hover 사용,
task,697EBA0A6EF9183E,0F96DC3563DA78EF,elmystical_agriculturerr.snbt,,,,mysticalagriculture:turtle_seeds,,명시적 task.title 없이 아이템 hover 사용,
task,180DD2AAD6C8F073,0F96DC3563DA78EF,elmystical_agriculturerr.snbt,,,,mysticalagriculture:slime_seeds,,명시적 task.title 없이 아이템 hover 사용,
quest,3BB3AA6C29285837,0F96DC3563DA78EF,elmystical_agriculturerr.snbt,&2Prudentium Apple,&2프루덴티움 사과,,mysticalagradditions:prudentium_apple,프루덴튬 사과,리소스팩 아이템명과 quest.title 불일치,프루덴튬 사과
task,7DB7534C6C6DFD07,0F96DC3563DA78EF,elmystical_agriculturerr.snbt,,,,mysticalagriculture:kivi_seeds,,명시적 task.title 없이 아이템 hover 사용,
task,746BDB75C6349D56,0F96DC3563DA78EF,elmystical_agriculturerr.snbt,,,,mysticalagriculture:amethyst_seeds,,명시적 task.title 없이 아이템 hover 사용,
task,28AB00B9D62D1BDB,0F96DC3563DA78EF,elmystical_agriculturerr.snbt,,,,mysticalagriculture:silicon_seeds,,명시적 task.title 없이 아이템 hover 사용,
task,4AFDD617FF240E97,0F96DC3563DA78EF,elmystical_agriculturerr.snbt,,,,mysticalagriculture:sulfur_seeds,,명시적 task.title 없이 아이템 hover 사용,
task,63695DFD699B590C,0F96DC3563DA78EF,elmystical_agriculturerr.snbt,,,,mysticalagriculture:menril_seeds,,명시적 task.title 없이 아이템 hover 사용,
task,643B2B1220202107,0F96DC3563DA78EF,elmystical_agriculturerr.snbt,,,,mysticalagriculture:copper_seeds,,명시적 task.title 없이 아이템 hover 사용,
task,4645F8968B0B8BE5,0F96DC3563DA78EF,elmystical_agriculturerr.snbt,,,,mysticalagriculture:rabbit_seeds,,명시적 task.title 없이 아이템 hover 사용,
task,633406C0560295F7,0F96DC3563DA78EF,elmystical_agriculturerr.snbt,,,,mysticalagriculture:spider_seeds,,명시적 task.title 없이 아이템 hover 사용,
task,4315AB4B19D55458,0F96DC3563DA78EF,elmystical_agriculturerr.snbt,,,,mysticalagriculture:skeleton_seeds,,명시적 task.title 없이 아이템 hover 사용,
task,622AAF6C554CA027,0F96DC3563DA78EF,elmystical_agriculturerr.snbt,,,,mysticalagriculture:zombie_seeds,,명시적 task.title 없이 아이템 hover 사용,
task,72BC6673FB44DBB2,0F96DC3563DA78EF,elmystical_agriculturerr.snbt,,,,mysticalagriculture:creeper_seeds,,명시적 task.title 없이 아이템 hover 사용,
task,1A6781CA48458EE5,0F96DC3563DA78EF,elmystical_agriculturerr.snbt,,,,mysticalagriculture:iron_seeds,,명시적 task.title 없이 아이템 hover 사용,
task,4F0C1B7C6A7D8B48,0F96DC3563DA78EF,elmystical_agriculturerr.snbt,,,,mysticalagriculture:tin_seeds,,명시적 task.title 없이 아이템 hover 사용,
task,2E91F2EEB7093307,0F96DC3563DA78EF,elmystical_agriculturerr.snbt,,,,mysticalagriculture:silver_seeds,,명시적 task.title 없이 아이템 hover 사용,
task,688CF4D959B2C166,0F96DC3563DA78EF,elmystical_agriculturerr.snbt,,,,mysticalagriculture:lead_seeds,,명시적 task.title 없이 아이템 hover 사용,
task,6C1D65468A9CB0E7,0F96DC3563DA78EF,elmystical_agriculturerr.snbt,,,,mysticalagriculture:zinc_seeds,,명시적 task.title 없이 아이템 hover 사용,
task,49E42AE6E840232B,0F96DC3563DA78EF,elmystical_agriculturerr.snbt,,,,mysticalagriculture:redstone_seeds,,명시적 task.title 없이 아이템 hover 사용,
task,31A77F49C01691EE,0F96DC3563DA78EF,elmystical_agriculturerr.snbt,,,,mysticalagriculture:glowstone_seeds,,명시적 task.title 없이 아이템 hover 사용,
task,11CA35D8218A0BEC,0F96DC3563DA78EF,elmystical_agriculturerr.snbt,,,,mysticalagriculture:nether_quartz_seeds,,명시적 task.title 없이 아이템 hover 사용,
task,26E5425CC40CE5EE,0F96DC3563DA78EF,elmystical_agriculturerr.snbt,,,,mysticalagriculture:certus_quartz_seeds,,명시적 task.title 없이 아이템 hover 사용,
task,3F585AB49026A3E0,0F96DC3563DA78EF,elmystical_agriculturerr.snbt,,,,mysticalagriculture:obsidian_seeds,,명시적 task.title 없이 아이템 hover 사용,
task,42624C9B608A803A,0F96DC3563DA78EF,elmystical_agriculturerr.snbt,,,,mysticalagriculture:prismarine_seeds,,명시적 task.title 없이 아이템 hover 사용,
task,5F5C247C68DB6DFC,0F96DC3563DA78EF,elmystical_agriculturerr.snbt,,,,mysticalagriculture:armadillo_seeds,,명시적 task.title 없이 아이템 hover 사용,
task,1EEEDA40678278F1,0F96DC3563DA78EF,elmystical_agriculturerr.snbt,,,,mysticalagriculture:bronze_seeds,,명시적 task.title 없이 아이템 hover 사용,
task,4E0DC10C3EF14CD5,0F96DC3563DA78EF,elmystical_agriculturerr.snbt,,,,mysticalagriculture:brass_seeds,,명시적 task.title 없이 아이템 hover 사용,
task,05EF95C65E85EA6C,0F96DC3563DA78EF,elmystical_agriculturerr.snbt,,,,mysticalagriculture:graphite_seeds,,명시적 task.title 없이 아이템 hover 사용,
task,45D1F88FD73488A0,0F96DC3563DA78EF,elmystical_agriculturerr.snbt,,,,mysticalagriculture:sky_stone_seeds,,명시적 task.title 없이 아이템 hover 사용,
task,5E6AA14A531DC749,0F96DC3563DA78EF,elmystical_agriculturerr.snbt,,,,mysticalagriculture:fluorite_seeds,,명시적 task.title 없이 아이템 hover 사용,
task,61058B1004B5C97C,0F96DC3563DA78EF,elmystical_agriculturerr.snbt,,,,mysticalagriculture:blaze_seeds,,명시적 task.title 없이 아이템 hover 사용,
task,67E85827062B8B79,0F96DC3563DA78EF,elmystical_agriculturerr.snbt,,,,mysticalagriculture:ghast_seeds,,명시적 task.title 없이 아이템 hover 사용,
task,23CCD297E830C925,0F96DC3563DA78EF,elmystical_agriculturerr.snbt,,,,mysticalagriculture:enderman_seeds,,명시적 task.title 없이 아이템 hover 사용,
task,0932A42E423E21A3,0F96DC3563DA78EF,elmystical_agriculturerr.snbt,,,,mysticalagriculture:experience_seeds,,명시적 task.title 없이 아이템 hover 사용,
task,737A74FAB46C9E54,0F96DC3563DA78EF,elmystical_agriculturerr.snbt,,,,mysticalagriculture:gold_seeds,,명시적 task.title 없이 아이템 hover 사용,
task,238B6815E9C74478,0F96DC3563DA78EF,elmystical_agriculturerr.snbt,,,,mysticalagriculture:nickel_seeds,,명시적 task.title 없이 아이템 hover 사용,
task,09233415005F6331,0F96DC3563DA78EF,elmystical_agriculturerr.snbt,,,,mysticalagriculture:lapis_lazuli_seeds,,명시적 task.title 없이 아이템 hover 사용,
task,1DC4FE7A037EC52E,0F96DC3563DA78EF,elmystical_agriculturerr.snbt,,,,mysticalagriculture:osmium_seeds,,명시적 task.title 없이 아이템 hover 사용,
task,2FF27D7E36203A68,0F96DC3563DA78EF,elmystical_agriculturerr.snbt,,,,mysticalagriculture:end_seeds,,명시적 task.title 없이 아이템 hover 사용,
task,62FDF643AE01C15A,0F96DC3563DA78EF,elmystical_agriculturerr.snbt,,,,mysticalagriculture:uranium_seeds,,명시적 task.title 없이 아이템 hover 사용,
task,5A642FC70B7F231C,0F96DC3563DA78EF,elmystical_agriculturerr.snbt,,,,mysticalagriculture:breeze_seeds,,명시적 task.title 없이 아이템 hover 사용,
task,5931994FE57A7F1D,0F96DC3563DA78EF,elmystical_agriculturerr.snbt,,,,mysticalagriculture:constantan_seeds,,명시적 task.title 없이 아이템 hover 사용,
task,5E1986176CACC04B,0F96DC3563DA78EF,elmystical_agriculturerr.snbt,,,,mysticalagriculture:electrum_seeds,,명시적 task.title 없이 아이템 hover 사용,
task,6842A169417884AC,0F96DC3563DA78EF,elmystical_agriculturerr.snbt,,,,mysticalagriculture:invar_seeds,,명시적 task.title 없이 아이템 hover 사용,
task,70AAB5C43A242FFC,0F96DC3563DA78EF,elmystical_agriculturerr.snbt,,,,mysticalagriculture:ruby_seeds,,명시적 task.title 없이 아이템 hover 사용,
task,35687A1BCAE8B4B7,0F96DC3563DA78EF,elmystical_agriculturerr.snbt,,,,mysticalagriculture:sapphire_seeds,,명시적 task.title 없이 아이템 hover 사용,
task,5BFA0291FCB0A6EB,0F96DC3563DA78EF,elmystical_agriculturerr.snbt,,,,mysticalagriculture:peridot_seeds,,명시적 task.title 없이 아이템 hover 사용,
task,16DA7A42BFF8E49D,0F96DC3563DA78EF,elmystical_agriculturerr.snbt,,,,mysticalagriculture:soulium_seeds,,명시적 task.title 없이 아이템 hover 사용,
task,052383511EFBAA39,0F96DC3563DA78EF,elmystical_agriculturerr.snbt,,,,mysticalagriculture:refined_glowstone_seeds,,명시적 task.title 없이 아이템 hover 사용,
task,71C24E1E0D38D736,0F96DC3563DA78EF,elmystical_agriculturerr.snbt,,,,mysticalagriculture:refined_obsidian_seeds,,명시적 task.title 없이 아이템 hover 사용,
task,6CD928618B1BEEF0,0F96DC3563DA78EF,elmystical_agriculturerr.snbt,,,,mysticalagriculture:compressed_iron_seeds,,명시적 task.title 없이 아이템 hover 사용,
task,6C3B1BE82518BB76,0F96DC3563DA78EF,elmystical_agriculturerr.snbt,,,,mysticalagriculture:fluix_seeds,,명시적 task.title 없이 아이템 hover 사용,
task,5BB535B22420EBC8,0F96DC3563DA78EF,elmystical_agriculturerr.snbt,,,,mysticalagriculture:energized_steel_seeds,,명시적 task.title 없이 아이템 hover 사용,
task,5B32C56CD3D3FAEA,0F96DC3563DA78EF,elmystical_agriculturerr.snbt,,,,mysticalagriculture:blazing_crystal_seeds,,명시적 task.title 없이 아이템 hover 사용,
task,3E93D20A19EEAD09,0F96DC3563DA78EF,elmystical_agriculturerr.snbt,,,,mysticalagriculture:wither_skeleton_seeds,,명시적 task.title 없이 아이템 hover 사용,
task,69C9CEC467EB00C0,0F96DC3563DA78EF,elmystical_agriculturerr.snbt,,,,mysticalagriculture:uraninite_seeds,,명시적 task.title 없이 아이템 hover 사용,
task,4EA95AE9AF641FB4,0F96DC3563DA78EF,elmystical_agriculturerr.snbt,,,,mysticalagriculture:diamond_seeds,,명시적 task.title 없이 아이템 hover 사용,
task,403DE50D5B8CFE29,0F96DC3563DA78EF,elmystical_agriculturerr.snbt,,,,mysticalagriculture:emerald_seeds,,명시적 task.title 없이 아이템 hover 사용,
task,74EAB51BE492743F,0F96DC3563DA78EF,elmystical_agriculturerr.snbt,,,,mysticalagriculture:platinum_seeds,,명시적 task.title 없이 아이템 hover 사용,
task,324DACE30B49D25B,0F96DC3563DA78EF,elmystical_agriculturerr.snbt,,,,mysticalagriculture:netherite_seeds,,명시적 task.title 없이 아이템 hover 사용,
task,15593DA8F8CD43C1,0F96DC3563DA78EF,elmystical_agriculturerr.snbt,,,,mysticalagriculture:iridium_seeds,,명시적 task.title 없이 아이템 hover 사용,
task,3D71807BD0D1FE4A,0F96DC3563DA78EF,elmystical_agriculturerr.snbt,,,,mysticalagriculture:cyanite_seeds,,명시적 task.title 없이 아이템 hover 사용,
task,1DCA07CE49352C19,0F96DC3563DA78EF,elmystical_agriculturerr.snbt,,,,mysticalagriculture:niotic_crystal_seeds,,명시적 task.title 없이 아이템 hover 사용,
task,320B2A8805D3ECED,0F96DC3563DA78EF,elmystical_agriculturerr.snbt,,,,mysticalagriculture:spirited_crystal_seeds,,명시적 task.title 없이 아이템 hover 사용,
quest,1E2B363E3365A62F,0F96DC3563DA78EF,elmystical_agriculturerr.snbt,,,item,mysticalagriculture:allthemodium_seeds,,설명은 있으나 명시적 quest.title 없음,
task,3EA8470D5E40EA43,0F96DC3563DA78EF,elmystical_agriculturerr.snbt,,,,mysticalagriculture:allthemodium_seeds,,명시적 task.title 없이 아이템 hover 사용,
task,5DE48EBDF62289D7,0F96DC3563DA78EF,elmystical_agriculturerr.snbt,,,,kubejs:magical_soil,,명시적 task.title 없이 아이템 hover 사용,
quest,2BC325DEBDD2F5CA,0F96DC3563DA78EF,elmystical_agriculturerr.snbt,,,item,mysticalagriculture:vibranium_seeds,,설명은 있으나 명시적 quest.title 없음,
task,446A7CDDA5146278,0F96DC3563DA78EF,elmystical_agriculturerr.snbt,,,,mysticalagriculture:vibranium_seeds,,명시적 task.title 없이 아이템 hover 사용,
task,4A225430802B4804,0F96DC3563DA78EF,elmystical_agriculturerr.snbt,,,,kubejs:magical_soil,,명시적 task.title 없이 아이템 hover 사용,
quest,404AA0F5557D7E35,0F96DC3563DA78EF,elmystical_agriculturerr.snbt,,,item,mysticalagriculture:unobtainium_seeds,,설명은 있으나 명시적 quest.title 없음,
task,66E7FB36B21AFAD7,0F96DC3563DA78EF,elmystical_agriculturerr.snbt,,,,mysticalagriculture:unobtainium_seeds,,명시적 task.title 없이 아이템 hover 사용,
task,26405897C8819538,0F96DC3563DA78EF,elmystical_agriculturerr.snbt,,,,kubejs:magical_soil,,명시적 task.title 없이 아이템 hover 사용,
quest,44B22160850ACAB2,0F96DC3563DA78EF,elmystical_agriculturerr.snbt,,,item,mysticalagriculture:nether_star_seeds,,설명은 있으나 명시적 quest.title 없음,
task,00073B11E4DCF6E8,0F96DC3563DA78EF,elmystical_agriculturerr.snbt,,,,mysticalagriculture:nether_star_seeds,,명시적 task.title 없이 아이템 hover 사용,
quest,140DADB32EF10D58,0F96DC3563DA78EF,elmystical_agriculturerr.snbt,,,item,mysticalagriculture:dragon_egg_seeds,,설명은 있으나 명시적 quest.title 없음,
task,31C616DBF508CCEF,0F96DC3563DA78EF,elmystical_agriculturerr.snbt,,,,mysticalagriculture:dragon_egg_seeds,,명시적 task.title 없이 아이템 hover 사용,
quest,31A370550BD592B6,0F96DC3563DA78EF,elmystical_agriculturerr.snbt,,,item,mysticalagriculture:nitro_crystal_seeds,,설명은 있으나 명시적 quest.title 없음,
task,1317B64A85E758E4,0F96DC3563DA78EF,elmystical_agriculturerr.snbt,,,,mysticalagriculture:nitro_crystal_seeds,,명시적 task.title 없이 아이템 hover 사용,
quest,224CE21E56703F6E,0F96DC3563DA78EF,elmystical_agriculturerr.snbt,&2Wand,&2지팡이,,mysticalagriculture:wand,마법봉,리소스팩 아이템명과 quest.title 불일치,마법봉
quest,23C36E4B5DCEBFDD,0F96DC3563DA78EF,elmystical_agriculturerr.snbt,,,AllRightsReserved,,,설명은 있으나 명시적 quest.title 없음,
task,773CA1FDC4CEFCEF,0F96DC3563DA78EF,elmystical_agriculturerr.snbt,AllRightsReserved,AllRightsReserved,,,,한국어 파일의 영어 task.title,
task,518B9569DCE0A771,0F96DC3563DA78EF,elmystical_agriculturerr.snbt,AllRightsReserved,AllRightsReserved,,,,한국어 파일의 영어 task.title,
task,47991E13B91F2F3B,0F96DC3563DA78EF,elmystical_agriculturerr.snbt,,,,mysticalagriculture:unexplored_wood_seeds,,명시적 task.title 없이 아이템 hover 사용,
task,55548D67DDDBF318,0F96DC3563DA78EF,elmystical_agriculturerr.snbt,,,,mysticalagriculture:darkstone_seeds,,명시적 task.title 없이 아이템 hover 사용,
task,0DF2711915D23139,0F96DC3563DA78EF,elmystical_agriculturerr.snbt,,,,mysticalagriculture:azure_silver_seeds,,명시적 task.title 없이 아이템 hover 사용,
task,54C528490FDCAEF4,0F96DC3563DA78EF,elmystical_agriculturerr.snbt,,,,mysticalagriculture:crimson_iron_seeds,,명시적 task.title 없이 아이템 hover 사용,
task,466E24781B4BDB2B,0F96DC3563DA78EF,elmystical_agriculturerr.snbt,,,,mysticalagriculture:grains_of_infinity_seeds,,명시적 task.title 없이 아이템 hover 사용,
task,607F8A0675A1FE1D,0F96DC3563DA78EF,elmystical_agriculturerr.snbt,,,,mysticalagriculture:saltpeter_seeds,,명시적 task.title 없이 아이템 hover 사용,
task,59B4FB3D5F592B20,0F96DC3563DA78EF,elmystical_agriculturerr.snbt,,,,mysticalagriculture:redstone_alloy_seeds,,명시적 task.title 없이 아이템 hover 사용,
task,089E72314F69E0A1,0F96DC3563DA78EF,elmystical_agriculturerr.snbt,,,,mysticalagriculture:steeleaf_seeds,,명시적 task.title 없이 아이템 hover 사용,
task,7DCF0602D1855782,0F96DC3563DA78EF,elmystical_agriculturerr.snbt,,,,mysticalagriculture:xychorium_gem_seeds,,명시적 task.title 없이 아이템 hover 사용,
task,538D51FC8321C046,0F96DC3563DA78EF,elmystical_agriculturerr.snbt,,,,mysticalagriculture:copper_alloy_seeds,,명시적 task.title 없이 아이템 hover 사용,
task,52E6F3E92A0875AC,0F96DC3563DA78EF,elmystical_agriculturerr.snbt,,,,mysticalagriculture:conductive_alloy_seeds,,명시적 task.title 없이 아이템 hover 사용,
task,7934E1747A9CE4C9,0F96DC3563DA78EF,elmystical_agriculturerr.snbt,,,,mysticalagriculture:ironwood_seeds,,명시적 task.title 없이 아이템 hover 사용,
task,71332492950521DA,0F96DC3563DA78EF,elmystical_agriculturerr.snbt,,,,mysticalagriculture:hop_graphite_seeds,,명시적 task.title 없이 아이템 hover 사용,
task,48B2837A88CB9B54,0F96DC3563DA78EF,elmystical_agriculturerr.snbt,,,,mysticalagriculture:dark_steel_seeds,,명시적 task.title 없이 아이템 hover 사용,
task,4AD1691B2C102B59,0F96DC3563DA78EF,elmystical_agriculturerr.snbt,,,,mysticalagriculture:energetic_alloy_seeds,,명시적 task.title 없이 아이템 hover 사용,
task,044CDEDB12A23672,0F96DC3563DA78EF,elmystical_agriculturerr.snbt,,,,mysticalagriculture:fiery_ingot_seeds,,명시적 task.title 없이 아이템 hover 사용,
task,140DE68D199671CC,0F96DC3563DA78EF,elmystical_agriculturerr.snbt,,,,mysticalagriculture:soularium_seeds,,명시적 task.title 없이 아이템 hover 사용,
task,026B913C4F045B44,0F96DC3563DA78EF,elmystical_agriculturerr.snbt,,,,mysticalagriculture:pulsating_alloy_seeds,,명시적 task.title 없이 아이템 hover 사용,
task,40111B7C13ABC481,0F96DC3563DA78EF,elmystical_agriculturerr.snbt,,,,mysticalagriculture:knightmetal_seeds,,명시적 task.title 없이 아이템 hover 사용,
task,0FCC730D256965D6,0F96DC3563DA78EF,elmystical_agriculturerr.snbt,,,,mysticalagriculture:enderium_seeds,,명시적 task.title 없이 아이템 hover 사용,
task,00ACCE7057507F12,0F96DC3563DA78EF,elmystical_agriculturerr.snbt,,,,mysticalagriculture:end_steel_seeds,,명시적 task.title 없이 아이템 hover 사용,
task,7BFE12E39ED5E2F7,0F96DC3563DA78EF,elmystical_agriculturerr.snbt,,,,mysticalagriculture:vibrant_alloy_seeds,,명시적 task.title 없이 아이템 hover 사용,
task,3BE85B444B0D7503,0F96DC3563DA78EF,elmystical_agriculturerr.snbt,,,,mysticalagriculture:sky_steel_seeds,,명시적 task.title 없이 아이템 hover 사용,
task,36ADFB768FA568A2,0F96DC3563DA78EF,elmystical_agriculturerr.snbt,,,,mysticalagriculture:entro_seeds,,명시적 task.title 없이 아이템 hover 사용,
task,1434679461CC6FCC,0F96DC3563DA78EF,elmystical_agriculturerr.snbt,,,,mysticalagriculture:black_quartz_seeds,,명시적 task.title 없이 아이템 hover 사용,
quest,6314B892B569A0A5,6AEC23C6D526F362,eternal_starlight.snbt,Eternal Starlight,Eternal Starlight,,,,한국어 파일의 영어 quest.title,
task,03FD5D5B56E6EE54,6AEC23C6D526F362,eternal_starlight.snbt,,,,eternal_starlight:starlight_mangrove_sapling,,명시적 task.title 없이 아이템 hover 사용,
task,0DDC5131385A31C8,6AEC23C6D526F362,eternal_starlight.snbt,,,,eternal_starlight:swamp_silver_ingot,,명시적 task.title 없이 아이템 hover 사용,
task,4AF16007B3C6224E,6AEC23C6D526F362,eternal_starlight.snbt,,,,eternal_starlight:atalphaite,,명시적 task.title 없이 아이템 hover 사용,
task,6618053E00147EE9,6AEC23C6D526F362,eternal_starlight.snbt,,,,eternal_starlight:swamp_silver_helmet,,명시적 task.title 없이 아이템 hover 사용,
task,242B4552785FCC54,6AEC23C6D526F362,eternal_starlight.snbt,,,,eternal_starlight:swamp_silver_chestplate,,명시적 task.title 없이 아이템 hover 사용,
task,0266C4B946061D4B,6AEC23C6D526F362,eternal_starlight.snbt,,,,eternal_starlight:swamp_silver_leggings,,명시적 task.title 없이 아이템 hover 사용,
task,5A2823AC2F1170A7,6AEC23C6D526F362,eternal_starlight.snbt,,,,eternal_starlight:swamp_silver_boots,,명시적 task.title 없이 아이템 hover 사용,
task,66755A2D873AEB81,6AEC23C6D526F362,eternal_starlight.snbt,,,,eternal_starlight:swamp_silver_sword,,명시적 task.title 없이 아이템 hover 사용,
task,759F6D1EA0FAD887,6AEC23C6D526F362,eternal_starlight.snbt,,,,eternal_starlight:swamp_silver_pickaxe,,명시적 task.title 없이 아이템 hover 사용,
task,30E738F2377C94F8,6AEC23C6D526F362,eternal_starlight.snbt,,,,eternal_starlight:swamp_silver_axe,,명시적 task.title 없이 아이템 hover 사용,
task,54237AEE6A97B440,6AEC23C6D526F362,eternal_starlight.snbt,,,,eternal_starlight:swamp_silver_sickle,,명시적 task.title 없이 아이템 hover 사용,
task,47DA42491982BD41,6AEC23C6D526F362,eternal_starlight.snbt,,,,ftbfiltersystem:smart_filter,,명시적 task.title 없이 아이템 hover 사용,
task,28A1467F578C3750,6AEC23C6D526F362,eternal_starlight.snbt,,,,ftbfiltersystem:smart_filter,,명시적 task.title 없이 아이템 hover 사용,
task,29CAA814200ABBA8,6AEC23C6D526F362,eternal_starlight.snbt,,,,ftbfiltersystem:smart_filter,,명시적 task.title 없이 아이템 hover 사용,
quest,27E34DCC9C94F4FF,3456E0C530C0038E,evilcraft.snbt,,,AllRightsReserved,,,설명은 있으나 명시적 quest.title 없음,
task,293B86458729C26E,3456E0C530C0038E,evilcraft.snbt,AllRightsReserved,AllRightsReserved,,,,한국어 파일의 영어 task.title,
quest,4818C8387C0DBBE7,51A2FE60D8B76FC6,extended__advanced_ae.snbt,ExtendedAE,Extended AE,,,,한국어 파일의 영어 quest.title,
quest,7725CB7D0AE55180,51A2FE60D8B76FC6,extended__advanced_ae.snbt,Advanced AE,Advanced AE,,,,한국어 파일의 영어 quest.title,
quest,19DE6EBEA8219E8E,3C78926E5D301BA0,extreme_reactors.snbt,,,AllRightsReserved,,,설명은 있으나 명시적 quest.title 없음,
task,27D8027E1B88F02A,3C78926E5D301BA0,extreme_reactors.snbt,AllRightsReserved,AllRightsReserved,,,,한국어 파일의 영어 task.title,
task,4851C74261B5FA25,3C78926E5D301BA0,extreme_reactors.snbt,AllRightsReserved,AllRightsReserved,,,,한국어 파일의 영어 task.title,
task,73B6ED422F9292D1,05E614FDA677D85E,food_and_farming.snbt,,,,minecraft:wheat_seeds,,명시적 task.title 없이 아이템 hover 사용,
task,5824C93C84312142,05E614FDA677D85E,food_and_farming.snbt,,,,minecraft:leather,,명시적 task.title 없이 아이템 hover 사용,
task,63282E8604721F13,05E614FDA677D85E,food_and_farming.snbt,,,,minecraft:lead,,명시적 task.title 없이 아이템 hover 사용,
task,19A9C679111A90BC,05E614FDA677D85E,food_and_farming.snbt,,,,minecraft:milk_bucket,,명시적 task.title 없이 아이템 hover 사용,
task,46974912B1E8E78B,05E614FDA677D85E,food_and_farming.snbt,,,,minecraft:egg,,명시적 task.title 없이 아이템 hover 사용,
task,611CC8005150DC9B,05E614FDA677D85E,food_and_farming.snbt,,,,minecraft:feather,,명시적 task.title 없이 아이템 hover 사용,
task,0CAC6A36AC5A6708,05E614FDA677D85E,food_and_farming.snbt,,,,minecraft:chicken,,명시적 task.title 없이 아이템 hover 사용,
task,6890EB2819D88073,05E614FDA677D85E,food_and_farming.snbt,,,,minecraft:wheat,,명시적 task.title 없이 아이템 hover 사용,
task,03C7F9CB0DDB2D9B,05E614FDA677D85E,food_and_farming.snbt,,,,minecraft:bread,,명시적 task.title 없이 아이템 hover 사용,
task,6118A776B40507B7,05E614FDA677D85E,food_and_farming.snbt,,,,minecraft:sugar_cane,,명시적 task.title 없이 아이템 hover 사용,
task,61DBF366AFC8A579,05E614FDA677D85E,food_and_farming.snbt,,,Cooking for Blockheads I,cookingforblockheads:recipe_book,Cooking for Blockheads I,명시적 task.title 없이 아이템 hover 사용,Cooking for Blockheads I
task,20FD5552BE10D679,05E614FDA677D85E,food_and_farming.snbt,,,Cooking for Blockheads II,cookingforblockheads:crafting_book,Cooking for Blockheads II,명시적 task.title 없이 아이템 hover 사용,Cooking for Blockheads II
task,5CB4746CCB2E2363,05E614FDA677D85E,food_and_farming.snbt,,,,minecraft:fishing_rod,,명시적 task.title 없이 아이템 hover 사용,
quest,0893EFCAC7031FEA,05E614FDA677D85E,food_and_farming.snbt,,,item,minecraft:cake,,설명은 있으나 명시적 quest.title 없음,
task,1AA73DEFAA50FDF6,05E614FDA677D85E,food_and_farming.snbt,,,,minecraft:cake,,명시적 task.title 없이 아이템 hover 사용,
task,56CAB3D2E3421C7C,05E614FDA677D85E,food_and_farming.snbt,,,,minecraft:sugar,,명시적 task.title 없이 아이템 hover 사용,
quest,55C4824DAD905512,05E614FDA677D85E,food_and_farming.snbt,,,AllRightsReserved,,,설명은 있으나 명시적 quest.title 없음,
task,5805158E69C05AED,05E614FDA677D85E,food_and_farming.snbt,AllRightsReserved,AllRightsReserved,,,,한국어 파일의 영어 task.title,
task,1D8904E53906D972,05E614FDA677D85E,food_and_farming.snbt,AllRightsReserved,AllRightsReserved,,,,한국어 파일의 영어 task.title,
task,00D7C2BCAD726BE8,4EBB2171D5A3AAAC,forbidden__arcanus.snbt,,,,minecraft:smithing_table,,명시적 task.title 없이 아이템 hover 사용,
task,333F55C8B6309F73,4EBB2171D5A3AAAC,forbidden__arcanus.snbt,,,,minecraft:enchanting_table,,명시적 task.title 없이 아이템 hover 사용,
task,09EB713B3DFC147C,4EBB2171D5A3AAAC,forbidden__arcanus.snbt,,,,minecraft:spawner,,명시적 task.title 없이 아이템 hover 사용,
task,01D16EA4A29E7C91,4EBB2171D5A3AAAC,forbidden__arcanus.snbt,,,,modern_industrialization:runic_crucible,,명시적 task.title 없이 아이템 hover 사용,
task,05535B8C94E70C5F,4EBB2171D5A3AAAC,forbidden__arcanus.snbt,,,,kubejs:liquid_souls_bucket,,명시적 task.title 없이 아이템 hover 사용,
task,181E5AEEFBB79CBD,4EBB2171D5A3AAAC,forbidden__arcanus.snbt,,,,kubejs:liquid_aureal_bucket,,명시적 task.title 없이 아이템 hover 사용,
quest,0D61473D7A09CD48,4EBB2171D5A3AAAC,forbidden__arcanus.snbt,,,item,modern_industrialization:auto_forge,,설명은 있으나 명시적 quest.title 없음,
task,0912CAC19BBA29D1,4EBB2171D5A3AAAC,forbidden__arcanus.snbt,,,,modern_industrialization:auto_forge,,명시적 task.title 없이 아이템 hover 사용,
task,0D1806A422DCCE39,4EBB2171D5A3AAAC,forbidden__arcanus.snbt,,,,ftbfiltersystem:smart_filter,,명시적 task.title 없이 아이템 hover 사용,
task,3C7296E2E064C061,4EBB2171D5A3AAAC,forbidden__arcanus.snbt,,,,sauce:source_fluid_bucket,,명시적 task.title 없이 아이템 hover 사용,
task,703D7D142BD7CEC9,73180B829B960E63,generators.snbt,,,,minecraft:furnace,,명시적 task.title 없이 아이템 hover 사용,
quest,7297391D026EE9A6,73180B829B960E63,generators.snbt,&dPotion Generator,&d포션 발전기,,generatorgalore:potion_generator,물약 발전기,리소스팩 아이템명과 quest.title 불일치,물약 발전기
quest,552CA2ABE659A507,73180B829B960E63,generators.snbt,&cMagmatic Generator,&c마그마틱 발전기,,generatorgalore:magmatic_generator,마그마 발전기,리소스팩 아이템명과 quest.title 불일치,마그마 발전기
quest,40DB6E3DE87F16EF,73180B829B960E63,generators.snbt,&5Halitosis Generator,&5할리토시스 발전기,,generatorgalore:halitosis_generator,구취 발전기,리소스팩 아이템명과 quest.title 불일치,구취 발전기
task,1311C09169CA7055,73180B829B960E63,generators.snbt,,,,minecraft:paper,,명시적 task.title 없이 아이템 hover 사용,
task,5DB7A437BEC3E2D4,73180B829B960E63,generators.snbt,AllRightsReserved,AllRightsReserved,,,,한국어 파일의 영어 task.title,
task,38B6F45109CB033A,73180B829B960E63,generators.snbt,AllRightsReserved,AllRightsReserved,,,,한국어 파일의 영어 task.title,
task,26FAC6C93C935044,0A52D0932DA3F809,hostile_neural_networks.snbt,,,,minecraft:redstone,,명시적 task.title 없이 아이템 hover 사용,
quest,12AE2856444996F6,0A52D0932DA3F809,hostile_neural_networks.snbt,,,AllRightsReserved,,,설명은 있으나 명시적 quest.title 없음,
task,6B580F95A2E5A465,0A52D0932DA3F809,hostile_neural_networks.snbt,AllRightsReserved,AllRightsReserved,,,,한국어 파일의 영어 task.title,
task,15D2A03410859443,0A52D0932DA3F809,hostile_neural_networks.snbt,AllRightsReserved,AllRightsReserved,,,,한국어 파일의 영어 task.title,
task,78CDCCBB053CE95C,0A52D0932DA3F809,hostile_neural_networks.snbt,,,,kubejs:starlight_prediction,,명시적 task.title 없이 아이템 hover 사용,
quest,395417A7ABC3658F,5D8E83698AEF1092,ice__fire.snbt,&2Gorgon Head,&2고르곤 머리,,iceandfire:gorgon_head,고르곤의 머리,리소스팩 아이템명과 quest.title 불일치,고르곤의 머리
quest,7D086BC5AC152E27,5D8E83698AEF1092,ice__fire.snbt,&bShiny Scales,&b반짝이는 비늘,,iceandfire:shiny_scales,빛나는 비늘,리소스팩 아이템명과 quest.title 불일치,빛나는 비늘
quest,41F9CC26C7D86AE9,5D8E83698AEF1092,ice__fire.snbt,&bHippocampus Slapper,&b히포캄푸스 슬래퍼,,iceandfire:hippocampus_slapper,히포캄푸스의 찰싹대,리소스팩 아이템명과 quest.title 불일치,히포캄푸스의 찰싹대
quest,09ABD5D978373A54,5D8E83698AEF1092,ice__fire.snbt,&aHydra Heart,&a히드라 체력,,iceandfire:hydra_heart,히드라의 심장,리소스팩 아이템명과 quest.title 불일치,히드라의 심장
task,047744035FE7C4C6,5D8E83698AEF1092,ice__fire.snbt,,,,ftbfiltersystem:smart_filter,,명시적 task.title 없이 아이템 hover 사용,
task,413E2B1199F7B2FE,5D8E83698AEF1092,ice__fire.snbt,,,,ftbfiltersystem:smart_filter,,명시적 task.title 없이 아이템 hover 사용,
task,4F3D1BF4E10770D2,5D8E83698AEF1092,ice__fire.snbt,,,,ftbfiltersystem:smart_filter,,명시적 task.title 없이 아이템 hover 사용,
task,0620A9784793301A,5D8E83698AEF1092,ice__fire.snbt,,,,ftbfiltersystem:smart_filter,,명시적 task.title 없이 아이템 hover 사용,
task,4BFCCD15D178ED0D,5D8E83698AEF1092,ice__fire.snbt,,,,ftbfiltersystem:smart_filter,,명시적 task.title 없이 아이템 hover 사용,
task,73A02CA0F7204A81,5D8E83698AEF1092,ice__fire.snbt,,,,ftbfiltersystem:smart_filter,,명시적 task.title 없이 아이템 hover 사용,
task,4703C2FA0B8E7CA5,5D8E83698AEF1092,ice__fire.snbt,,,,ftbfiltersystem:smart_filter,,명시적 task.title 없이 아이템 hover 사용,
task,721D4B2BCA090BEE,5D8E83698AEF1092,ice__fire.snbt,,,,ftbfiltersystem:smart_filter,,명시적 task.title 없이 아이템 hover 사용,
quest,39107884D6C80D41,5D8E83698AEF1092,ice__fire.snbt,&aPhantasmal Blade,&a환상적인 칼날,,iceandfire:ghost_sword,환영의 검,리소스팩 아이템명과 quest.title 불일치,환영의 검
task,4A894487D6AEA124,5D8E83698AEF1092,ice__fire.snbt,,,,minecraft:kelp,,명시적 task.title 없이 아이템 hover 사용,
quest,6FE6F50029D690C0,5D8E83698AEF1092,ice__fire.snbt,&9Tide Trident,&9조수 삼지창,,iceandfire:tide_trident,해류 삼지창,리소스팩 아이템명과 quest.title 불일치,해류 삼지창
task,4F3B27F987FA751B,5D8E83698AEF1092,ice__fire.snbt,,,,ftbfiltersystem:smart_filter,,명시적 task.title 없이 아이템 hover 사용,
task,2F6DA7A9259F8585,5D8E83698AEF1092,ice__fire.snbt,,,,ftbfiltersystem:smart_filter,,명시적 task.title 없이 아이템 hover 사용,
task,3014A3CA3C73E6D4,5D8E83698AEF1092,ice__fire.snbt,,,,ftbfiltersystem:smart_filter,,명시적 task.title 없이 아이템 hover 사용,
task,433EA38A6B260048,5D8E83698AEF1092,ice__fire.snbt,,,,ftbfiltersystem:smart_filter,,명시적 task.title 없이 아이템 hover 사용,
task,091437742C548F81,5D8E83698AEF1092,ice__fire.snbt,,,,minecraft:fishing_rod,,명시적 task.title 없이 아이템 hover 사용,
quest,445DB66B81146E91,5D8E83698AEF1092,ice__fire.snbt,&3Amphithere Macuahuitl,&3암피테레 마쿠아후이틀,,iceandfire:amphithere_macuahuitl,암피테레 도검,리소스팩 아이템명과 quest.title 불일치,암피테레 도검
quest,4AFDC9ACAC926654,5D8E83698AEF1092,ice__fire.snbt,&0Rotten Egg,&0썩은 알,,iceandfire:rotten_egg,썩은 달걀,리소스팩 아이템명과 quest.title 불일치,썩은 달걀
task,2BCD016F70368254,5D8E83698AEF1092,ice__fire.snbt,,,,minecraft:cake,,명시적 task.title 없이 아이템 hover 사용,
quest,3804364077F4BAD4,5D8E83698AEF1092,ice__fire.snbt,&dPixie Wand,&d픽시 지팡이,,iceandfire:pixie_wand,픽시의 지팡이,리소스팩 아이템명과 quest.title 불일치,픽시의 지팡이
task,3E3EBDB1D26C3117,5D8E83698AEF1092,ice__fire.snbt,,,,minecraft:netherrack,,명시적 task.title 없이 아이템 hover 사용,
task,71321938044ADBE4,5D8E83698AEF1092,ice__fire.snbt,,,,minecraft:water_bucket,,명시적 task.title 없이 아이템 hover 사용,
task,3CC50EAEEE1E8A56,5D8E83698AEF1092,ice__fire.snbt,,,,minecraft:stick,,명시적 task.title 없이 아이템 hover 사용,
task,2519E6394D62203F,5D8E83698AEF1092,ice__fire.snbt,,,,ftbfiltersystem:smart_filter,,명시적 task.title 없이 아이템 hover 사용,
quest,7B21D2FAD5F3246A,5D8E83698AEF1092,ice__fire.snbt,&b&lIce &fand &cFire&r,&b&lIce &fand &cFire&r,,,,한국어 파일의 영어 quest.title,
quest,2E9D1131DC21CC5B,22C20C1827FE6805,immersive_engineering.snbt,&8&lImmersive Engineering,&8&lImmersive Engineering,,,,한국어 파일의 영어 quest.title,
task,4D5FA238E199BECE,22C20C1827FE6805,immersive_engineering.snbt,,,,minecraft:hopper,,명시적 task.title 없이 아이템 hover 사용,
task,4CBB52C7D0BF9B28,22C20C1827FE6805,immersive_engineering.snbt,,,,ftbfiltersystem:smart_filter,,명시적 task.title 없이 아이템 hover 사용,
task,53AF5EFD070E8761,22C20C1827FE6805,immersive_engineering.snbt,,,,ftbfiltersystem:smart_filter,,명시적 task.title 없이 아이템 hover 사용,
quest,56CE6CF9C99FB522,22C20C1827FE6805,immersive_engineering.snbt,&8Radiator Block,&8방열기 블록,,immersiveengineering:radiator,방열 블록,리소스팩 아이템명과 quest.title 불일치,방열 블록
task,5C0A27EA31A8CA78,22C20C1827FE6805,immersive_engineering.snbt,,,,minecraft:piston,,명시적 task.title 없이 아이템 hover 사용,
task,34424E87D679D3AA,22C20C1827FE6805,immersive_engineering.snbt,,,,minecraft:hopper,,명시적 task.title 없이 아이템 hover 사용,
task,2DA2DAF100BEB247,22C20C1827FE6805,immersive_engineering.snbt,,,,minecraft:cauldron,,명시적 task.title 없이 아이템 hover 사용,
task,1753E67772445136,22C20C1827FE6805,immersive_engineering.snbt,,,,minecraft:piston,,명시적 task.title 없이 아이템 hover 사용,
task,77B4D2FE41B9556D,22C20C1827FE6805,immersive_engineering.snbt,,,,minecraft:cauldron,,명시적 task.title 없이 아이템 hover 사용,
quest,23FDFA44A162023A,22C20C1827FE6805,immersive_engineering.snbt,&6Engineer's Workbench,&6공학자의 워크벤치,,immersiveengineering:workbench,공학자의 작업대,리소스팩 아이템명과 quest.title 불일치,공학자의 작업대
quest,3E32450DBB7529AA,22C20C1827FE6805,immersive_engineering.snbt,&eItem Batcher,&e아이템 배쳐,,immersiveengineering:item_batcher,아이템 배치 처리기,리소스팩 아이템명과 quest.title 불일치,아이템 배치 처리기
quest,3ED40CC40458087E,22C20C1827FE6805,immersive_engineering.snbt,&c&lAccumulator Backpack,&c&l축전지 가방,,immersiveengineering:powerpack,축전기 배낭,리소스팩 아이템명과 quest.title 불일치,축전기 배낭
quest,6F3C82072672FD17,22C20C1827FE6805,immersive_engineering.snbt,,,AllRightsReserved,,,설명은 있으나 명시적 quest.title 없음,
task,603A16080675C348,22C20C1827FE6805,immersive_engineering.snbt,AllRightsReserved,AllRightsReserved,,,,한국어 파일의 영어 task.title,
task,0D7C60D7BFBD8CF0,22C20C1827FE6805,immersive_engineering.snbt,AllRightsReserved,AllRightsReserved,,,,한국어 파일의 영어 task.title,
quest,55820773BDD5319D,193F91842D2ED7D9,industrial_foregoing.snbt,Industrial Foregoing,Industrial Foregoing,,,,한국어 파일의 영어 quest.title,
task,706E6BE855C4AE5C,193F91842D2ED7D9,industrial_foregoing.snbt,,,,industrialforegoing:conveyor_insertion_upgrade,,명시적 task.title 없이 아이템 hover 사용,
task,1D7CB07E1E6F7A29,193F91842D2ED7D9,industrial_foregoing.snbt,,,,industrialforegoing:conveyor_extraction_upgrade,,명시적 task.title 없이 아이템 hover 사용,
task,1F78346AC1AA58B4,193F91842D2ED7D9,industrial_foregoing.snbt,,,,industrialforegoing:conveyor_bouncing_upgrade,,명시적 task.title 없이 아이템 hover 사용,
task,3DB99B677678BCDD,193F91842D2ED7D9,industrial_foregoing.snbt,,,,industrialforegoing:conveyor_dropping_upgrade,,명시적 task.title 없이 아이템 hover 사용,
task,1A64390CFB75F256,193F91842D2ED7D9,industrial_foregoing.snbt,,,,industrialforegoing:conveyor_detection_upgrade,,명시적 task.title 없이 아이템 hover 사용,
task,387D0194F77E1870,193F91842D2ED7D9,industrial_foregoing.snbt,,,,industrialforegoing:conveyor_blinking_upgrade,,명시적 task.title 없이 아이템 hover 사용,
task,4C5292076C0A9E83,193F91842D2ED7D9,industrial_foregoing.snbt,,,,industrialforegoing:conveyor_splitting_upgrade,,명시적 task.title 없이 아이템 hover 사용,
task,16AC71DDD21F0323,193F91842D2ED7D9,industrial_foregoing.snbt,,,,industrialforegoing:purple_laser_lens,,명시적 task.title 없이 아이템 hover 사용,
quest,2F69010E1FA2787D,193F91842D2ED7D9,industrial_foregoing.snbt,,,AllRightsReserved,,,설명은 있으나 명시적 quest.title 없음,
task,7058D3373DA87B34,193F91842D2ED7D9,industrial_foregoing.snbt,AllRightsReserved,AllRightsReserved,,,,한국어 파일의 영어 task.title,
task,6B17A0D9906E8C90,193F91842D2ED7D9,industrial_foregoing.snbt,AllRightsReserved,AllRightsReserved,,,,한국어 파일의 영어 task.title,
quest,79D48F8F31B152C3,193F91842D2ED7D9,industrial_foregoing.snbt,&bIndustrial Foregoing &#27AEB9Souls,&bIndustrial Foregoing &#27AEB9Souls,,,,한국어 파일의 영어 quest.title,
task,6CB105B7421A5DC5,193F91842D2ED7D9,industrial_foregoing.snbt,,,,industrialforegoing:blue_laser_lens,,명시적 task.title 없이 아이템 hover 사용,
quest,3924975B48F5A482,193F91842D2ED7D9,industrial_foregoing.snbt,Soulplied Energistics,Soulplied Energistics,,,,한국어 파일의 영어 quest.title,
quest,65D89991A45BC042,69299302373C4CBC,integrated_dynamics.snbt,,,item,integratedcrafting:part_interface_crafting,,설명은 있으나 명시적 quest.title 없음,
task,0A7BC7D8BD823DB9,69299302373C4CBC,integrated_dynamics.snbt,,,,integratedcrafting:part_interface_crafting,,명시적 task.title 없이 아이템 hover 사용,
quest,56BF647EA84FFF7E,69299302373C4CBC,integrated_dynamics.snbt,,,item,integratedterminals:part_terminal_crafting_job,,설명은 있으나 명시적 quest.title 없음,
task,034B95CEED32EF7A,69299302373C4CBC,integrated_dynamics.snbt,,,,integratedterminals:part_terminal_crafting_job,,명시적 task.title 없이 아이템 hover 사용,
quest,6ABDBE41880CFDA9,69299302373C4CBC,integrated_dynamics.snbt,,,AllRightsReserved,,,설명은 있으나 명시적 quest.title 없음,
task,267CE316E1F8FA83,69299302373C4CBC,integrated_dynamics.snbt,AllRightsReserved,AllRightsReserved,,,,한국어 파일의 영어 task.title,
task,238B5BA2FAE9785B,69299302373C4CBC,integrated_dynamics.snbt,AllRightsReserved,AllRightsReserved,,,,한국어 파일의 영어 task.title,
quest,232A06C9FF0EE7B2,69299302373C4CBC,integrated_dynamics.snbt,,,item,mysticalagriculture:menril_seeds,,설명은 있으나 명시적 quest.title 없음,
task,578E01FF81FBBCD4,69299302373C4CBC,integrated_dynamics.snbt,,,,mysticalagriculture:menril_seeds,,명시적 task.title 없이 아이템 hover 사용,
task,6502D0124314BF25,76DF5FAA7961E5E7,iron_spells_and_spellbooks.snbt,,,,minecraft:paper,,명시적 task.title 없이 아이템 hover 사용,
quest,300F2E45D185A9A1,76DF5FAA7961E5E7,iron_spells_and_spellbooks.snbt,&lIron's Spells 'N Spellbooks,&lIron's Spells 'n Spellbooks,,,,한국어 파일의 영어 quest.title,
task,6D7A6BD863C60517,76DF5FAA7961E5E7,iron_spells_and_spellbooks.snbt,,,,ftbfiltersystem:smart_filter,,명시적 task.title 없이 아이템 hover 사용,
task,279DA565E9ADF7B0,76DF5FAA7961E5E7,iron_spells_and_spellbooks.snbt,,,,minecraft:stick,,명시적 task.title 없이 아이템 hover 사용,
task,46D60EFC3A46B9E5,76DF5FAA7961E5E7,iron_spells_and_spellbooks.snbt,,,,ftbfiltersystem:smart_filter,,명시적 task.title 없이 아이템 hover 사용,
task,3C3C72B067AD5E27,76DF5FAA7961E5E7,iron_spells_and_spellbooks.snbt,,,,ftbfiltersystem:smart_filter,,명시적 task.title 없이 아이템 hover 사용,
task,27D8ABC106075E00,76DF5FAA7961E5E7,iron_spells_and_spellbooks.snbt,,,,ftbfiltersystem:smart_filter,,명시적 task.title 없이 아이템 hover 사용,
quest,7F0B2D58361FB00E,4EAAE0CEB26378A6,justdirethings.snbt,Just Dire Things,Just Dire Things,,,,한국어 파일의 영어 quest.title,
task,3AC95E8DC4229D17,4EAAE0CEB26378A6,justdirethings.snbt,Just Dire Things,Just Dire Things,,,,한국어 파일의 영어 task.title,
quest,4A88472F1581EE7E,43BB00A7A7E1042C,mahou_tsukai.snbt,&4&lMahou Tsukai,&4&lMahou Tsukai,,,,한국어 파일의 영어 quest.title,
quest,54E6C0D1BB442184,43BB00A7A7E1042C,mahou_tsukai.snbt,&9Mortar and Pestle,&9절구와 막자,,mahoutsukai:mortar_and_pestle,절구,리소스팩 아이템명과 quest.title 불일치,절구
task,586916ED82D2DD2C,43BB00A7A7E1042C,mahou_tsukai.snbt,,,,minecraft:diamond_sword,,명시적 task.title 없이 아이템 hover 사용,
task,6DC9B5F714C6FE8C,43BB00A7A7E1042C,mahou_tsukai.snbt,,,,minecraft:nether_star,,명시적 task.title 없이 아이템 hover 사용,
task,049799C40545AB1C,43BB00A7A7E1042C,mahou_tsukai.snbt,,,,minecraft:stick,,명시적 task.title 없이 아이템 hover 사용,
task,2FD63B9DA3F02205,43BB00A7A7E1042C,mahou_tsukai.snbt,,,,minecraft:diamond_sword,,명시적 task.title 없이 아이템 hover 사용,
task,1E87CE2F633083A4,43BB00A7A7E1042C,mahou_tsukai.snbt,,,,minecraft:shield,,명시적 task.title 없이 아이템 hover 사용,
task,04BEDF6241255FB3,43BB00A7A7E1042C,mahou_tsukai.snbt,,,,minecraft:bow,,명시적 task.title 없이 아이템 hover 사용,
quest,6E04A314CD796254,43BB00A7A7E1042C,mahou_tsukai.snbt,&5&lNobu,&5&lNobu,,,,한국어 파일의 영어 quest.title,
task,74EEFA68C5C602FE,43BB00A7A7E1042C,mahou_tsukai.snbt,,,Nobu,mahoutsukai:nobu,Nobu,명시적 task.title 없이 아이템 hover 사용,Nobu
task,746C44D800F4E4FB,732824E03978A934,mainquestline_part_1.snbt,,,,minecraft:crafting_table,,명시적 task.title 없이 아이템 hover 사용,
task,5CA7453233441165,732824E03978A934,mainquestline_part_1.snbt,,,,minecraft:wooden_pickaxe,,명시적 task.title 없이 아이템 hover 사용,
task,39AD121BCB73453D,732824E03978A934,mainquestline_part_1.snbt,,,,minecraft:furnace,,명시적 task.title 없이 아이템 hover 사용,
task,38BA6B3FF1EC9185,732824E03978A934,mainquestline_part_1.snbt,,,,minecraft:iron_ingot,,명시적 task.title 없이 아이템 hover 사용,
task,2E116AC5F25650BE,732824E03978A934,mainquestline_part_1.snbt,,,,minecraft:copper_ingot,,명시적 task.title 없이 아이템 hover 사용,
task,03005DEF00AB48F3,732824E03978A934,mainquestline_part_1.snbt,,,,minecraft:iron_pickaxe,,명시적 task.title 없이 아이템 hover 사용,
task,73F9C130378195B9,732824E03978A934,mainquestline_part_1.snbt,,,,minecraft:redstone,,명시적 task.title 없이 아이템 hover 사용,
task,17B9A643AFD7EB39,732824E03978A934,mainquestline_part_1.snbt,,,,minecraft:diamond,,명시적 task.title 없이 아이템 hover 사용,
task,6206DC761D4CDDFE,732824E03978A934,mainquestline_part_1.snbt,,,,minecraft:obsidian,,명시적 task.title 없이 아이템 hover 사용,
task,2BF525CB7074AF2A,732824E03978A934,mainquestline_part_1.snbt,,,,minecraft:ender_eye,,명시적 task.title 없이 아이템 hover 사용,
task,363806ECF99CBE88,732824E03978A934,mainquestline_part_1.snbt,,,,minecraft:netherite_upgrade_smithing_template,,명시적 task.title 없이 아이템 hover 사용,
task,1993EF1788F53759,732824E03978A934,mainquestline_part_1.snbt,,,,minecraft:brush,,명시적 task.title 없이 아이템 hover 사용,
task,4346DAC18183627E,732824E03978A934,mainquestline_part_1.snbt,,,,minecraft:netherite_ingot,,명시적 task.title 없이 아이템 hover 사용,
task,070A5475DB3F6E6C,732824E03978A934,mainquestline_part_1.snbt,,,,minecraft:sniffer_egg,,명시적 task.title 없이 아이템 hover 사용,
task,178C4C3288503A66,732824E03978A934,mainquestline_part_1.snbt,,,,minecraft:wither_skeleton_skull,,명시적 task.title 없이 아이템 hover 사용,
task,14C0350713AC4214,732824E03978A934,mainquestline_part_1.snbt,,,,minecraft:soul_sand,,명시적 task.title 없이 아이템 hover 사용,
task,4DB11C6F180743E9,732824E03978A934,mainquestline_part_1.snbt,,,,ftbfiltersystem:smart_filter,,명시적 task.title 없이 아이템 hover 사용,
quest,110BF3A2BE85F911,732824E03978A934,mainquestline_part_1.snbt,,,AllRightsReserved,,,설명은 있으나 명시적 quest.title 없음,
task,44CEA28EBD6C0898,732824E03978A934,mainquestline_part_1.snbt,AllRightsReserved,AllRightsReserved,,,,한국어 파일의 영어 task.title,
task,7C6F7EF2B3AC2824,732824E03978A934,mainquestline_part_1.snbt,AllRightsReserved,AllRightsReserved,,,,한국어 파일의 영어 task.title,
task,77329B944064E893,23983F4DC524B14B,mekanism.snbt,,,,minecraft:iron_ingot,,명시적 task.title 없이 아이템 hover 사용,
task,185D97FCA1C83569,23983F4DC524B14B,mekanism.snbt,,,,minecraft:redstone,,명시적 task.title 없이 아이템 hover 사용,
task,77211E454F98A72B,0A093D8C4429B627,mekanism_reactors.snbt,,,,minecraft:redstone,,명시적 task.title 없이 아이템 hover 사용,
task,514207C426B8725F,0A093D8C4429B627,mekanism_reactors.snbt,,,,minecraft:redstone_torch,,명시적 task.title 없이 아이템 hover 사용,
task,63A070075644110C,0A093D8C4429B627,mekanism_reactors.snbt,,,,minecraft:repeater,,명시적 task.title 없이 아이템 hover 사용,
task,1B78002379BEC2D5,0A093D8C4429B627,mekanism_reactors.snbt,,,,minecraft:daylight_detector,,명시적 task.title 없이 아이템 hover 사용,
task,557074D4BFBAB82E,0A093D8C4429B627,mekanism_reactors.snbt,,,,minecraft:redstone,,명시적 task.title 없이 아이템 hover 사용,
task,3B3CDE9FB2B79352,0A093D8C4429B627,mekanism_reactors.snbt,,,,trashcans:ultimate_trash_can,,명시적 task.title 없이 아이템 hover 사용,
task,6E5D6EED9C1BA48E,0A093D8C4429B627,mekanism_reactors.snbt,,,,mekanism:module_energy_unit,,명시적 task.title 없이 아이템 hover 사용,
task,2AC3CB8FBD0C0EEA,0A093D8C4429B627,mekanism_reactors.snbt,,,,mekanism:module_color_modulation_unit,,명시적 task.title 없이 아이템 hover 사용,
task,7D10D330834EFBA6,0A093D8C4429B627,mekanism_reactors.snbt,,,,mekanism:module_laser_dissipation_unit,,명시적 task.title 없이 아이템 hover 사용,
task,49238E5958EB7799,0A093D8C4429B627,mekanism_reactors.snbt,,,,mekanism:module_radiation_shielding_unit,,명시적 task.title 없이 아이템 hover 사용,
task,202770E4066D1877,0A093D8C4429B627,mekanism_reactors.snbt,,,,mekanism:module_excavation_escalation_unit,,명시적 task.title 없이 아이템 hover 사용,
task,13C323F3F9C07CCD,0A093D8C4429B627,mekanism_reactors.snbt,,,,mekanism:module_attack_amplification_unit,,명시적 task.title 없이 아이템 hover 사용,
task,42A82E63A6E398C2,0A093D8C4429B627,mekanism_reactors.snbt,,,,mekanism:module_farming_unit,,명시적 task.title 없이 아이템 hover 사용,
task,2A37E5CF3D3AFEEF,0A093D8C4429B627,mekanism_reactors.snbt,,,,mekanism:module_shearing_unit,,명시적 task.title 없이 아이템 hover 사용,
task,795F47DECA8922C5,0A093D8C4429B627,mekanism_reactors.snbt,,,,mekanism:module_silk_touch_unit,,명시적 task.title 없이 아이템 hover 사용,
task,0E96DB67E37EC747,0A093D8C4429B627,mekanism_reactors.snbt,,,,mekanism:module_fortune_unit,,명시적 task.title 없이 아이템 hover 사용,
task,173D44FBA6A06D77,0A093D8C4429B627,mekanism_reactors.snbt,,,,mekanism:module_blasting_unit,,명시적 task.title 없이 아이템 hover 사용,
task,2F6EF6B1BFF34281,0A093D8C4429B627,mekanism_reactors.snbt,,,,mekanism:module_vein_mining_unit,,명시적 task.title 없이 아이템 hover 사용,
task,33369946D240D6A4,0A093D8C4429B627,mekanism_reactors.snbt,,,,mekanism:module_teleportation_unit,,명시적 task.title 없이 아이템 hover 사용,
task,2E6D83EA355A31EB,0A093D8C4429B627,mekanism_reactors.snbt,,,,mekanism:module_electrolytic_breathing_unit,,명시적 task.title 없이 아이템 hover 사용,
task,29E969E807248389,0A093D8C4429B627,mekanism_reactors.snbt,,,,mekanism:module_inhalation_purification_unit,,명시적 task.title 없이 아이템 hover 사용,
task,758EF0FE2AC338F5,0A093D8C4429B627,mekanism_reactors.snbt,,,,mekanism:module_vision_enhancement_unit,,명시적 task.title 없이 아이템 hover 사용,
task,47AFA5227679624A,0A093D8C4429B627,mekanism_reactors.snbt,,,,mekanism:module_nutritional_injection_unit,,명시적 task.title 없이 아이템 hover 사용,
task,76CA2D39545A0B0C,0A093D8C4429B627,mekanism_reactors.snbt,,,,mekanism:module_dosimeter_unit,,명시적 task.title 없이 아이템 hover 사용,
task,28F37629C0BF2486,0A093D8C4429B627,mekanism_reactors.snbt,,,,mekanism:module_geiger_unit,,명시적 task.title 없이 아이템 hover 사용,
task,1A1F9F8B6B60C146,0A093D8C4429B627,mekanism_reactors.snbt,,,,mekanism:module_jetpack_unit,,명시적 task.title 없이 아이템 hover 사용,
task,19739F0047643398,0A093D8C4429B627,mekanism_reactors.snbt,,,,mekanism:module_charge_distribution_unit,,명시적 task.title 없이 아이템 hover 사용,
task,6B60AB2C6C6E2443,0A093D8C4429B627,mekanism_reactors.snbt,,,,mekanism:module_gravitational_modulating_unit,,명시적 task.title 없이 아이템 hover 사용,
task,32271B3777639C8E,0A093D8C4429B627,mekanism_reactors.snbt,,,,mekanism:module_elytra_unit,,명시적 task.title 없이 아이템 hover 사용,
task,6B2BC94876DF24A2,0A093D8C4429B627,mekanism_reactors.snbt,,,,mekanism:module_locomotive_boosting_unit,,명시적 task.title 없이 아이템 hover 사용,
task,04ABBC2F2F45F733,0A093D8C4429B627,mekanism_reactors.snbt,,,,mekanism:module_gyroscopic_stabilization_unit,,명시적 task.title 없이 아이템 hover 사용,
task,2BFA2A05915A6830,0A093D8C4429B627,mekanism_reactors.snbt,,,,mekanism:module_hydrostatic_repulsor_unit,,명시적 task.title 없이 아이템 hover 사용,
task,7A100E37BA2F44C8,0A093D8C4429B627,mekanism_reactors.snbt,,,,mekanism:module_motorized_servo_unit,,명시적 task.title 없이 아이템 hover 사용,
task,71EF0FA8F93693AE,0A093D8C4429B627,mekanism_reactors.snbt,,,,mekanism:module_hydraulic_propulsion_unit,,명시적 task.title 없이 아이템 hover 사용,
task,75FADC42733C3783,0A093D8C4429B627,mekanism_reactors.snbt,,,,mekanism:module_magnetic_attraction_unit,,명시적 task.title 없이 아이템 hover 사용,
task,4E702655D2463226,0A093D8C4429B627,mekanism_reactors.snbt,,,,mekanism:module_frost_walker_unit,,명시적 task.title 없이 아이템 hover 사용,
task,39794336C6C22715,0A093D8C4429B627,mekanism_reactors.snbt,,,,mekanism:module_soul_surfer_unit,,명시적 task.title 없이 아이템 hover 사용,
task,59084167FB5DB9B7,0A093D8C4429B627,mekanism_reactors.snbt,,,,gmut:module_gravitational_modulating_additional_unit,,명시적 task.title 없이 아이템 hover 사용,
task,0290DE7D3ADC6199,0A093D8C4429B627,mekanism_reactors.snbt,,,,mekanismgenerators:module_geothermal_generator_unit,,명시적 task.title 없이 아이템 hover 사용,
task,2637C6A325CFD72D,0A093D8C4429B627,mekanism_reactors.snbt,,,,mekanismgenerators:module_solar_recharging_unit,,명시적 task.title 없이 아이템 hover 사용,
task,7D439F105B17385F,5C4F10E65D86ED0E,mi_electric.snbt,,,,ftbfiltersystem:smart_filter,,명시적 task.title 없이 아이템 hover 사용,
task,72823EB9E1443164,5C4F10E65D86ED0E,mi_electric.snbt,,,,ftbfiltersystem:smart_filter,,명시적 task.title 없이 아이템 hover 사용,
task,1F44E7BEA2D191E5,0D990A1D1E088701,mi_steam.snbt,,,,minecraft:copper_ingot,,명시적 task.title 없이 아이템 hover 사용,
task,5BD4D6622B8FBB6A,0D990A1D1E088701,mi_steam.snbt,,,,ftbfiltersystem:smart_filter,,명시적 task.title 없이 아이템 hover 사용,
task,3D336BF6B98BCDBD,0D990A1D1E088701,mi_steam.snbt,,,,minecraft:bricks,,명시적 task.title 없이 아이템 hover 사용,
quest,63E4529AF8894018,0AB4F9AED808DE48,modular_router.snbt,&lModular Routers,&lModular Routers,,,,한국어 파일의 영어 quest.title,
quest,2BB5769119BA2472,0AB4F9AED808DE48,modular_router.snbt,,,AllRightsReserved,,,설명은 있으나 명시적 quest.title 없음,
task,3007461CFCC0A013,0AB4F9AED808DE48,modular_router.snbt,AllRightsReserved,AllRightsReserved,,,,한국어 파일의 영어 task.title,
task,76EEAE9313F68334,0AB4F9AED808DE48,modular_router.snbt,AllRightsReserved,AllRightsReserved,,,,한국어 파일의 영어 task.title,
task,2C08B46593A9B329,7A72E12C3839D165,natures_aura.snbt,,,,naturesaura:aura_bottle,,명시적 task.title 없이 아이템 hover 사용,
task,5FD10BCA425E745A,7A72E12C3839D165,natures_aura.snbt,,,,naturesaura:aura_bottle,,명시적 task.title 없이 아이템 hover 사용,
task,6217C3256485AF70,7A72E12C3839D165,natures_aura.snbt,,,,naturesaura:aura_bottle,,명시적 task.title 없이 아이템 hover 사용,
task,1523CDF0F19A3162,7A72E12C3839D165,natures_aura.snbt,,,,minecraft:chiseled_stone_bricks,,명시적 task.title 없이 아이템 hover 사용,
task,15CDE30E1F7EBAD5,4C507C004144BFEE,occultism.snbt,,,,occultism:dictionary_of_spirits,,명시적 task.title 없이 아이템 hover 사용,
task,1342FA7690E10866,4C507C004144BFEE,occultism.snbt,,,,minecraft:flint_and_steel,,명시적 task.title 없이 아이템 hover 사용,
task,02C93CCE15B79995,4C507C004144BFEE,occultism.snbt,,,,minecraft:iron_ingot,,명시적 task.title 없이 아이템 hover 사용,
task,695C19A116BBBDBB,4C507C004144BFEE,occultism.snbt,,,,minecraft:gold_ingot,,명시적 task.title 없이 아이템 hover 사용,
task,66013401F4FA44FC,4C507C004144BFEE,occultism.snbt,,,,minecraft:copper_ingot,,명시적 task.title 없이 아이템 hover 사용,
task,1E8BCF5AD19584F7,4C507C004144BFEE,occultism.snbt,,,,ftbfiltersystem:smart_filter,,명시적 task.title 없이 아이템 hover 사용,
task,51F520BF7DA37873,4C507C004144BFEE,occultism.snbt,,,,ftbfiltersystem:smart_filter,,명시적 task.title 없이 아이템 hover 사용,
task,2119DB35CADF61FC,4C507C004144BFEE,occultism.snbt,,,,minecraft:experience_bottle,,명시적 task.title 없이 아이템 hover 사용,
quest,0BD6365534BF04D5,4C507C004144BFEE,occultism.snbt,&aIhagan's Enthrallment,&aIhagan's Enthrallment,,,,한국어 파일의 영어 quest.title,
task,1286B8BF842021A0,4C507C004144BFEE,occultism.snbt,,,,minecraft:honey_block,,명시적 task.title 없이 아이템 hover 사용,
task,0A765E7423C34F67,4C507C004144BFEE,occultism.snbt,,,,minecraft:honeycomb_block,,명시적 task.title 없이 아이템 hover 사용,
task,7E64536D4E1607F9,4C507C004144BFEE,occultism.snbt,,,,minecraft:honeycomb,,명시적 task.title 없이 아이템 hover 사용,
task,530CC694F2DED650,4C507C004144BFEE,occultism.snbt,,,,minecraft:honey_bottle,,명시적 task.title 없이 아이템 hover 사용,
quest,38A1295878B68F83,4C507C004144BFEE,occultism.snbt,&6Kandar's Opened Conjure,&6Kandar's Opened Conjure,,,,한국어 파일의 영어 quest.title,
task,71A3B742D8757C89,4C507C004144BFEE,occultism.snbt,,,,minecraft:gunpowder,,명시적 task.title 없이 아이템 hover 사용,
task,07F6D01E644305E7,4C507C004144BFEE,occultism.snbt,,,,minecraft:netherrack,,명시적 task.title 없이 아이템 hover 사용,
task,52B4CBE9BE14AD70,4C507C004144BFEE,occultism.snbt,,,,minecraft:flint_and_steel,,명시적 task.title 없이 아이템 hover 사용,
quest,0D18BBB04693885A,4C507C004144BFEE,occultism.snbt,&aStrigeor's Higher Binding,&aStrigeor's Higher Binding,,,,한국어 파일의 영어 quest.title,
task,7B49FEA4BFE44D1C,4C507C004144BFEE,occultism.snbt,,,,minecraft:phantom_membrane,,명시적 task.title 없이 아이템 hover 사용,
task,365C31F15DC05036,4C507C004144BFEE,occultism.snbt,,,,minecraft:gunpowder,,명시적 task.title 없이 아이템 hover 사용,
task,070845F0D3E5A7FD,4C507C004144BFEE,occultism.snbt,,,,minecraft:gray_dye,,명시적 task.title 없이 아이템 hover 사용,
task,39FE4ED3B2A83A42,4C507C004144BFEE,occultism.snbt,,,,minecraft:clay_ball,,명시적 task.title 없이 아이템 hover 사용,
quest,2960FFE0C53DFEB1,4C507C004144BFEE,occultism.snbt,&cSevira's Permanent Confinement,&cSevira's Permanent Confinement,,,,한국어 파일의 영어 quest.title,
task,01ED52CC3C6D512C,4C507C004144BFEE,occultism.snbt,,,,minecraft:wither_rose,,명시적 task.title 없이 아이템 hover 사용,
task,4BE5E28E20F4420A,4C507C004144BFEE,occultism.snbt,,,,minecraft:wither_skeleton_skull,,명시적 task.title 없이 아이템 hover 사용,
quest,429B5A81DF6C43FE,4C507C004144BFEE,occultism.snbt,&6Odus' Open Convocation,&6Odus' Open Convocation,,,,한국어 파일의 영어 quest.title,
task,1BE59D80F690D32A,4C507C004144BFEE,occultism.snbt,,,,minecraft:gilded_blackstone,,명시적 task.title 없이 아이템 hover 사용,
task,606B73596F3EAFE5,4C507C004144BFEE,occultism.snbt,,,,minecraft:quartz,,명시적 task.title 없이 아이템 hover 사용,
task,3BA25C60E34661C7,4C507C004144BFEE,occultism.snbt,,,,minecraft:warped_fungus,,명시적 task.title 없이 아이템 hover 사용,
task,71CC56A5DB6BC6CF,4C507C004144BFEE,occultism.snbt,,,,minecraft:crimson_fungus,,명시적 task.title 없이 아이템 hover 사용,
quest,67884BFA27870CCE,4C507C004144BFEE,occultism.snbt,&dOsorin's Unbound Calling,&dOsorin's Unbound Calling,,,,한국어 파일의 영어 quest.title,
quest,53DEA3DFEDC4809E,4C507C004144BFEE,occultism.snbt,&4Tibira's Attraction,&4Tibira's Attraction,,,,한국어 파일의 영어 quest.title,
task,7A7F8E95E037CD5E,4C507C004144BFEE,occultism.snbt,,,,minecraft:prismarine_crystals,,명시적 task.title 없이 아이템 hover 사용,
task,7E8C9E6DDB982A6D,4C507C004144BFEE,occultism.snbt,,,,minecraft:prismarine_shard,,명시적 task.title 없이 아이템 hover 사용,
task,2BA3F105CD095EC3,4C507C004144BFEE,occultism.snbt,,,,minecraft:ghast_tear,,명시적 task.title 없이 아이템 hover 사용,
task,197964C9AA25C7B1,4C507C004144BFEE,occultism.snbt,,,,minecraft:conduit,,명시적 task.title 없이 아이템 hover 사용,
task,6368ECA9DAB480CB,4C507C004144BFEE,occultism.snbt,,,,minecraft:trident,,명시적 task.title 없이 아이템 hover 사용,
quest,2AD68066C1948C90,4C507C004144BFEE,occultism.snbt,&9Fatma's Incentivized Attraction,&9Fatma's Incentivized Attraction,,,,한국어 파일의 영어 quest.title,
task,0A4AA41F06C7DE11,4C507C004144BFEE,occultism.snbt,,,,minecraft:diamond_block,,명시적 task.title 없이 아이템 hover 사용,
task,4517C8E5F35C3414,4C507C004144BFEE,occultism.snbt,,,,minecraft:emerald_block,,명시적 task.title 없이 아이템 hover 사용,
task,6CC8BD33A5503DEB,4C507C004144BFEE,occultism.snbt,,,,minecraft:ghast_tear,,명시적 task.title 없이 아이템 hover 사용,
task,0D81CA284D83545D,4C507C004144BFEE,occultism.snbt,,,,minecraft:armadillo_scute,,명시적 task.title 없이 아이템 hover 사용,
task,1F1BB862B01DF36B,4C507C004144BFEE,occultism.snbt,,,,minecraft:rabbit_foot,,명시적 task.title 없이 아이템 hover 사용,
task,2EF2B9AE4AA75FBC,4C507C004144BFEE,occultism.snbt,,,,minecraft:pointed_dripstone,,명시적 task.title 없이 아이템 hover 사용,
quest,2CF96A264EB5522C,4C507C004144BFEE,occultism.snbt,&9Uphyxes' Inverted Tower,&9Uphyxes' Inverted Tower,,,,한국어 파일의 영어 quest.title,
task,3CF54D9FD7B66E32,4C507C004144BFEE,occultism.snbt,,,,minecraft:dragon_breath,,명시적 task.title 없이 아이템 hover 사용,
task,2C16905913038FD5,4C507C004144BFEE,occultism.snbt,,,,minecraft:end_crystal,,명시적 task.title 없이 아이템 hover 사용,
quest,0A25276925EB0CBA,4C507C004144BFEE,occultism.snbt,&dRonaza's Contact,&dRonaza's Contact,,,,한국어 파일의 영어 quest.title,
quest,5FE507DAEE770507,4C507C004144BFEE,occultism.snbt,&aOphyx' Calling,&aOphyx' Calling,,,,한국어 파일의 영어 quest.title,
quest,65E2AF881709C896,5E31DF282998B992,pneumaticcraft.snbt,Reinforced Stone,강화된 돌,,pneumaticcraft:reinforced_stone,강화석,리소스팩 아이템명과 quest.title 불일치,강화석
quest,7040CA41C0A3C2F2,5E31DF282998B992,pneumaticcraft.snbt,&9PCB Blueprint,&9PCB 청사진,,pneumaticcraft:pcb_blueprint,PCB 설계도,리소스팩 아이템명과 quest.title 불일치,PCB 설계도
task,1DF996B4E387DB41,5E31DF282998B992,pneumaticcraft.snbt,,,,minecraft:lapis_lazuli,,명시적 task.title 없이 아이템 hover 사용,
task,28A1D25CDDBF5163,5E31DF282998B992,pneumaticcraft.snbt,,,,ftbfiltersystem:smart_filter,,명시적 task.title 없이 아이템 hover 사용,
quest,325483DEB0C602F8,5E31DF282998B992,pneumaticcraft.snbt,,,AllRightsReserved,,,설명은 있으나 명시적 quest.title 없음,
task,2C268116DA162155,5E31DF282998B992,pneumaticcraft.snbt,AllRightsReserved,AllRightsReserved,,,,한국어 파일의 영어 task.title,
task,13266875BDB5077D,5E31DF282998B992,pneumaticcraft.snbt,AllRightsReserved,AllRightsReserved,,,,한국어 파일의 영어 task.title,
quest,13AA91D39A2CABF2,26E6ED94168A05C4,productive_bees.snbt,Productive Bees!,Productive Bees!,,,,한국어 파일의 영어 quest.title,
task,54CAFE539297E507,26E6ED94168A05C4,productive_bees.snbt,,,,minecraft:honeycomb,,명시적 task.title 없이 아이템 hover 사용,
task,3440EB31A4FA230D,26E6ED94168A05C4,productive_bees.snbt,,,,minecraft:honey_bottle,,명시적 task.title 없이 아이템 hover 사용,
task,33E5A303B907306B,26E6ED94168A05C4,productive_bees.snbt,,,,minecraft:beehive,,명시적 task.title 없이 아이템 hover 사용,
quest,66324D7D0C51AEAC,26E6ED94168A05C4,productive_bees.snbt,,,item,productivelib:upgrade_base,,설명은 있으나 명시적 quest.title 없음,
task,62583501BD2D3736,26E6ED94168A05C4,productive_bees.snbt,,,,productivelib:upgrade_base,,명시적 task.title 없이 아이템 hover 사용,
task,4E4CF3303EF32A51,26E6ED94168A05C4,productive_bees.snbt,,,,productivelib:upgrade_productivity,,명시적 task.title 없이 아이템 hover 사용,
quest,500BEAD94C97DF96,26E6ED94168A05C4,productive_bees.snbt,,,item,productivelib:upgrade_time,,설명은 있으나 명시적 quest.title 없음,
task,688059411B0B5AD3,26E6ED94168A05C4,productive_bees.snbt,,,,productivelib:upgrade_time,,명시적 task.title 없이 아이템 hover 사용,
quest,2182492BCC1B33D8,26E6ED94168A05C4,productive_bees.snbt,,,item,productivelib:upgrade_child,,설명은 있으나 명시적 quest.title 없음,
task,7F657CB10470C0A8,26E6ED94168A05C4,productive_bees.snbt,,,,productivelib:upgrade_child,,명시적 task.title 없이 아이템 hover 사용,
quest,397E2D14BDE7DED0,26E6ED94168A05C4,productive_bees.snbt,,,item,productivelib:upgrade_block,,설명은 있으나 명시적 quest.title 없음,
task,40738A193E02B31F,26E6ED94168A05C4,productive_bees.snbt,,,,productivelib:upgrade_block,,명시적 task.title 없이 아이템 hover 사용,
quest,198EDBAC1D6E2339,26E6ED94168A05C4,productive_bees.snbt,,,item,productivelib:upgrade_anti_teleport,,설명은 있으나 명시적 quest.title 없음,
task,67DD56316034C118,26E6ED94168A05C4,productive_bees.snbt,,,,productivelib:upgrade_anti_teleport,,명시적 task.title 없이 아이템 hover 사용,
quest,14623D25561BA61B,26E6ED94168A05C4,productive_bees.snbt,,,item,productivelib:upgrade_range,,설명은 있으나 명시적 quest.title 없음,
task,0E00664D21D5F455,26E6ED94168A05C4,productive_bees.snbt,,,,productivelib:upgrade_range,,명시적 task.title 없이 아이템 hover 사용,
task,1FC189168CBA602A,26E6ED94168A05C4,productive_bees.snbt,,,,productivelib:upgrade_entity_filter,,명시적 task.title 없이 아이템 hover 사용,
task,17300E02ADB4EFD4,26E6ED94168A05C4,productive_bees.snbt,,,,productivelib:upgrade_gene_sampler,,명시적 task.title 없이 아이템 hover 사용,
quest,0072C4F028C327CB,26E6ED94168A05C4,productive_bees.snbt,BlazBee,BlazBee,,,,한국어 파일의 영어 quest.title,
quest,371E09ED2A3F6BDC,26E6ED94168A05C4,productive_bees.snbt,ZomBee,ZomBee,,,,한국어 파일의 영어 quest.title,
quest,2E51F09F6D9E5EF8,26E6ED94168A05C4,productive_bees.snbt,,,CuBee,,,설명은 있으나 명시적 quest.title 없음,
task,34C16667CDF3E53A,26E6ED94168A05C4,productive_bees.snbt,CuBee,CuBee,,,,한국어 파일의 영어 task.title,
task,31D0730D68948E3B,26E6ED94168A05C4,productive_bees.snbt,,,,minecraft:saddle,,명시적 task.title 없이 아이템 hover 사용,
quest,01F7F3589EBD8872,26E6ED94168A05C4,productive_bees.snbt,Brown Shroombee,Brown Shroombee,,,,한국어 파일의 영어 quest.title,
task,620BF9687558DE44,26E6ED94168A05C4,productive_bees.snbt,,,,minecraft:hopper,,명시적 task.title 없이 아이템 hover 사용,
quest,18F948FF9FE015FB,26E6ED94168A05C4,productive_bees.snbt,CreeBee,CreeBee,,,,한국어 파일의 영어 quest.title,
quest,176ACC61DC206E55,26E6ED94168A05C4,productive_bees.snbt,Crimson Shroombee,Crimson Shroombee,,,,한국어 파일의 영어 quest.title,
task,35A3A62D353F599D,26E6ED94168A05C4,productive_bees.snbt,,,,minecraft:shulker_shell,,명시적 task.title 없이 아이템 hover 사용,
quest,55882C10292B6A3D,26E6ED94168A05C4,productive_bees.snbt,ProsperiBee,ProsperiBee,,,,한국어 파일의 영어 quest.title,
quest,37CD9BF281903F56,26E6ED94168A05C4,productive_bees.snbt,Red Shroombee,Red Shroombee,,,,한국어 파일의 영어 quest.title,
quest,35E8F1CC0080E45E,26E6ED94168A05C4,productive_bees.snbt,RuBee,RuBee,,,,한국어 파일의 영어 quest.title,
quest,2982D38BD5EE6349,26E6ED94168A05C4,productive_bees.snbt,Warped Shroombee,Warped Shroombee,,,,한국어 파일의 영어 quest.title,
task,010E8A1E406597DE,26E6ED94168A05C4,productive_bees.snbt,,,,productivelib:upgrade_productivity_2,,명시적 task.title 없이 아이템 hover 사용,
task,120FB58EF0566E5E,26E6ED94168A05C4,productive_bees.snbt,,,,productivelib:upgrade_productivity_3,,명시적 task.title 없이 아이템 hover 사용,
task,5B3655FBF392248E,26E6ED94168A05C4,productive_bees.snbt,,,,productivelib:upgrade_productivity_4,,명시적 task.title 없이 아이템 hover 사용,
quest,0A11725B41AB45F6,26E6ED94168A05C4,productive_bees.snbt,,,AllRightsReserved,,,설명은 있으나 명시적 quest.title 없음,
task,11931CBFE67ADBBB,26E6ED94168A05C4,productive_bees.snbt,AllRightsReserved,AllRightsReserved,,,,한국어 파일의 영어 task.title,
task,508BC2CB4F4BC7EF,26E6ED94168A05C4,productive_bees.snbt,AllRightsReserved,AllRightsReserved,,,,한국어 파일의 영어 task.title,
quest,128A14A3842325FE,26E6ED94168A05C4,productive_bees.snbt,,,item,productivelib:upgrade_simulator,,설명은 있으나 명시적 quest.title 없음,
task,77A431DFC6ED0C3C,26E6ED94168A05C4,productive_bees.snbt,,,,productivelib:upgrade_simulator,,명시적 task.title 없이 아이템 hover 사용,
quest,532F3E6868A29037,26E6ED94168A05C4,productive_bees.snbt,,,item,productivelib:upgrade_time_2,,설명은 있으나 명시적 quest.title 없음,
task,0317862838157CF6,26E6ED94168A05C4,productive_bees.snbt,,,,productivelib:upgrade_time_2,,명시적 task.title 없이 아이템 hover 사용,
task,2A0E7CD4B59FFE67,26E6ED94168A05C4,productive_bees.snbt,,,,minecraft:sponge,,명시적 task.title 없이 아이템 hover 사용,
task,3D63406D53E1BA67,26E6ED94168A05C4,productive_bees.snbt,,,,ftbfiltersystem:smart_filter,,명시적 task.title 없이 아이템 hover 사용,
quest,40F8A44DF4D8DBD6,26E6ED94168A05C4,productive_bees.snbt,BlazBee,BlazBee,,,,한국어 파일의 영어 quest.title,
quest,78CCD8075249E2B7,26E6ED94168A05C4,productive_bees.snbt,BreezBee,BreezBee,,,,한국어 파일의 영어 quest.title,
task,23553673B9AC2E61,26E6ED94168A05C4,productive_bees.snbt,,,,ftbfiltersystem:smart_filter,,명시적 task.title 없이 아이템 hover 사용,
quest,25D8BE0280B6E7F1,1FAAEF0B9FD05CB9,productive_trees.snbt,,,AllRightsReserved,,,설명은 있으나 명시적 quest.title 없음,
task,3D3F0DB8237E5856,1FAAEF0B9FD05CB9,productive_trees.snbt,AllRightsReserved,AllRightsReserved,,,,한국어 파일의 영어 task.title,
task,0E7EAD7D7DF5E7C3,1FAAEF0B9FD05CB9,productive_trees.snbt,AllRightsReserved,AllRightsReserved,,,,한국어 파일의 영어 task.title,
quest,5577F49A93ADB19C,1FAAEF0B9FD05CB9,productive_trees.snbt,Productive Trees,Productive Trees,,,,한국어 파일의 영어 quest.title,
quest,30B0240543253EFB,5712300EF4E5E846,pylons.snbt,&lPylons,&lPylons,,,,한국어 파일의 영어 quest.title,
task,576428EF1CDDEF96,5712300EF4E5E846,pylons.snbt,,,,minecraft:polished_blackstone,,명시적 task.title 없이 아이템 hover 사용,
quest,3E75AFE3482834C5,2FB24A5A597459FC,railcraft.snbt,&7&lRailCraft,&7&lRailcraft,,,,한국어 파일의 영어 quest.title,
task,37AF49F3A7074892,2FB24A5A597459FC,railcraft.snbt,,,,minecraft:rail,,명시적 task.title 없이 아이템 hover 사용,
quest,5128B119DFFF0C4C,2FB24A5A597459FC,railcraft.snbt,&3Steam Locomotive,&3증기 기관차,,railcraft:steam_locomotive,증기기관차,리소스팩 아이템명과 quest.title 불일치,증기기관차
task,1598A523323F0BAB,2FB24A5A597459FC,railcraft.snbt,,,,minecraft:minecart,,명시적 task.title 없이 아이템 hover 사용,
quest,17F7964611D893BE,2FB24A5A597459FC,railcraft.snbt,Fluid Loader,유체 주입기,,railcraft:fluid_loader,유체 적재기,리소스팩 아이템명과 quest.title 불일치,유체 적재기
quest,365D4B1DC953D406,2FB24A5A597459FC,railcraft.snbt,&7Cart&r Dispenser,&7수레&r 발사기,,railcraft:cart_dispenser,광산 수레 발사기,리소스팩 아이템명과 quest.title 불일치,광산 수레 발사기
task,297D80507C3A56E1,2FB24A5A597459FC,railcraft.snbt,,,,minecraft:iron_ingot,,명시적 task.title 없이 아이템 hover 사용,
quest,21693C4DE6531D73,2FB24A5A597459FC,railcraft.snbt,Crusher,분쇄기,,railcraft:crusher,파쇄기,리소스팩 아이템명과 quest.title 불일치,파쇄기
quest,5F458D79D43D8842,2FB24A5A597459FC,railcraft.snbt,,,All Rights Reserved,,,설명은 있으나 명시적 quest.title 없음,
task,11741300813AF742,2FB24A5A597459FC,railcraft.snbt,AllRightsReserved,All Rights Reserved,,,,한국어 파일의 영어 task.title,
task,7BB13793B38DFC2C,2FB24A5A597459FC,railcraft.snbt,AllRightsReserved,All Rights Reserved,,,,한국어 파일의 영어 task.title,
quest,01F18150EC923482,15AAF17B6665223D,refined_storage.snbt,&3Refined Storage,&3Refined Storage,,,,한국어 파일의 영어 quest.title,
quest,34F7325C2AFA6DA7,15AAF17B6665223D,refined_storage.snbt,,,AllRightsReserved,,,설명은 있으나 명시적 quest.title 없음,
task,2AEFA81B8D7EB62B,15AAF17B6665223D,refined_storage.snbt,AllRightsReserved,AllRightsReserved,,,,한국어 파일의 영어 task.title,
task,7D72E6723FFA5BB7,15AAF17B6665223D,refined_storage.snbt,AllRightsReserved,AllRightsReserved,,,,한국어 파일의 영어 task.title,
quest,64141B720662B652,11919EBB416B2BD0,relics.snbt,&l&6Relics,&l&6Relics,,,,한국어 파일의 영어 quest.title,
quest,3E99F4CD379DE9D7,11919EBB416B2BD0,relics.snbt,,,AllRightsReserved,,,설명은 있으나 명시적 quest.title 없음,
task,5E90B977ACB0C900,11919EBB416B2BD0,relics.snbt,AllRightsReserved,AllRightsReserved,,,,한국어 파일의 영어 task.title,
task,23C7F92BD9D39E14,11919EBB416B2BD0,relics.snbt,AllRightsReserved,AllRightsReserved,,,,한국어 파일의 영어 task.title,
task,761B3590C99B461E,1D42B373285DEF81,silent_gear.snbt,,,,silentgear:elytra_blueprint,,명시적 task.title 없이 아이템 hover 사용,
quest,0947B4ED95B0267E,1D42B373285DEF81,silent_gear.snbt,,,item,silentgear:coating_blueprint,,설명은 있으나 명시적 quest.title 없음,
task,3179733D8ACBDA86,1D42B373285DEF81,silent_gear.snbt,,,,silentgear:coating_blueprint,,명시적 task.title 없이 아이템 hover 사용,
task,14B8204814A42B33,1D42B373285DEF81,silent_gear.snbt,,,,silentgear:grip_blueprint,,명시적 task.title 없이 아이템 hover 사용,
task,551DBAFE45DC4804,1D42B373285DEF81,silent_gear.snbt,,,,silentgear:binding_blueprint,,명시적 task.title 없이 아이템 hover 사용,
task,3CB5441C8E4480CC,1D42B373285DEF81,silent_gear.snbt,,,,silentgear:lining_blueprint,,명시적 task.title 없이 아이템 hover 사용,
task,58407186583371FA,1D42B373285DEF81,silent_gear.snbt,,,,silentgear:fletching_blueprint,,명시적 task.title 없이 아이템 hover 사용,
task,0EF203AF0BA514F7,1D42B373285DEF81,silent_gear.snbt,,,,ftbfiltersystem:smart_filter,,명시적 task.title 없이 아이템 hover 사용,
quest,769D5DE66D13B256,1D42B373285DEF81,silent_gear.snbt,,,AllRightsReserved,,,설명은 있으나 명시적 quest.title 없음,
task,6D9DBD885FE4C94C,1D42B373285DEF81,silent_gear.snbt,AllRightsReserved,AllRightsReserved,,,,한국어 파일의 영어 task.title,
task,55E0635973A828B0,1D42B373285DEF81,silent_gear.snbt,AllRightsReserved,AllRightsReserved,,,,한국어 파일의 영어 task.title,
task,2A07AF6A43DCEA8C,1D42B373285DEF81,silent_gear.snbt,,,,minecraft:iron_ingot,,명시적 task.title 없이 아이템 hover 사용,
task,704D0B6CBDB29691,1D42B373285DEF81,silent_gear.snbt,,,,minecraft:coal,,명시적 task.title 없이 아이템 hover 사용,
task,07BB99888347C53D,1D42B373285DEF81,silent_gear.snbt,,,,silentgear:mace_blueprint,,명시적 task.title 없이 아이템 hover 사용,
quest,7965E2CBF3FF9B65,1D42B373285DEF81,silent_gear.snbt,,톱니바퀴 주형,,productivemetalworks:gear_cast,기어 주형,리소스팩 아이템명과 quest.title 불일치,기어 주형
quest,00A1223DAAEB28BD,1D42B373285DEF81,silent_gear.snbt,,막대 주형,,productivemetalworks:rod_cast,막대기 주형,리소스팩 아이템명과 quest.title 불일치,막대기 주형
quest,5E4BC0F59C90433A,1DB294A8F8686321,storage.snbt,Sophisticated Storage,Sophisticated Storage,,,,한국어 파일의 영어 quest.title,
task,4A10EADC3914EA38,1DB294A8F8686321,storage.snbt,,,,trashcans:item_trash_can,,명시적 task.title 없이 아이템 hover 사용,
task,1DF458EC07D359A4,1DB294A8F8686321,storage.snbt,,,,trashcans:liquid_trash_can,,명시적 task.title 없이 아이템 hover 사용,
task,5BF5BF3F0D321A54,1DB294A8F8686321,storage.snbt,,,,trashcans:energy_trash_can,,명시적 task.title 없이 아이템 hover 사용,
quest,0682DC1F2417DAEB,1DB294A8F8686321,storage.snbt,Functional Storage,Functional Storage,,,,한국어 파일의 영어 quest.title,
task,7EDA9BD14A177D8D,1DB294A8F8686321,storage.snbt,,,,minecraft:chest,,명시적 task.title 없이 아이템 hover 사용,
quest,6A2B2C5E2ADCE366,1DB294A8F8686321,storage.snbt,Sophisticated Backpacks,Sophisticated Backpacks,,,,한국어 파일의 영어 quest.title,
quest,7F990FBC1A691020,1DB294A8F8686321,storage.snbt,,,item,minecraft:trapped_chest,,설명은 있으나 명시적 quest.title 없음,
task,34909E6C5CB47A43,1DB294A8F8686321,storage.snbt,,,,minecraft:trapped_chest,,명시적 task.title 없이 아이템 hover 사용,
quest,1659A59303C15CC9,1DB294A8F8686321,storage.snbt,,,item,minecraft:barrel,,설명은 있으나 명시적 quest.title 없음,
task,5E8A262AF1E9DB0B,1DB294A8F8686321,storage.snbt,,,,minecraft:barrel,,명시적 task.title 없이 아이템 hover 사용,
quest,25AFD10D008DF30B,1DB294A8F8686321,storage.snbt,,,item,minecraft:ender_chest,,설명은 있으나 명시적 quest.title 없음,
task,63F391DE2563954A,1DB294A8F8686321,storage.snbt,,,,minecraft:ender_chest,,명시적 task.title 없이 아이템 hover 사용,
quest,33AADC1B97E9F7A9,1DB294A8F8686321,storage.snbt,,,item,minecraft:chest_minecart,,설명은 있으나 명시적 quest.title 없음,
task,34F6C74C0D167C8B,1DB294A8F8686321,storage.snbt,,,,minecraft:chest_minecart,,명시적 task.title 없이 아이템 hover 사용,
quest,209DC1E9AD4C5A84,1DB294A8F8686321,storage.snbt,,,AllRightsReserved,,,설명은 있으나 명시적 quest.title 없음,
task,1809DDEA104A9CE8,1DB294A8F8686321,storage.snbt,AllRightsReserved,AllRightsReserved,,,,한국어 파일의 영어 task.title,
task,5DEBE38C614EFBB4,1DB294A8F8686321,storage.snbt,AllRightsReserved,AllRightsReserved,,,,한국어 파일의 영어 task.title,
task,0A2949304DBB3D75,007B547630FF0478,theurgy.snbt,,,,minecraft:water_bucket,,명시적 task.title 없이 아이템 hover 사용,
task,3ABECD22D09DEEFB,007B547630FF0478,theurgy.snbt,,,,minecraft:stick,,명시적 task.title 없이 아이템 hover 사용,
task,7CB9C080F0597A4D,007B547630FF0478,theurgy.snbt,,,,minecraft:copper_ingot,,명시적 task.title 없이 아이템 hover 사용,
task,30C938C85BED7956,1BE666F01EFFC00D,tips_and_tricks.snbt,,,Personal Shrinking Device,shrink:shrinking_device,,명시적 task.title 없이 아이템 hover 사용,
quest,28E60192912BEBAD,1BE666F01EFFC00D,tips_and_tricks.snbt,&l&2Easy Villagers,&l&2Easy Villagers,,,,한국어 파일의 영어 quest.title,
quest,7A514E27E1A7FE32,1BE666F01EFFC00D,tips_and_tricks.snbt,&l&cBuilding Gadgets&r,&l&cBuilding Gadgets&r,,,,한국어 파일의 영어 quest.title,
task,47A1F59A538E3C4B,1BE666F01EFFC00D,tips_and_tricks.snbt,Building Gadgets,Building Gadgets,,ftbfiltersystem:smart_filter,,한국어 파일의 영어 task.title,
quest,5EE945A1185E8336,1BE666F01EFFC00D,tips_and_tricks.snbt,&l&7Functional Storage&r,&l&7Functional Storage&r,,,,한국어 파일의 영어 quest.title,
quest,0152938EE5651409,1BE666F01EFFC00D,tips_and_tricks.snbt,,,AllRightsReserved,,,설명은 있으나 명시적 quest.title 없음,
task,4AEB792F6A939B3A,1BE666F01EFFC00D,tips_and_tricks.snbt,AllRightsReserved,AllRightsReserved,,,,한국어 파일의 영어 task.title,
task,6A965CD027BF762F,1BE666F01EFFC00D,tips_and_tricks.snbt,AllRightsReserved,AllRightsReserved,,,,한국어 파일의 영어 task.title,
quest,3B4BF42C55C8BBBF,1BE666F01EFFC00D,tips_and_tricks.snbt,&l&9Simple &4Magnets,&l&9Simple &4Magnets,,,,한국어 파일의 영어 quest.title,
task,091A3EB6AB0FF2D5,1BE666F01EFFC00D,tips_and_tricks.snbt,,,,simplemagnets:basicmagnet,,명시적 task.title 없이 아이템 hover 사용,
quest,32ECD93A8F2FAB8F,1BE666F01EFFC00D,tips_and_tricks.snbt,&l&6Iron Jetpacks,&l&6Iron Jetpacks,,,,한국어 파일의 영어 quest.title,
task,6A1E21A5F5AE29A8,1BE666F01EFFC00D,tips_and_tricks.snbt,,,Multi-Piston,multipiston:multipistonblock,,명시적 task.title 없이 아이템 hover 사용,
quest,6C4B93FE64BD418D,65A95C2312976E49,undergarden.snbt,The Undergarden,The Undergarden,,,,한국어 파일의 영어 quest.title,
quest,4C7E006502E30C20,65A95C2312976E49,undergarden.snbt,,,AllRightsReserved,,,설명은 있으나 명시적 quest.title 없음,
task,39194D9CDF673768,65A95C2312976E49,undergarden.snbt,AllRightsReserved,AllRightsReserved,,,,한국어 파일의 영어 task.title,
task,4AA225E5056787B8,65A95C2312976E49,undergarden.snbt,AllRightsReserved,AllRightsReserved,,,,한국어 파일의 영어 task.title,
quest,49EDAA2F57D3BF1D,5B00676D79306EA2,welcome.snbt,,,AllRightsReserved,,,설명은 있으나 명시적 quest.title 없음,
task,2C816285392535F0,5B00676D79306EA2,welcome.snbt,AllRightsReserved,AllRightsReserved,,,,한국어 파일의 영어 task.title,
task,201F519941A2C7F4,5B00676D79306EA2,welcome.snbt,AllRightsReserved,AllRightsReserved,,,,한국어 파일의 영어 task.title,
task,460FA61A72720319,219B7A003658D24F,xycraft.snbt,,,,minecraft:glass,,명시적 task.title 없이 아이템 hover 사용,
task,23AEF92B0F4BD3E9,219B7A003658D24F,xycraft.snbt,,,,mysticalagriculture:kivi_seeds,,명시적 task.title 없이 아이템 hover 사용,
quest,16B4A00948D1F60D,219B7A003658D24F,xycraft.snbt,,,All Rights Reserved,,,설명은 있으나 명시적 quest.title 없음,
task,706FA543A6C675D3,219B7A003658D24F,xycraft.snbt,AllRightsReserved,All Rights Reserved,,,,한국어 파일의 영어 task.title,
quest,008E65AF545A706E,,,&d&lSPS,&d&lSPS,,,,한국어 파일의 영어 subtitle,
quest,05F428C34DD00B61,,,Blue Yonder + Rippling Willow,Blue Yonder + Rippling Willow,,,,한국어 파일의 영어 subtitle,
quest,1D31C515533DAD36,,,Cave Dweller + Soul Tree,Cave Dweller + Soul Tree,,,,한국어 파일의 영어 subtitle,
quest,20DDAC076A2479A8,,,Purple Spiral + Sparkle Cherry,Purple Spiral + Sparkle Cherry,,,,한국어 파일의 영어 subtitle,
quest,3707C3EDA1C5A0B2,,,Firecracker + Flickering Sun,Firecracker + Flickering Sun,,,,한국어 파일의 영어 subtitle,
quest,4AEB4BF7624ABA0F,,,Firecracker + Soul Tree,Firecracker + Soul Tree,,,,한국어 파일의 영어 subtitle,
quest,526CED9509FAA79B,,,Blue Yonder + Firecracker,Blue Yonder + Firecracker,,,,한국어 파일의 영어 subtitle,
quest,5B18676A77CD6069,,,(QIO),(QIO),,,,한국어 파일의 영어 subtitle,
quest,5FC92F3794004A98,,,Rippling Willow + Soul Tree,Rippling Willow + Soul Tree,,,,한국어 파일의 영어 subtitle,
quest,6BF6C7C04F26D8BA,,,Black Ember + Soul Tree,Black Ember + Soul Tree,,,,한국어 파일의 영어 subtitle,
quest,71AA40CB2948A8D7,,,Blue Yonder + Soul Tree,Blue Yonder + Soul Tree,,,,한국어 파일의 영어 subtitle,
quest,74CD3FC35F245DF2,,,Blue Yonder + Flickering Sun,Blue Yonder + Flickering Sun,,,,한국어 파일의 영어 subtitle,
item,ftbfiltersystem:smart_filter,,,,HE MOX 막대 | HE 우라늄 막대 | LE MOX 막대 | LE 우라늄 막대 | 게이트 진주 | 수리 키트 | 우라늄 막대 | 월드 티어 게이트웨이,,ftbfiltersystem:smart_filter,,같은 아이템의 quest.title 표기 불일치,
